#clusterid,dmel,num_FBGNs,flag_singleton
1,FBgn0031344,1,1
2,FBgn0025865,1,1
3,FBgn0030627,1,1
4,FBgn0037755,1,1
5,FBgn0037958,1,1
6,FBgn0035099,2,0
6,FBgn0052320,2,0
7,FBgn0052986,1,1
8,FBgn0001216,185,0
8,FBgn0001217,185,0
8,FBgn0001218,185,0
8,FBgn0001219,185,0
8,FBgn0001230,185,0
8,FBgn0003310,185,0
8,FBgn0004168,185,0
8,FBgn0004910,185,0
8,FBgn0005629,185,0
8,FBgn0010240,185,0
8,FBgn0011726,185,0
8,FBgn0011747,185,0
8,FBgn0013275,185,0
8,FBgn0013276,185,0
8,FBgn0013277,185,0
8,FBgn0013278,185,0
8,FBgn0013279,185,0
8,FBgn0015583,185,0
8,FBgn0016675,185,0
8,FBgn0017645,185,0
8,FBgn0025334,185,0
8,FBgn0026179,185,0
8,FBgn0027544,185,0
8,FBgn0028931,185,0
8,FBgn0029746,185,0
8,FBgn0029892,185,0
8,FBgn0029922,185,0
8,FBgn0029949,185,0
8,FBgn0030166,185,0
8,FBgn0030307,185,0
8,FBgn0030467,185,0
8,FBgn0030616,185,0
8,FBgn0030683,185,0
8,FBgn0030685,185,0
8,FBgn0030704,185,0
8,FBgn0030721,185,0
8,FBgn0030725,185,0
8,FBgn0030880,185,0
8,FBgn0031104,185,0
8,FBgn0031121,185,0
8,FBgn0031123,185,0
8,FBgn0031124,185,0
8,FBgn0031143,185,0
8,FBgn0031179,185,0
8,FBgn0031197,185,0
8,FBgn0031273,185,0
8,FBgn0031299,185,0
8,FBgn0031300,185,0
8,FBgn0031305,185,0
8,FBgn0031373,185,0
8,FBgn0031483,185,0
8,FBgn0031804,185,0
8,FBgn0031910,185,0
8,FBgn0032110,185,0
8,FBgn0032206,185,0
8,FBgn0032210,185,0
8,FBgn0032384,185,0
8,FBgn0032851,185,0
8,FBgn0032944,185,0
8,FBgn0032946,185,0
8,FBgn0033015,185,0
8,FBgn0033030,185,0
8,FBgn0033044,185,0
8,FBgn0033075,185,0
8,FBgn0033141,185,0
8,FBgn0033312,185,0
8,FBgn0033602,185,0
8,FBgn0033640,185,0
8,FBgn0034069,185,0
8,FBgn0035011,185,0
8,FBgn0035012,185,0
8,FBgn0035068,185,0
8,FBgn0035092,185,0
8,FBgn0035509,185,0
8,FBgn0035562,185,0
8,FBgn0035718,185,0
8,FBgn0036447,185,0
8,FBgn0036929,185,0
8,FBgn0037140,185,0
8,FBgn0037440,185,0
8,FBgn0037504,185,0
8,FBgn0037837,185,0
8,FBgn0037859,185,0
8,FBgn0037963,185,0
8,FBgn0038012,185,0
8,FBgn0038159,185,0
8,FBgn0038365,185,0
8,FBgn0038486,185,0
8,FBgn0039616,185,0
8,FBgn0039621,185,0
8,FBgn0039711,185,0
8,FBgn0039939,185,0
8,FBgn0040096,185,0
8,FBgn0040097,185,0
8,FBgn0040098,185,0
8,FBgn0040099,185,0
8,FBgn0040102,185,0
8,FBgn0040104,185,0
8,FBgn0040106,185,0
8,FBgn0040107,185,0
8,FBgn0040234,185,0
8,FBgn0040503,185,0
8,FBgn0050193,185,0
8,FBgn0051257,185,0
8,FBgn0051354,185,0
8,FBgn0051617,185,0
8,FBgn0051702,185,0
8,FBgn0051703,185,0
8,FBgn0051832,185,0
8,FBgn0051999,185,0
8,FBgn0052062,185,0
8,FBgn0052110,185,0
8,FBgn0052138,185,0
8,FBgn0052231,185,0
8,FBgn0052377,185,0
8,FBgn0052458,185,0
8,FBgn0052486,185,0
8,FBgn0052496,185,0
8,FBgn0052529,185,0
8,FBgn0052640,185,0
8,FBgn0052641,185,0
8,FBgn0052656,185,0
8,FBgn0052822,185,0
8,FBgn0053453,185,0
8,FBgn0053454,185,0
8,FBgn0053463,185,0
8,FBgn0053481,185,0
8,FBgn0053483,185,0
8,FBgn0053521,185,0
8,FBgn0053532,185,0
8,FBgn0053533,185,0
8,FBgn0053648,185,0
8,FBgn0053654,185,0
8,FBgn0053658,185,0
8,FBgn0053679,185,0
8,FBgn0053687,185,0
8,FBgn0053688,185,0
8,FBgn0053689,185,0
8,FBgn0053690,185,0
8,FBgn0053700,185,0
8,FBgn0053702,185,0
8,FBgn0053723,185,0
8,FBgn0053725,185,0
8,FBgn0053752,185,0
8,FBgn0053757,185,0
8,FBgn0053758,185,0
8,FBgn0053764,185,0
8,FBgn0053773,185,0
8,FBgn0053775,185,0
8,FBgn0053777,185,0
8,FBgn0053783,185,0
8,FBgn0053784,185,0
8,FBgn0053795,185,0
8,FBgn0053796,185,0
8,FBgn0053798,185,0
8,FBgn0053801,185,0
8,FBgn0053804,185,0
8,FBgn0053807,185,0
8,FBgn0053810,185,0
8,FBgn0053813,185,0
8,FBgn0053816,185,0
8,FBgn0053819,185,0
8,FBgn0053822,185,0
8,FBgn0053825,185,0
8,FBgn0053828,185,0
8,FBgn0053831,185,0
8,FBgn0053834,185,0
8,FBgn0053837,185,0
8,FBgn0053840,185,0
8,FBgn0053843,185,0
8,FBgn0053846,185,0
8,FBgn0053849,185,0
8,FBgn0053852,185,0
8,FBgn0053855,185,0
8,FBgn0053858,185,0
8,FBgn0053861,185,0
8,FBgn0053864,185,0
8,FBgn0053912,185,0
8,FBgn0053914,185,0
8,FBgn0053920,185,0
8,FBgn0053922,185,0
8,FBgn0053923,185,0
8,FBgn0053927,185,0
8,FBgn0053928,185,0
8,FBgn0053929,185,0
9,FBgn0033674,1,1
10,FBgn0032042,1,1
11,FBgn0011768,1,1
12,FBgn0024182,1,1
13,FBgn0035772,1,1
14,FBgn0052776,1,1
15,FBgn0000565,1,1
16,FBgn0051797,3,0
16,FBgn0051920,3,0
16,FBgn0051921,3,0
17,FBgn0051013,1,1
18,FBgn0002791,1,1
19,FBgn0052310,2,0
19,FBgn0052311,2,0
20,FBgn0027101,1,1
21,FBgn0023521,1,1
22,FBgn0051752,1,1
23,FBgn0026755,4,0
23,FBgn0026756,4,0
23,FBgn0038082,4,0
23,FBgn0038083,4,0
24,FBgn0037230,1,1
25,FBgn0026713,4,0
25,FBgn0032759,4,0
25,FBgn0033160,4,0
25,FBgn0033898,4,0
26,FBgn0040794,1,1
27,FBgn0028734,1,1
28,FBgn0030486,1,1
29,FBgn0000644,1,1
30,FBgn0032504,1,1
31,FBgn0000633,1,1
32,FBgn0000115,1,1
33,FBgn0035137,1,1
34,FBgn0026370,1,1
35,FBgn0036710,1,1
36,FBgn0030710,1,1
37,FBgn0011648,1,1
38,FBgn0045862,1,1
39,FBgn0030483,3,0
39,FBgn0052713,3,0
39,FBgn0053223,3,0
41,FBgn0065108,1,1
42,FBgn0040816,1,1
43,FBgn0013981,46,0
43,FBgn0051611,46,0
43,FBgn0053868,46,0
43,FBgn0053869,46,0
43,FBgn0053870,46,0
43,FBgn0053871,46,0
43,FBgn0053872,46,0
43,FBgn0053873,46,0
43,FBgn0053874,46,0
43,FBgn0053875,46,0
43,FBgn0053876,46,0
43,FBgn0053877,46,0
43,FBgn0053878,46,0
43,FBgn0053879,46,0
43,FBgn0053880,46,0
43,FBgn0053881,46,0
43,FBgn0053882,46,0
43,FBgn0053883,46,0
43,FBgn0053884,46,0
43,FBgn0053885,46,0
43,FBgn0053886,46,0
43,FBgn0053887,46,0
43,FBgn0053888,46,0
43,FBgn0053889,46,0
43,FBgn0053890,46,0
43,FBgn0053891,46,0
43,FBgn0053892,46,0
43,FBgn0053893,46,0
43,FBgn0053894,46,0
43,FBgn0053895,46,0
43,FBgn0053896,46,0
43,FBgn0053897,46,0
43,FBgn0053898,46,0
43,FBgn0053899,46,0
43,FBgn0053900,46,0
43,FBgn0053901,46,0
43,FBgn0053902,46,0
43,FBgn0053903,46,0
43,FBgn0053904,46,0
43,FBgn0053905,46,0
43,FBgn0053906,46,0
43,FBgn0053907,46,0
43,FBgn0053908,46,0
43,FBgn0053909,46,0
43,FBgn0053910,46,0
43,FBgn0061209,46,0
44,FBgn0001402,1,1
45,FBgn0039617,1,1
46,FBgn0035398,1,1
47,FBgn0040074,1,1
48,FBgn0004400,2,0
48,FBgn0034255,2,0
50,FBgn0034117,1,1
51,FBgn0030136,1,1
52,FBgn0053129,2,0
52,FBgn0053507,2,0
53,FBgn0030370,1,1
54,FBgn0039284,1,1
55,FBgn0034062,1,1
56,FBgn0039344,1,1
57,FBgn0020621,1,1
59,FBgn0030458,1,1
60,FBgn0034151,1,1
61,FBgn0039705,1,1
62,FBgn0039373,2,0
62,FBgn0039374,2,0
64,FBgn0035875,1,1
65,FBgn0053544,1,1
66,FBgn0052485,1,1
67,FBgn0035674,1,1
68,FBgn0032340,1,1
69,FBgn0032881,1,1
71,FBgn0030844,1,1
72,FBgn0028507,1,1
73,FBgn0036058,1,1
74,FBgn0053060,1,1
75,FBgn0039734,1,1
76,FBgn0003997,1,1
77,FBgn0036204,1,1
78,FBgn0037878,1,1
79,FBgn0034542,1,1
80,FBgn0033250,2,0
80,FBgn0033252,2,0
81,FBgn0051709,1,1
82,FBgn0027070,2,0
82,FBgn0032713,2,0
83,FBgn0003175,2,0
83,FBgn0034732,2,0
84,FBgn0028844,1,1
85,FBgn0037429,1,1
86,FBgn0039027,1,1
87,FBgn0052487,1,1
88,FBgn0052736,1,1
89,FBgn0035641,5,0
89,FBgn0035642,5,0
89,FBgn0038730,5,0
89,FBgn0038731,5,0
89,FBgn0038733,5,0
90,FBgn0000078,2,0
90,FBgn0000079,2,0
91,FBgn0035107,1,1
93,FBgn0024978,2,0
93,FBgn0035124,2,0
94,FBgn0011692,1,1
95,FBgn0037320,1,1
96,FBgn0037698,1,1
97,FBgn0034707,1,1
98,FBgn0038745,1,1
99,FBgn0035218,1,1
100,FBgn0034485,1,1
101,FBgn0010300,1,1
102,FBgn0031791,1,1
103,FBgn0003209,10,0
103,FBgn0027611,10,0
103,FBgn0032066,10,0
103,FBgn0032067,10,0
103,FBgn0032068,10,0
103,FBgn0032069,10,0
103,FBgn0032253,10,0
103,FBgn0032256,10,0
103,FBgn0051719,10,0
103,FBgn0065110,10,0
104,FBgn0035089,1,1
105,FBgn0028886,5,0
105,FBgn0033443,5,0
105,FBgn0033708,5,0
105,FBgn0034381,5,0
105,FBgn0035969,5,0
106,FBgn0038142,1,1
107,FBgn0010747,1,1
108,FBgn0053985,1,1
109,FBgn0003044,1,1
110,FBgn0003138,1,1
112,FBgn0040914,1,1
113,FBgn0027552,1,1
114,FBgn0039862,1,1
115,FBgn0038536,1,1
116,FBgn0010323,1,1
117,FBgn0032404,1,1
118,FBgn0039808,1,1
119,FBgn0027343,1,1
120,FBgn0052637,1,1
121,FBgn0041241,1,1
123,FBgn0045823,1,1
124,FBgn0010014,2,0
124,FBgn0015614,2,0
125,FBgn0040364,1,1
126,FBgn0033020,1,1
127,FBgn0032948,1,1
129,FBgn0038834,1,1
132,FBgn0035852,1,1
133,FBgn0023417,1,1
134,FBgn0004034,1,1
135,FBgn0003141,1,1
136,FBgn0000551,1,1
137,FBgn0003076,1,1
138,FBgn0015558,1,1
140,FBgn0026573,1,1
141,FBgn0038607,1,1
142,FBgn0036325,1,1
143,FBgn0026178,2,0
143,FBgn0051082,2,0
144,FBgn0038084,1,1
145,FBgn0029657,1,1
146,FBgn0035670,1,1
147,FBgn0039403,1,1
148,FBgn0031111,1,1
150,FBgn0033705,3,0
150,FBgn0037454,3,0
150,FBgn0053202,3,0
151,FBgn0032448,1,1
152,FBgn0010225,1,1
153,FBgn0039856,1,1
155,FBgn0030444,1,1
156,FBgn0033715,1,1
157,FBgn0005639,1,1
158,FBgn0036126,1,1
159,FBgn0040892,1,1
160,FBgn0030913,1,1
162,FBgn0001323,2,0
162,FBgn0037012,2,0
163,FBgn0034962,1,1
165,FBgn0038786,1,1
166,FBgn0030096,1,1
167,FBgn0037724,1,1
168,FBgn0000303,1,1
169,FBgn0036800,1,1
170,FBgn0052675,1,1
171,FBgn0053766,1,1
172,FBgn0040696,1,1
173,FBgn0051301,1,1
174,FBgn0032614,1,1
175,FBgn0034861,1,1
176,FBgn0010501,1,1
177,FBgn0005666,1,1
178,FBgn0039401,1,1
179,FBgn0039293,1,1
180,FBgn0034907,1,1
181,FBgn0032123,1,1
183,FBgn0029755,1,1
184,FBgn0033097,1,1
185,FBgn0030588,2,0
185,FBgn0030589,2,0
186,FBgn0029996,1,1
187,FBgn0038312,1,1
188,FBgn0033814,1,1
189,FBgn0003480,1,1
190,FBgn0031439,1,1
191,FBgn0030748,1,1
192,FBgn0034490,1,1
193,FBgn0052679,1,1
194,FBgn0015618,1,1
195,FBgn0052225,1,1
196,FBgn0011566,1,1
197,FBgn0034968,1,1
198,FBgn0020258,1,1
199,FBgn0030296,1,1
200,FBgn0035331,1,1
201,FBgn0034903,1,1
202,FBgn0035083,1,1
203,FBgn0014388,1,1
204,FBgn0039084,1,1
205,FBgn0015610,1,1
206,FBgn0020278,1,1
207,FBgn0050159,1,1
208,FBgn0061435,1,1
209,FBgn0031055,1,1
210,FBgn0035038,1,1
211,FBgn0027793,1,1
212,FBgn0038860,1,1
213,FBgn0039514,1,1
214,FBgn0037711,1,1
215,FBgn0003254,1,1
216,FBgn0038461,2,0
216,FBgn0038462,2,0
218,FBgn0037219,1,1
219,FBgn0022699,4,0
219,FBgn0022935,4,0
219,FBgn0035690,4,0
219,FBgn0035691,4,0
220,FBgn0020236,1,1
221,FBgn0036004,1,1
222,FBgn0054018,1,1
224,FBgn0040348,1,1
225,FBgn0033257,1,1
226,FBgn0027094,1,1
228,FBgn0030101,1,1
229,FBgn0052628,1,1
230,FBgn0037165,1,1
231,FBgn0011336,2,0
231,FBgn0031149,2,0
232,FBgn0034618,1,1
234,FBgn0031952,1,1
235,FBgn0022338,1,1
236,FBgn0051869,1,1
237,FBgn0027538,1,1
238,FBgn0038208,3,0
238,FBgn0051327,3,0
238,FBgn0051533,3,0
239,FBgn0011832,47,0
239,FBgn0025378,47,0
239,FBgn0028866,47,0
239,FBgn0028917,47,0
239,FBgn0029826,47,0
239,FBgn0031058,47,0
239,FBgn0031406,47,0
239,FBgn0031409,47,0
239,FBgn0032549,47,0
239,FBgn0032551,47,0
239,FBgn0034147,47,0
239,FBgn0034221,47,0
239,FBgn0034807,47,0
239,FBgn0035795,47,0
239,FBgn0038351,47,0
239,FBgn0038892,47,0
239,FBgn0039108,47,0
239,FBgn0039418,47,0
239,FBgn0039703,47,0
239,FBgn0040341,47,0
239,FBgn0042186,47,0
239,FBgn0042187,47,0
239,FBgn0042188,47,0
239,FBgn0050002,47,0
239,FBgn0050083,47,0
239,FBgn0050087,47,0
239,FBgn0050088,47,0
239,FBgn0050090,47,0
239,FBgn0050091,47,0
239,FBgn0050098,47,0
239,FBgn0050283,47,0
239,FBgn0050286,47,0
239,FBgn0050287,47,0
239,FBgn0050288,47,0
239,FBgn0050289,47,0
239,FBgn0050414,47,0
239,FBgn0051681,47,0
239,FBgn0052374,47,0
239,FBgn0052376,47,0
239,FBgn0052755,47,0
239,FBgn0052834,47,0
239,FBgn0053225,47,0
239,FBgn0053458,47,0
239,FBgn0053459,47,0
239,FBgn0053461,47,0
239,FBgn0053465,47,0
239,FBgn0069056,47,0
240,FBgn0031413,1,1
241,FBgn0015609,3,0
241,FBgn0023096,3,0
241,FBgn0032655,3,0
242,FBgn0030893,1,1
243,FBgn0041706,1,1
244,FBgn0036573,1,1
246,FBgn0001180,1,1
247,FBgn0004403,2,0
247,FBgn0004404,2,0
248,FBgn0031643,1,1
249,FBgn0037013,1,1
250,FBgn0003863,7,0
250,FBgn0010357,7,0
250,FBgn0010358,7,0
250,FBgn0010359,7,0
250,FBgn0010425,7,0
250,FBgn0050025,7,0
250,FBgn0050031,7,0
251,FBgn0032036,1,1
252,FBgn0000242,2,0
252,FBgn0032196,2,0
253,FBgn0024196,1,1
254,FBgn0030234,1,1
255,FBgn0038181,1,1
256,FBgn0032189,1,1
257,FBgn0033475,1,1
258,FBgn0004567,1,1
259,FBgn0037832,1,1
260,FBgn0004493,1,1
262,FBgn0031093,1,1
263,FBgn0040766,1,1
265,FBgn0034258,1,1
266,FBgn0030757,2,0
266,FBgn0036714,2,0
267,FBgn0024986,1,1
268,FBgn0037981,1,1
269,FBgn0035563,1,1
270,FBgn0051231,1,1
271,FBgn0031864,1,1
272,FBgn0004049,1,1
273,FBgn0050100,1,1
274,FBgn0036133,1,1
275,FBgn0017556,1,1
277,FBgn0038858,1,1
278,FBgn0039427,1,1
279,FBgn0000216,1,1
281,FBgn0033103,1,1
283,FBgn0043472,1,1
284,FBgn0031493,1,1
285,FBgn0033866,1,1
286,FBgn0020909,1,1
288,FBgn0031529,1,1
289,FBgn0036365,1,1
290,FBgn0011774,1,1
291,FBgn0020307,1,1
292,FBgn0036044,1,1
293,FBgn0036338,1,1
294,FBgn0030332,2,0
294,FBgn0038878,2,0
295,FBgn0033304,1,1
296,FBgn0040734,1,1
297,FBgn0032637,1,1
298,FBgn0050489,2,0
298,FBgn0053503,2,0
299,FBgn0052108,1,1
300,FBgn0035238,1,1
301,FBgn0033982,1,1
302,FBgn0052499,1,1
303,FBgn0051174,1,1
304,FBgn0038672,1,1
305,FBgn0030050,1,1
306,FBgn0032368,1,1
308,FBgn0039182,1,1
309,FBgn0015270,1,1
310,FBgn0036927,1,1
311,FBgn0052264,1,1
312,FBgn0039758,1,1
313,FBgn0032968,1,1
314,FBgn0031991,1,1
316,FBgn0024991,2,0
316,FBgn0031856,2,0
317,FBgn0037831,1,1
318,FBgn0028847,1,1
319,FBgn0030997,1,1
320,FBgn0005695,1,1
321,FBgn0002626,1,1
323,FBgn0038441,3,0
323,FBgn0038442,3,0
323,FBgn0038443,3,0
324,FBgn0051457,1,1
325,FBgn0004828,25,0
325,FBgn0014857,25,0
325,FBgn0051613,25,0
325,FBgn0053803,25,0
325,FBgn0053806,25,0
325,FBgn0053809,25,0
325,FBgn0053812,25,0
325,FBgn0053815,25,0
325,FBgn0053818,25,0
325,FBgn0053821,25,0
325,FBgn0053824,25,0
325,FBgn0053827,25,0
325,FBgn0053830,25,0
325,FBgn0053833,25,0
325,FBgn0053836,25,0
325,FBgn0053839,25,0
325,FBgn0053842,25,0
325,FBgn0053845,25,0
325,FBgn0053848,25,0
325,FBgn0053851,25,0
325,FBgn0053854,25,0
325,FBgn0053857,25,0
325,FBgn0053860,25,0
325,FBgn0053863,25,0
325,FBgn0053866,25,0
326,FBgn0026593,1,1
327,FBgn0038751,1,1
328,FBgn0033635,1,1
329,FBgn0051374,1,1
330,FBgn0004618,1,1
331,FBgn0032938,1,1
332,FBgn0032791,1,1
333,FBgn0029976,1,1
334,FBgn0028516,1,1
336,FBgn0033812,1,1
337,FBgn0038199,1,1
338,FBgn0003319,1,1
339,FBgn0025627,1,1
340,FBgn0052450,1,1
341,FBgn0032377,1,1
342,FBgn0025712,1,1
343,FBgn0033058,1,1
344,FBgn0035976,1,1
345,FBgn0032000,1,1
346,FBgn0031032,9,0
346,FBgn0031033,9,0
346,FBgn0031034,9,0
346,FBgn0033792,9,0
346,FBgn0038873,9,0
346,FBgn0039091,9,0
346,FBgn0039092,9,0
346,FBgn0039093,9,0
346,FBgn0053337,9,0
347,FBgn0004573,1,1
348,FBgn0035935,2,0
348,FBgn0035937,2,0
349,FBgn0019664,1,1
350,FBgn0000142,1,1
351,FBgn0036935,1,1
352,FBgn0031913,1,1
353,FBgn0015278,1,1
354,FBgn0034868,3,0
354,FBgn0040663,3,0
354,FBgn0040664,3,0
355,FBgn0030594,1,1
356,FBgn0052086,3,0
356,FBgn0053489,3,0
356,FBgn0053490,3,0
357,FBgn0052415,1,1
358,FBgn0029006,1,1
360,FBgn0032366,1,1
361,FBgn0038524,1,1
362,FBgn0039688,1,1
363,FBgn0027049,1,1
364,FBgn0031086,1,1
365,FBgn0050179,1,1
366,FBgn0030900,1,1
367,FBgn0039732,1,1
368,FBgn0002921,3,0
368,FBgn0028854,3,0
368,FBgn0050048,3,0
369,FBgn0037197,1,1
370,FBgn0025621,1,1
371,FBgn0035140,1,1
372,FBgn0038259,1,1
373,FBgn0051226,1,1
374,FBgn0025117,1,1
375,FBgn0050149,1,1
376,FBgn0034191,1,1
378,FBgn0036196,1,1
379,FBgn0041239,1,1
381,FBgn0038872,1,1
382,FBgn0035707,1,1
383,FBgn0052699,1,1
384,FBgn0052220,1,1
385,FBgn0027580,1,1
386,FBgn0035797,1,1
388,FBgn0038484,1,1
389,FBgn0041210,1,1
390,FBgn0036286,1,1
391,FBgn0036511,1,1
392,FBgn0020493,1,1
393,FBgn0052193,1,1
394,FBgn0038183,1,1
396,FBgn0015229,1,1
397,FBgn0042111,1,1
399,FBgn0033673,1,1
400,FBgn0034224,1,1
401,FBgn0036068,1,1
402,FBgn0033464,1,1
403,FBgn0038811,1,1
404,FBgn0030979,1,1
406,FBgn0035381,1,1
407,FBgn0023531,1,1
408,FBgn0016930,1,1
409,FBgn0035287,1,1
410,FBgn0029838,1,1
411,FBgn0012049,2,0
411,FBgn0035403,2,0
412,FBgn0035835,1,1
413,FBgn0028331,1,1
414,FBgn0030955,1,1
415,FBgn0005616,1,1
416,FBgn0010403,1,1
417,FBgn0035870,1,1
418,FBgn0035343,1,1
419,FBgn0035253,1,1
420,FBgn0034443,1,1
421,FBgn0053322,1,1
422,FBgn0033583,1,1
423,FBgn0043043,1,1
424,FBgn0030503,1,1
425,FBgn0036896,1,1
426,FBgn0003321,1,1
427,FBgn0040666,1,1
428,FBgn0037217,1,1
429,FBgn0003312,1,1
430,FBgn0028887,1,1
431,FBgn0004595,1,1
432,FBgn0001145,1,1
433,FBgn0027588,1,1
434,FBgn0066292,2,0
434,FBgn0066293,2,0
435,FBgn0036911,1,1
436,FBgn0037502,1,1
437,FBgn0023511,1,1
438,FBgn0036770,1,1
439,FBgn0052687,1,1
440,FBgn0038818,1,1
441,FBgn0035498,2,0
441,FBgn0036688,2,0
442,FBgn0033902,1,1
444,FBgn0028648,1,1
445,FBgn0044047,1,1
446,FBgn0001226,1,1
447,FBgn0038426,1,1
448,FBgn0031071,1,1
449,FBgn0026664,1,1
450,FBgn0042125,2,0
450,FBgn0042127,2,0
451,FBgn0025702,1,1
452,FBgn0024807,1,1
453,FBgn0004243,1,1
455,FBgn0040236,1,1
456,FBgn0038638,1,1
457,FBgn0015336,1,1
458,FBgn0039569,1,1
459,FBgn0001255,1,1
460,FBgn0031191,1,1
461,FBgn0050391,2,0
461,FBgn0050393,2,0
462,FBgn0052055,1,1
463,FBgn0034624,1,1
464,FBgn0000562,1,1
465,FBgn0034166,1,1
466,FBgn0038980,1,1
467,FBgn0039896,1,1
468,FBgn0053558,1,1
469,FBgn0038194,1,1
470,FBgn0039623,1,1
471,FBgn0033471,1,1
472,FBgn0027549,1,1
473,FBgn0051736,1,1
474,FBgn0051816,1,1
475,FBgn0039307,4,0
475,FBgn0039308,4,0
475,FBgn0039309,4,0
475,FBgn0039310,4,0
476,FBgn0030778,1,1
477,FBgn0025592,1,1
479,FBgn0035189,1,1
480,FBgn0053126,1,1
481,FBgn0033772,1,1
482,FBgn0034331,1,1
483,FBgn0015831,1,1
484,FBgn0038680,3,0
484,FBgn0038681,3,0
484,FBgn0039137,3,0
485,FBgn0004652,1,1
486,FBgn0037928,2,0
486,FBgn0037929,2,0
487,FBgn0036695,1,1
488,FBgn0033518,3,0
488,FBgn0033520,3,0
488,FBgn0033521,3,0
490,FBgn0036831,1,1
491,FBgn0028622,1,1
492,FBgn0037067,1,1
493,FBgn0035798,1,1
494,FBgn0031738,2,0
494,FBgn0032457,2,0
495,FBgn0040079,1,1
496,FBgn0036317,1,1
497,FBgn0030263,1,1
498,FBgn0037121,1,1
499,FBgn0043792,1,1
500,FBgn0034275,2,0
500,FBgn0039736,2,0
501,FBgn0052100,1,1
502,FBgn0000228,1,1
503,FBgn0034423,1,1
504,FBgn0025833,1,1
505,FBgn0027864,1,1
506,FBgn0028743,1,1
507,FBgn0004197,1,1
508,FBgn0039421,1,1
509,FBgn0031698,1,1
510,FBgn0035041,1,1
511,FBgn0030990,1,1
512,FBgn0036410,1,1
513,FBgn0033661,1,1
514,FBgn0037240,1,1
515,FBgn0037220,1,1
516,FBgn0030631,1,1
517,FBgn0030165,1,1
518,FBgn0038700,3,0
518,FBgn0038701,3,0
518,FBgn0038702,3,0
519,FBgn0035022,1,1
520,FBgn0039019,1,1
521,FBgn0052183,1,1
522,FBgn0030941,1,1
523,FBgn0026059,1,1
524,FBgn0050423,1,1
525,FBgn0029580,1,1
526,FBgn0024273,1,1
527,FBgn0029907,3,0
527,FBgn0030431,3,0
527,FBgn0032522,3,0
528,FBgn0030718,1,1
529,FBgn0005648,1,1
530,FBgn0032094,1,1
531,FBgn0003520,1,1
532,FBgn0032525,1,1
533,FBgn0031133,1,1
535,FBgn0032207,1,1
536,FBgn0035730,1,1
537,FBgn0037213,1,1
538,FBgn0051666,1,1
539,FBgn0032629,1,1
540,FBgn0050366,1,1
541,FBgn0032803,1,1
542,FBgn0029801,1,1
543,FBgn0028961,1,1
544,FBgn0039787,1,1
545,FBgn0031959,1,1
546,FBgn0002887,1,1
548,FBgn0004509,1,1
549,FBgn0037638,1,1
550,FBgn0035504,1,1
552,FBgn0023181,1,1
553,FBgn0033850,1,1
556,FBgn0028582,1,1
557,FBgn0039876,1,1
558,FBgn0003598,1,1
559,FBgn0026158,1,1
560,FBgn0037044,1,1
561,FBgn0037915,1,1
562,FBgn0035454,1,1
563,FBgn0034641,2,0
563,FBgn0034642,2,0
564,FBgn0004465,1,1
565,FBgn0034025,1,1
566,FBgn0027548,1,1
567,FBgn0004580,1,1
568,FBgn0036736,1,1
570,FBgn0015625,1,1
571,FBgn0023510,2,0
571,FBgn0023513,2,0
572,FBgn0029167,1,1
573,FBgn0023496,1,1
574,FBgn0036485,1,1
575,FBgn0031010,1,1
576,FBgn0036827,1,1
577,FBgn0026708,2,0
577,FBgn0037988,2,0
578,FBgn0032216,1,1
580,FBgn0039193,1,1
581,FBgn0037147,1,1
582,FBgn0029769,1,1
586,FBgn0032144,1,1
587,FBgn0035989,1,1
588,FBgn0032870,1,1
589,FBgn0040763,1,1
590,FBgn0030788,1,1
591,FBgn0026439,1,1
592,FBgn0039864,1,1
593,FBgn0034577,1,1
594,FBgn0030839,1,1
596,FBgn0038168,1,1
597,FBgn0000261,2,0
597,FBgn0032061,2,0
598,FBgn0019644,1,1
599,FBgn0027360,1,1
600,FBgn0029503,1,1
601,FBgn0051974,1,1
602,FBgn0003334,11,0
602,FBgn0010349,11,0
602,FBgn0013809,11,0
602,FBgn0013810,11,0
602,FBgn0013811,11,0
602,FBgn0013812,11,0
602,FBgn0013813,11,0
602,FBgn0035270,11,0
602,FBgn0035581,11,0
602,FBgn0037726,11,0
602,FBgn0039510,11,0
603,FBgn0034498,1,1
604,FBgn0003328,3,0
604,FBgn0034005,3,0
604,FBgn0034880,3,0
605,FBgn0037137,1,1
606,FBgn0023546,1,1
607,FBgn0034554,1,1
608,FBgn0038655,1,1
610,FBgn0050371,1,1
611,FBgn0030056,1,1
612,FBgn0029915,1,1
613,FBgn0035001,1,1
614,FBgn0031079,1,1
615,FBgn0031174,1,1
616,FBgn0037678,1,1
618,FBgn0040211,1,1
619,FBgn0000165,4,0
619,FBgn0000487,4,0
619,FBgn0033367,4,0
619,FBgn0050110,4,0
620,FBgn0030058,1,1
621,FBgn0013972,1,1
622,FBgn0034695,1,1
623,FBgn0032360,1,1
624,FBgn0026585,1,1
625,FBgn0039682,1,1
626,FBgn0039111,1,1
627,FBgn0033710,3,0
627,FBgn0050046,3,0
627,FBgn0050203,3,0
628,FBgn0030884,1,1
629,FBgn0034792,1,1
630,FBgn0035236,1,1
631,FBgn0052743,1,1
632,FBgn0020545,1,1
633,FBgn0024920,1,1
635,FBgn0036462,1,1
636,FBgn0038889,1,1
637,FBgn0051075,1,1
638,FBgn0042710,1,1
639,FBgn0053548,1,1
640,FBgn0051245,1,1
641,FBgn0003575,1,1
642,FBgn0000038,1,1
643,FBgn0036153,1,1
644,FBgn0053482,1,1
645,FBgn0010051,2,0
645,FBgn0037338,2,0
647,FBgn0022893,1,1
648,FBgn0052758,1,1
649,FBgn0031216,1,1
650,FBgn0040977,1,1
651,FBgn0029708,1,1
652,FBgn0033810,1,1
654,FBgn0033189,1,1
655,FBgn0005658,1,1
657,FBgn0037980,1,1
660,FBgn0037754,1,1
661,FBgn0003028,1,1
662,FBgn0051636,1,1
664,FBgn0026389,1,1
665,FBgn0032446,1,1
666,FBgn0033807,1,1
667,FBgn0035235,1,1
668,FBgn0032031,1,1
669,FBgn0032172,1,1
671,FBgn0052141,1,1
672,FBgn0027334,1,1
673,FBgn0038805,1,1
675,FBgn0028875,3,0
675,FBgn0031014,3,0
675,FBgn0032151,3,0
676,FBgn0032632,1,1
677,FBgn0032465,1,1
678,FBgn0034410,1,1
679,FBgn0010812,1,1
680,FBgn0034718,1,1
681,FBgn0030798,1,1
682,FBgn0011244,5,0
682,FBgn0015245,5,0
682,FBgn0028686,5,0
682,FBgn0031728,5,0
682,FBgn0037742,5,0
683,FBgn0038045,1,1
684,FBgn0032002,1,1
685,FBgn0052937,1,1
686,FBgn0052668,1,1
687,FBgn0031417,1,1
688,FBgn0028837,1,1
690,FBgn0035604,1,1
691,FBgn0036819,1,1
692,FBgn0053191,1,1
693,FBgn0036336,1,1
694,FBgn0004176,2,0
694,FBgn0010097,2,0
695,FBgn0033188,1,1
696,FBgn0035037,1,1
697,FBgn0038639,1,1
698,FBgn0021800,1,1
699,FBgn0030160,1,1
700,FBgn0004575,1,1
701,FBgn0032079,1,1
702,FBgn0032379,1,1
703,FBgn0041588,1,1
704,FBgn0038432,1,1
705,FBgn0027836,1,1
706,FBgn0031745,1,1
707,FBgn0028670,5,0
707,FBgn0028671,5,0
707,FBgn0032373,5,0
707,FBgn0038611,5,0
707,FBgn0038613,5,0
708,FBgn0026379,1,1
709,FBgn0030501,2,0
709,FBgn0032654,2,0
710,FBgn0032127,1,1
712,FBgn0039049,2,0
712,FBgn0039050,2,0
713,FBgn0030562,1,1
714,FBgn0000116,2,0
714,FBgn0035957,2,0
715,FBgn0023529,1,1
716,FBgn0034933,1,1
717,FBgn0031228,1,1
718,FBgn0032401,1,1
719,FBgn0030026,1,1
720,FBgn0051015,1,1
721,FBgn0040369,1,1
722,FBgn0029537,2,0
722,FBgn0029538,2,0
723,FBgn0003244,1,1
725,FBgn0036035,1,1
726,FBgn0034288,1,1
727,FBgn0037066,1,1
728,FBgn0050293,1,1
729,FBgn0036258,1,1
730,FBgn0003720,1,1
732,FBgn0037539,1,1
734,FBgn0027087,1,1
735,FBgn0037310,1,1
736,FBgn0019952,2,0
736,FBgn0029146,2,0
737,FBgn0003525,1,1
738,FBgn0030712,2,0
738,FBgn0030713,2,0
739,FBgn0035289,1,1
740,FBgn0031209,1,1
741,FBgn0039280,1,1
742,FBgn0031739,1,1
743,FBgn0034670,1,1
744,FBgn0035192,1,1
745,FBgn0037705,1,1
746,FBgn0002772,1,1
747,FBgn0031517,1,1
748,FBgn0036993,1,1
749,FBgn0039390,2,0
749,FBgn0051090,2,0
750,FBgn0035943,3,0
750,FBgn0036749,3,0
750,FBgn0036750,3,0
751,FBgn0021872,1,1
752,FBgn0044419,1,1
753,FBgn0023525,1,1
754,FBgn0002562,3,0
754,FBgn0002563,3,0
754,FBgn0002564,3,0
755,FBgn0035246,1,1
756,FBgn0040805,1,1
757,FBgn0035008,1,1
758,FBgn0037525,1,1
759,FBgn0033459,1,1
760,FBgn0035091,1,1
761,FBgn0032169,1,1
762,FBgn0035889,1,1
763,FBgn0032003,1,1
764,FBgn0034964,1,1
765,FBgn0030895,1,1
767,FBgn0031030,1,1
768,FBgn0034206,1,1
769,FBgn0036846,1,1
770,FBgn0032493,1,1
772,FBgn0001624,1,1
773,FBgn0050061,1,1
774,FBgn0039415,1,1
776,FBgn0027296,1,1
778,FBgn0002781,1,1
779,FBgn0015925,1,1
780,FBgn0036915,1,1
781,FBgn0037848,1,1
782,FBgn0025286,1,1
783,FBgn0036955,1,1
785,FBgn0036689,1,1
786,FBgn0046812,1,1
787,FBgn0030121,1,1
788,FBgn0003527,1,1
789,FBgn0040592,1,1
791,FBgn0030847,1,1
792,FBgn0024973,1,1
793,FBgn0034858,1,1
794,FBgn0038532,1,1
795,FBgn0026061,1,1
796,FBgn0045474,1,1
797,FBgn0034704,1,1
798,FBgn0031896,1,1
799,FBgn0037610,1,1
801,FBgn0025820,1,1
802,FBgn0001099,1,1
803,FBgn0051852,1,1
804,FBgn0001253,1,1
805,FBgn0002590,2,0
805,FBgn0038277,2,0
806,FBgn0024308,1,1
807,FBgn0028430,1,1
808,FBgn0053986,1,1
809,FBgn0029825,2,0
809,FBgn0052756,2,0
810,FBgn0032723,1,1
811,FBgn0034548,1,1
812,FBgn0035112,2,0
812,FBgn0063923,2,0
813,FBgn0035679,1,1
814,FBgn0038866,1,1
815,FBgn0020637,13,0
815,FBgn0020638,13,0
815,FBgn0020639,13,0
815,FBgn0020640,13,0
815,FBgn0020641,13,0
815,FBgn0020642,13,0
815,FBgn0020643,13,0
815,FBgn0020644,13,0
815,FBgn0020645,13,0
815,FBgn0020765,13,0
815,FBgn0025578,13,0
815,FBgn0042118,13,0
815,FBgn0042120,13,0
816,FBgn0039329,1,1
817,FBgn0050405,1,1
819,FBgn0028695,1,1
820,FBgn0015282,1,1
821,FBgn0002031,1,1
822,FBgn0002578,1,1
823,FBgn0034694,1,1
824,FBgn0002939,1,1
825,FBgn0040077,1,1
827,FBgn0017545,1,1
828,FBgn0030397,1,1
829,FBgn0036703,1,1
831,FBgn0039490,1,1
832,FBgn0014343,1,1
834,FBgn0015527,1,1
835,FBgn0029704,1,1
836,FBgn0051212,1,1
839,FBgn0034415,1,1
840,FBgn0026148,1,1
841,FBgn0052352,1,1
842,FBgn0050080,1,1
843,FBgn0036361,1,1
844,FBgn0032514,1,1
845,FBgn0010851,1,1
847,FBgn0054013,1,1
848,FBgn0030859,1,1
849,FBgn0013954,1,1
850,FBgn0033059,1,1
851,FBgn0039186,1,1
852,FBgn0034388,1,1
853,FBgn0011284,1,1
854,FBgn0039709,1,1
855,FBgn0050411,1,1
856,FBgn0032221,1,1
857,FBgn0051210,1,1
858,FBgn0038146,1,1
859,FBgn0011260,2,0
859,FBgn0053960,2,0
860,FBgn0032762,1,1
861,FBgn0037491,1,1
862,FBgn0032491,1,1
863,FBgn0011659,1,1
864,FBgn0035050,1,1
865,FBgn0001291,1,1
866,FBgn0038333,1,1
868,FBgn0015519,1,1
869,FBgn0015295,1,1
870,FBgn0037094,1,1
871,FBgn0038499,1,1
872,FBgn0033364,1,1
873,FBgn0052245,1,1
874,FBgn0051006,1,1
875,FBgn0025558,1,1
876,FBgn0050384,1,1
877,FBgn0036638,1,1
878,FBgn0033713,1,1
879,FBgn0000210,1,1
881,FBgn0050339,1,1
883,FBgn0033377,2,0
883,FBgn0033969,2,0
884,FBgn0025678,1,1
885,FBgn0031533,1,1
886,FBgn0050485,1,1
887,FBgn0039665,1,1
888,FBgn0019890,1,1
889,FBgn0053343,1,1
890,FBgn0038272,1,1
892,FBgn0010609,1,1
893,FBgn0052813,1,1
894,FBgn0033136,1,1
895,FBgn0039270,1,1
896,FBgn0003470,3,0
896,FBgn0003471,3,0
896,FBgn0004167,3,0
897,FBgn0002948,1,1
899,FBgn0004606,1,1
900,FBgn0051857,1,1
901,FBgn0036489,1,1
902,FBgn0029093,1,1
903,FBgn0010497,2,0
903,FBgn0028513,2,0
905,FBgn0014028,1,1
906,FBgn0035950,1,1
907,FBgn0017550,1,1
909,FBgn0033945,2,0
909,FBgn0053468,2,0
911,FBgn0030667,1,1
912,FBgn0039447,1,1
913,FBgn0036953,1,1
914,FBgn0014469,3,0
914,FBgn0015034,3,0
914,FBgn0015035,3,0
915,FBgn0036578,1,1
916,FBgn0023179,1,1
917,FBgn0031310,1,1
918,FBgn0036159,1,1
919,FBgn0039538,1,1
920,FBgn0029999,1,1
921,FBgn0038446,1,1
922,FBgn0052232,1,1
923,FBgn0031170,4,0
923,FBgn0034493,4,0
923,FBgn0036747,4,0
923,FBgn0052186,4,0
924,FBgn0030640,1,1
926,FBgn0005670,1,1
927,FBgn0039287,1,1
928,FBgn0036801,1,1
929,FBgn0030482,1,1
930,FBgn0033914,1,1
931,FBgn0031057,1,1
932,FBgn0030051,2,0
932,FBgn0038113,2,0
934,FBgn0014023,1,1
935,FBgn0033244,1,1
936,FBgn0017418,2,0
936,FBgn0036082,2,0
937,FBgn0037324,1,1
938,FBgn0039304,1,1
939,FBgn0039359,1,1
940,FBgn0025382,1,1
941,FBgn0036943,2,0
941,FBgn0036944,2,0
942,FBgn0028496,1,1
943,FBgn0039257,1,1
944,FBgn0010252,2,0
944,FBgn0030479,2,0
945,FBgn0039288,1,1
946,FBgn0034867,1,1
947,FBgn0050217,1,1
948,FBgn0015571,1,1
949,FBgn0038095,1,1
950,FBgn0037758,1,1
951,FBgn0003861,3,0
951,FBgn0005614,3,0
951,FBgn0032593,3,0
952,FBgn0038903,1,1
953,FBgn0040356,1,1
954,FBgn0036925,1,1
955,FBgn0025593,1,1
956,FBgn0032412,2,0
956,FBgn0032413,2,0
957,FBgn0029782,1,1
958,FBgn0035424,1,1
959,FBgn0039625,1,1
960,FBgn0029504,1,1
961,FBgn0034795,1,1
963,FBgn0052428,1,1
964,FBgn0032517,1,1
966,FBgn0027342,1,1
967,FBgn0038321,1,1
968,FBgn0000250,1,1
969,FBgn0035817,1,1
970,FBgn0032819,1,1
971,FBgn0038738,1,1
972,FBgn0034137,1,1
973,FBgn0051314,1,1
974,FBgn0052087,2,0
974,FBgn0052088,2,0
975,FBgn0054002,1,1
976,FBgn0033527,1,1
977,FBgn0029839,1,1
979,FBgn0038775,1,1
980,FBgn0030206,1,1
981,FBgn0003884,17,0
981,FBgn0003885,17,0
981,FBgn0003886,17,0
981,FBgn0004236,17,0
981,FBgn0010549,17,0
981,FBgn0025701,17,0
981,FBgn0032026,17,0
981,FBgn0032456,17,0
981,FBgn0032908,17,0
981,FBgn0034612,17,0
981,FBgn0037916,17,0
981,FBgn0038740,17,0
981,FBgn0039207,17,0
981,FBgn0039644,17,0
981,FBgn0039645,17,0
981,FBgn0051792,17,0
981,FBgn0051793,17,0
982,FBgn0038958,1,1
984,FBgn0039294,1,1
985,FBgn0038239,3,0
985,FBgn0038240,3,0
985,FBgn0038241,3,0
986,FBgn0037735,1,1
987,FBgn0033132,1,1
988,FBgn0035741,1,1
989,FBgn0036597,1,1
992,FBgn0036920,1,1
993,FBgn0031201,1,1
994,FBgn0050404,1,1
995,FBgn0004556,1,1
996,FBgn0037069,1,1
997,FBgn0029878,1,1
998,FBgn0037727,2,0
998,FBgn0039564,2,0
999,FBgn0035945,1,1
1000,FBgn0029964,1,1
1001,FBgn0037847,1,1
1003,FBgn0025454,2,0
1003,FBgn0033065,2,0
1004,FBgn0052685,1,1
1005,FBgn0014374,1,1
1006,FBgn0012051,2,0
1006,FBgn0025866,2,0
1007,FBgn0016031,1,1
1008,FBgn0032979,1,1
1009,FBgn0037573,1,1
1010,FBgn0039500,1,1
1011,FBgn0031887,1,1
1012,FBgn0051561,1,1
1013,FBgn0035205,1,1
1014,FBgn0034262,1,1
1015,FBgn0034666,1,1
1016,FBgn0031508,1,1
1017,FBgn0036366,1,1
1018,FBgn0052560,1,1
1019,FBgn0040268,1,1
1020,FBgn0011509,1,1
1021,FBgn0032321,1,1
1022,FBgn0039938,1,1
1023,FBgn0015271,1,1
1024,FBgn0029730,1,1
1025,FBgn0003151,2,0
1025,FBgn0032492,2,0
1026,FBgn0028374,1,1
1027,FBgn0051676,1,1
1028,FBgn0039543,1,1
1029,FBgn0038693,1,1
1030,FBgn0030716,1,1
1031,FBgn0025704,1,1
1032,FBgn0004066,2,0
1032,FBgn0017557,2,0
1033,FBgn0037571,2,0
1033,FBgn0039376,2,0
1034,FBgn0036107,1,1
1035,FBgn0038425,1,1
1036,FBgn0027088,1,1
1037,FBgn0039875,1,1
1038,FBgn0036225,1,1
1039,FBgn0039520,1,1
1041,FBgn0031378,2,0
1041,FBgn0054015,2,0
1042,FBgn0017578,1,1
1043,FBgn0028567,1,1
1044,FBgn0040465,1,1
1045,FBgn0005778,1,1
1046,FBgn0037600,1,1
1047,FBgn0034520,1,1
1048,FBgn0000625,1,1
1049,FBgn0000568,1,1
1050,FBgn0039197,1,1
1051,FBgn0037809,1,1
1052,FBgn0053197,1,1
1053,FBgn0052085,1,1
1054,FBgn0036228,1,1
1055,FBgn0000357,1,1
1056,FBgn0002719,2,0
1056,FBgn0029155,2,0
1057,FBgn0034951,1,1
1059,FBgn0050071,1,1
1060,FBgn0004117,1,1
1062,FBgn0038099,1,1
1063,FBgn0038357,1,1
1064,FBgn0041707,1,1
1065,FBgn0026737,1,1
1066,FBgn0052038,1,1
1067,FBgn0024753,1,1
1068,FBgn0039417,1,1
1069,FBgn0051163,1,1
1070,FBgn0032130,1,1
1071,FBgn0053203,1,1
1072,FBgn0039208,1,1
1073,FBgn0037565,1,1
1074,FBgn0052425,1,1
1075,FBgn0030361,1,1
1076,FBgn0038949,1,1
1077,FBgn0032020,1,1
1078,FBgn0029694,2,0
1078,FBgn0037910,2,0
1079,FBgn0034470,2,0
1079,FBgn0034471,2,0
1081,FBgn0028424,1,1
1082,FBgn0039602,1,1
1083,FBgn0021995,1,1
1085,FBgn0039438,1,1
1086,FBgn0050476,1,1
1087,FBgn0037126,1,1
1088,FBgn0003390,1,1
1089,FBgn0033186,1,1
1091,FBgn0004228,1,1
1092,FBgn0029535,1,1
1093,FBgn0031050,1,1
1094,FBgn0026666,1,1
1095,FBgn0051064,1,1
1096,FBgn0052945,1,1
1097,FBgn0033327,3,0
1097,FBgn0043575,3,0
1097,FBgn0043576,3,0
1098,FBgn0016120,1,1
1099,FBgn0037912,1,1
1100,FBgn0039495,1,1
1102,FBgn0051205,1,1
1103,FBgn0030597,1,1
1105,FBgn0030239,1,1
1106,FBgn0030620,1,1
1107,FBgn0032733,1,1
1108,FBgn0040285,1,1
1109,FBgn0027513,1,1
1110,FBgn0025525,1,1
1111,FBgn0035671,1,1
1112,FBgn0027843,1,1
1113,FBgn0037303,1,1
1114,FBgn0039561,1,1
1115,FBgn0023174,1,1
1117,FBgn0032248,1,1
1118,FBgn0051122,1,1
1119,FBgn0031599,1,1
1120,FBgn0037339,1,1
1121,FBgn0053526,1,1
1122,FBgn0033728,1,1
1123,FBgn0050143,2,0
1123,FBgn0053041,2,0
1124,FBgn0031822,1,1
1126,FBgn0031301,1,1
1127,FBgn0034205,1,1
1128,FBgn0020269,2,0
1128,FBgn0026189,2,0
1129,FBgn0028579,1,1
1130,FBgn0034484,1,1
1131,FBgn0004811,1,1
1132,FBgn0004778,5,0
1132,FBgn0004780,5,0
1132,FBgn0004782,5,0
1132,FBgn0004783,5,0
1132,FBgn0029811,5,0
1133,FBgn0036704,1,1
1135,FBgn0011584,1,1
1136,FBgn0033874,1,1
1137,FBgn0027619,1,1
1138,FBgn0032040,2,0
1138,FBgn0036711,2,0
1140,FBgn0001257,1,1
1141,FBgn0002865,2,0
1141,FBgn0004171,2,0
1142,FBgn0026749,1,1
1143,FBgn0051203,1,1
1144,FBgn0035101,1,1
1145,FBgn0041150,1,1
1146,FBgn0053214,1,1
1147,FBgn0000275,1,1
1148,FBgn0051510,1,1
1149,FBgn0039552,1,1
1150,FBgn0003349,1,1
1151,FBgn0038645,2,0
1151,FBgn0038646,2,0
1152,FBgn0030065,1,1
1153,FBgn0050010,1,1
1154,FBgn0000095,1,1
1155,FBgn0031515,1,1
1156,FBgn0029763,1,1
1157,FBgn0033669,1,1
1158,FBgn0035583,1,1
1159,FBgn0023517,1,1
1160,FBgn0037402,1,1
1163,FBgn0010411,1,1
1164,FBgn0031717,2,0
1164,FBgn0051989,2,0
1165,FBgn0039714,1,1
1166,FBgn0026753,1,1
1167,FBgn0038983,1,1
1169,FBgn0035440,1,1
1170,FBgn0028704,1,1
1171,FBgn0030688,1,1
1172,FBgn0000276,4,0
1172,FBgn0000277,4,0
1172,FBgn0000278,4,0
1172,FBgn0000279,4,0
1173,FBgn0029940,1,1
1174,FBgn0004858,1,1
1175,FBgn0037138,1,1
1176,FBgn0052599,1,1
1177,FBgn0052206,1,1
1178,FBgn0035825,1,1
1179,FBgn0034087,1,1
1180,FBgn0003715,1,1
1181,FBgn0030429,1,1
1183,FBgn0039835,1,1
1184,FBgn0051849,1,1
1185,FBgn0035429,1,1
1186,FBgn0001206,1,1
1187,FBgn0050103,1,1
1188,FBgn0032449,1,1
1190,FBgn0036390,1,1
1191,FBgn0031590,1,1
1192,FBgn0033010,1,1
1193,FBgn0038506,1,1
1194,FBgn0031455,1,1
1195,FBgn0035949,1,1
1196,FBgn0035770,1,1
1197,FBgn0000326,1,1
1198,FBgn0033668,1,1
1199,FBgn0026268,1,1
1200,FBgn0044323,1,1
1202,FBgn0052767,1,1
1203,FBgn0042175,2,0
1203,FBgn0051683,2,0
1205,FBgn0029147,1,1
1206,FBgn0030701,1,1
1208,FBgn0038279,1,1
1209,FBgn0021944,1,1
1210,FBgn0035742,2,0
1210,FBgn0035744,2,0
1211,FBgn0036112,1,1
1212,FBgn0036491,1,1
1213,FBgn0036329,1,1
1214,FBgn0031721,1,1
1215,FBgn0026210,1,1
1217,FBgn0041235,5,0
1217,FBgn0041236,5,0
1217,FBgn0045485,5,0
1217,FBgn0045486,5,0
1217,FBgn0045487,5,0
1218,FBgn0031374,4,0
1218,FBgn0032683,4,0
1218,FBgn0032686,4,0
1218,FBgn0038237,4,0
1219,FBgn0005640,1,1
1220,FBgn0040493,1,1
1221,FBgn0039109,1,1
1223,FBgn0033720,12,0
1223,FBgn0034436,12,0
1223,FBgn0034437,12,0
1223,FBgn0034438,12,0
1223,FBgn0034439,12,0
1223,FBgn0034440,12,0
1223,FBgn0034441,12,0
1223,FBgn0050043,12,0
1223,FBgn0050047,12,0
1223,FBgn0050049,12,0
1223,FBgn0053012,12,0
1223,FBgn0053013,12,0
1224,FBgn0028487,1,1
1225,FBgn0036652,1,1
1226,FBgn0002641,3,0
1226,FBgn0031116,3,0
1226,FBgn0052506,3,0
1227,FBgn0036805,1,1
1228,FBgn0013762,1,1
1230,FBgn0038695,1,1
1231,FBgn0039345,1,1
1232,FBgn0035539,1,1
1233,FBgn0011554,1,1
1234,FBgn0011737,1,1
1235,FBgn0036639,1,1
1236,FBgn0020309,1,1
1237,FBgn0038435,2,0
1237,FBgn0038436,2,0
1238,FBgn0040793,1,1
1239,FBgn0033236,1,1
1240,FBgn0030625,1,1
1241,FBgn0038033,1,1
1242,FBgn0031337,1,1
1243,FBgn0015038,2,0
1243,FBgn0015039,2,0
1244,FBgn0040358,1,1
1247,FBgn0005612,1,1
1248,FBgn0038769,1,1
1249,FBgn0027547,1,1
1250,FBgn0039680,1,1
1251,FBgn0040601,1,1
1253,FBgn0038346,1,1
1254,FBgn0030993,1,1
1256,FBgn0000028,1,1
1257,FBgn0031923,1,1
1258,FBgn0037606,1,1
1259,FBgn0052158,1,1
1260,FBgn0030660,1,1
1261,FBgn0038601,1,1
1262,FBgn0015376,1,1
1263,FBgn0035734,1,1
1264,FBgn0030400,1,1
1265,FBgn0004512,4,0
1265,FBgn0004513,4,0
1265,FBgn0010241,4,0
1265,FBgn0035695,4,0
1266,FBgn0051263,1,1
1267,FBgn0039599,1,1
1268,FBgn0034657,1,1
1269,FBgn0036143,1,1
1270,FBgn0004227,2,0
1270,FBgn0015520,2,0
1271,FBgn0037993,1,1
1272,FBgn0026255,7,0
1272,FBgn0028422,7,0
1272,FBgn0038837,7,0
1272,FBgn0038840,7,0
1272,FBgn0039916,7,0
1272,FBgn0039927,7,0
1272,FBgn0051201,7,0
1273,FBgn0039670,2,0
1273,FBgn0039671,2,0
1274,FBgn0033362,1,1
1275,FBgn0036771,1,1
1276,FBgn0036777,1,1
1277,FBgn0036481,1,1
1278,FBgn0038251,1,1
1280,FBgn0038179,1,1
1281,FBgn0038373,1,1
1282,FBgn0037875,1,1
1283,FBgn0036861,1,1
1284,FBgn0051294,1,1
1286,FBgn0040992,1,1
1288,FBgn0038732,2,0
1288,FBgn0038734,2,0
1289,FBgn0020618,1,1
1290,FBgn0010226,1,1
1291,FBgn0003545,1,1
1292,FBgn0015359,1,1
1293,FBgn0035842,1,1
1295,FBgn0032433,1,1
1297,FBgn0027607,1,1
1298,FBgn0010409,1,1
1299,FBgn0035431,1,1
1300,FBgn0035567,2,0
1300,FBgn0035568,2,0
1301,FBgn0025366,1,1
1302,FBgn0052682,1,1
1305,FBgn0030257,1,1
1306,FBgn0051131,2,0
1306,FBgn0051253,2,0
1307,FBgn0011642,1,1
1309,FBgn0026085,1,1
1310,FBgn0036820,1,1
1311,FBgn0050398,1,1
1312,FBgn0033287,1,1
1313,FBgn0061360,1,1
1314,FBgn0001259,1,1
1315,FBgn0000592,2,0
1315,FBgn0000594,2,0
1316,FBgn0002283,1,1
1317,FBgn0004598,1,1
1318,FBgn0020620,1,1
1319,FBgn0047038,1,1
1320,FBgn0033899,1,1
1321,FBgn0038381,1,1
1322,FBgn0034758,1,1
1323,FBgn0038260,3,0
1323,FBgn0038261,3,0
1323,FBgn0038720,3,0
1324,FBgn0036170,1,1
1326,FBgn0035263,1,1
1327,FBgn0051010,1,1
1328,FBgn0051092,2,0
1328,FBgn0066101,2,0
1329,FBgn0004629,4,0
1329,FBgn0030105,4,0
1329,FBgn0038243,4,0
1329,FBgn0051313,4,0
1330,FBgn0000056,1,1
1331,FBgn0062411,1,1
1332,FBgn0052237,1,1
1333,FBgn0034782,4,0
1333,FBgn0034783,4,0
1333,FBgn0034784,4,0
1333,FBgn0050265,4,0
1334,FBgn0050375,1,1
1335,FBgn0011764,1,1
1336,FBgn0023214,1,1
1337,FBgn0037427,1,1
1338,FBgn0032247,1,1
1339,FBgn0033226,1,1
1340,FBgn0034988,1,1
1341,FBgn0031249,1,1
1343,FBgn0032612,1,1
1344,FBgn0004551,1,1
1345,FBgn0038767,1,1
1346,FBgn0036527,1,1
1347,FBgn0029656,1,1
1348,FBgn0031638,1,1
1349,FBgn0003255,1,1
1350,FBgn0033869,1,1
1353,FBgn0029799,1,1
1354,FBgn0029672,1,1
1355,FBgn0028397,1,1
1356,FBgn0001970,1,1
1357,FBgn0000556,2,0
1357,FBgn0000557,2,0
1358,FBgn0040324,1,1
1359,FBgn0032771,1,1
1360,FBgn0035713,1,1
1361,FBgn0013765,1,1
1362,FBgn0027073,2,0
1362,FBgn0038886,2,0
1363,FBgn0037114,1,1
1365,FBgn0036456,1,1
1367,FBgn0026188,1,1
1368,FBgn0028996,1,1
1369,FBgn0035896,1,1
1370,FBgn0031997,1,1
1371,FBgn0053198,1,1
1372,FBgn0013300,4,0
1372,FBgn0013301,4,0
1372,FBgn0032554,4,0
1372,FBgn0039707,4,0
1373,FBgn0030403,1,1
1374,FBgn0053523,1,1
1375,FBgn0003046,1,1
1376,FBgn0021795,1,1
1377,FBgn0003048,1,1
1378,FBgn0039639,1,1
1380,FBgn0035439,1,1
1381,FBgn0030559,1,1
1382,FBgn0039683,1,1
1383,FBgn0039448,1,1
1385,FBgn0031985,1,1
1386,FBgn0038735,1,1
1387,FBgn0035538,1,1
1388,FBgn0037241,1,1
1389,FBgn0039127,1,1
1390,FBgn0030944,1,1
1391,FBgn0038628,1,1
1392,FBgn0027572,3,0
1392,FBgn0034628,3,0
1392,FBgn0034629,3,0
1393,FBgn0053177,1,1
1394,FBgn0011273,1,1
1395,FBgn0026433,1,1
1396,FBgn0010460,1,1
1397,FBgn0051410,1,1
1398,FBgn0038396,1,1
1399,FBgn0051618,20,0
1399,FBgn0053808,20,0
1399,FBgn0053814,20,0
1399,FBgn0053817,20,0
1399,FBgn0053820,20,0
1399,FBgn0053823,20,0
1399,FBgn0053826,20,0
1399,FBgn0053829,20,0
1399,FBgn0053832,20,0
1399,FBgn0053835,20,0
1399,FBgn0053838,20,0
1399,FBgn0053841,20,0
1399,FBgn0053844,20,0
1399,FBgn0053847,20,0
1399,FBgn0053850,20,0
1399,FBgn0053853,20,0
1399,FBgn0053856,20,0
1399,FBgn0053859,20,0
1399,FBgn0053862,20,0
1399,FBgn0053865,20,0
1400,FBgn0038723,1,1
1401,FBgn0003423,1,1
1402,FBgn0028924,2,0
1402,FBgn0052295,2,0
1403,FBgn0037509,1,1
1404,FBgn0035612,1,1
1406,FBgn0031777,1,1
1407,FBgn0034923,1,1
1409,FBgn0035685,1,1
1410,FBgn0028664,1,1
1411,FBgn0028476,1,1
1412,FBgn0026570,2,0
1412,FBgn0035309,2,0
1413,FBgn0032907,1,1
1414,FBgn0000320,1,1
1415,FBgn0039547,1,1
1416,FBgn0034814,1,1
1418,FBgn0029665,1,1
1419,FBgn0032673,3,0
1419,FBgn0032675,3,0
1419,FBgn0051746,3,0
1420,FBgn0003114,1,1
1421,FBgn0051367,2,0
1421,FBgn0053097,2,0
1423,FBgn0035088,1,1
1424,FBgn0019968,2,0
1424,FBgn0034022,2,0
1425,FBgn0039016,1,1
1426,FBgn0029752,2,0
1426,FBgn0040070,2,0
1427,FBgn0050492,1,1
1428,FBgn0037602,1,1
1429,FBgn0030932,1,1
1430,FBgn0043070,1,1
1431,FBgn0039039,1,1
1433,FBgn0011219,1,1
1434,FBgn0028386,1,1
1435,FBgn0052076,1,1
1436,FBgn0037092,1,1
1437,FBgn0036813,1,1
1438,FBgn0027872,1,1
1439,FBgn0030425,1,1
1440,FBgn0033558,1,1
1441,FBgn0037022,1,1
1442,FBgn0045980,1,1
1443,FBgn0015024,1,1
1444,FBgn0041229,1,1
1445,FBgn0011481,1,1
1446,FBgn0035486,2,0
1446,FBgn0045477,2,0
1447,FBgn0039637,1,1
1449,FBgn0022073,1,1
1450,FBgn0031099,1,1
1452,FBgn0037344,1,1
1453,FBgn0003023,2,0
1453,FBgn0031622,2,0
1454,FBgn0034509,1,1
1455,FBgn0052649,1,1
1457,FBgn0051099,1,1
1458,FBgn0032494,1,1
1459,FBgn0037020,1,1
1460,FBgn0050096,1,1
1461,FBgn0024252,1,1
1462,FBgn0030799,1,1
1463,FBgn0038871,1,1
1464,FBgn0031053,1,1
1465,FBgn0027509,1,1
1467,FBgn0039867,1,1
1469,FBgn0032419,1,1
1470,FBgn0026760,1,1
1471,FBgn0051624,2,0
1471,FBgn0051988,2,0
1472,FBgn0039385,1,1
1473,FBgn0035999,1,1
1474,FBgn0036888,1,1
1475,FBgn0052762,1,1
1476,FBgn0019990,1,1
1477,FBgn0052095,1,1
1478,FBgn0035145,1,1
1479,FBgn0022960,1,1
1480,FBgn0036785,1,1
1481,FBgn0029965,6,0
1481,FBgn0029967,6,0
1481,FBgn0029968,6,0
1481,FBgn0030112,6,0
1481,FBgn0052703,6,0
1481,FBgn0052704,6,0
1482,FBgn0040913,1,1
1483,FBgn0061197,1,1
1484,FBgn0051876,1,1
1485,FBgn0039566,1,1
1486,FBgn0014931,31,0
1486,FBgn0024975,31,0
1486,FBgn0025874,31,0
1486,FBgn0029939,31,0
1486,FBgn0030003,31,0
1486,FBgn0030455,31,0
1486,FBgn0030532,31,0
1486,FBgn0030535,31,0
1486,FBgn0031510,31,0
1486,FBgn0031511,31,0
1486,FBgn0031597,31,0
1486,FBgn0031610,31,0
1486,FBgn0033449,31,0
1486,FBgn0033993,31,0
1486,FBgn0036331,31,0
1486,FBgn0036395,31,0
1486,FBgn0036396,31,0
1486,FBgn0037085,31,0
1486,FBgn0037584,31,0
1486,FBgn0037722,31,0
1486,FBgn0037921,31,0
1486,FBgn0037923,31,0
1486,FBgn0038047,31,0
1486,FBgn0038301,31,0
1486,FBgn0039355,31,0
1486,FBgn0040366,31,0
1486,FBgn0051388,31,0
1486,FBgn0051441,31,0
1486,FBgn0051612,31,0
1486,FBgn0051782,31,0
1486,FBgn0052611,31,0
1487,FBgn0031220,1,1
1488,FBgn0000171,1,1
1489,FBgn0040080,1,1
1491,FBgn0037359,1,1
1492,FBgn0051802,1,1
1493,FBgn0027945,1,1
1495,FBgn0032782,1,1
1496,FBgn0029508,1,1
1498,FBgn0000273,1,1
1499,FBgn0027597,1,1
1500,FBgn0036756,1,1
1501,FBgn0036480,1,1
1502,FBgn0011705,1,1
1503,FBgn0028325,1,1
1504,FBgn0025628,3,0
1504,FBgn0029596,3,0
1504,FBgn0032754,3,0
1506,FBgn0026080,1,1
1507,FBgn0033378,1,1
1509,FBgn0003411,1,1
1511,FBgn0029859,1,1
1512,FBgn0034405,1,1
1514,FBgn0037207,1,1
1515,FBgn0029824,1,1
1516,FBgn0052154,1,1
1517,FBgn0000146,2,0
1517,FBgn0004872,2,0
1518,FBgn0032665,1,1
1519,FBgn0033498,1,1
1520,FBgn0030628,1,1
1521,FBgn0000152,1,1
1522,FBgn0015756,1,1
1523,FBgn0010197,6,0
1523,FBgn0013974,6,0
1523,FBgn0036368,6,0
1523,FBgn0036901,6,0
1523,FBgn0036904,6,0
1523,FBgn0052209,6,0
1525,FBgn0037263,1,1
1526,FBgn0039544,1,1
1527,FBgn0035699,1,1
1528,FBgn0036215,1,1
1529,FBgn0037257,1,1
1530,FBgn0038630,1,1
1531,FBgn0037796,1,1
1532,FBgn0027500,2,0
1532,FBgn0036646,2,0
1533,FBgn0037498,1,1
1534,FBgn0014073,1,1
1536,FBgn0037298,2,0
1536,FBgn0038038,2,0
1537,FBgn0028647,2,0
1537,FBgn0037931,2,0
1538,FBgn0024556,1,1
1539,FBgn0000120,1,1
1540,FBgn0039800,2,0
1540,FBgn0039801,2,0
1541,FBgn0038331,1,1
1542,FBgn0053519,1,1
1543,FBgn0037072,1,1
1545,FBgn0030258,1,1
1546,FBgn0039507,1,1
1547,FBgn0038776,2,0
1547,FBgn0052465,2,0
1548,FBgn0040384,1,1
1549,FBgn0034655,1,1
1551,FBgn0037788,1,1
1552,FBgn0030952,1,1
1553,FBgn0002970,1,1
1554,FBgn0031542,1,1
1555,FBgn0004198,1,1
1556,FBgn0028380,1,1
1557,FBgn0052814,1,1
1558,FBgn0038248,1,1
1559,FBgn0035515,1,1
1560,FBgn0082582,1,1
1561,FBgn0038455,1,1
1562,FBgn0035136,1,1
1563,FBgn0052642,2,0
1563,FBgn0052644,2,0
1564,FBgn0052192,1,1
1565,FBgn0035643,1,1
1566,FBgn0054021,1,1
1567,FBgn0035497,1,1
1569,FBgn0039286,1,1
1570,FBgn0037421,1,1
1571,FBgn0031882,1,1
1572,FBgn0053234,1,1
1573,FBgn0002901,1,1
1574,FBgn0000114,1,1
1575,FBgn0053555,1,1
1576,FBgn0029718,1,1
1578,FBgn0003714,1,1
1580,FBgn0004577,1,1
1581,FBgn0003091,2,0
1581,FBgn0004784,2,0
1582,FBgn0033608,1,1
1583,FBgn0020764,1,1
1584,FBgn0001258,1,1
1585,FBgn0037005,1,1
1586,FBgn0039154,1,1
1587,FBgn0016076,1,1
1589,FBgn0035542,1,1
1590,FBgn0038515,1,1
1592,FBgn0030311,1,1
1594,FBgn0015000,1,1
1595,FBgn0033438,1,1
1596,FBgn0034766,1,1
1597,FBgn0031560,3,0
1597,FBgn0031561,3,0
1597,FBgn0051779,3,0
1598,FBgn0020766,1,1
1599,FBgn0053111,1,1
1600,FBgn0037835,1,1
1601,FBgn0004435,1,1
1602,FBgn0031457,1,1
1603,FBgn0029806,1,1
1604,FBgn0029809,2,0
1604,FBgn0050350,2,0
1606,FBgn0039900,1,1
1607,FBgn0037707,1,1
1608,FBgn0026680,1,1
1609,FBgn0031939,2,0
1609,FBgn0051904,2,0
1610,FBgn0036483,1,1
1611,FBgn0037731,2,0
1611,FBgn0052939,2,0
1612,FBgn0036767,1,1
1613,FBgn0053208,1,1
1614,FBgn0037648,1,1
1615,FBgn0034247,1,1
1617,FBgn0015277,1,1
1618,FBgn0037345,1,1
1619,FBgn0029647,1,1
1620,FBgn0028401,1,1
1621,FBgn0037162,1,1
1622,FBgn0032298,1,1
1623,FBgn0033543,1,1
1624,FBgn0039545,3,0
1624,FBgn0039546,3,0
1624,FBgn0040615,3,0
1627,FBgn0036850,1,1
1628,FBgn0033574,1,1
1629,FBgn0003249,1,1
1631,FBgn0022213,1,1
1632,FBgn0040365,1,1
1633,FBgn0039579,2,0
1633,FBgn0040108,2,0
1634,FBgn0030215,1,1
1635,FBgn0025645,1,1
1636,FBgn0039233,1,1
1637,FBgn0037377,1,1
1638,FBgn0032742,1,1
1639,FBgn0036859,1,1
1641,FBgn0053518,1,1
1642,FBgn0002622,1,1
1643,FBgn0037657,1,1
1646,FBgn0036610,1,1
1647,FBgn0033953,1,1
1649,FBgn0029891,1,1
1650,FBgn0037687,1,1
1651,FBgn0034104,1,1
1652,FBgn0000451,1,1
1653,FBgn0033896,1,1
1654,FBgn0040506,7,0
1654,FBgn0040507,7,0
1654,FBgn0040508,7,0
1654,FBgn0040509,7,0
1654,FBgn0040510,7,0
1654,FBgn0052301,7,0
1654,FBgn0052305,7,0
1656,FBgn0033264,1,1
1657,FBgn0032083,1,1
1658,FBgn0035781,1,1
1659,FBgn0035364,1,1
1661,FBgn0032880,1,1
1662,FBgn0033440,1,1
1664,FBgn0034700,1,1
1665,FBgn0030102,1,1
1666,FBgn0003371,2,0
1666,FBgn0030320,2,0
1667,FBgn0052281,1,1
1668,FBgn0028371,1,1
1669,FBgn0031770,1,1
1670,FBgn0004581,1,1
1671,FBgn0037918,1,1
1672,FBgn0052808,1,1
1673,FBgn0032421,1,1
1674,FBgn0039600,1,1
1675,FBgn0035564,1,1
1676,FBgn0035390,1,1
1678,FBgn0031849,1,1
1679,FBgn0039159,1,1
1680,FBgn0010269,1,1
1682,FBgn0030365,1,1
1683,FBgn0035232,1,1
1684,FBgn0036249,1,1
1685,FBgn0034733,1,1
1686,FBgn0032827,1,1
1687,FBgn0039641,1,1
1688,FBgn0053116,1,1
1689,FBgn0039008,1,1
1690,FBgn0050372,1,1
1691,FBgn0033292,1,1
1692,FBgn0003870,1,1
1693,FBgn0034769,1,1
1694,FBgn0000251,1,1
1695,FBgn0037181,1,1
1696,FBgn0001316,1,1
1697,FBgn0040308,1,1
1698,FBgn0040773,1,1
1699,FBgn0038165,1,1
1700,FBgn0034568,2,0
1700,FBgn0051183,2,0
1701,FBgn0028425,1,1
1702,FBgn0016919,1,1
1703,FBgn0001285,9,0
1703,FBgn0003356,9,0
1703,FBgn0003357,9,0
1703,FBgn0020906,9,0
1703,FBgn0031653,9,0
1703,FBgn0035886,9,0
1703,FBgn0035887,9,0
1703,FBgn0039777,9,0
1703,FBgn0039778,9,0
1704,FBgn0036085,1,1
1705,FBgn0000535,1,1
1706,FBgn0030694,1,1
1707,FBgn0010583,1,1
1708,FBgn0039595,1,1
1709,FBgn0034126,1,1
1710,FBgn0034383,7,0
1710,FBgn0037761,7,0
1710,FBgn0037762,7,0
1710,FBgn0037763,7,0
1710,FBgn0037764,7,0
1710,FBgn0037765,7,0
1710,FBgn0051141,7,0
1711,FBgn0031634,1,1
1712,FBgn0030734,1,1
1713,FBgn0010808,1,1
1714,FBgn0026170,1,1
1715,FBgn0034160,1,1
1716,FBgn0031243,1,1
1717,FBgn0037175,1,1
1718,FBgn0051055,1,1
1719,FBgn0038211,1,1
1720,FBgn0031444,2,0
1720,FBgn0031446,2,0
1721,FBgn0030260,1,1
1722,FBgn0011676,1,1
1723,FBgn0033658,1,1
1724,FBgn0038533,2,0
1724,FBgn0038535,2,0
1725,FBgn0030982,2,0
1725,FBgn0051715,2,0
1726,FBgn0038746,1,1
1727,FBgn0004603,1,1
1728,FBgn0039205,1,1
1729,FBgn0063649,1,1
1730,FBgn0011828,1,1
1731,FBgn0036876,1,1
1732,FBgn0036259,1,1
1733,FBgn0015584,1,1
1734,FBgn0015930,1,1
1735,FBgn0029944,1,1
1736,FBgn0053174,1,1
1737,FBgn0052298,1,1
1738,FBgn0035384,1,1
1739,FBgn0010113,1,1
1740,FBgn0024242,1,1
1741,FBgn0032644,1,1
1742,FBgn0035171,1,1
1743,FBgn0015268,1,1
1744,FBgn0024244,1,1
1745,FBgn0052852,1,1
1746,FBgn0035060,1,1
1747,FBgn0067864,1,1
1748,FBgn0034777,1,1
1749,FBgn0039120,1,1
1750,FBgn0037116,1,1
1752,FBgn0039341,1,1
1753,FBgn0034267,1,1
1754,FBgn0037884,1,1
1755,FBgn0037594,1,1
1756,FBgn0037644,1,1
1757,FBgn0025697,1,1
1759,FBgn0039640,5,0
1759,FBgn0039656,5,0
1759,FBgn0040282,5,0
1759,FBgn0046253,5,0
1759,FBgn0051445,5,0
1760,FBgn0027654,1,1
1761,FBgn0003388,1,1
1762,FBgn0039088,1,1
1763,FBgn0004922,1,1
1764,FBgn0030268,1,1
1765,FBgn0003557,1,1
1766,FBgn0035251,1,1
1767,FBgn0039487,1,1
1768,FBgn0038269,1,1
1769,FBgn0010473,1,1
1770,FBgn0002905,1,1
1771,FBgn0050325,1,1
1772,FBgn0050266,1,1
1773,FBgn0035401,1,1
1774,FBgn0031362,1,1
1776,FBgn0029817,1,1
1777,FBgn0033110,1,1
1778,FBgn0035813,1,1
1779,FBgn0034312,1,1
1780,FBgn0029851,1,1
1781,FBgn0038846,1,1
1782,FBgn0031266,1,1
1783,FBgn0011559,1,1
1784,FBgn0003432,1,1
1785,FBgn0051244,1,1
1786,FBgn0038198,1,1
1787,FBgn0001124,1,1
1789,FBgn0038975,1,1
1790,FBgn0051291,1,1
1792,FBgn0027601,1,1
1793,FBgn0036602,1,1
1794,FBgn0034595,1,1
1795,FBgn0032019,1,1
1796,FBgn0040340,2,0
1796,FBgn0052815,2,0
1797,FBgn0030581,1,1
1799,FBgn0004864,1,1
1800,FBgn0031742,1,1
1801,FBgn0037969,1,1
1802,FBgn0037463,1,1
1803,FBgn0035848,1,1
1805,FBgn0029716,1,1
1806,FBgn0030731,1,1
1807,FBgn0038694,1,1
1808,FBgn0002573,1,1
1809,FBgn0037826,3,0
1809,FBgn0051391,3,0
1809,FBgn0051467,3,0
1810,FBgn0029719,2,0
1810,FBgn0029720,2,0
1812,FBgn0035687,1,1
1813,FBgn0028419,1,1
1814,FBgn0036551,1,1
1815,FBgn0045073,1,1
1817,FBgn0033435,2,0
1817,FBgn0053479,2,0
1818,FBgn0004108,1,1
1819,FBgn0030077,1,1
1820,FBgn0033241,2,0
1820,FBgn0039073,2,0
1821,FBgn0030262,1,1
1822,FBgn0035888,1,1
1824,FBgn0030158,1,1
1825,FBgn0030647,1,1
1826,FBgn0035827,1,1
1827,FBgn0030765,1,1
1828,FBgn0010235,1,1
1829,FBgn0037261,1,1
1830,FBgn0037804,2,0
1830,FBgn0037806,2,0
1831,FBgn0033341,1,1
1832,FBgn0002873,1,1
1833,FBgn0015572,3,0
1833,FBgn0015573,3,0
1833,FBgn0015574,3,0
1834,FBgn0039342,1,1
1835,FBgn0036661,1,1
1836,FBgn0034452,1,1
1837,FBgn0005561,1,1
1838,FBgn0029748,1,1
1839,FBgn0039175,1,1
1840,FBgn0033344,1,1
1841,FBgn0038928,1,1
1842,FBgn0037546,1,1
1843,FBgn0033677,1,1
1844,FBgn0041630,1,1
1845,FBgn0029906,1,1
1846,FBgn0037171,1,1
1847,FBgn0004572,1,1
1848,FBgn0045866,1,1
1849,FBgn0051177,1,1
1850,FBgn0038640,1,1
1851,FBgn0028954,1,1
1852,FBgn0039434,7,0
1852,FBgn0039436,7,0
1852,FBgn0039437,7,0
1852,FBgn0039439,7,0
1852,FBgn0039440,7,0
1852,FBgn0039441,7,0
1852,FBgn0051080,7,0
1853,FBgn0031914,1,1
1854,FBgn0025391,1,1
1855,FBgn0037672,1,1
1856,FBgn0011834,2,0
1856,FBgn0031141,2,0
1857,FBgn0029870,1,1
1858,FBgn0032429,1,1
1859,FBgn0036417,1,1
1860,FBgn0050443,1,1
1861,FBgn0038888,7,0
1861,FBgn0040619,7,0
1861,FBgn0051438,7,0
1861,FBgn0053348,7,0
1861,FBgn0053524,7,0
1861,FBgn0053550,7,0
1861,FBgn0053924,7,0
1862,FBgn0037351,1,1
1863,FBgn0033872,1,1
1864,FBgn0031919,1,1
1865,FBgn0034723,1,1
1868,FBgn0002440,1,1
1869,FBgn0038608,1,1
1870,FBgn0002926,2,0
1870,FBgn0052397,2,0
1871,FBgn0051652,1,1
1872,FBgn0023097,1,1
1873,FBgn0038080,1,1
1874,FBgn0035631,1,1
1875,FBgn0037978,1,1
1877,FBgn0024290,1,1
1878,FBgn0039114,1,1
1879,FBgn0030803,1,1
1880,FBgn0029161,1,1
1882,FBgn0030341,1,1
1883,FBgn0000182,1,1
1884,FBgn0023527,1,1
1885,FBgn0024846,1,1
1886,FBgn0005642,1,1
1887,FBgn0033478,1,1
1888,FBgn0044030,1,1
1889,FBgn0038845,1,1
1890,FBgn0034606,1,1
1891,FBgn0050263,1,1
1892,FBgn0029791,1,1
1893,FBgn0032688,1,1
1894,FBgn0050497,1,1
1895,FBgn0005592,3,0
1895,FBgn0010389,3,0
1895,FBgn0013563,3,0
1896,FBgn0040229,1,1
1897,FBgn0053511,1,1
1898,FBgn0038870,1,1
1899,FBgn0035404,1,1
1900,FBgn0034057,1,1
1902,FBgn0040475,1,1
1903,FBgn0036712,3,0
1903,FBgn0036874,3,0
1903,FBgn0040333,3,0
1904,FBgn0030357,1,1
1905,FBgn0033845,1,1
1906,FBgn0014362,1,1
1907,FBgn0036906,1,1
1908,FBgn0026479,1,1
1909,FBgn0039312,1,1
1910,FBgn0028540,1,1
1911,FBgn0022238,1,1
1912,FBgn0036266,1,1
1913,FBgn0038877,1,1
1914,FBgn0040811,1,1
1915,FBgn0039886,1,1
1916,FBgn0052081,1,1
1917,FBgn0030711,1,1
1918,FBgn0003502,1,1
1919,FBgn0033648,1,1
1920,FBgn0037227,1,1
1921,FBgn0032533,1,1
1922,FBgn0004914,1,1
1923,FBgn0005511,2,0
1923,FBgn0016660,2,0
1924,FBgn0052631,1,1
1925,FBgn0036817,1,1
1926,FBgn0035228,1,1
1927,FBgn0015624,1,1
1928,FBgn0031639,1,1
1929,FBgn0037944,1,1
1930,FBgn0000543,1,1
1931,FBgn0029659,1,1
1932,FBgn0001280,1,1
1933,FBgn0025777,2,0
1933,FBgn0031854,2,0
1934,FBgn0015019,1,1
1935,FBgn0027081,1,1
1937,FBgn0027932,1,1
1938,FBgn0025455,1,1
1939,FBgn0000352,1,1
1940,FBgn0035545,1,1
1941,FBgn0030894,1,1
1942,FBgn0036628,1,1
1943,FBgn0035850,1,1
1944,FBgn0051600,1,1
1945,FBgn0034876,1,1
1946,FBgn0021953,2,0
1946,FBgn0050194,2,0
1948,FBgn0039330,1,1
1949,FBgn0039178,1,1
1950,FBgn0030343,1,1
1951,FBgn0039806,1,1
1952,FBgn0026173,1,1
1953,FBgn0000659,1,1
1954,FBgn0036180,1,1
1956,FBgn0035268,1,1
1957,FBgn0030890,2,0
1957,FBgn0035649,2,0
1958,FBgn0000588,1,1
1959,FBgn0036650,1,1
1960,FBgn0026722,1,1
1961,FBgn0015562,1,1
1962,FBgn0037374,1,1
1963,FBgn0033820,1,1
1964,FBgn0039668,1,1
1965,FBgn0029994,1,1
1966,FBgn0052187,1,1
1967,FBgn0037104,1,1
1968,FBgn0031003,1,1
1969,FBgn0036342,1,1
1970,FBgn0026143,1,1
1971,FBgn0003169,1,1
1972,FBgn0028838,1,1
1973,FBgn0003965,1,1
1974,FBgn0032725,1,1
1975,FBgn0027259,1,1
1976,FBgn0038107,1,1
1977,FBgn0053911,1,1
1978,FBgn0012037,3,0
1978,FBgn0016122,3,0
1978,FBgn0032535,3,0
1979,FBgn0031815,1,1
1980,FBgn0031289,1,1
1981,FBgn0027111,1,1
1982,FBgn0051813,1,1
1983,FBgn0031579,1,1
1984,FBgn0033351,1,1
1985,FBgn0031723,1,1
1986,FBgn0038602,1,1
1987,FBgn0028859,3,0
1987,FBgn0028863,3,0
1987,FBgn0033870,3,0
1988,FBgn0042713,1,1
1989,FBgn0014075,1,1
1990,FBgn0034999,1,1
1991,FBgn0036708,1,1
1992,FBgn0037665,1,1
1993,FBgn0037700,1,1
1994,FBgn0038498,1,1
1995,FBgn0034965,1,1
1996,FBgn0033029,1,1
1997,FBgn0039156,1,1
1998,FBgn0023530,1,1
1999,FBgn0020416,1,1
2000,FBgn0035273,1,1
2001,FBgn0025809,1,1
2002,FBgn0036415,1,1
2003,FBgn0037938,1,1
2004,FBgn0036398,1,1
2006,FBgn0039553,1,1
2007,FBgn0005617,1,1
2008,FBgn0031377,1,1
2009,FBgn0031078,1,1
2012,FBgn0036799,1,1
2013,FBgn0038894,1,1
2015,FBgn0039065,1,1
2016,FBgn0028342,1,1
2017,FBgn0035779,2,0
2017,FBgn0035780,2,0
2018,FBgn0027453,1,1
2019,FBgn0030387,1,1
2020,FBgn0036350,1,1
2021,FBgn0039880,1,1
2022,FBgn0020304,2,0
2022,FBgn0031287,2,0
2023,FBgn0029522,3,0
2023,FBgn0029524,3,0
2023,FBgn0052817,3,0
2024,FBgn0036887,1,1
2025,FBgn0034521,1,1
2026,FBgn0001120,1,1
2027,FBgn0030205,1,1
2028,FBgn0001174,1,1
2029,FBgn0032511,1,1
2030,FBgn0029715,1,1
2031,FBgn0036890,1,1
2032,FBgn0034425,1,1
2033,FBgn0030954,1,1
2034,FBgn0020391,1,1
2035,FBgn0054028,1,1
2036,FBgn0034691,1,1
2037,FBgn0025781,1,1
2038,FBgn0031231,1,1
2039,FBgn0002932,1,1
2040,FBgn0026432,1,1
2041,FBgn0040467,1,1
2042,FBgn0047199,1,1
2043,FBgn0037615,1,1
2044,FBgn0051735,1,1
2045,FBgn0038577,1,1
2046,FBgn0032598,1,1
2047,FBgn0031460,1,1
2048,FBgn0035015,1,1
2049,FBgn0040291,1,1
2051,FBgn0032505,1,1
2055,FBgn0037849,1,1
2056,FBgn0039169,1,1
2057,FBgn0000317,2,0
2057,FBgn0040299,2,0
2058,FBgn0052633,1,1
2059,FBgn0033358,1,1
2060,FBgn0022709,1,1
2061,FBgn0000299,3,0
2061,FBgn0016075,3,0
2061,FBgn0031676,3,0
2062,FBgn0039254,1,1
2063,FBgn0038060,2,0
2063,FBgn0053959,2,0
2064,FBgn0031545,1,1
2065,FBgn0038188,1,1
2066,FBgn0036900,1,1
2068,FBgn0040280,1,1
2071,FBgn0053137,3,0
2071,FBgn0053467,3,0
2071,FBgn0053919,3,0
2072,FBgn0015585,1,1
2073,FBgn0035944,1,1
2074,FBgn0038835,1,1
2075,FBgn0030956,2,0
2075,FBgn0030959,2,0
2076,FBgn0026592,1,1
2077,FBgn0032826,2,0
2077,FBgn0032832,2,0
2078,FBgn0030840,1,1
2079,FBgn0039177,1,1
2080,FBgn0022070,1,1
2081,FBgn0038942,1,1
2082,FBgn0013984,1,1
2083,FBgn0030827,1,1
2084,FBgn0034180,1,1
2085,FBgn0014020,1,1
2087,FBgn0031608,1,1
2088,FBgn0032374,1,1
2089,FBgn0051199,1,1
2090,FBgn0031598,1,1
2092,FBgn0037635,1,1
2093,FBgn0034851,1,1
2095,FBgn0032299,1,1
2096,FBgn0014868,1,1
2097,FBgn0034791,1,1
2099,FBgn0028740,2,0
2099,FBgn0034279,2,0
2100,FBgn0031955,1,1
2101,FBgn0038439,2,0
2101,FBgn0038440,2,0
2102,FBgn0035703,1,1
2103,FBgn0033159,4,0
2103,FBgn0035864,4,0
2103,FBgn0051190,4,0
2103,FBgn0052387,4,0
2104,FBgn0035162,1,1
2105,FBgn0003041,1,1
2106,FBgn0039010,2,0
2106,FBgn0039518,2,0
2107,FBgn0029896,1,1
2108,FBgn0032988,1,1
2109,FBgn0013718,1,1
2111,FBgn0015360,1,1
2112,FBgn0039572,1,1
2113,FBgn0051365,1,1
2114,FBgn0034371,1,1
2116,FBgn0031912,1,1
2118,FBgn0033773,1,1
2119,FBgn0029577,1,1
2120,FBgn0032727,1,1
2121,FBgn0052176,1,1
2122,FBgn0038195,1,1
2123,FBgn0033783,1,1
2124,FBgn0034558,1,1
2125,FBgn0003366,1,1
2126,FBgn0039116,1,1
2127,FBgn0041164,1,1
2130,FBgn0052179,1,1
2131,FBgn0042693,1,1
2132,FBgn0038302,1,1
2133,FBgn0028494,1,1
2134,FBgn0061354,1,1
2135,FBgn0010633,2,0
2135,FBgn0033035,2,0
2136,FBgn0003339,1,1
2137,FBgn0037582,1,1
2138,FBgn0033313,1,1
2139,FBgn0051729,1,1
2140,FBgn0032682,1,1
2141,FBgn0044810,1,1
2142,FBgn0030596,1,1
2143,FBgn0031306,1,1
2144,FBgn0035151,2,0
2144,FBgn0035152,2,0
2145,FBgn0004868,1,1
2146,FBgn0003969,1,1
2147,FBgn0034346,1,1
2148,FBgn0032175,1,1
2149,FBgn0033068,1,1
2150,FBgn0031251,1,1
2151,FBgn0004865,1,1
2152,FBgn0052590,1,1
2153,FBgn0035412,2,0
2153,FBgn0052284,2,0
2155,FBgn0014340,1,1
2157,FBgn0001961,1,1
2158,FBgn0015829,1,1
2160,FBgn0064119,1,1
2161,FBgn0032808,5,0
2161,FBgn0041180,5,0
2161,FBgn0041181,5,0
2161,FBgn0041182,5,0
2161,FBgn0041183,5,0
2162,FBgn0036825,1,1
2164,FBgn0053978,1,1
2165,FBgn0038358,1,1
2166,FBgn0029897,1,1
2167,FBgn0039315,4,0
2167,FBgn0039316,4,0
2167,FBgn0051104,4,0
2167,FBgn0051300,4,0
2168,FBgn0010548,1,1
2169,FBgn0022382,1,1
2170,FBgn0029658,1,1
2171,FBgn0036847,1,1
2173,FBgn0034310,1,1
2174,FBgn0003031,1,1
2175,FBgn0052488,1,1
2176,FBgn0032904,1,1
2177,FBgn0033073,1,1
2178,FBgn0036918,1,1
2179,FBgn0002842,1,1
2180,FBgn0034096,1,1
2181,FBgn0036441,1,1
2182,FBgn0032082,4,0
2182,FBgn0039591,4,0
2182,FBgn0052984,4,0
2182,FBgn0052985,4,0
2183,FBgn0024992,1,1
2184,FBgn0034378,1,1
2185,FBgn0067317,1,1
2186,FBgn0011227,1,1
2187,FBgn0031809,14,0
2187,FBgn0044817,14,0
2187,FBgn0053236,14,0
2187,FBgn0053237,14,0
2187,FBgn0053238,14,0
2187,FBgn0053239,14,0
2187,FBgn0053240,14,0
2187,FBgn0053241,14,0
2187,FBgn0053242,14,0
2187,FBgn0053243,14,0
2187,FBgn0053244,14,0
2187,FBgn0053245,14,0
2187,FBgn0053246,14,0
2187,FBgn0053247,14,0
2188,FBgn0004379,1,1
2189,FBgn0038395,1,1
2190,FBgn0050428,1,1
2193,FBgn0014127,1,1
2194,FBgn0031134,1,1
2196,FBgn0031248,1,1
2197,FBgn0032846,1,1
2198,FBgn0003638,1,1
2199,FBgn0036466,1,1
2201,FBgn0028692,1,1
2203,FBgn0029088,1,1
2205,FBgn0011016,1,1
2206,FBgn0031372,1,1
2207,FBgn0033272,1,1
2209,FBgn0052177,1,1
2210,FBgn0036938,1,1
2211,FBgn0038651,1,1
2212,FBgn0004855,1,1
2213,FBgn0039592,1,1
2215,FBgn0040719,1,1
2216,FBgn0030674,1,1
2217,FBgn0041252,1,1
2218,FBgn0015608,1,1
2219,FBgn0001320,1,1
2220,FBgn0037289,1,1
2221,FBgn0038923,1,1
2222,FBgn0002021,2,0
2222,FBgn0033093,2,0
2223,FBgn0033787,1,1
2224,FBgn0039295,1,1
2225,FBgn0037708,1,1
2226,FBgn0033184,1,1
2227,FBgn0038316,1,1
2228,FBgn0031261,1,1
2229,FBgn0038704,1,1
2230,FBgn0026404,1,1
2232,FBgn0003276,2,0
2232,FBgn0004463,2,0
2233,FBgn0025806,1,1
2234,FBgn0022981,2,0
2234,FBgn0035785,2,0
2235,FBgn0034499,1,1
2237,FBgn0029709,1,1
2238,FBgn0036948,1,1
2240,FBgn0003231,1,1
2241,FBgn0024983,1,1
2242,FBgn0000541,1,1
2244,FBgn0010768,1,1
2245,FBgn0004002,1,1
2246,FBgn0038209,1,1
2247,FBgn0037275,1,1
2248,FBgn0035231,1,1
2249,FBgn0015576,2,0
2249,FBgn0015577,2,0
2250,FBgn0031782,1,1
2251,FBgn0037360,1,1
2252,FBgn0020300,1,1
2253,FBgn0035085,1,1
2254,FBgn0030815,1,1
2255,FBgn0010772,1,1
2256,FBgn0002787,1,1
2257,FBgn0053767,3,0
2257,FBgn0053770,3,0
2257,FBgn0053771,3,0
2258,FBgn0031899,1,1
2259,FBgn0036139,1,1
2260,FBgn0036764,2,0
2260,FBgn0037203,2,0
2261,FBgn0011225,1,1
2262,FBgn0039568,1,1
2263,FBgn0034289,1,1
2264,FBgn0030384,1,1
2265,FBgn0037782,1,1
2266,FBgn0036605,2,0
2266,FBgn0036606,2,0
2267,FBgn0032480,1,1
2268,FBgn0039419,1,1
2269,FBgn0036197,1,1
2270,FBgn0050101,1,1
2271,FBgn0033748,2,0
2271,FBgn0033749,2,0
2272,FBgn0037239,1,1
2273,FBgn0031888,1,1
2274,FBgn0030358,1,1
2275,FBgn0042106,1,1
2276,FBgn0027595,1,1
2277,FBgn0052451,1,1
2278,FBgn0035295,1,1
2279,FBgn0030276,1,1
2281,FBgn0035328,1,1
2282,FBgn0000395,1,1
2283,FBgn0052600,1,1
2284,FBgn0035057,1,1
2285,FBgn0030590,4,0
2285,FBgn0030591,4,0
2285,FBgn0030592,4,0
2285,FBgn0030598,4,0
2286,FBgn0021847,1,1
2287,FBgn0020277,1,1
2288,FBgn0035372,1,1
2289,FBgn0031805,1,1
2290,FBgn0030302,1,1
2291,FBgn0032187,1,1
2292,FBgn0039153,1,1
2293,FBgn0036577,1,1
2295,FBgn0032768,2,0
2295,FBgn0032769,2,0
2296,FBgn0036052,1,1
2297,FBgn0053329,1,1
2298,FBgn0030775,1,1
2299,FBgn0022288,1,1
2300,FBgn0038147,1,1
2301,FBgn0036287,1,1
2302,FBgn0037373,1,1
2303,FBgn0035902,1,1
2304,FBgn0031947,1,1
2305,FBgn0016041,2,0
2305,FBgn0033074,2,0
2306,FBgn0011823,1,1
2307,FBgn0036795,2,0
2307,FBgn0052201,2,0
2308,FBgn0038829,1,1
2309,FBgn0032090,1,1
2310,FBgn0039212,1,1
2311,FBgn0036160,1,1
2313,FBgn0023130,1,1
2314,FBgn0039059,1,1
2316,FBgn0032442,1,1
2317,FBgn0030508,1,1
2318,FBgn0033612,1,1
2319,FBgn0052479,1,1
2320,FBgn0015790,1,1
2321,FBgn0032728,1,1
2322,FBgn0001170,1,1
2323,FBgn0039459,1,1
2324,FBgn0031527,2,0
2324,FBgn0050284,2,0
2325,FBgn0032470,1,1
2326,FBgn0038771,1,1
2328,FBgn0000482,1,1
2329,FBgn0035639,1,1
2330,FBgn0052161,1,1
2331,FBgn0033639,1,1
2332,FBgn0039858,1,1
2333,FBgn0033424,1,1
2334,FBgn0010398,1,1
2335,FBgn0004369,1,1
2336,FBgn0034433,1,1
2337,FBgn0031489,1,1
2338,FBgn0051200,1,1
2339,FBgn0004896,1,1
2340,FBgn0034883,1,1
2341,FBgn0039238,1,1
2342,FBgn0032929,1,1
2343,FBgn0004446,2,0
2343,FBgn0004449,2,0
2344,FBgn0040069,2,0
2344,FBgn0052751,2,0
2345,FBgn0032343,1,1
2346,FBgn0039841,1,1
2347,FBgn0038013,1,1
2348,FBgn0039018,1,1
2349,FBgn0003189,1,1
2350,FBgn0030223,1,1
2351,FBgn0027571,2,0
2351,FBgn0042627,2,0
2352,FBgn0039033,2,0
2352,FBgn0039034,2,0
2353,FBgn0015776,1,1
2354,FBgn0038233,1,1
2355,FBgn0017561,1,1
2356,FBgn0039836,1,1
2357,FBgn0035686,1,1
2358,FBgn0037780,1,1
2359,FBgn0015721,1,1
2360,FBgn0035376,1,1
2361,FBgn0050390,1,1
2362,FBgn0036147,2,0
2362,FBgn0061469,2,0
2363,FBgn0032853,1,1
2364,FBgn0032879,1,1
2366,FBgn0032226,2,0
2366,FBgn0032227,2,0
2367,FBgn0064115,1,1
2368,FBgn0028679,1,1
2369,FBgn0038690,1,1
2370,FBgn0025726,1,1
2372,FBgn0035582,1,1
2373,FBgn0039837,1,1
2374,FBgn0031596,1,1
2375,FBgn0037391,1,1
2377,FBgn0039251,1,1
2379,FBgn0038207,1,1
2380,FBgn0011829,1,1
2381,FBgn0015600,1,1
2382,FBgn0039110,1,1
2383,FBgn0031820,1,1
2384,FBgn0026567,1,1
2385,FBgn0023000,5,0
2385,FBgn0028956,5,0
2385,FBgn0034219,5,0
2385,FBgn0035623,5,0
2385,FBgn0045443,5,0
2386,FBgn0054054,1,1
2387,FBgn0035146,1,1
2388,FBgn0034372,1,1
2389,FBgn0026136,1,1
2390,FBgn0027321,1,1
2391,FBgn0011712,1,1
2392,FBgn0030122,1,1
2393,FBgn0033365,2,0
2393,FBgn0033366,2,0
2394,FBgn0032359,1,1
2395,FBgn0011280,1,1
2396,FBgn0038868,1,1
2397,FBgn0034004,1,1
2398,FBgn0033048,2,0
2398,FBgn0034394,2,0
2399,FBgn0053002,1,1
2400,FBgn0052532,1,1
2401,FBgn0039337,1,1
2402,FBgn0000339,1,1
2403,FBgn0035900,1,1
2405,FBgn0032603,1,1
2406,FBgn0036947,1,1
2407,FBgn0036621,1,1
2408,FBgn0028969,1,1
2409,FBgn0036545,1,1
2410,FBgn0029737,1,1
2411,FBgn0034261,1,1
2412,FBgn0030805,1,1
2413,FBgn0033837,1,1
2414,FBgn0030991,1,1
2415,FBgn0038131,1,1
2416,FBgn0036824,1,1
2417,FBgn0053017,1,1
2418,FBgn0029105,1,1
2419,FBgn0038538,1,1
2420,FBgn0030673,1,1
2421,FBgn0033650,1,1
2422,FBgn0032816,1,1
2423,FBgn0030157,1,1
2425,FBgn0000464,1,1
2426,FBgn0022786,1,1
2427,FBgn0038762,1,1
2428,FBgn0003118,1,1
2429,FBgn0036105,1,1
2430,FBgn0034603,1,1
2431,FBgn0035106,1,1
2432,FBgn0034902,1,1
2434,FBgn0029642,1,1
2435,FBgn0026411,1,1
2436,FBgn0015286,1,1
2437,FBgn0035922,1,1
2438,FBgn0033859,1,1
2439,FBgn0030617,1,1
2440,FBgn0042138,1,1
2442,FBgn0031089,3,0
2442,FBgn0031097,3,0
2442,FBgn0053196,3,0
2444,FBgn0004242,1,1
2445,FBgn0038819,1,1
2447,FBgn0033880,1,1
2449,FBgn0036789,1,1
2450,FBgn0002775,1,1
2451,FBgn0002183,1,1
2452,FBgn0013548,1,1
2453,FBgn0052143,1,1
2454,FBgn0036397,1,1
2455,FBgn0027885,1,1
2456,FBgn0035677,1,1
2457,FBgn0045852,1,1
2458,FBgn0021814,1,1
2459,FBgn0029929,1,1
2460,FBgn0035480,1,1
2461,FBgn0033861,1,1
2462,FBgn0028985,1,1
2463,FBgn0035743,1,1
2464,FBgn0034210,1,1
2465,FBgn0033504,1,1
2466,FBgn0033539,1,1
2467,FBgn0034639,1,1
2468,FBgn0037222,2,0
2468,FBgn0038114,2,0
2469,FBgn0038763,1,1
2470,FBgn0030502,1,1
2471,FBgn0045497,2,0
2471,FBgn0045501,2,0
2472,FBgn0052462,1,1
2473,FBgn0053092,1,1
2475,FBgn0034379,1,1
2476,FBgn0016726,1,1
2477,FBgn0034029,1,1
2479,FBgn0032275,1,1
2480,FBgn0034738,1,1
2481,FBgn0022984,2,0
2481,FBgn0034740,2,0
2482,FBgn0024558,1,1
2483,FBgn0034098,1,1
2484,FBgn0032472,1,1
2485,FBgn0010287,1,1
2486,FBgn0036586,1,1
2487,FBgn0032010,1,1
2488,FBgn0005390,1,1
2489,FBgn0035077,1,1
2490,FBgn0031905,1,1
2491,FBgn0039848,1,1
2492,FBgn0033101,1,1
2493,FBgn0034463,1,1
2494,FBgn0037422,1,1
2495,FBgn0015239,1,1
2496,FBgn0003279,1,1
2497,FBgn0027329,1,1
2498,FBgn0039807,1,1
2499,FBgn0028519,1,1
2500,FBgn0032208,1,1
2501,FBgn0004698,1,1
2502,FBgn0038294,1,1
2504,FBgn0028429,1,1
2505,FBgn0033243,1,1
2506,FBgn0053529,1,1
2507,FBgn0034081,1,1
2508,FBgn0032469,1,1
2509,FBgn0035526,1,1
2510,FBgn0037035,1,1
2511,FBgn0038039,1,1
2512,FBgn0032518,1,1
2513,FBgn0037292,1,1
2515,FBgn0051826,1,1
2516,FBgn0026313,2,0
2516,FBgn0052677,2,0
2517,FBgn0031426,3,0
2517,FBgn0031691,3,0
2517,FBgn0051684,3,0
2518,FBgn0013987,1,1
2519,FBgn0031449,1,1
2521,FBgn0039726,1,1
2522,FBgn0042712,1,1
2523,FBgn0035163,1,1
2524,FBgn0025681,1,1
2525,FBgn0038749,1,1
2527,FBgn0034528,1,1
2528,FBgn0033275,1,1
2529,FBgn0035019,3,0
2529,FBgn0036083,3,0
2529,FBgn0052058,3,0
2530,FBgn0030052,1,1
2531,FBgn0037483,1,1
2532,FBgn0039710,1,1
2533,FBgn0037846,1,1
2534,FBgn0042177,2,0
2534,FBgn0042178,2,0
2535,FBgn0027529,1,1
2536,FBgn0003145,1,1
2537,FBgn0034519,1,1
2538,FBgn0036595,1,1
2539,FBgn0036347,1,1
2540,FBgn0029857,1,1
2542,FBgn0051769,1,1
2543,FBgn0010405,1,1
2544,FBgn0039194,1,1
2545,FBgn0034658,1,1
2546,FBgn0052643,1,1
2548,FBgn0005630,1,1
2549,FBgn0058169,1,1
2550,FBgn0034223,1,1
2551,FBgn0003313,1,1
2552,FBgn0014366,1,1
2553,FBgn0000360,1,1
2554,FBgn0010278,1,1
2555,FBgn0011211,1,1
2556,FBgn0039051,3,0
2556,FBgn0039052,3,0
2556,FBgn0039053,3,0
2557,FBgn0011259,1,1
2558,FBgn0033846,1,1
2559,FBgn0016970,1,1
2560,FBgn0031568,1,1
2561,FBgn0003447,3,0
2561,FBgn0029983,3,0
2561,FBgn0029985,3,0
2562,FBgn0015372,1,1
2563,FBgn0034121,1,1
2564,FBgn0030150,1,1
2565,FBgn0038582,1,1
2568,FBgn0051661,1,1
2569,FBgn0050437,2,0
2569,FBgn0052838,2,0
2570,FBgn0003386,1,1
2571,FBgn0038755,1,1
2572,FBgn0041249,3,0
2572,FBgn0045499,3,0
2572,FBgn0045500,3,0
2573,FBgn0030222,1,1
2574,FBgn0033174,1,1
2575,FBgn0041161,1,1
2576,FBgn0037750,1,1
2578,FBgn0033375,1,1
2579,FBgn0050169,1,1
2580,FBgn0032497,1,1
2582,FBgn0051758,1,1
2583,FBgn0035977,1,1
2584,FBgn0034399,1,1
2585,FBgn0024321,1,1
2586,FBgn0015657,1,1
2587,FBgn0038658,1,1
2589,FBgn0037060,1,1
2590,FBgn0031388,1,1
2591,FBgn0033368,1,1
2593,FBgn0004055,1,1
2594,FBgn0031518,1,1
2595,FBgn0022201,1,1
2596,FBgn0034854,1,1
2597,FBgn0023407,2,0
2597,FBgn0031467,2,0
2598,FBgn0030288,1,1
2599,FBgn0029820,1,1
2601,FBgn0000042,6,0
2601,FBgn0000043,6,0
2601,FBgn0000044,6,0
2601,FBgn0000045,6,0
2601,FBgn0000046,6,0
2601,FBgn0000047,6,0
2602,FBgn0010438,1,1
2603,FBgn0032312,1,1
2604,FBgn0000153,1,1
2605,FBgn0028336,3,0
2605,FBgn0029890,3,0
2605,FBgn0036162,3,0
2608,FBgn0036346,1,1
2609,FBgn0031505,1,1
2610,FBgn0039000,1,1
2612,FBgn0033051,1,1
2613,FBgn0030272,1,1
2615,FBgn0039590,1,1
2617,FBgn0024293,1,1
2618,FBgn0050431,1,1
2619,FBgn0034742,2,0
2619,FBgn0034745,2,0
2620,FBgn0020617,1,1
2621,FBgn0037447,1,1
2622,FBgn0030028,1,1
2623,FBgn0030583,1,1
2624,FBgn0033750,1,1
2625,FBgn0039302,1,1
2626,FBgn0032781,1,1
2627,FBgn0004838,1,1
2628,FBgn0010591,1,1
2629,FBgn0052282,2,0
2629,FBgn0052283,2,0
2631,FBgn0030379,1,1
2632,FBgn0032869,1,1
2633,FBgn0029899,1,1
2634,FBgn0037411,1,1
2635,FBgn0000108,1,1
2636,FBgn0033041,1,1
2637,FBgn0004656,2,0
2637,FBgn0029990,2,0
2638,FBgn0036310,1,1
2639,FBgn0038799,1,1
2640,FBgn0024754,1,1
2641,FBgn0066114,1,1
2642,FBgn0035313,1,1
2643,FBgn0033883,1,1
2644,FBgn0052772,1,1
2645,FBgn0032055,5,0
2645,FBgn0038032,5,0
2645,FBgn0038449,5,0
2645,FBgn0038450,5,0
2645,FBgn0038451,5,0
2646,FBgn0051436,1,1
2648,FBgn0013263,1,1
2649,FBgn0037836,1,1
2650,FBgn0023023,1,1
2651,FBgn0003302,1,1
2652,FBgn0043884,1,1
2653,FBgn0050447,1,1
2654,FBgn0029729,1,1
2656,FBgn0037467,1,1
2657,FBgn0082585,1,1
2658,FBgn0038337,1,1
2659,FBgn0002629,1,1
2660,FBgn0040754,1,1
2661,FBgn0038673,1,1
2662,FBgn0037265,1,1
2663,FBgn0015380,2,0
2663,FBgn0024245,2,0
2664,FBgn0052856,1,1
2665,FBgn0037667,1,1
2666,FBgn0033794,1,1
2667,FBgn0000410,1,1
2668,FBgn0024251,1,1
2669,FBgn0015582,1,1
2670,FBgn0036566,1,1
2671,FBgn0027339,1,1
2673,FBgn0035226,1,1
2674,FBgn0027617,1,1
2675,FBgn0027889,1,1
2676,FBgn0030298,1,1
2677,FBgn0038931,1,1
2678,FBgn0025885,1,1
2679,FBgn0027095,1,1
2680,FBgn0031785,1,1
2681,FBgn0003498,1,1
2682,FBgn0036860,1,1
2683,FBgn0033094,1,1
2684,FBgn0015808,2,0
2684,FBgn0032715,2,0
2685,FBgn0050165,1,1
2687,FBgn0031811,1,1
2688,FBgn0004638,1,1
2689,FBgn0039796,1,1
2690,FBgn0029121,1,1
2691,FBgn0034035,1,1
2692,FBgn0046874,1,1
2693,FBgn0032734,1,1
2695,FBgn0030240,1,1
2696,FBgn0037521,1,1
2697,FBgn0032406,1,1
2698,FBgn0021760,1,1
2699,FBgn0043455,1,1
2700,FBgn0038267,1,1
2701,FBgn0036894,1,1
2702,FBgn0030299,1,1
2703,FBgn0038472,1,1
2704,FBgn0035861,1,1
2705,FBgn0032409,1,1
2707,FBgn0034835,1,1
2708,FBgn0032078,1,1
2709,FBgn0031990,1,1
2710,FBgn0026751,1,1
2711,FBgn0037559,1,1
2713,FBgn0037098,1,1
2714,FBgn0031842,1,1
2715,FBgn0051038,1,1
2716,FBgn0034018,1,1
2717,FBgn0031696,1,1
2718,FBgn0033302,1,1
2721,FBgn0050125,1,1
2722,FBgn0026393,1,1
2723,FBgn0024291,1,1
2724,FBgn0039235,1,1
2725,FBgn0036433,1,1
2726,FBgn0030593,1,1
2727,FBgn0033497,1,1
2728,FBgn0035657,1,1
2729,FBgn0030808,1,1
2730,FBgn0052079,1,1
2731,FBgn0030544,1,1
2732,FBgn0027873,1,1
2733,FBgn0034017,1,1
2734,FBgn0038273,1,1
2735,FBgn0031662,1,1
2736,FBgn0039470,1,1
2737,FBgn0010198,2,0
2737,FBgn0033555,2,0
2738,FBgn0037382,1,1
2739,FBgn0037637,1,1
2740,FBgn0038297,1,1
2741,FBgn0033884,1,1
2742,FBgn0035909,1,1
2744,FBgn0003600,1,1
2745,FBgn0030634,1,1
2746,FBgn0000564,1,1
2747,FBgn0037773,1,1
2749,FBgn0031971,1,1
2750,FBgn0030554,1,1
2751,FBgn0043806,1,1
2752,FBgn0011282,1,1
2753,FBgn0033793,1,1
2754,FBgn0030006,1,1
2755,FBgn0039890,1,1
2756,FBgn0039380,1,1
2757,FBgn0051014,2,0
2757,FBgn0051371,2,0
2758,FBgn0034611,1,1
2759,FBgn0033988,1,1
2760,FBgn0026718,1,1
2761,FBgn0039274,1,1
2762,FBgn0028744,1,1
2763,FBgn0001077,1,1
2764,FBgn0010100,2,0
2764,FBgn0037862,2,0
2766,FBgn0034270,1,1
2767,FBgn0034644,1,1
2768,FBgn0031429,1,1
2769,FBgn0004592,1,1
2770,FBgn0034735,1,1
2771,FBgn0043865,1,1
2772,FBgn0052250,1,1
2773,FBgn0024985,1,1
2775,FBgn0038458,1,1
2776,FBgn0010620,1,1
2777,FBgn0038356,1,1
2778,FBgn0038713,1,1
2779,FBgn0035967,1,1
2780,FBgn0016080,1,1
2781,FBgn0051169,1,1
2782,FBgn0041709,1,1
2783,FBgn0034435,1,1
2784,FBgn0052647,1,1
2785,FBgn0033203,3,0
2785,FBgn0033204,3,0
2785,FBgn0033205,3,0
2786,FBgn0011281,1,1
2787,FBgn0002306,1,1
2788,FBgn0037255,1,1
2789,FBgn0022774,1,1
2790,FBgn0028527,1,1
2792,FBgn0039475,2,0
2792,FBgn0039476,2,0
2794,FBgn0011763,1,1
2795,FBgn0029113,1,1
2796,FBgn0021761,1,1
2797,FBgn0039112,1,1
2799,FBgn0020414,1,1
2800,FBgn0039761,1,1
2801,FBgn0051344,1,1
2802,FBgn0051116,1,1
2803,FBgn0038126,1,1
2805,FBgn0014455,1,1
2806,FBgn0051803,1,1
2807,FBgn0030390,1,1
2808,FBgn0001134,1,1
2811,FBgn0038916,1,1
2812,FBgn0033352,1,1
2813,FBgn0052718,1,1
2814,FBgn0030478,1,1
2815,FBgn0030841,1,1
2816,FBgn0031824,1,1
2818,FBgn0010520,1,1
2819,FBgn0036836,2,0
2819,FBgn0036837,2,0
2820,FBgn0051151,1,1
2821,FBgn0052107,1,1
2822,FBgn0033502,1,1
2823,FBgn0033933,1,1
2824,FBgn0035788,1,1
2825,FBgn0032647,3,0
2825,FBgn0032648,3,0
2825,FBgn0032649,3,0
2826,FBgn0039283,1,1
2827,FBgn0030447,1,1
2828,FBgn0031649,1,1
2829,FBgn0039757,1,1
2830,FBgn0004110,1,1
2831,FBgn0037027,1,1
2832,FBgn0040357,1,1
2833,FBgn0001994,1,1
2834,FBgn0034089,1,1
2835,FBgn0042092,1,1
2836,FBgn0053277,1,1
2837,FBgn0036323,1,1
2838,FBgn0052199,1,1
2840,FBgn0038289,1,1
2841,FBgn0051076,1,1
2843,FBgn0004143,1,1
2844,FBgn0004028,1,1
2845,FBgn0002645,1,1
2846,FBgn0032814,2,0
2846,FBgn0037794,2,0
2847,FBgn0033998,1,1
2848,FBgn0000499,1,1
2849,FBgn0039618,1,1
2850,FBgn0046763,1,1
2851,FBgn0002783,1,1
2852,FBgn0004101,1,1
2854,FBgn0026090,1,1
2855,FBgn0030858,1,1
2856,FBgn0010413,1,1
2857,FBgn0037756,1,1
2858,FBgn0038766,1,1
2859,FBgn0035283,1,1
2860,FBgn0039003,1,1
2861,FBgn0028475,1,1
2862,FBgn0052159,1,1
2863,FBgn0035195,1,1
2864,FBgn0028499,1,1
2865,FBgn0035635,1,1
2866,FBgn0033900,1,1
2867,FBgn0031312,1,1
2868,FBgn0039296,1,1
2869,FBgn0038416,1,1
2870,FBgn0026369,1,1
2871,FBgn0039628,1,1
2872,FBgn0032817,1,1
2873,FBgn0026176,1,1
2874,FBgn0029854,1,1
2875,FBgn0033517,1,1
2876,FBgn0019925,1,1
2878,FBgn0004377,1,1
2879,FBgn0050285,1,1
2880,FBgn0030230,1,1
2881,FBgn0037857,1,1
2882,FBgn0003261,1,1
2883,FBgn0033046,1,1
2884,FBgn0036357,1,1
2885,FBgn0031722,1,1
2886,FBgn0052104,1,1
2887,FBgn0041775,1,1
2888,FBgn0032744,1,1
2889,FBgn0036424,2,0
2889,FBgn0036425,2,0
2890,FBgn0032215,1,1
2891,FBgn0002441,1,1
2892,FBgn0000547,2,0
2892,FBgn0051774,2,0
2893,FBgn0029959,1,1
2894,FBgn0039061,1,1
2895,FBgn0033965,1,1
2896,FBgn0034408,1,1
2897,FBgn0033726,1,1
2898,FBgn0034327,1,1
2899,FBgn0033359,1,1
2900,FBgn0052663,1,1
2901,FBgn0039124,1,1
2902,FBgn0036868,1,1
2903,FBgn0016797,1,1
2904,FBgn0034432,1,1
2905,FBgn0035056,1,1
2906,FBgn0033031,1,1
2908,FBgn0033703,1,1
2909,FBgn0010383,1,1
2910,FBgn0030514,1,1
2911,FBgn0000546,1,1
2912,FBgn0036406,1,1
2913,FBgn0039672,1,1
2914,FBgn0004373,1,1
2915,FBgn0030720,1,1
2916,FBgn0052113,1,1
2917,FBgn0034827,1,1
2919,FBgn0038111,1,1
2920,FBgn0050417,1,1
2921,FBgn0034496,1,1
2925,FBgn0038176,1,1
2926,FBgn0031885,1,1
2927,FBgn0038076,1,1
2928,FBgn0052280,1,1
2929,FBgn0039905,1,1
2930,FBgn0028510,1,1
2931,FBgn0083228,1,1
2932,FBgn0026084,1,1
2933,FBgn0030964,1,1
2934,FBgn0030466,1,1
2935,FBgn0036678,1,1
2936,FBgn0036848,1,1
2937,FBgn0053209,1,1
2938,FBgn0011241,1,1
2940,FBgn0028509,1,1
2941,FBgn0039446,1,1
2942,FBgn0020255,1,1
2943,FBgn0052801,1,1
2944,FBgn0039149,1,1
2945,FBgn0026571,1,1
2946,FBgn0030973,1,1
2947,FBgn0034518,1,1
2948,FBgn0036440,1,1
2949,FBgn0053984,1,1
2950,FBgn0052551,1,1
2951,FBgn0036879,1,1
2952,FBgn0024183,1,1
2953,FBgn0030719,1,1
2954,FBgn0000639,1,1
2955,FBgn0032347,1,1
2957,FBgn0029731,4,0
2957,FBgn0029871,4,0
2957,FBgn0029872,4,0
2957,FBgn0052770,4,0
2958,FBgn0038127,1,1
2959,FBgn0038217,2,0
2959,FBgn0038218,2,0
2960,FBgn0032362,1,1
2961,FBgn0035845,1,1
2963,FBgn0031519,1,1
2964,FBgn0008651,1,1
2965,FBgn0053189,1,1
2967,FBgn0034842,2,0
2967,FBgn0051742,2,0
2969,FBgn0035443,1,1
2970,FBgn0003483,1,1
2971,FBgn0038691,1,1
2972,FBgn0035869,1,1
2974,FBgn0035802,1,1
2975,FBgn0024362,1,1
2977,FBgn0033401,1,1
2978,FBgn0033206,1,1
2979,FBgn0033627,1,1
2980,FBgn0030170,1,1
2981,FBgn0031860,1,1
2982,FBgn0029747,1,1
2983,FBgn0030938,1,1
2984,FBgn0031665,1,1
2985,FBgn0035243,1,1
2986,FBgn0033692,1,1
2987,FBgn0019985,2,0
2987,FBgn0050361,2,0
2988,FBgn0025625,1,1
2989,FBgn0036707,1,1
2990,FBgn0031091,1,1
2991,FBgn0037026,1,1
2992,FBgn0024371,1,1
2993,FBgn0033357,1,1
2994,FBgn0010434,1,1
2995,FBgn0001324,1,1
2996,FBgn0054032,1,1
2997,FBgn0034054,1,1
2998,FBgn0027609,1,1
2999,FBgn0037478,1,1
3000,FBgn0038849,2,0
3000,FBgn0051207,2,0
3001,FBgn0040528,2,0
3001,FBgn0042182,2,0
3003,FBgn0037445,1,1
3004,FBgn0011710,2,0
3004,FBgn0030772,2,0
3005,FBgn0037007,1,1
3006,FBgn0026869,1,1
3007,FBgn0035689,1,1
3008,FBgn0002022,1,1
3010,FBgn0028658,1,1
3011,FBgn0039782,3,0
3011,FBgn0039783,3,0
3011,FBgn0051524,3,0
3012,FBgn0038957,1,1
3013,FBgn0030186,1,1
3014,FBgn0030933,1,1
3015,FBgn0038917,1,1
3016,FBgn0034468,1,1
3019,FBgn0038765,1,1
3020,FBgn0038922,1,1
3021,FBgn0028518,1,1
3022,FBgn0037305,1,1
3023,FBgn0050290,1,1
3024,FBgn0003450,1,1
3025,FBgn0002917,1,1
3026,FBgn0039195,1,1
3027,FBgn0050001,1,1
3028,FBgn0030618,2,0
3028,FBgn0030619,2,0
3029,FBgn0002121,1,1
3030,FBgn0013467,1,1
3031,FBgn0033426,1,1
3032,FBgn0000340,3,0
3032,FBgn0010313,3,0
3032,FBgn0051537,3,0
3033,FBgn0038876,1,1
3034,FBgn0038160,1,1
3036,FBgn0003612,1,1
3037,FBgn0034578,2,0
3037,FBgn0051913,2,0
3038,FBgn0030611,1,1
3039,FBgn0045842,1,1
3040,FBgn0032895,1,1
3041,FBgn0051077,1,1
3042,FBgn0020622,1,1
3043,FBgn0027490,1,1
3045,FBgn0002924,1,1
3046,FBgn0052500,3,0
3046,FBgn0052857,3,0
3046,FBgn0053502,3,0
3047,FBgn0064122,1,1
3048,FBgn0035903,1,1
3049,FBgn0004552,1,1
3051,FBgn0036672,1,1
3052,FBgn0034112,1,1
3053,FBgn0030506,1,1
3054,FBgn0027795,1,1
3055,FBgn0033552,1,1
3056,FBgn0038276,1,1
3057,FBgn0000100,1,1
3058,FBgn0031345,1,1
3059,FBgn0023215,1,1
3060,FBgn0033730,1,1
3061,FBgn0037371,1,1
3062,FBgn0000377,1,1
3063,FBgn0038827,1,1
3064,FBgn0029893,1,1
3065,FBgn0026077,1,1
3066,FBgn0040623,1,1
3068,FBgn0036718,1,1
3069,FBgn0004635,1,1
3070,FBgn0033822,1,1
3071,FBgn0038177,2,0
3071,FBgn0038178,2,0
3072,FBgn0032691,1,1
3073,FBgn0039265,1,1
3074,FBgn0034318,1,1
3075,FBgn0003513,1,1
3076,FBgn0037110,1,1
3077,FBgn0032397,1,1
3078,FBgn0037036,3,0
3078,FBgn0037038,3,0
3078,FBgn0037039,3,0
3079,FBgn0035229,1,1
3080,FBgn0001276,1,1
3081,FBgn0034021,1,1
3083,FBgn0033891,1,1
3084,FBgn0053547,1,1
3085,FBgn0010660,1,1
3086,FBgn0039527,1,1
3087,FBgn0033701,1,1
3088,FBgn0036648,1,1
3089,FBgn0050105,1,1
3090,FBgn0031640,1,1
3091,FBgn0051146,1,1
3092,FBgn0033381,1,1
3093,FBgn0032218,1,1
3094,FBgn0032800,1,1
3095,FBgn0038806,1,1
3096,FBgn0038902,1,1
3097,FBgn0017429,1,1
3099,FBgn0033032,1,1
3100,FBgn0034833,1,1
3101,FBgn0030106,1,1
3102,FBgn0028292,1,1
3103,FBgn0026089,1,1
3104,FBgn0024994,1,1
3107,FBgn0032681,1,1
3108,FBgn0031358,1,1
3109,FBgn0036681,1,1
3110,FBgn0002570,7,0
3110,FBgn0002571,7,0
3110,FBgn0033294,7,0
3110,FBgn0033296,7,0
3110,FBgn0033297,7,0
3110,FBgn0050359,7,0
3110,FBgn0050360,7,0
3111,FBgn0027528,1,1
3112,FBgn0035624,1,1
3113,FBgn0029835,1,1
3114,FBgn0037321,1,1
3115,FBgn0039131,1,1
3116,FBgn0036374,1,1
3117,FBgn0036536,1,1
3118,FBgn0003358,1,1
3119,FBgn0027338,1,1
3120,FBgn0034838,1,1
3121,FBgn0025383,1,1
3122,FBgn0038897,1,1
3123,FBgn0010894,1,1
3124,FBgn0034849,1,1
3125,FBgn0029863,2,0
3125,FBgn0030600,2,0
3126,FBgn0037368,1,1
3127,FBgn0004913,1,1
3128,FBgn0036537,2,0
3128,FBgn0036538,2,0
3129,FBgn0039313,1,1
3130,FBgn0000658,1,1
3131,FBgn0030946,1,1
3134,FBgn0038467,1,1
3135,FBgn0033122,1,1
3136,FBgn0032796,1,1
3138,FBgn0039712,1,1
3139,FBgn0030049,1,1
3140,FBgn0035272,1,1
3141,FBgn0013951,1,1
3142,FBgn0051959,1,1
3144,FBgn0028856,2,0
3144,FBgn0028857,2,0
3145,FBgn0035423,1,1
3146,FBgn0038306,1,1
3147,FBgn0037485,1,1
3148,FBgn0037380,1,1
3149,FBgn0037744,1,1
3150,FBgn0014031,1,1
3151,FBgn0029004,1,1
3152,FBgn0017539,2,0
3152,FBgn0036222,2,0
3153,FBgn0035529,1,1
3154,FBgn0025360,1,1
3155,FBgn0005624,1,1
3156,FBgn0038675,1,1
3157,FBgn0035203,1,1
3158,FBgn0033466,1,1
3159,FBgn0031692,1,1
3161,FBgn0033135,1,1
3162,FBgn0029507,1,1
3163,FBgn0037680,1,1
3165,FBgn0035255,1,1
3166,FBgn0035746,2,0
3166,FBgn0052389,2,0
3168,FBgn0032073,1,1
3169,FBgn0031023,1,1
3170,FBgn0037802,2,0
3170,FBgn0039631,2,0
3171,FBgn0052219,1,1
3172,FBgn0015816,1,1
3173,FBgn0034259,1,1
3174,FBgn0003942,1,1
3175,FBgn0051531,2,0
3175,FBgn0051534,2,0
3176,FBgn0052056,1,1
3177,FBgn0003326,1,1
3178,FBgn0028942,1,1
3179,FBgn0038070,1,1
3180,FBgn0032416,1,1
3182,FBgn0034073,1,1
3183,FBgn0035297,1,1
3184,FBgn0050268,2,0
3184,FBgn0050275,2,0
3185,FBgn0003177,1,1
3186,FBgn0000183,1,1
3187,FBgn0005619,1,1
3188,FBgn0035924,1,1
3189,FBgn0030871,1,1
3190,FBgn0040373,1,1
3191,FBgn0026208,1,1
3192,FBgn0052103,1,1
3193,FBgn0062517,1,1
3194,FBgn0033893,1,1
3195,FBgn0023143,1,1
3196,FBgn0001220,1,1
3197,FBgn0037014,1,1
3198,FBgn0054007,1,1
3199,FBgn0030067,1,1
3200,FBgn0016917,1,1
3201,FBgn0037937,1,1
3202,FBgn0032147,1,1
3203,FBgn0039690,1,1
3204,FBgn0033616,1,1
3206,FBgn0003089,1,1
3207,FBgn0033139,1,1
3208,FBgn0030937,1,1
3209,FBgn0020235,1,1
3210,FBgn0015391,1,1
3211,FBgn0030929,1,1
3212,FBgn0037530,1,1
3213,FBgn0033408,1,1
3214,FBgn0053109,1,1
3215,FBgn0041605,1,1
3218,FBgn0038268,1,1
3219,FBgn0051704,1,1
3220,FBgn0030085,3,0
3220,FBgn0052706,3,0
3220,FBgn0052708,3,0
3221,FBgn0038861,1,1
3223,FBgn0036924,1,1
3224,FBgn0036141,1,1
3225,FBgn0036232,3,0
3225,FBgn0036233,3,0
3225,FBgn0036234,3,0
3226,FBgn0035069,1,1
3227,FBgn0030350,2,0
3227,FBgn0030351,2,0
3228,FBgn0003124,1,1
3229,FBgn0029904,1,1
3230,FBgn0030013,1,1
3231,FBgn0033911,1,1
3232,FBgn0031857,1,1
3233,FBgn0052029,1,1
3234,FBgn0040354,1,1
3235,FBgn0033412,1,1
3238,FBgn0031008,1,1
3239,FBgn0038006,3,0
3239,FBgn0038007,3,0
3239,FBgn0038236,3,0
3240,FBgn0031332,2,0
3240,FBgn0031333,2,0
3241,FBgn0010905,1,1
3242,FBgn0010423,1,1
3243,FBgn0039593,2,0
3243,FBgn0053346,2,0
3244,FBgn0034382,1,1
3245,FBgn0036665,1,1
3246,FBgn0027504,1,1
3248,FBgn0041234,1,1
3249,FBgn0040890,1,1
3250,FBgn0033134,1,1
3251,FBgn0067622,1,1
3252,FBgn0026564,1,1
3254,FBgn0039200,1,1
3255,FBgn0032249,1,1
3256,FBgn0046689,1,1
3257,FBgn0038475,1,1
3258,FBgn0004648,1,1
3259,FBgn0000459,1,1
3260,FBgn0016685,1,1
3261,FBgn0030264,1,1
3262,FBgn0033158,2,0
3262,FBgn0034159,2,0
3263,FBgn0033361,1,1
3265,FBgn0052557,1,1
3266,FBgn0035468,1,1
3267,FBgn0035806,1,1
3269,FBgn0045035,1,1
3270,FBgn0000479,1,1
3271,FBgn0015801,1,1
3272,FBgn0029993,2,0
3272,FBgn0032520,2,0
3273,FBgn0039722,1,1
3274,FBgn0033454,1,1
3275,FBgn0010433,1,1
3277,FBgn0031571,1,1
3278,FBgn0037248,1,1
3279,FBgn0037150,1,1
3280,FBgn0026259,1,1
3281,FBgn0024887,1,1
3282,FBgn0033815,1,1
3283,FBgn0037942,1,1
3284,FBgn0014462,1,1
3285,FBgn0040963,1,1
3286,FBgn0030037,1,1
3288,FBgn0039635,1,1
3289,FBgn0036057,1,1
3290,FBgn0034570,1,1
3291,FBgn0039023,1,1
3292,FBgn0035104,1,1
3293,FBgn0034926,1,1
3294,FBgn0028533,1,1
3295,FBgn0030726,2,0
3295,FBgn0030729,2,0
3296,FBgn0036450,1,1
3297,FBgn0026371,1,1
3299,FBgn0000022,1,1
3300,FBgn0032477,1,1
3301,FBgn0028701,4,0
3301,FBgn0037585,4,0
3301,FBgn0051369,4,0
3301,FBgn0051462,4,0
3302,FBgn0036426,1,1
3304,FBgn0051100,1,1
3305,FBgn0038046,1,1
3307,FBgn0016070,1,1
3308,FBgn0010704,1,1
3309,FBgn0035490,1,1
3310,FBgn0039531,1,1
3311,FBgn0037723,1,1
3312,FBgn0031393,1,1
3313,FBgn0011335,2,0
3313,FBgn0036248,2,0
3314,FBgn0038666,1,1
3315,FBgn0031646,1,1
3317,FBgn0022710,2,0
3317,FBgn0030646,2,0
3318,FBgn0040847,1,1
3319,FBgn0037533,1,1
3320,FBgn0020412,1,1
3321,FBgn0027563,1,1
3322,FBgn0034797,1,1
3323,FBgn0010246,2,0
3323,FBgn0011673,2,0
3325,FBgn0038859,1,1
3326,FBgn0035280,1,1
3327,FBgn0001233,1,1
3328,FBgn0028470,1,1
3329,FBgn0052626,1,1
3330,FBgn0000578,1,1
3331,FBgn0035880,1,1
3332,FBgn0051607,2,0
3332,FBgn0051900,2,0
3333,FBgn0040634,1,1
3334,FBgn0037979,1,1
3335,FBgn0032750,1,1
3336,FBgn0038854,1,1
3337,FBgn0032261,1,1
3338,FBgn0036134,1,1
3339,FBgn0025802,1,1
3340,FBgn0037801,1,1
3341,FBgn0029778,1,1
3342,FBgn0051229,1,1
3343,FBgn0033306,1,1
3345,FBgn0015589,2,0
3345,FBgn0026598,2,0
3346,FBgn0010385,1,1
3347,FBgn0038566,1,1
3348,FBgn0032838,1,1
3351,FBgn0034249,1,1
3352,FBgn0039150,1,1
3354,FBgn0052210,1,1
3355,FBgn0032661,1,1
3356,FBgn0038842,1,1
3357,FBgn0054011,1,1
3358,FBgn0025635,1,1
3359,FBgn0033569,2,0
3359,FBgn0050020,2,0
3360,FBgn0032690,1,1
3361,FBgn0026431,1,1
3363,FBgn0033389,1,1
3364,FBgn0043458,1,1
3366,FBgn0026058,1,1
3367,FBgn0053983,1,1
3369,FBgn0030406,1,1
3370,FBgn0039206,1,1
3371,FBgn0030543,1,1
3372,FBgn0030010,1,1
3373,FBgn0033169,1,1
3374,FBgn0004057,1,1
3375,FBgn0036479,1,1
3376,FBgn0039972,1,1
3377,FBgn0036117,1,1
3378,FBgn0040609,1,1
3379,FBgn0005660,1,1
3380,FBgn0030678,1,1
3381,FBgn0037448,1,1
3383,FBgn0014870,1,1
3384,FBgn0036337,1,1
3385,FBgn0033258,1,1
3386,FBgn0000158,1,1
3387,FBgn0026088,1,1
3388,FBgn0036472,1,1
3389,FBgn0000427,1,1
3390,FBgn0034565,1,1
3391,FBgn0035193,1,1
3392,FBgn0040066,1,1
3393,FBgn0033550,1,1
3394,FBgn0023178,1,1
3395,FBgn0000579,1,1
3396,FBgn0039140,1,1
3398,FBgn0027903,1,1
3399,FBgn0032926,1,1
3400,FBgn0052670,1,1
3401,FBgn0037385,1,1
3402,FBgn0034360,1,1
3403,FBgn0032882,1,1
3404,FBgn0034661,1,1
3405,FBgn0031760,1,1
3406,FBgn0034863,1,1
3408,FBgn0039689,1,1
3409,FBgn0035168,1,1
3410,FBgn0050364,1,1
3411,FBgn0030747,1,1
3412,FBgn0020379,1,1
3413,FBgn0000454,1,1
3414,FBgn0034113,1,1
3415,FBgn0021818,1,1
3416,FBgn0004387,1,1
3417,FBgn0036519,1,1
3418,FBgn0031432,1,1
3419,FBgn0003721,1,1
3420,FBgn0042205,1,1
3421,FBgn0039282,1,1
3422,FBgn0011327,1,1
3423,FBgn0032856,1,1
3424,FBgn0033996,1,1
3425,FBgn0031889,2,0
3425,FBgn0031892,2,0
3426,FBgn0039588,1,1
3427,FBgn0000606,1,1
3428,FBgn0039648,1,1
3429,FBgn0003205,1,1
3430,FBgn0015513,2,0
3430,FBgn0051048,2,0
3432,FBgn0001090,1,1
3433,FBgn0039348,1,1
3434,FBgn0035750,1,1
3435,FBgn0033738,1,1
3436,FBgn0032471,1,1
3437,FBgn0039936,1,1
3438,FBgn0038203,1,1
3439,FBgn0053630,2,0
3439,FBgn0053631,2,0
3440,FBgn0032839,2,0
3440,FBgn0034429,2,0
3442,FBgn0034614,1,1
3444,FBgn0027589,1,1
3445,FBgn0036548,2,0
3445,FBgn0038344,2,0
3446,FBgn0030040,1,1
3447,FBgn0037370,1,1
3448,FBgn0037616,1,1
3449,FBgn0020440,1,1
3450,FBgn0031468,1,1
3451,FBgn0037172,1,1
3452,FBgn0015919,1,1
3453,FBgn0031142,1,1
3454,FBgn0031769,1,1
3455,FBgn0032222,1,1
3456,FBgn0004102,1,1
3457,FBgn0034793,1,1
3458,FBgn0033117,1,1
3459,FBgn0004777,1,1
3460,FBgn0044028,1,1
3461,FBgn0036556,1,1
3462,FBgn0001977,1,1
3463,FBgn0039040,1,1
3464,FBgn0040232,2,0
3464,FBgn0040233,2,0
3465,FBgn0034726,1,1
3466,FBgn0031016,1,1
3467,FBgn0031554,1,1
3468,FBgn0034238,2,0
3468,FBgn0034239,2,0
3469,FBgn0032787,1,1
3470,FBgn0030245,1,1
3472,FBgn0035507,1,1
3473,FBgn0052719,2,0
3473,FBgn0052720,2,0
3474,FBgn0034352,1,1
3475,FBgn0038329,1,1
3476,FBgn0037430,1,1
3477,FBgn0032135,1,1
3478,FBgn0040606,1,1
3479,FBgn0034229,1,1
3480,FBgn0025807,2,0
3480,FBgn0036816,2,0
3481,FBgn0033261,1,1
3482,FBgn0032633,1,1
3484,FBgn0032634,1,1
3486,FBgn0036455,1,1
3487,FBgn0032306,2,0
3487,FBgn0032307,2,0
3488,FBgn0046999,1,1
3489,FBgn0027788,1,1
3490,FBgn0031740,1,1
3491,FBgn0034367,1,1
3492,FBgn0028694,1,1
3493,FBgn0030344,2,0
3493,FBgn0037037,2,0
3494,FBgn0052779,2,0
3494,FBgn0061173,2,0
3495,FBgn0028569,1,1
3497,FBgn0033935,1,1
3499,FBgn0003733,2,0
3499,FBgn0033212,2,0
3500,FBgn0034866,1,1
3501,FBgn0036557,1,1
3502,FBgn0039381,1,1
3504,FBgn0033208,1,1
3505,FBgn0035321,1,1
3506,FBgn0023519,1,1
3507,FBgn0037955,1,1
3508,FBgn0037749,1,1
3509,FBgn0036669,1,1
3510,FBgn0052573,1,1
3511,FBgn0029775,2,0
3511,FBgn0053980,2,0
3512,FBgn0034464,1,1
3513,FBgn0038715,4,0
3513,FBgn0038717,4,0
3513,FBgn0038718,4,0
3513,FBgn0038719,4,0
3514,FBgn0038504,1,1
3515,FBgn0003380,1,1
3516,FBgn0027501,1,1
3517,FBgn0031035,1,1
3518,FBgn0040688,1,1
3519,FBgn0033740,1,1
3520,FBgn0032032,1,1
3521,FBgn0010622,1,1
3522,FBgn0005654,1,1
3523,FBgn0037419,1,1
3524,FBgn0034543,1,1
3525,FBgn0031244,1,1
3526,FBgn0052227,1,1
3527,FBgn0035103,1,1
3528,FBgn0038327,1,1
3529,FBgn0003300,1,1
3530,FBgn0053148,1,1
3531,FBgn0053513,1,1
3532,FBgn0034477,1,1
3533,FBgn0033960,1,1
3534,FBgn0022343,1,1
3535,FBgn0004908,1,1
3537,FBgn0037814,1,1
3538,FBgn0050269,1,1
3540,FBgn0038488,1,1
3541,FBgn0038984,1,1
3542,FBgn0037901,1,1
3543,FBgn0035525,1,1
3544,FBgn0037378,1,1
3545,FBgn0031098,1,1
3546,FBgn0033962,1,1
3547,FBgn0039846,1,1
3548,FBgn0025618,1,1
3549,FBgn0003464,1,1
3550,FBgn0034141,1,1
3551,FBgn0039160,1,1
3552,FBgn0004364,4,0
3552,FBgn0029114,4,0
3552,FBgn0034476,4,0
3552,FBgn0036494,4,0
3553,FBgn0011224,1,1
3554,FBgn0039488,1,1
3555,FBgn0036949,1,1
3556,FBgn0029868,1,1
3557,FBgn0038951,1,1
3558,FBgn0033905,1,1
3559,FBgn0043791,1,1
3560,FBgn0027583,1,1
3561,FBgn0001972,1,1
3562,FBgn0034884,1,1
3563,FBgn0051791,2,0
3563,FBgn0051801,2,0
3564,FBgn0032955,1,1
3565,FBgn0038266,1,1
3566,FBgn0004237,1,1
3567,FBgn0042213,1,1
3568,FBgn0037347,1,1
3570,FBgn0020250,1,1
3571,FBgn0051637,1,1
3572,FBgn0034417,2,0
3572,FBgn0039874,2,0
3573,FBgn0036691,1,1
3574,FBgn0034033,1,1
3575,FBgn0034110,1,1
3576,FBgn0005558,1,1
3578,FBgn0032981,1,1
3579,FBgn0002968,1,1
3580,FBgn0032195,1,1
3581,FBgn0052105,1,1
3582,FBgn0010309,1,1
3583,FBgn0016034,1,1
3584,FBgn0037133,1,1
3585,FBgn0035575,1,1
3587,FBgn0032909,1,1
3588,FBgn0030399,1,1
3591,FBgn0034200,1,1
3592,FBgn0038512,1,1
3593,FBgn0025571,1,1
3595,FBgn0015037,3,0
3595,FBgn0033395,3,0
3595,FBgn0033397,3,0
3596,FBgn0053472,1,1
3597,FBgn0034447,1,1
3598,FBgn0051065,1,1
3599,FBgn0002940,1,1
3600,FBgn0033776,1,1
3601,FBgn0031980,1,1
3602,FBgn0040796,1,1
3603,FBgn0039290,1,1
3604,FBgn0034743,1,1
3605,FBgn0004959,1,1
3607,FBgn0038909,1,1
3608,FBgn0028506,1,1
3609,FBgn0034582,1,1
3610,FBgn0020655,1,1
3611,FBgn0036973,1,1
3612,FBgn0041232,1,1
3613,FBgn0039474,1,1
3614,FBgn0031065,1,1
3616,FBgn0000346,2,0
3616,FBgn0013998,2,0
3619,FBgn0036043,1,1
3621,FBgn0032596,1,1
3622,FBgn0036895,1,1
3623,FBgn0052987,2,0
3623,FBgn0052988,2,0
3624,FBgn0003137,1,1
3625,FBgn0041712,1,1
3626,FBgn0037799,1,1
3627,FBgn0036125,1,1
3628,FBgn0035449,1,1
3629,FBgn0000927,1,1
3631,FBgn0002579,1,1
3632,FBgn0038830,1,1
3633,FBgn0014342,1,1
3634,FBgn0033512,1,1
3635,FBgn0039411,1,1
3636,FBgn0036996,1,1
3638,FBgn0031286,1,1
3639,FBgn0031132,1,1
3640,FBgn0037827,1,1
3641,FBgn0030412,1,1
3642,FBgn0014141,1,1
3643,FBgn0033266,1,1
3644,FBgn0034683,1,1
3645,FBgn0011589,1,1
3646,FBgn0040950,2,0
3646,FBgn0051439,2,0
3647,FBgn0027602,1,1
3648,FBgn0036907,1,1
3649,FBgn0045473,1,1
3650,FBgn0034887,1,1
3651,FBgn0051357,1,1
3652,FBgn0026758,1,1
3654,FBgn0024227,1,1
3655,FBgn0052252,1,1
3657,FBgn0010651,1,1
3658,FBgn0034938,1,1
3659,FBgn0038697,1,1
3660,FBgn0033581,1,1
3661,FBgn0035777,1,1
3662,FBgn0034756,1,1
3663,FBgn0031118,1,1
3664,FBgn0005613,1,1
3665,FBgn0028420,1,1
3666,FBgn0002531,6,0
3666,FBgn0002533,6,0
3666,FBgn0002534,6,0
3666,FBgn0002535,6,0
3666,FBgn0033603,6,0
3666,FBgn0050163,6,0
3667,FBgn0000061,1,1
3668,FBgn0031226,1,1
3669,FBgn0035402,1,1
3671,FBgn0031636,2,0
3671,FBgn0035763,2,0
3672,FBgn0023518,1,1
3673,FBgn0005674,1,1
3674,FBgn0037302,1,1
3675,FBgn0032394,1,1
3676,FBgn0037683,1,1
3677,FBgn0047135,1,1
3678,FBgn0051179,1,1
3679,FBgn0053100,1,1
3681,FBgn0034467,2,0
3681,FBgn0037101,2,0
3682,FBgn0034020,1,1
3683,FBgn0036305,1,1
3684,FBgn0052242,1,1
3685,FBgn0035768,1,1
3686,FBgn0036757,2,0
3686,FBgn0036758,2,0
3687,FBgn0013973,1,1
3688,FBgn0030998,1,1
3689,FBgn0036897,1,1
3690,FBgn0035799,1,1
3691,FBgn0036558,1,1
3692,FBgn0030545,1,1
3693,FBgn0039183,1,1
3694,FBgn0033757,1,1
3695,FBgn0003187,1,1
3696,FBgn0037556,1,1
3697,FBgn0031504,2,0
3697,FBgn0039970,2,0
3698,FBgn0036673,2,0
3698,FBgn0053256,2,0
3699,FBgn0035932,2,0
3699,FBgn0035933,2,0
3700,FBgn0038947,1,1
3701,FBgn0030985,1,1
3702,FBgn0033767,1,1
3704,FBgn0033043,1,1
3705,FBgn0040513,1,1
3706,FBgn0036990,1,1
3707,FBgn0040651,1,1
3708,FBgn0031935,4,0
3708,FBgn0031936,4,0
3708,FBgn0031937,4,0
3708,FBgn0053296,4,0
3709,FBgn0035264,1,1
3710,FBgn0030975,1,1
3711,FBgn0026193,1,1
3712,FBgn0036008,1,1
3713,FBgn0031865,1,1
3714,FBgn0038833,1,1
3715,FBgn0051087,1,1
3716,FBgn0030752,1,1
3717,FBgn0000244,5,0
3717,FBgn0038347,5,0
3717,FBgn0038348,5,0
3717,FBgn0038349,5,0
3717,FBgn0038350,5,0
3718,FBgn0032940,1,1
3719,FBgn0052306,1,1
3720,FBgn0029094,1,1
3721,FBgn0032485,1,1
3722,FBgn0015924,1,1
3723,FBgn0029874,1,1
3724,FBgn0036680,2,0
3724,FBgn0036684,2,0
3725,FBgn0034945,1,1
3726,FBgn0013988,1,1
3727,FBgn0027655,3,0
3727,FBgn0039594,3,0
3727,FBgn0053970,3,0
3728,FBgn0029914,1,1
3729,FBgn0053217,1,1
3730,FBgn0036449,1,1
3731,FBgn0027610,1,1
3733,FBgn0000337,2,0
3733,FBgn0033224,2,0
3734,FBgn0001311,2,0
3734,FBgn0029091,2,0
3735,FBgn0037105,1,1
3736,FBgn0034956,1,1
3737,FBgn0026160,1,1
3738,FBgn0027598,2,0
3738,FBgn0039804,2,0
3739,FBgn0053302,1,1
3740,FBgn0030816,1,1
3742,FBgn0052563,1,1
3743,FBgn0030089,1,1
3744,FBgn0030281,1,1
3745,FBgn0031753,1,1
3746,FBgn0039145,1,1
3747,FBgn0036807,1,1
3748,FBgn0051191,1,1
3749,FBgn0028408,1,1
3750,FBgn0030643,1,1
3752,FBgn0033179,1,1
3753,FBgn0035514,1,1
3754,FBgn0036614,1,1
3755,FBgn0021906,1,1
3756,FBgn0051693,1,1
3757,FBgn0011655,1,1
3758,FBgn0038318,1,1
3759,FBgn0038934,1,1
3760,FBgn0051019,1,1
3762,FBgn0050115,1,1
3763,FBgn0037879,3,0
3763,FBgn0037888,3,0
3763,FBgn0037889,3,0
3764,FBgn0036454,1,1
3765,FBgn0026149,1,1
3766,FBgn0040730,1,1
3768,FBgn0039571,1,1
3769,FBgn0052369,1,1
3771,FBgn0015872,1,1
3772,FBgn0029924,1,1
3773,FBgn0032973,1,1
3774,FBgn0022268,1,1
3775,FBgn0004834,1,1
3776,FBgn0050072,3,0
3776,FBgn0050073,3,0
3776,FBgn0050074,3,0
3777,FBgn0028691,1,1
3778,FBgn0000099,1,1
3779,FBgn0025693,1,1
3780,FBgn0033890,1,1
3781,FBgn0020912,1,1
3782,FBgn0039719,1,1
3783,FBgn0038946,1,1
3784,FBgn0016691,1,1
3785,FBgn0036970,1,1
3786,FBgn0027526,1,1
3787,FBgn0037313,1,1
3788,FBgn0032538,1,1
3789,FBgn0053260,1,1
3790,FBgn0041622,1,1
3791,FBgn0046247,1,1
3792,FBgn0039241,1,1
3793,FBgn0040336,1,1
3794,FBgn0022359,2,0
3794,FBgn0024289,2,0
3795,FBgn0036716,1,1
3796,FBgn0052069,1,1
3797,FBgn0014903,1,1
3798,FBgn0037662,1,1
3799,FBgn0037807,1,1
3800,FBgn0052333,1,1
3801,FBgn0053965,1,1
3802,FBgn0051184,2,0
3802,FBgn0053108,2,0
3803,FBgn0030243,1,1
3804,FBgn0024947,1,1
3805,FBgn0028536,1,1
3806,FBgn0026015,1,1
3807,FBgn0029697,1,1
3808,FBgn0003087,1,1
3809,FBgn0035156,1,1
3810,FBgn0030340,1,1
3811,FBgn0011295,1,1
3812,FBgn0051345,1,1
3813,FBgn0033718,1,1
3814,FBgn0029092,1,1
3815,FBgn0053673,1,1
3816,FBgn0039335,1,1
3817,FBgn0051302,1,1
3818,FBgn0035557,2,0
3818,FBgn0050471,2,0
3820,FBgn0041096,1,1
3822,FBgn0038454,1,1
3823,FBgn0022987,1,1
3824,FBgn0040378,1,1
3825,FBgn0030802,1,1
3826,FBgn0038900,1,1
3827,FBgn0036617,1,1
3829,FBgn0023542,1,1
3830,FBgn0004133,1,1
3832,FBgn0034840,1,1
3833,FBgn0029690,1,1
3834,FBgn0026326,1,1
3835,FBgn0036677,1,1
3836,FBgn0028936,1,1
3837,FBgn0034271,1,1
3838,FBgn0029675,1,1
3840,FBgn0001147,1,1
3841,FBgn0036964,1,1
3842,FBgn0032435,1,1
3844,FBgn0039881,1,1
3845,FBgn0038354,1,1
3847,FBgn0003372,1,1
3848,FBgn0031681,1,1
3849,FBgn0033853,2,0
3849,FBgn0053156,2,0
3850,FBgn0037664,1,1
3853,FBgn0023524,1,1
3855,FBgn0039780,1,1
3856,FBgn0046114,1,1
3857,FBgn0036599,1,1
3861,FBgn0035812,1,1
3862,FBgn0002774,1,1
3863,FBgn0033733,2,0
3863,FBgn0037996,2,0
3864,FBgn0035296,1,1
3865,FBgn0035611,1,1
3866,FBgn0005655,1,1
3867,FBgn0035735,1,1
3868,FBgn0001203,1,1
3869,FBgn0035176,1,1
3870,FBgn0041237,1,1
3871,FBgn0063667,1,1
3872,FBgn0037242,1,1
3873,FBgn0031004,1,1
3874,FBgn0015568,3,0
3874,FBgn0015570,3,0
3874,FBgn0034736,3,0
3875,FBgn0030228,1,1
3876,FBgn0033427,1,1
3877,FBgn0000139,1,1
3878,FBgn0039675,1,1
3879,FBgn0003053,1,1
3880,FBgn0038042,1,1
3881,FBgn0032704,1,1
3882,FBgn0051472,1,1
3883,FBgn0004880,1,1
3884,FBgn0025634,1,1
3885,FBgn0023184,2,0
3885,FBgn0034083,2,0
3886,FBgn0033752,1,1
3889,FBgn0037030,1,1
3891,FBgn0032240,1,1
3892,FBgn0032527,2,0
3892,FBgn0051847,2,0
3893,FBgn0005596,1,1
3894,FBgn0011570,1,1
3895,FBgn0036725,1,1
3897,FBgn0035110,1,1
3898,FBgn0033282,1,1
3899,FBgn0032809,1,1
3900,FBgn0037188,1,1
3901,FBgn0032052,1,1
3902,FBgn0004419,1,1
3903,FBgn0036205,1,1
3904,FBgn0010173,1,1
3905,FBgn0013307,2,0
3905,FBgn0013308,2,0
3906,FBgn0032393,1,1
3907,FBgn0027364,1,1
3908,FBgn0035149,1,1
3909,FBgn0040294,1,1
3910,FBgn0031022,1,1
3911,FBgn0050420,1,1
3912,FBgn0036999,1,1
3913,FBgn0015033,1,1
3914,FBgn0034523,2,0
3914,FBgn0051658,2,0
3915,FBgn0040487,2,0
3915,FBgn0040809,2,0
3916,FBgn0010877,1,1
3917,FBgn0002413,1,1
3918,FBgn0052296,1,1
3919,FBgn0029995,1,1
3920,FBgn0029722,1,1
3921,FBgn0031501,1,1
3922,FBgn0051140,1,1
3923,FBgn0004862,1,1
3924,FBgn0032351,1,1
3925,FBgn0028943,1,1
3927,FBgn0015396,1,1
3928,FBgn0025724,1,1
3930,FBgn0052000,1,1
3932,FBgn0034535,1,1
3933,FBgn0034480,3,0
3933,FBgn0051562,3,0
3933,FBgn0053301,3,0
3935,FBgn0039768,2,0
3935,FBgn0039769,2,0
3936,FBgn0024222,1,1
3937,FBgn0030066,2,0
3937,FBgn0038361,2,0
3938,FBgn0036727,1,1
3939,FBgn0028939,1,1
3940,FBgn0035550,1,1
3941,FBgn0003382,1,1
3943,FBgn0050349,1,1
3944,FBgn0024232,1,1
3945,FBgn0039529,1,1
3946,FBgn0029783,1,1
3947,FBgn0036759,1,1
3948,FBgn0028479,1,1
3949,FBgn0035619,1,1
3950,FBgn0025352,1,1
3951,FBgn0040814,1,1
3952,FBgn0035931,1,1
3953,FBgn0032677,1,1
3954,FBgn0034030,1,1
3955,FBgn0024365,1,1
3956,FBgn0015591,1,1
3957,FBgn0039115,1,1
3958,FBgn0037057,1,1
3959,FBgn0036503,1,1
3960,FBgn0025519,1,1
3961,FBgn0000497,3,0
3961,FBgn0001075,3,0
3961,FBgn0036930,3,0
3962,FBgn0037342,1,1
3963,FBgn0002577,1,1
3964,FBgn0034061,1,1
3965,FBgn0031495,1,1
3966,FBgn0037327,1,1
3967,FBgn0000486,1,1
3968,FBgn0031006,1,1
3969,FBgn0050120,1,1
3970,FBgn0013997,1,1
3972,FBgn0037168,1,1
3973,FBgn0032924,1,1
3974,FBgn0033277,1,1
3975,FBgn0004390,1,1
3976,FBgn0053958,1,1
3977,FBgn0032100,1,1
3978,FBgn0036318,1,1
3979,FBgn0034668,2,0
3979,FBgn0034669,2,0
3980,FBgn0034517,1,1
3981,FBgn0032563,2,0
3981,FBgn0036830,2,0
3983,FBgn0035736,1,1
3984,FBgn0030063,1,1
3986,FBgn0035102,1,1
3987,FBgn0041623,3,0
3987,FBgn0041624,3,0
3987,FBgn0041625,3,0
3988,FBgn0027865,1,1
3990,FBgn0082598,1,1
3991,FBgn0035956,1,1
3992,FBgn0037379,1,1
3993,FBgn0039017,1,1
3994,FBgn0028920,1,1
3995,FBgn0039857,1,1
3996,FBgn0036327,2,0
3996,FBgn0036328,2,0
3997,FBgn0034350,1,1
3998,FBgn0035754,1,1
3999,FBgn0053143,1,1
4001,FBgn0028500,1,1
4002,FBgn0035043,1,1
4003,FBgn0039435,1,1
4004,FBgn0032422,1,1
4006,FBgn0002838,2,0
4006,FBgn0036815,2,0
4007,FBgn0023083,1,1
4009,FBgn0036670,5,0
4009,FBgn0039367,5,0
4009,FBgn0039368,5,0
4009,FBgn0039369,5,0
4009,FBgn0039370,5,0
4010,FBgn0004179,1,1
4011,FBgn0032072,1,1
4012,FBgn0031456,1,1
4013,FBgn0050050,1,1
4014,FBgn0040494,1,1
4015,FBgn0022153,1,1
4016,FBgn0031040,1,1
4017,FBgn0051109,1,1
4018,FBgn0037936,1,1
4019,FBgn0037550,1,1
4020,FBgn0037603,1,1
4021,FBgn0032035,1,1
4022,FBgn0036618,1,1
4023,FBgn0029830,1,1
4024,FBgn0051321,1,1
4025,FBgn0039809,1,1
4026,FBgn0031384,1,1
4027,FBgn0052707,1,1
4028,FBgn0034710,3,0
4028,FBgn0034711,3,0
4028,FBgn0034712,3,0
4029,FBgn0011744,1,1
4031,FBgn0037626,1,1
4032,FBgn0003892,1,1
4033,FBgn0031217,1,1
4034,FBgn0026150,1,1
4035,FBgn0027658,1,1
4036,FBgn0039064,1,1
4037,FBgn0030114,1,1
4038,FBgn0000289,1,1
4039,FBgn0030327,1,1
4040,FBgn0051111,1,1
4041,FBgn0030842,1,1
4042,FBgn0025640,1,1
4043,FBgn0036488,1,1
4044,FBgn0040735,1,1
4045,FBgn0036000,1,1
4047,FBgn0034697,1,1
4048,FBgn0040279,1,1
4050,FBgn0039009,1,1
4051,FBgn0039696,1,1
4052,FBgn0031227,1,1
4053,FBgn0037592,1,1
4054,FBgn0050000,2,0
4054,FBgn0050005,2,0
4055,FBgn0037856,1,1
4057,FBgn0002521,1,1
4058,FBgn0002638,1,1
4059,FBgn0026417,1,1
4060,FBgn0040295,1,1
4061,FBgn0037973,2,0
4061,FBgn0037975,2,0
4062,FBgn0004903,1,1
4063,FBgn0039505,1,1
4064,FBgn0010612,1,1
4065,FBgn0002592,1,1
4066,FBgn0036608,1,1
4067,FBgn0028523,1,1
4068,FBgn0050078,2,0
4068,FBgn0050079,2,0
4069,FBgn0030322,1,1
4070,FBgn0035308,1,1
4071,FBgn0031965,1,1
4072,FBgn0032553,1,1
4073,FBgn0038360,1,1
4074,FBgn0036522,1,1
4076,FBgn0035577,1,1
4077,FBgn0036324,2,0
4077,FBgn0052115,2,0
4078,FBgn0038579,1,1
4079,FBgn0028370,1,1
4080,FBgn0014019,1,1
4081,FBgn0016132,1,1
4082,FBgn0020018,1,1
4083,FBgn0053981,1,1
4085,FBgn0030962,1,1
4086,FBgn0037842,1,1
4087,FBgn0030967,1,1
4088,FBgn0054026,1,1
4089,FBgn0038760,1,1
4090,FBgn0030551,1,1
4091,FBgn0034724,1,1
4092,FBgn0037728,1,1
4094,FBgn0001179,1,1
4096,FBgn0020388,1,1
4098,FBgn0051187,1,1
4099,FBgn0029676,2,0
4099,FBgn0052789,2,0
4100,FBgn0050188,1,1
4101,FBgn0039570,1,1
4102,FBgn0033090,1,1
4103,FBgn0005771,1,1
4104,FBgn0004852,1,1
4105,FBgn0034788,1,1
4106,FBgn0034513,1,1
4107,FBgn0008654,1,1
4109,FBgn0004875,1,1
4110,FBgn0017448,2,0
4110,FBgn0039872,2,0
4111,FBgn0021768,1,1
4112,FBgn0045469,1,1
4113,FBgn0030004,1,1
4114,FBgn0051368,1,1
4115,FBgn0039728,1,1
4116,FBgn0029909,1,1
4117,FBgn0038584,1,1
4118,FBgn0034253,1,1
4119,FBgn0030011,1,1
4120,FBgn0051878,1,1
4121,FBgn0033761,1,1
4124,FBgn0039045,2,0
4124,FBgn0053193,2,0
4125,FBgn0025115,3,0
4125,FBgn0038363,3,0
4125,FBgn0040524,3,0
4126,FBgn0033248,1,1
4127,FBgn0037283,2,0
4127,FBgn0037284,2,0
4128,FBgn0010424,1,1
4129,FBgn0031732,1,1
4130,FBgn0032813,1,1
4131,FBgn0037130,1,1
4133,FBgn0025725,1,1
4134,FBgn0034598,2,0
4134,FBgn0050389,2,0
4135,FBgn0026597,1,1
4136,FBgn0038583,1,1
4137,FBgn0036351,2,0
4137,FBgn0036353,2,0
4139,FBgn0023213,1,1
4140,FBgn0039461,1,1
4141,FBgn0030359,1,1
4142,FBgn0035688,1,1
4143,FBgn0004240,1,1
4144,FBgn0051659,1,1
4145,FBgn0034751,1,1
4146,FBgn0034839,1,1
4147,FBgn0034648,1,1
4148,FBgn0032495,1,1
4149,FBgn0034430,1,1
4150,FBgn0033737,1,1
4151,FBgn0036059,3,0
4151,FBgn0036060,3,0
4151,FBgn0036061,3,0
4152,FBgn0027842,1,1
4153,FBgn0035948,1,1
4154,FBgn0010407,1,1
4155,FBgn0000283,1,1
4156,FBgn0032884,1,1
4157,FBgn0004888,1,1
4159,FBgn0034647,1,1
4161,FBgn0036290,1,1
4162,FBgn0031685,2,0
4162,FBgn0053715,2,0
4163,FBgn0001222,1,1
4164,FBgn0033210,1,1
4165,FBgn0038078,1,1
4166,FBgn0033633,1,1
4167,FBgn0031492,1,1
4168,FBgn0036660,1,1
4169,FBgn0036016,1,1
4170,FBgn0039580,1,1
4171,FBgn0032233,1,1
4173,FBgn0010391,2,0
4173,FBgn0030266,2,0
4174,FBgn0033140,1,1
4175,FBgn0037086,1,1
4176,FBgn0036443,1,1
4178,FBgn0025623,2,0
4178,FBgn0040345,2,0
4179,FBgn0015296,1,1
4181,FBgn0037580,1,1
4182,FBgn0025390,1,1
4183,FBgn0033491,1,1
4184,FBgn0031157,1,1
4185,FBgn0039060,1,1
4186,FBgn0031126,1,1
4187,FBgn0035070,2,0
4187,FBgn0052271,2,0
4188,FBgn0034183,1,1
4189,FBgn0025638,1,1
4190,FBgn0034687,1,1
4191,FBgn0010638,1,1
4192,FBgn0039779,1,1
4193,FBgn0052554,1,1
4195,FBgn0051481,1,1
4196,FBgn0011232,1,1
4197,FBgn0002526,1,1
4198,FBgn0038836,1,1
4199,FBgn0033109,1,1
4200,FBgn0023550,1,1
4201,FBgn0033842,1,1
4202,FBgn0037256,1,1
4203,FBgn0028570,1,1
4205,FBgn0031080,1,1
4206,FBgn0014391,2,0
4206,FBgn0051477,2,0
4207,FBgn0051189,1,1
4210,FBgn0026181,1,1
4211,FBgn0030889,1,1
4212,FBgn0034921,1,1
4213,FBgn0052521,1,1
4214,FBgn0033166,1,1
4215,FBgn0040968,1,1
4216,FBgn0003978,1,1
4217,FBgn0038180,1,1
4218,FBgn0031092,1,1
4219,FBgn0011666,2,0
4219,FBgn0052169,2,0
4220,FBgn0034961,1,1
4221,FBgn0031836,1,1
4222,FBgn0033085,1,1
4223,FBgn0028421,1,1
4224,FBgn0015351,1,1
4225,FBgn0026402,1,1
4226,FBgn0036354,1,1
4227,FBgn0038632,1,1
4228,FBgn0026873,1,1
4229,FBgn0032699,1,1
4230,FBgn0051079,1,1
4231,FBgn0032050,2,0
4231,FBgn0032051,2,0
4232,FBgn0051697,1,1
4233,FBgn0053545,1,1
4234,FBgn0035047,1,1
4235,FBgn0035132,1,1
4236,FBgn0000119,5,0
4236,FBgn0030130,5,0
4236,FBgn0030706,5,0
4236,FBgn0039451,5,0
4236,FBgn0053087,5,0
4237,FBgn0034377,1,1
4238,FBgn0004210,1,1
4239,FBgn0037703,1,1
4241,FBgn0036698,1,1
4243,FBgn0030460,1,1
4244,FBgn0038929,1,1
4245,FBgn0032821,1,1
4246,FBgn0026323,1,1
4247,FBgn0031657,1,1
4248,FBgn0028534,1,1
4249,FBgn0051418,2,0
4249,FBgn0051419,2,0
4250,FBgn0003227,1,1
4251,FBgn0003301,1,1
4252,FBgn0020626,1,1
4253,FBgn0038741,1,1
4254,FBgn0037519,1,1
4255,FBgn0033951,1,1
4256,FBgn0015075,1,1
4257,FBgn0032482,1,1
4258,FBgn0035876,1,1
4259,FBgn0027914,1,1
4260,FBgn0039425,1,1
4261,FBgn0039402,1,1
4263,FBgn0000964,1,1
4264,FBgn0020513,1,1
4265,FBgn0050499,1,1
4266,FBgn0050394,1,1
4267,FBgn0032479,1,1
4268,FBgn0001235,1,1
4270,FBgn0031403,1,1
4271,FBgn0015011,2,0
4271,FBgn0035371,2,0
4272,FBgn0035410,1,1
4274,FBgn0037668,1,1
4275,FBgn0030305,1,1
4276,FBgn0052512,1,1
4277,FBgn0002985,1,1
4279,FBgn0035128,1,1
4280,FBgn0031225,1,1
4281,FBgn0029937,1,1
4282,FBgn0029689,2,0
4282,FBgn0037759,2,0
4283,FBgn0036928,1,1
4284,FBgn0033507,1,1
4285,FBgn0033604,1,1
4286,FBgn0024250,1,1
4287,FBgn0030686,1,1
4288,FBgn0003459,1,1
4289,FBgn0037472,1,1
4290,FBgn0031580,1,1
4291,FBgn0034263,1,1
4292,FBgn0028789,1,1
4293,FBgn0039887,1,1
4294,FBgn0052133,1,1
4295,FBgn0028662,1,1
4296,FBgn0028529,1,1
4297,FBgn0036499,1,1
4298,FBgn0033544,1,1
4299,FBgn0029714,1,1
4300,FBgn0032760,1,1
4301,FBgn0032361,1,1
4302,FBgn0051760,2,0
4302,FBgn0051860,2,0
4303,FBgn0027930,1,1
4305,FBgn0033265,1,1
4306,FBgn0034138,1,1
4307,FBgn0034636,1,1
4308,FBgn0054046,1,1
4309,FBgn0040250,1,1
4310,FBgn0036300,1,1
4311,FBgn0034645,1,1
4312,FBgn0039741,1,1
4313,FBgn0038659,1,1
4314,FBgn0001987,1,1
4315,FBgn0036715,1,1
4316,FBgn0015754,1,1
4317,FBgn0031260,1,1
4318,FBgn0037234,1,1
4319,FBgn0037655,1,1
4320,FBgn0037332,1,1
4321,FBgn0050491,1,1
4322,FBgn0051785,1,1
4323,FBgn0035131,1,1
4324,FBgn0032513,1,1
4325,FBgn0034608,2,0
4325,FBgn0034609,2,0
4326,FBgn0035111,1,1
4327,FBgn0032478,1,1
4328,FBgn0037998,1,1
4329,FBgn0003717,1,1
4330,FBgn0031318,2,0
4330,FBgn0031319,2,0
4331,FBgn0004391,1,1
4332,FBgn0053506,1,1
4333,FBgn0033342,1,1
4334,FBgn0029962,1,1
4335,FBgn0010019,2,0
4335,FBgn0030304,2,0
4336,FBgn0037396,1,1
4337,FBgn0026875,1,1
4338,FBgn0003134,2,0
4338,FBgn0004103,2,0
4339,FBgn0032706,1,1
4340,FBgn0036029,1,1
4341,FBgn0000382,1,1
4342,FBgn0033922,2,0
4342,FBgn0033923,2,0
4343,FBgn0034908,1,1
4344,FBgn0030480,1,1
4345,FBgn0037647,1,1
4346,FBgn0004456,1,1
4347,FBgn0032923,1,1
4348,FBgn0039291,1,1
4349,FBgn0011285,1,1
4350,FBgn0032314,1,1
4351,FBgn0033316,1,1
4352,FBgn0028952,1,1
4353,FBgn0034313,1,1
4355,FBgn0037838,1,1
4356,FBgn0039795,1,1
4357,FBgn0051279,1,1
4358,FBgn0039454,1,1
4359,FBgn0011701,1,1
4360,FBgn0051296,1,1
4361,FBgn0024277,1,1
4362,FBgn0011761,1,1
4363,FBgn0033129,1,1
4365,FBgn0036734,1,1
4366,FBgn0020762,2,0
4366,FBgn0025683,2,0
4367,FBgn0001978,1,1
4368,FBgn0033860,6,0
4368,FBgn0033868,6,0
4368,FBgn0034132,6,0
4368,FBgn0034134,6,0
4368,FBgn0045770,6,0
4368,FBgn0052064,6,0
4369,FBgn0034935,1,1
4370,FBgn0035808,1,1
4372,FBgn0022770,1,1
4373,FBgn0031556,2,0
4373,FBgn0031557,2,0
4375,FBgn0036892,1,1
4376,FBgn0033867,1,1
4377,FBgn0040222,1,1
4378,FBgn0034007,1,1
4379,FBgn0029866,1,1
4380,FBgn0034936,2,0
4380,FBgn0034937,2,0
4381,FBgn0041156,1,1
4382,FBgn0030156,1,1
4383,FBgn0040363,2,0
4383,FBgn0040397,2,0
4384,FBgn0039357,1,1
4385,FBgn0037817,1,1
4388,FBgn0038130,1,1
4389,FBgn0024234,1,1
4390,FBgn0053178,1,1
4391,FBgn0063485,1,1
4392,FBgn0040028,3,0
4392,FBgn0052819,3,0
4392,FBgn0052820,3,0
4393,FBgn0034534,1,1
4394,FBgn0000527,1,1
4395,FBgn0035648,1,1
4396,FBgn0015247,1,1
4398,FBgn0037469,1,1
4399,FBgn0010328,1,1
4400,FBgn0051057,1,1
4401,FBgn0001297,1,1
4402,FBgn0038803,1,1
4403,FBgn0034246,1,1
4404,FBgn0062449,1,1
4405,FBgn0028941,1,1
4406,FBgn0051653,1,1
4408,FBgn0016920,1,1
4409,FBgn0003495,1,1
4410,FBgn0003178,3,0
4410,FBgn0031462,3,0
4410,FBgn0038952,3,0
4411,FBgn0017551,1,1
4412,FBgn0004873,1,1
4413,FBgn0028552,1,1
4414,FBgn0030034,1,1
4415,FBgn0050403,1,1
4416,FBgn0033699,1,1
4417,FBgn0002936,1,1
4418,FBgn0051209,2,0
4418,FBgn0051499,2,0
4419,FBgn0053278,1,1
4420,FBgn0032231,1,1
4421,FBgn0039071,1,1
4422,FBgn0039969,1,1
4423,FBgn0034897,1,1
4424,FBgn0000928,1,1
4425,FBgn0051751,1,1
4426,FBgn0034753,1,1
4427,FBgn0028833,1,1
4430,FBgn0053988,1,1
4431,FBgn0046875,1,1
4433,FBgn0051763,1,1
4435,FBgn0032211,1,1
4436,FBgn0034497,1,1
4437,FBgn0031951,1,1
4438,FBgn0051529,1,1
4439,FBgn0037977,1,1
4440,FBgn0035133,1,1
4441,FBgn0003655,1,1
4442,FBgn0027515,1,1
4443,FBgn0038014,1,1
4444,FBgn0033460,1,1
4445,FBgn0039551,1,1
4446,FBgn0001992,1,1
4447,FBgn0031117,1,1
4448,FBgn0035495,1,1
4449,FBgn0052442,1,1
4450,FBgn0037174,1,1
4451,FBgn0043044,1,1
4453,FBgn0052050,2,0
4453,FBgn0053205,2,0
4454,FBgn0030536,1,1
4455,FBgn0037569,1,1
4456,FBgn0012036,1,1
4457,FBgn0051268,1,1
4458,FBgn0034564,1,1
4459,FBgn0035890,1,1
4460,FBgn0052313,1,1
4461,FBgn0032184,1,1
4462,FBgn0053213,2,0
4462,FBgn0053221,2,0
4463,FBgn0005198,1,1
4464,FBgn0030081,1,1
4466,FBgn0033687,1,1
4467,FBgn0030000,1,1
4468,FBgn0045827,1,1
4471,FBgn0051536,1,1
4472,FBgn0032818,1,1
4473,FBgn0014037,2,0
4473,FBgn0020887,2,0
4474,FBgn0000137,1,1
4475,FBgn0037019,1,1
4477,FBgn0040319,1,1
4478,FBgn0036842,1,1
4479,FBgn0039002,1,1
4480,FBgn0011661,1,1
4481,FBgn0025680,1,1
4482,FBgn0003217,1,1
4483,FBgn0015781,1,1
4484,FBgn0032668,1,1
4485,FBgn0053530,1,1
4486,FBgn0038030,1,1
4488,FBgn0032405,1,1
4489,FBgn0027348,1,1
4490,FBgn0034086,1,1
4493,FBgn0037025,1,1
4494,FBgn0040394,1,1
4495,FBgn0034321,5,0
4495,FBgn0034322,5,0
4495,FBgn0034323,5,0
4495,FBgn0034324,5,0
4495,FBgn0034325,5,0
4497,FBgn0000617,1,1
4498,FBgn0013323,1,1
4499,FBgn0028979,1,1
4500,FBgn0052693,1,1
4501,FBgn0031442,1,1
4502,FBgn0052461,1,1
4503,FBgn0036553,1,1
4504,FBgn0033308,1,1
4505,FBgn0031562,1,1
4506,FBgn0030163,2,0
4506,FBgn0030164,2,0
4507,FBgn0031942,1,1
4508,FBgn0034996,2,0
4508,FBgn0050418,2,0
4509,FBgn0020372,1,1
4510,FBgn0034502,1,1
4511,FBgn0029970,1,1
4512,FBgn0035122,1,1
4513,FBgn0033083,1,1
4514,FBgn0014879,1,1
4515,FBgn0034301,1,1
4516,FBgn0002525,1,1
4517,FBgn0037526,1,1
4518,FBgn0035753,1,1
4519,FBgn0032824,1,1
4520,FBgn0036493,1,1
4521,FBgn0039165,1,1
4522,FBgn0041145,1,1
4523,FBgn0030323,1,1
4524,FBgn0050178,1,1
4525,FBgn0037288,1,1
4526,FBgn0031600,1,1
4527,FBgn0035761,1,1
4528,FBgn0033808,1,1
4529,FBgn0035829,1,1
4530,FBgn0038201,1,1
4531,FBgn0051824,1,1
4532,FBgn0031418,1,1
4533,FBgn0030733,2,0
4533,FBgn0039576,2,0
4534,FBgn0024236,1,1
4535,FBgn0038621,1,1
4538,FBgn0038606,1,1
4539,FBgn0031180,1,1
4540,FBgn0034573,1,1
4541,FBgn0000150,1,1
4542,FBgn0003415,1,1
4543,FBgn0030016,1,1
4544,FBgn0037090,1,1
4545,FBgn0034617,1,1
4546,FBgn0013591,2,0
4546,FBgn0023395,2,0
4547,FBgn0050157,1,1
4548,FBgn0035482,1,1
4549,FBgn0030584,1,1
4551,FBgn0033538,1,1
4552,FBgn0052676,1,1
4553,FBgn0033202,2,0
4553,FBgn0046888,2,0
4554,FBgn0036179,1,1
4555,FBgn0020439,1,1
4556,FBgn0052638,1,1
4557,FBgn0030069,1,1
4558,FBgn0032088,1,1
4559,FBgn0054048,1,1
4560,FBgn0039227,1,1
4561,FBgn0004394,1,1
4562,FBgn0038234,1,1
4563,FBgn0038874,1,1
4564,FBgn0034869,1,1
4565,FBgn0040466,1,1
4566,FBgn0005410,2,0
4566,FBgn0029992,2,0
4568,FBgn0002643,1,1
4569,FBgn0039760,1,1
4570,FBgn0035084,1,1
4571,FBgn0036811,1,1
4572,FBgn0033679,1,1
4573,FBgn0053288,1,1
4574,FBgn0040208,1,1
4575,FBgn0024191,1,1
4576,FBgn0052061,1,1
4577,FBgn0050174,1,1
4578,FBgn0016724,1,1
4579,FBgn0034717,1,1
4581,FBgn0000233,2,0
4581,FBgn0020378,2,0
4582,FBgn0031430,1,1
4583,FBgn0035675,1,1
4584,FBgn0052066,1,1
4585,FBgn0038683,1,1
4586,FBgn0027584,1,1
4587,FBgn0003567,1,1
4588,FBgn0002565,1,1
4589,FBgn0036882,1,1
4590,FBgn0020272,1,1
4592,FBgn0038610,1,1
4593,FBgn0029795,1,1
4594,FBgn0032860,1,1
4595,FBgn0030608,1,1
4598,FBgn0029727,1,1
4599,FBgn0032857,1,1
4600,FBgn0032599,1,1
4601,FBgn0004607,1,1
4602,FBgn0000490,1,1
4603,FBgn0031450,2,0
4603,FBgn0031452,2,0
4604,FBgn0000577,1,1
4605,FBgn0011818,1,1
4606,FBgn0039014,1,1
4607,FBgn0000409,1,1
4610,FBgn0033856,1,1
4611,FBgn0033932,1,1
4613,FBgn0031764,1,1
4614,FBgn0038736,1,1
4615,FBgn0037416,1,1
4616,FBgn0001309,1,1
4617,FBgn0001114,1,1
4618,FBgn0005777,1,1
4619,FBgn0034406,1,1
4620,FBgn0053307,1,1
4621,FBgn0026400,1,1
4622,FBgn0031066,1,1
4624,FBgn0061356,1,1
4626,FBgn0023479,2,0
4626,FBgn0035960,2,0
4627,FBgn0031279,1,1
4628,FBgn0030092,1,1
4629,FBgn0031871,1,1
4630,FBgn0039704,3,0
4630,FBgn0039851,3,0
4630,FBgn0039852,3,0
4631,FBgn0036343,1,1
4633,FBgn0034985,1,1
4634,FBgn0010452,2,0
4634,FBgn0023095,2,0
4635,FBgn0015390,1,1
4636,FBgn0019932,1,1
4638,FBgn0031920,1,1
4639,FBgn0036478,1,1
4640,FBgn0036932,1,1
4641,FBgn0039005,2,0
4641,FBgn0039633,2,0
4642,FBgn0032749,1,1
4643,FBgn0037465,1,1
4644,FBgn0030104,1,1
4645,FBgn0004797,1,1
4646,FBgn0033127,1,1
4647,FBgn0000447,1,1
4648,FBgn0001404,1,1
4649,FBgn0052277,2,0
4649,FBgn0053159,2,0
4650,FBgn0040536,1,1
4651,FBgn0036518,1,1
4652,FBgn0044452,1,1
4653,FBgn0037567,1,1
4654,FBgn0035002,1,1
4655,FBgn0039832,1,1
4656,FBgn0039321,1,1
4657,FBgn0030192,2,0
4657,FBgn0030193,2,0
4658,FBgn0033607,1,1
4659,FBgn0037406,1,1
4660,FBgn0000308,1,1
4661,FBgn0030251,1,1
4662,FBgn0045063,1,1
4663,FBgn0033764,1,1
4664,FBgn0052354,1,1
4665,FBgn0040967,1,1
4666,FBgn0033054,1,1
4667,FBgn0031464,1,1
4668,FBgn0013955,2,0
4668,FBgn0053007,2,0
4669,FBgn0030087,2,0
4669,FBgn0031100,2,0
4670,FBgn0029963,1,1
4671,FBgn0034821,1,1
4672,FBgn0033061,1,1
4673,FBgn0051437,1,1
4674,FBgn0011822,1,1
4676,FBgn0032920,1,1
4677,FBgn0039930,1,1
4678,FBgn0024923,1,1
4679,FBgn0038156,1,1
4680,FBgn0038320,1,1
4681,FBgn0033835,2,0
4681,FBgn0053470,2,0
4682,FBgn0038960,1,1
4683,FBgn0037612,1,1
4684,FBgn0037570,1,1
4685,FBgn0050490,1,1
4686,FBgn0032925,1,1
4687,FBgn0051867,1,1
4688,FBgn0031678,1,1
4689,FBgn0043841,1,1
4690,FBgn0014189,1,1
4691,FBgn0026428,1,1
4692,FBgn0039753,1,1
4693,FBgn0030438,1,1
4694,FBgn0046214,1,1
4695,FBgn0015617,1,1
4696,FBgn0011274,1,1
4697,FBgn0052082,1,1
4698,FBgn0000036,1,1
4699,FBgn0053528,1,1
4700,FBgn0033582,1,1
4701,FBgn0011289,1,1
4702,FBgn0037084,1,1
4703,FBgn0034231,1,1
4704,FBgn0051195,1,1
4705,FBgn0030098,1,1
4706,FBgn0034824,1,1
4707,FBgn0037686,2,0
4707,FBgn0039406,2,0
4708,FBgn0039164,1,1
4709,FBgn0000542,3,0
4709,FBgn0015565,3,0
4709,FBgn0028491,3,0
4710,FBgn0052006,1,1
4711,FBgn0033417,1,1
4712,FBgn0030864,1,1
4713,FBgn0024698,1,1
4714,FBgn0030538,5,0
4714,FBgn0030563,5,0
4714,FBgn0030566,5,0
4714,FBgn0052598,5,0
4714,FBgn0052601,5,0
4715,FBgn0034527,1,1
4716,FBgn0031397,1,1
4717,FBgn0053340,1,1
4718,FBgn0038548,4,0
4718,FBgn0038549,4,0
4718,FBgn0038550,4,0
4718,FBgn0038551,4,0
4719,FBgn0035752,1,1
4720,FBgn0052016,1,1
4721,FBgn0050446,1,1
4722,FBgn0039126,1,1
4723,FBgn0033330,1,1
4724,FBgn0031534,1,1
4725,FBgn0031741,1,1
4726,FBgn0028953,1,1
4727,FBgn0030178,1,1
4728,FBgn0035481,1,1
4729,FBgn0004514,1,1
4730,FBgn0033629,1,1
4731,FBgn0053233,1,1
4732,FBgn0026145,1,1
4733,FBgn0039066,1,1
4734,FBgn0025458,1,1
4735,FBgn0029710,1,1
4736,FBgn0014411,2,0
4736,FBgn0023514,2,0
4737,FBgn0030768,1,1
4738,FBgn0030612,1,1
4739,FBgn0001224,1,1
4740,FBgn0030078,1,1
4741,FBgn0037583,1,1
4742,FBgn0031479,1,1
4744,FBgn0023549,1,1
4745,FBgn0053110,1,1
4746,FBgn0037295,1,1
4747,FBgn0031395,1,1
4748,FBgn0036405,1,1
4749,FBgn0033194,1,1
4750,FBgn0041188,1,1
4751,FBgn0036735,1,1
4752,FBgn0034886,1,1
4753,FBgn0037824,1,1
4754,FBgn0038102,1,1
4755,FBgn0031660,1,1
4756,FBgn0038407,1,1
4757,FBgn0040602,1,1
4758,FBgn0031878,1,1
4759,FBgn0042179,1,1
4760,FBgn0011606,1,1
4761,FBgn0033486,1,1
4762,FBgn0037679,1,1
4763,FBgn0067895,1,1
4764,FBgn0037141,1,1
4765,FBgn0038471,1,1
4766,FBgn0033600,1,1
4767,FBgn0035455,1,1
4768,FBgn0031563,1,1
4769,FBgn0033402,1,1
4770,FBgn0053289,1,1
4771,FBgn0033723,1,1
4773,FBgn0030930,1,1
4774,FBgn0038950,1,1
4775,FBgn0050033,1,1
4776,FBgn0004620,3,0
4776,FBgn0020429,3,0
4776,FBgn0046113,3,0
4777,FBgn0016977,1,1
4778,FBgn0037317,1,1
4779,FBgn0036616,1,1
4780,FBgn0000560,1,1
4781,FBgn0043364,1,1
4782,FBgn0051721,1,1
4783,FBgn0035462,1,1
4784,FBgn0030378,1,1
4786,FBgn0035756,1,1
4787,FBgn0051522,1,1
4788,FBgn0037891,1,1
4789,FBgn0003676,1,1
4790,FBgn0004053,1,1
4791,FBgn0035947,1,1
4792,FBgn0044871,1,1
4793,FBgn0036997,1,1
4794,FBgn0011305,1,1
4795,FBgn0001112,1,1
4796,FBgn0036790,1,1
4797,FBgn0037786,1,1
4798,FBgn0038134,1,1
4799,FBgn0032886,1,1
4800,FBgn0032047,2,0
4800,FBgn0051633,2,0
4801,FBgn0044011,1,1
4802,FBgn0038722,1,1
4803,FBgn0032783,1,1
4805,FBgn0032587,1,1
4806,FBgn0039598,1,1
4808,FBgn0033337,1,1
4809,FBgn0041242,1,1
4810,FBgn0031365,1,1
4811,FBgn0036054,2,0
4811,FBgn0036055,2,0
4812,FBgn0010551,1,1
4813,FBgn0044046,1,1
4814,FBgn0038725,1,1
4815,FBgn0003900,1,1
4816,FBgn0037624,1,1
4817,FBgn0038197,1,1
4818,FBgn0035620,1,1
4819,FBgn0035366,1,1
4820,FBgn0010317,1,1
4821,FBgn0025109,1,1
4823,FBgn0037772,1,1
4824,FBgn0032502,1,1
4826,FBgn0000408,1,1
4827,FBgn0050259,1,1
4829,FBgn0020653,2,0
4829,FBgn0037170,2,0
4830,FBgn0038153,1,1
4831,FBgn0032891,1,1
4832,FBgn0015838,1,1
4833,FBgn0036386,1,1
4834,FBgn0041582,1,1
4835,FBgn0037590,2,0
4835,FBgn0037591,2,0
4836,FBgn0013949,1,1
4837,FBgn0027378,1,1
4838,FBgn0051675,1,1
4839,FBgn0034194,1,1
4840,FBgn0003250,1,1
4841,FBgn0043025,1,1
4842,FBgn0050327,1,1
4843,FBgn0044826,1,1
4844,FBgn0031844,1,1
4845,FBgn0033857,1,1
4846,FBgn0028997,1,1
4847,FBgn0022246,1,1
4848,FBgn0036613,1,1
4850,FBgn0052391,1,1
4851,FBgn0001169,1,1
4853,FBgn0037245,1,1
4854,FBgn0030882,2,0
4854,FBgn0052495,2,0
4856,FBgn0038228,1,1
4857,FBgn0037872,1,1
4858,FBgn0035971,1,1
4859,FBgn0041629,1,1
4860,FBgn0040599,1,1
4861,FBgn0037488,1,1
4862,FBgn0036277,1,1
4863,FBgn0051998,1,1
4865,FBgn0035696,1,1
4866,FBgn0028495,1,1
4868,FBgn0036574,1,1
4869,FBgn0017549,1,1
4870,FBgn0034576,1,1
4871,FBgn0036685,1,1
4872,FBgn0039897,1,1
4873,FBgn0035574,1,1
4874,FBgn0003204,1,1
4875,FBgn0038641,1,1
4876,FBgn0034091,1,1
4877,FBgn0036709,1,1
4878,FBgn0029933,1,1
4879,FBgn0036829,1,1
4880,FBgn0032225,1,1
4881,FBgn0031282,1,1
4882,FBgn0031061,1,1
4883,FBgn0031190,1,1
4884,FBgn0032748,1,1
4886,FBgn0040877,1,1
4887,FBgn0025803,1,1
4889,FBgn0037059,1,1
4891,FBgn0016701,1,1
4892,FBgn0032586,1,1
4893,FBgn0032428,1,1
4894,FBgn0024891,1,1
4895,FBgn0015546,1,1
4896,FBgn0037228,1,1
4897,FBgn0026427,1,1
4898,FBgn0040780,1,1
4899,FBgn0036937,1,1
4900,FBgn0027550,1,1
4901,FBgn0040834,1,1
4902,FBgn0036246,1,1
4903,FBgn0019948,1,1
4904,FBgn0039006,1,1
4905,FBgn0031335,2,0
4905,FBgn0051924,2,0
4906,FBgn0029810,1,1
4907,FBgn0029157,1,1
4908,FBgn0037462,1,1
4909,FBgn0030927,1,1
4910,FBgn0037191,1,1
4911,FBgn0064117,1,1
4912,FBgn0014006,1,1
4913,FBgn0052463,1,1
4914,FBgn0031873,1,1
4915,FBgn0030968,1,1
4916,FBgn0040885,1,1
4917,FBgn0033954,1,1
4918,FBgn0039812,1,1
4919,FBgn0031522,1,1
4920,FBgn0052537,1,1
4923,FBgn0020367,3,0
4923,FBgn0020368,3,0
4923,FBgn0032464,3,0
4924,FBgn0051029,1,1
4926,FBgn0005278,1,1
4927,FBgn0030364,1,1
4930,FBgn0050219,1,1
4931,FBgn0037970,1,1
4932,FBgn0003159,1,1
4933,FBgn0013755,1,1
4934,FBgn0051218,2,0
4934,FBgn0053098,2,0
4935,FBgn0050154,1,1
4936,FBgn0032183,3,0
4936,FBgn0032185,3,0
4936,FBgn0040966,3,0
4937,FBgn0033238,2,0
4937,FBgn0051960,2,0
4939,FBgn0041240,1,1
4940,FBgn0026056,1,1
4941,FBgn0033924,1,1
4942,FBgn0023489,1,1
4943,FBgn0011270,2,0
4943,FBgn0014869,2,0
4944,FBgn0037418,1,1
4945,FBgn0031762,1,1
4946,FBgn0024319,1,1
4947,FBgn0013750,1,1
4950,FBgn0035610,1,1
4951,FBgn0040940,1,1
4952,FBgn0036886,1,1
4953,FBgn0003377,2,0
4953,FBgn0003378,2,0
4954,FBgn0033350,1,1
4955,FBgn0013272,1,1
4956,FBgn0034750,1,1
4957,FBgn0028515,1,1
4958,FBgn0051016,2,0
4958,FBgn0051017,2,0
4959,FBgn0027579,1,1
4960,FBgn0038343,1,1
4961,FBgn0031484,1,1
4962,FBgn0053082,1,1
4964,FBgn0030491,1,1
4965,FBgn0028434,1,1
4967,FBgn0003360,1,1
4968,FBgn0031026,1,1
4969,FBgn0053557,1,1
4970,FBgn0034689,1,1
4971,FBgn0039044,1,1
4973,FBgn0050060,1,1
4974,FBgn0033465,1,1
4975,FBgn0015524,1,1
4976,FBgn0034243,1,1
4977,FBgn0039226,1,1
4978,FBgn0036442,1,1
4979,FBgn0030986,2,0
4979,FBgn0030987,2,0
4980,FBgn0030462,1,1
4981,FBgn0051688,1,1
4982,FBgn0040519,1,1
4983,FBgn0017453,1,1
4984,FBgn0013969,1,1
4985,FBgn0031162,2,0
4985,FBgn0052516,2,0
4986,FBgn0010786,1,1
4987,FBgn0003866,1,1
4988,FBgn0010602,1,1
4989,FBgn0034009,1,1
4990,FBgn0040370,1,1
4991,FBgn0036122,1,1
4992,FBgn0033958,1,1
4993,FBgn0033566,1,1
4994,FBgn0038865,1,1
4996,FBgn0045038,1,1
4999,FBgn0040260,1,1
5000,FBgn0027091,1,1
5001,FBgn0038238,1,1
5002,FBgn0054056,2,0
5002,FBgn0054057,2,0
5004,FBgn0033601,1,1
5005,FBgn0037031,1,1
5006,FBgn0036958,1,1
5007,FBgn0052452,1,1
5008,FBgn0037456,1,1
5010,FBgn0030131,1,1
5012,FBgn0003065,2,0
5012,FBgn0037579,2,0
5013,FBgn0026754,2,0
5013,FBgn0040262,2,0
5014,FBgn0052040,1,1
5015,FBgn0039085,4,0
5015,FBgn0039086,4,0
5015,FBgn0039087,4,0
5015,FBgn0040252,4,0
5016,FBgn0039232,1,1
5017,FBgn0032001,1,1
5018,FBgn0053475,1,1
5019,FBgn0004047,1,1
5020,FBgn0032271,1,1
5021,FBgn0000221,1,1
5022,FBgn0035587,1,1
5024,FBgn0041103,1,1
5025,FBgn0030555,1,1
5026,FBgn0027565,1,1
5027,FBgn0040590,1,1
5028,FBgn0015621,1,1
5029,FBgn0037676,1,1
5030,FBgn0038785,1,1
5031,FBgn0035866,1,1
5032,FBgn0011706,1,1
5034,FBgn0020371,2,0
5034,FBgn0031164,2,0
5035,FBgn0037296,1,1
5036,FBgn0004396,1,1
5037,FBgn0002528,1,1
5039,FBgn0011592,1,1
5040,FBgn0031654,1,1
5041,FBgn0034909,1,1
5042,FBgn0036268,1,1
5043,FBgn0030586,2,0
5043,FBgn0030587,2,0
5044,FBgn0038132,1,1
5045,FBgn0011723,1,1
5046,FBgn0034893,1,1
5047,FBgn0023076,1,1
5048,FBgn0032859,1,1
5049,FBgn0000257,1,1
5050,FBgn0015803,1,1
5051,FBgn0039260,1,1
5052,FBgn0030512,1,1
5054,FBgn0027498,1,1
5055,FBgn0039764,1,1
5056,FBgn0028667,1,1
5057,FBgn0036116,1,1
5058,FBgn0024944,1,1
5059,FBgn0037574,1,1
5060,FBgn0039135,1,1
5061,FBgn0013433,1,1
5062,FBgn0033060,1,1
5063,FBgn0032178,1,1
5064,FBgn0036150,1,1
5065,FBgn0050065,1,1
5066,FBgn0039748,1,1
5067,FBgn0035979,1,1
5068,FBgn0040551,1,1
5069,FBgn0052408,1,1
5070,FBgn0051997,1,1
5071,FBgn0035637,1,1
5073,FBgn0032601,1,1
5074,FBgn0037880,1,1
5075,FBgn0053207,1,1
5076,FBgn0028703,1,1
5077,FBgn0033087,1,1
5078,FBgn0029927,1,1
5079,FBgn0052541,1,1
5080,FBgn0051150,1,1
5081,FBgn0036992,1,1
5082,FBgn0016696,1,1
5083,FBgn0039221,1,1
5085,FBgn0054040,1,1
5086,FBgn0032338,1,1
5088,FBgn0036260,1,1
5089,FBgn0036967,1,1
5090,FBgn0037122,1,1
5091,FBgn0027508,1,1
5093,FBgn0035632,1,1
5094,FBgn0003719,2,0
5094,FBgn0004885,2,0
5095,FBgn0029828,1,1
5096,FBgn0036585,1,1
5097,FBgn0010415,1,1
5098,FBgn0037800,1,1
5099,FBgn0028545,1,1
5100,FBgn0033168,1,1
5101,FBgn0036784,2,0
5101,FBgn0037607,2,0
5102,FBgn0037688,1,1
5103,FBgn0027866,1,1
5104,FBgn0017558,1,1
5105,FBgn0037892,1,1
5106,FBgn0031765,1,1
5108,FBgn0026395,1,1
5109,FBgn0024980,1,1
5110,FBgn0034088,1,1
5111,FBgn0067783,1,1
5113,FBgn0010453,1,1
5114,FBgn0039102,1,1
5115,FBgn0003463,1,1
5116,FBgn0035589,1,1
5117,FBgn0030835,1,1
5119,FBgn0034808,1,1
5120,FBgn0005677,1,1
5121,FBgn0025709,1,1
5122,FBgn0034106,1,1
5123,FBgn0034387,1,1
5124,FBgn0001133,1,1
5125,FBgn0036208,4,0
5125,FBgn0052092,4,0
5125,FBgn0052094,4,0
5125,FBgn0052702,4,0
5126,FBgn0039028,2,0
5126,FBgn0051052,2,0
5128,FBgn0052694,1,1
5129,FBgn0032961,1,1
5130,FBgn0037218,1,1
5131,FBgn0004649,1,1
5133,FBgn0033128,1,1
5134,FBgn0054012,1,1
5136,FBgn0024912,1,1
5137,FBgn0002922,1,1
5138,FBgn0043533,1,1
5139,FBgn0031607,1,1
5141,FBgn0000566,1,1
5142,FBgn0035700,1,1
5143,FBgn0015288,2,0
5143,FBgn0034837,2,0
5144,FBgn0004399,1,1
5145,FBgn0036411,1,1
5146,FBgn0038485,1,1
5147,FBgn0052267,1,1
5148,FBgn0038667,1,1
5149,FBgn0036640,1,1
5150,FBgn0004395,1,1
5152,FBgn0034588,1,1
5153,FBgn0038747,1,1
5154,FBgn0023535,1,1
5155,FBgn0053120,1,1
5156,FBgn0034461,1,1
5157,FBgn0024515,1,1
5158,FBgn0000246,1,1
5159,FBgn0034940,1,1
5160,FBgn0051786,1,1
5161,FBgn0010316,1,1
5162,FBgn0026063,2,0
5162,FBgn0026064,2,0
5163,FBgn0039784,1,1
5164,FBgn0035584,1,1
5165,FBgn0015276,1,1
5166,FBgn0029756,1,1
5167,FBgn0045478,1,1
5168,FBgn0010303,1,1
5169,FBgn0032678,1,1
5170,FBgn0033912,1,1
5172,FBgn0028862,1,1
5173,FBgn0031690,1,1
5174,FBgn0033524,1,1
5175,FBgn0034920,1,1
5177,FBgn0033382,1,1
5178,FBgn0026533,1,1
5179,FBgn0032489,1,1
5181,FBgn0036094,1,1
5182,FBgn0052833,1,1
5183,FBgn0030800,1,1
5184,FBgn0035167,1,1
5185,FBgn0033936,1,1
5186,FBgn0011425,1,1
5187,FBgn0034580,1,1
5188,FBgn0035980,1,1
5190,FBgn0020299,1,1
5191,FBgn0032395,1,1
5192,FBgn0037131,1,1
5193,FBgn0033452,1,1
5194,FBgn0033949,1,1
5195,FBgn0052832,1,1
5196,FBgn0034928,1,1
5197,FBgn0004625,1,1
5198,FBgn0027936,1,1
5199,FBgn0031043,2,0
5199,FBgn0051851,2,0
5200,FBgn0033076,1,1
5201,FBgn0053139,1,1
5203,FBgn0015615,1,1
5204,FBgn0035234,1,1
5205,FBgn0024315,1,1
5206,FBgn0033597,1,1
5207,FBgn0039844,1,1
5208,FBgn0003995,1,1
5211,FBgn0035636,1,1
5212,FBgn0034049,1,1
5213,FBgn0065035,1,1
5214,FBgn0035277,1,1
5215,FBgn0015602,1,1
5216,FBgn0032381,2,0
5216,FBgn0032382,2,0
5217,FBgn0031326,1,1
5218,FBgn0032335,1,1
5219,FBgn0051713,1,1
5220,FBgn0051858,1,1
5221,FBgn0031585,1,1
5222,FBgn0035807,1,1
5223,FBgn0029118,1,1
5224,FBgn0004624,1,1
5225,FBgn0034397,1,1
5226,FBgn0029834,1,1
5227,FBgn0024977,1,1
5228,FBgn0046301,1,1
5229,FBgn0039038,1,1
5230,FBgn0037326,1,1
5232,FBgn0030452,1,1
5233,FBgn0034871,1,1
5234,FBgn0005564,1,1
5235,FBgn0035553,1,1
5236,FBgn0030817,1,1
5237,FBgn0043005,1,1
5239,FBgn0037078,1,1
5240,FBgn0034541,1,1
5241,FBgn0039240,1,1
5242,FBgn0042134,1,1
5243,FBgn0030398,1,1
5245,FBgn0053144,1,1
5246,FBgn0035198,1,1
5247,FBgn0026378,1,1
5248,FBgn0030996,1,1
5249,FBgn0061362,1,1
5251,FBgn0033955,2,0
5251,FBgn0034911,2,0
5253,FBgn0004045,1,1
5254,FBgn0002023,1,1
5255,FBgn0044328,1,1
5256,FBgn0036186,1,1
5257,FBgn0028490,1,1
5258,FBgn0027844,1,1
5259,FBgn0001250,1,1
5260,FBgn0039559,1,1
5261,FBgn0030874,1,1
5262,FBgn0038143,1,1
5265,FBgn0027592,1,1
5266,FBgn0038682,1,1
5267,FBgn0034910,1,1
5269,FBgn0037513,1,1
5272,FBgn0035079,1,1
5273,FBgn0034860,1,1
5274,FBgn0036583,1,1
5275,FBgn0036598,1,1
5276,FBgn0016754,1,1
5277,FBgn0038756,1,1
5278,FBgn0028741,1,1
5279,FBgn0032251,1,1
5280,FBgn0031961,1,1
5281,FBgn0036414,1,1
5282,FBgn0031114,1,1
5284,FBgn0034946,1,1
5285,FBgn0050460,1,1
5286,FBgn0030283,1,1
5287,FBgn0036498,1,1
5288,FBgn0031693,3,0
5288,FBgn0031694,3,0
5288,FBgn0031695,3,0
5289,FBgn0030035,1,1
5290,FBgn0003278,1,1
5291,FBgn0036505,1,1
5292,FBgn0051515,2,0
5292,FBgn0051609,2,0
5293,FBgn0039873,1,1
5294,FBgn0037828,1,1
5295,FBgn0031925,2,0
5295,FBgn0035344,2,0
5296,FBgn0019643,1,1
5297,FBgn0052811,1,1
5298,FBgn0032671,1,1
5299,FBgn0040350,1,1
5300,FBgn0036745,1,1
5302,FBgn0032732,1,1
5303,FBgn0050440,1,1
5305,FBgn0037466,1,1
5307,FBgn0027082,1,1
5308,FBgn0031257,1,1
5309,FBgn0051149,1,1
5310,FBgn0032143,1,1
5311,FBgn0053095,1,1
5312,FBgn0039730,1,1
5313,FBgn0032840,1,1
5314,FBgn0031315,1,1
5316,FBgn0032358,1,1
5317,FBgn0036740,1,1
5319,FBgn0054037,1,1
5321,FBgn0030313,1,1
5322,FBgn0020615,1,1
5323,FBgn0020756,1,1
5324,FBgn0051525,1,1
5325,FBgn0037115,1,1
5326,FBgn0030076,1,1
5327,FBgn0036741,1,1
5328,FBgn0003132,1,1
5329,FBgn0039420,1,1
5330,FBgn0034503,1,1
5331,FBgn0051682,1,1
5332,FBgn0035811,1,1
5333,FBgn0035505,1,1
5334,FBgn0032058,1,1
5335,FBgn0038750,1,1
5336,FBgn0033237,1,1
5337,FBgn0033214,2,0
5337,FBgn0033215,2,0
5338,FBgn0031800,1,1
5339,FBgn0004571,1,1
5340,FBgn0025808,1,1
5341,FBgn0032415,1,1
5342,FBgn0032181,1,1
5343,FBgn0024230,1,1
5344,FBgn0003979,1,1
5345,FBgn0051463,1,1
5346,FBgn0050273,1,1
5347,FBgn0023545,1,1
5348,FBgn0032258,1,1
5349,FBgn0051523,1,1
5350,FBgn0024366,3,0
5350,FBgn0024368,3,0
5350,FBgn0025641,3,0
5351,FBgn0032780,1,1
5352,FBgn0011286,1,1
5355,FBgn0031451,1,1
5356,FBgn0038334,1,1
5357,FBgn0020240,1,1
5358,FBgn0037458,1,1
5359,FBgn0045759,1,1
5360,FBgn0000286,1,1
5361,FBgn0035554,1,1
5362,FBgn0039666,1,1
5363,FBgn0026777,1,1
5364,FBgn0037063,1,1
5365,FBgn0015575,1,1
5366,FBgn0013334,1,1
5367,FBgn0035938,1,1
5368,FBgn0039433,1,1
5369,FBgn0026060,2,0
5369,FBgn0029840,2,0
5370,FBgn0035541,1,1
5371,FBgn0034976,1,1
5373,FBgn0039504,1,1
5374,FBgn0031631,1,1
5377,FBgn0028665,1,1
5378,FBgn0050222,1,1
5379,FBgn0015298,1,1
5380,FBgn0032949,1,1
5381,FBgn0034374,1,1
5382,FBgn0003970,3,0
5382,FBgn0028879,3,0
5382,FBgn0053678,3,0
5383,FBgn0004882,1,1
5384,FBgn0034601,1,1
5385,FBgn0034685,1,1
5386,FBgn0010263,1,1
5387,FBgn0053263,1,1
5388,FBgn0039324,2,0
5388,FBgn0039325,2,0
5390,FBgn0033419,2,0
5390,FBgn0050337,2,0
5391,FBgn0025814,1,1
5392,FBgn0034474,1,1
5393,FBgn0040765,1,1
5394,FBgn0052695,1,1
5395,FBgn0029821,1,1
5396,FBgn0030349,2,0
5396,FBgn0038721,2,0
5397,FBgn0050093,1,1
5398,FBgn0003964,1,1
5399,FBgn0031869,1,1
5400,FBgn0029733,1,1
5401,FBgn0029648,1,1
5402,FBgn0034786,1,1
5403,FBgn0010015,3,0
5403,FBgn0011826,3,0
5403,FBgn0030758,3,0
5404,FBgn0038341,1,1
5405,FBgn0040828,1,1
5406,FBgn0050166,1,1
5407,FBgn0029877,1,1
5408,FBgn0039326,1,1
5409,FBgn0052542,1,1
5410,FBgn0033590,1,1
5411,FBgn0047338,1,1
5412,FBgn0036637,1,1
5413,FBgn0039745,1,1
5414,FBgn0030945,1,1
5415,FBgn0037697,1,1
5416,FBgn0035190,1,1
5417,FBgn0032420,1,1
5418,FBgn0051882,1,1
5420,FBgn0030314,2,0
5420,FBgn0030316,2,0
5421,FBgn0032624,1,1
5423,FBgn0038783,2,0
5423,FBgn0038784,2,0
5424,FBgn0039172,1,1
5425,FBgn0036255,1,1
5426,FBgn0039098,1,1
5427,FBgn0023423,1,1
5428,FBgn0035665,2,0
5428,FBgn0040060,2,0
5429,FBgn0036461,1,1
5430,FBgn0022097,2,0
5430,FBgn0040377,2,0
5431,FBgn0031675,1,1
5432,FBgn0040076,1,1
5433,FBgn0027540,1,1
5434,FBgn0037719,1,1
5435,FBgn0035266,1,1
5436,FBgn0030189,1,1
5437,FBgn0052394,1,1
5438,FBgn0010762,1,1
5439,FBgn0030459,1,1
5440,FBgn0030179,2,0
5440,FBgn0030180,2,0
5441,FBgn0034489,1,1
5442,FBgn0040322,1,1
5444,FBgn0037108,1,1
5445,FBgn0003008,1,1
5447,FBgn0034805,1,1
5448,FBgn0029152,1,1
5449,FBgn0030540,1,1
5450,FBgn0039816,1,1
5451,FBgn0030665,2,0
5451,FBgn0030666,2,0
5452,FBgn0016687,1,1
5453,FBgn0000157,1,1
5454,FBgn0038068,1,1
5455,FBgn0030613,1,1
5456,FBgn0054034,1,1
5457,FBgn0035010,1,1
5458,FBgn0039697,1,1
5459,FBgn0002542,1,1
5460,FBgn0029521,1,1
5461,FBgn0042101,1,1
5462,FBgn0036193,1,1
5463,FBgn0034859,1,1
5465,FBgn0032182,1,1
5466,FBgn0023508,1,1
5467,FBgn0020294,2,0
5467,FBgn0031674,2,0
5468,FBgn0036985,1,1
5469,FBgn0053291,1,1
5471,FBgn0046885,2,0
5471,FBgn0046886,2,0
5472,FBgn0026611,1,1
5473,FBgn0034800,1,1
5475,FBgn0010053,1,1
5476,FBgn0069354,1,1
5477,FBgn0038809,1,1
5478,FBgn0035258,1,1
5479,FBgn0040068,1,1
5480,FBgn0051157,1,1
5481,FBgn0034602,1,1
5482,FBgn0037690,1,1
5483,FBgn0030151,1,1
5484,FBgn0027559,1,1
5485,FBgn0028690,1,1
5486,FBgn0033580,1,1
5487,FBgn0039269,1,1
5488,FBgn0040271,1,1
5489,FBgn0051712,1,1
5490,FBgn0037061,1,1
5491,FBgn0001560,1,1
5492,FBgn0031772,1,1
5493,FBgn0025642,1,1
5494,FBgn0039634,1,1
5496,FBgn0034158,1,1
5497,FBgn0033405,1,1
5498,FBgn0039075,1,1
5499,FBgn0028412,1,1
5500,FBgn0040930,1,1
5501,FBgn0003462,1,1
5502,FBgn0016081,1,1
5503,FBgn0038309,1,1
5505,FBgn0039429,1,1
5506,FBgn0027546,1,1
5507,FBgn0000358,1,1
5508,FBgn0041186,1,1
5509,FBgn0037924,1,1
5510,FBgn0040283,1,1
5511,FBgn0013995,1,1
5512,FBgn0038390,1,1
5513,FBgn0003002,1,1
5514,FBgn0032894,1,1
5515,FBgn0037619,1,1
5516,FBgn0003130,1,1
5517,FBgn0037487,1,1
5519,FBgn0051559,1,1
5520,FBgn0035315,1,1
5521,FBgn0036696,1,1
5522,FBgn0022361,1,1
5523,FBgn0004244,1,1
5524,FBgn0032901,1,1
5525,FBgn0003011,1,1
5526,FBgn0036760,1,1
5527,FBgn0029888,1,1
5528,FBgn0053155,1,1
5529,FBgn0040375,1,1
5530,FBgn0020249,1,1
5531,FBgn0037860,1,1
5532,FBgn0051072,1,1
5533,FBgn0032398,1,1
5534,FBgn0029117,1,1
5535,FBgn0032730,1,1
5536,FBgn0036359,1,1
5537,FBgn0051363,1,1
5538,FBgn0036818,1,1
5539,FBgn0037182,1,1
5540,FBgn0031258,1,1
5541,FBgn0026702,1,1
5542,FBgn0030820,1,1
5543,FBgn0024288,1,1
5544,FBgn0051063,1,1
5545,FBgn0030369,1,1
5546,FBgn0019957,1,1
5547,FBgn0038709,1,1
5548,FBgn0027066,1,1
5549,FBgn0040078,1,1
5550,FBgn0024329,1,1
5551,FBgn0026318,1,1
5552,FBgn0030796,1,1
5553,FBgn0032876,1,1
5555,FBgn0011754,1,1
5556,FBgn0030574,1,1
5557,FBgn0051051,1,1
5558,FBgn0034667,1,1
5559,FBgn0000053,1,1
5560,FBgn0027794,1,1
5561,FBgn0035951,1,1
5562,FBgn0037611,1,1
5563,FBgn0037183,1,1
5564,FBgn0015789,1,1
5565,FBgn0028992,1,1
5566,FBgn0052299,1,1
5568,FBgn0016697,1,1
5569,FBgn0035981,1,1
5570,FBgn0033653,1,1
5571,FBgn0051973,1,1
5572,FBgn0035484,1,1
5573,FBgn0030606,1,1
5574,FBgn0033434,1,1
5576,FBgn0033529,1,1
5577,FBgn0037352,1,1
5578,FBgn0031320,1,1
5579,FBgn0036534,1,1
5580,FBgn0029912,1,1
5581,FBgn0030724,1,1
5582,FBgn0010750,1,1
5584,FBgn0038880,1,1
5585,FBgn0011207,1,1
5587,FBgn0036775,1,1
5588,FBgn0001301,1,1
5589,FBgn0024811,1,1
5591,FBgn0032296,1,1
5592,FBgn0010352,2,0
5592,FBgn0035240,2,0
5593,FBgn0034725,1,1
5595,FBgn0035282,1,1
5596,FBgn0053281,1,1
5597,FBgn0039509,1,1
5598,FBgn0031644,1,1
5601,FBgn0029128,1,1
5602,FBgn0031183,1,1
5603,FBgn0028982,1,1
5604,FBgn0033177,1,1
5605,FBgn0031908,1,1
5606,FBgn0011824,1,1
5607,FBgn0026198,1,1
5609,FBgn0038661,1,1
5610,FBgn0051248,1,1
5611,FBgn0030700,1,1
5613,FBgn0034803,1,1
5614,FBgn0023090,1,1
5615,FBgn0037660,1,1
5616,FBgn0039074,1,1
5617,FBgn0001991,2,0
5617,FBgn0005563,2,0
5618,FBgn0034144,1,1
5619,FBgn0000166,1,1
5620,FBgn0015025,1,1
5621,FBgn0031944,1,1
5623,FBgn0035917,1,1
5624,FBgn0033686,1,1
5625,FBgn0039386,1,1
5626,FBgn0037551,1,1
5627,FBgn0011722,1,1
5629,FBgn0035360,1,1
5630,FBgn0000015,1,1
5631,FBgn0034225,2,0
5631,FBgn0050104,2,0
5632,FBgn0051708,1,1
5633,FBgn0025637,1,1
5634,FBgn0000618,1,1
5635,FBgn0034720,1,1
5636,FBgn0050148,1,1
5637,FBgn0020930,1,1
5638,FBgn0010388,1,1
5640,FBgn0016792,1,1
5641,FBgn0030248,2,0
5641,FBgn0030249,2,0
5642,FBgn0032219,1,1
5643,FBgn0015300,1,1
5646,FBgn0039122,1,1
5647,FBgn0040850,1,1
5648,FBgn0029894,1,1
5649,FBgn0050395,1,1
5650,FBgn0037224,1,1
5652,FBgn0037003,2,0
5652,FBgn0037004,2,0
5653,FBgn0030786,1,1
5654,FBgn0033897,1,1
5655,FBgn0030082,1,1
5656,FBgn0034181,1,1
5657,FBgn0036309,1,1
5658,FBgn0036515,1,1
5659,FBgn0028388,1,1
5660,FBgn0031954,1,1
5661,FBgn0028402,1,1
5662,FBgn0038213,1,1
5663,FBgn0017581,1,1
5666,FBgn0030183,1,1
5667,FBgn0040965,1,1
5668,FBgn0035000,1,1
5670,FBgn0037282,1,1
5671,FBgn0025463,1,1
5672,FBgn0031724,1,1
5673,FBgn0039532,1,1
5674,FBgn0032652,1,1
5675,FBgn0030537,1,1
5676,FBgn0030582,1,1
5677,FBgn0053635,1,1
5678,FBgn0032142,1,1
5679,FBgn0031826,1,1
5680,FBgn0034942,1,1
5681,FBgn0029925,1,1
5683,FBgn0052026,1,1
5684,FBgn0034419,1,1
5685,FBgn0032363,1,1
5686,FBgn0033885,2,0
5686,FBgn0039802,2,0
5687,FBgn0037046,1,1
5688,FBgn0038230,1,1
5689,FBgn0028468,1,1
5690,FBgn0039829,1,1
5691,FBgn0030919,1,1
5692,FBgn0032264,2,0
5692,FBgn0032265,2,0
5693,FBgn0028986,3,0
5693,FBgn0028987,3,0
5693,FBgn0028988,3,0
5694,FBgn0031459,1,1
5696,FBgn0014001,1,1
5698,FBgn0050099,1,1
5700,FBgn0030898,1,1
5701,FBgn0002543,3,0
5701,FBgn0005631,3,0
5701,FBgn0041097,3,0
5702,FBgn0019809,1,1
5703,FBgn0042094,1,1
5704,FBgn0031558,1,1
5705,FBgn0038828,1,1
5707,FBgn0010315,1,1
5708,FBgn0053136,1,1
5709,FBgn0037475,1,1
5710,FBgn0026238,1,1
5711,FBgn0043799,1,1
5712,FBgn0038678,1,1
5713,FBgn0004589,4,0
5713,FBgn0004590,4,0
5713,FBgn0004594,4,0
5713,FBgn0014851,4,0
5714,FBgn0038447,1,1
5715,FBgn0031981,1,1
5716,FBgn0039271,1,1
5717,FBgn0036389,2,0
5717,FBgn0052135,2,0
5718,FBgn0033513,1,1
5719,FBgn0031169,1,1
5720,FBgn0036516,1,1
5721,FBgn0029568,1,1
5722,FBgn0035483,1,1
5723,FBgn0028913,1,1
5724,FBgn0035378,1,1
5725,FBgn0033557,1,1
5726,FBgn0030636,1,1
5727,FBgn0037520,1,1
5728,FBgn0003194,1,1
5729,FBgn0037701,1,1
5730,FBgn0029726,1,1
5732,FBgn0033088,1,1
5733,FBgn0038768,1,1
5734,FBgn0033541,1,1
5735,FBgn0012344,1,1
5736,FBgn0030811,1,1
5737,FBgn0038307,1,1
5738,FBgn0036666,1,1
5739,FBgn0033232,1,1
5740,FBgn0037717,1,1
5741,FBgn0014863,1,1
5742,FBgn0035790,1,1
5743,FBgn0041174,1,1
5744,FBgn0052204,1,1
5745,FBgn0032467,1,1
5746,FBgn0000180,1,1
5747,FBgn0030174,1,1
5748,FBgn0002741,2,0
5748,FBgn0005634,2,0
5749,FBgn0034709,1,1
5750,FBgn0034654,1,1
5751,FBgn0032645,1,1
5752,FBgn0003345,1,1
5754,FBgn0030575,1,1
5755,FBgn0031410,1,1
5756,FBgn0039629,2,0
5756,FBgn0039630,2,0
5757,FBgn0039889,1,1
5758,FBgn0038163,1,1
5759,FBgn0032692,1,1
5760,FBgn0001965,1,1
5761,FBgn0040529,1,1
5762,FBgn0029843,1,1
5764,FBgn0039048,1,1
5765,FBgn0029153,2,0
5765,FBgn0029154,2,0
5766,FBgn0044049,1,1
5767,FBgn0039453,1,1
5768,FBgn0030014,1,1
5769,FBgn0001085,1,1
5770,FBgn0030624,1,1
5771,FBgn0033391,1,1
5772,FBgn0039744,1,1
5773,FBgn0042112,1,1
5774,FBgn0030552,1,1
5775,FBgn0052625,1,1
5776,FBgn0033548,1,1
5777,FBgn0034734,1,1
5778,FBgn0039868,1,1
5779,FBgn0036622,1,1
5781,FBgn0034972,1,1
5782,FBgn0034157,1,1
5783,FBgn0001125,1,1
5784,FBgn0039735,1,1
5785,FBgn0034084,1,1
5787,FBgn0030181,1,1
5788,FBgn0037618,1,1
5789,FBgn0040812,1,1
5790,FBgn0037215,1,1
5791,FBgn0031948,1,1
5792,FBgn0035150,1,1
5793,FBgn0035209,1,1
5794,FBgn0036427,1,1
5797,FBgn0031047,2,0
5797,FBgn0032089,2,0
5798,FBgn0034363,1,1
5799,FBgn0031725,2,0
5799,FBgn0051646,2,0
5800,FBgn0036003,1,1
5801,FBgn0050336,1,1
5802,FBgn0031603,1,1
5803,FBgn0027491,1,1
5804,FBgn0052185,1,1
5805,FBgn0004588,5,0
5805,FBgn0004591,5,0
5805,FBgn0004593,5,0
5805,FBgn0014848,5,0
5805,FBgn0014850,5,0
5807,FBgn0037515,1,1
5808,FBgn0001225,1,1
5809,FBgn0030935,1,1
5810,FBgn0033791,1,1
5811,FBgn0035617,1,1
5812,FBgn0039408,1,1
5813,FBgn0023522,1,1
5814,FBgn0037392,3,0
5814,FBgn0037393,3,0
5814,FBgn0037394,3,0
5815,FBgn0036774,1,1
5816,FBgn0032619,1,1
5817,FBgn0031752,1,1
5818,FBgn0010238,1,1
5819,FBgn0042110,1,1
5820,FBgn0002872,1,1
5821,FBgn0047330,1,1
5822,FBgn0032371,1,1
5823,FBgn0029986,2,0
5823,FBgn0029989,2,0
5824,FBgn0052691,1,1
5826,FBgn0053542,1,1
5827,FBgn0030570,1,1
5828,FBgn0029800,1,1
5829,FBgn0020445,1,1
5830,FBgn0032775,1,1
5831,FBgn0040588,1,1
5832,FBgn0061361,1,1
5833,FBgn0029133,1,1
5836,FBgn0040684,1,1
5837,FBgn0053508,1,1
5838,FBgn0010825,1,1
5839,FBgn0029898,1,1
5841,FBgn0035904,1,1
5842,FBgn0003865,1,1
5843,FBgn0038966,3,0
5843,FBgn0038967,3,0
5843,FBgn0038968,3,0
5845,FBgn0038570,1,1
5846,FBgn0032589,4,0
5846,FBgn0032590,4,0
5846,FBgn0032965,4,0
5846,FBgn0051815,4,0
5847,FBgn0051516,1,1
5848,FBgn0040907,1,1
5849,FBgn0034997,1,1
5850,FBgn0031119,1,1
5851,FBgn0030391,1,1
5852,FBgn0035064,1,1
5853,FBgn0035461,1,1
5854,FBgn0023129,1,1
5855,FBgn0034023,4,0
5855,FBgn0050464,4,0
5855,FBgn0050468,4,0
5855,FBgn0050469,4,0
5857,FBgn0039187,1,1
5858,FBgn0044020,1,1
5860,FBgn0038978,2,0
5860,FBgn0038979,2,0
5861,FBgn0046302,1,1
5862,FBgn0051414,1,1
5863,FBgn0036571,1,1
5864,FBgn0039870,1,1
5865,FBgn0034281,1,1
5866,FBgn0036549,1,1
5868,FBgn0024984,1,1
5869,FBgn0032025,1,1
5871,FBgn0034873,1,1
5873,FBgn0030492,1,1
5875,FBgn0030373,1,1
5876,FBgn0039485,1,1
5877,FBgn0001321,1,1
5878,FBgn0029807,1,1
5879,FBgn0022943,1,1
5880,FBgn0040355,1,1
5882,FBgn0032526,1,1
5883,FBgn0033706,1,1
5884,FBgn0029629,1,1
5886,FBgn0005694,1,1
5887,FBgn0033439,1,1
5888,FBgn0032034,1,1
5889,FBgn0003200,2,0
5889,FBgn0022768,2,0
5890,FBgn0031637,1,1
5891,FBgn0052570,2,0
5891,FBgn0052572,2,0
5893,FBgn0032037,1,1
5894,FBgn0050422,1,1
5895,FBgn0030061,1,1
5896,FBgn0044511,1,1
5897,FBgn0033799,1,1
5898,FBgn0034052,1,1
5899,FBgn0033441,1,1
5900,FBgn0036910,1,1
5901,FBgn0034051,1,1
5902,FBgn0051159,2,0
5902,FBgn0051161,2,0
5903,FBgn0025612,1,1
5904,FBgn0005593,1,1
5905,FBgn0033918,1,1
5906,FBgn0011660,1,1
5907,FBgn0034646,1,1
5908,FBgn0050067,1,1
5909,FBgn0038420,1,1
5910,FBgn0031263,1,1
5911,FBgn0030407,2,0
5911,FBgn0052654,2,0
5912,FBgn0053282,1,1
5913,FBgn0034834,1,1
5914,FBgn0036732,1,1
5915,FBgn0051125,1,1
5916,FBgn0003943,2,0
5916,FBgn0052744,2,0
5917,FBgn0034889,1,1
5918,FBgn0002431,2,0
5918,FBgn0037734,2,0
5919,FBgn0033840,1,1
5920,FBgn0037812,1,1
5921,FBgn0045502,1,1
5922,FBgn0000462,1,1
5923,FBgn0034967,1,1
5924,FBgn0028980,1,1
5925,FBgn0028550,1,1
5926,FBgn0036093,1,1
5927,FBgn0017430,1,1
5928,FBgn0004921,1,1
5929,FBgn0062413,1,1
5930,FBgn0022131,1,1
5931,FBgn0035332,1,1
5932,FBgn0028967,1,1
5933,FBgn0011837,1,1
5934,FBgn0050377,1,1
5936,FBgn0038292,1,1
5937,FBgn0020407,1,1
5938,FBgn0039669,1,1
5939,FBgn0037356,1,1
5940,FBgn0040323,1,1
5941,FBgn0039430,1,1
5942,FBgn0002036,1,1
5943,FBgn0028406,1,1
5944,FBgn0034943,1,1
5945,FBgn0034664,1,1
5946,FBgn0030244,1,1
5947,FBgn0010590,1,1
5949,FBgn0031716,1,1
5950,FBgn0030794,1,1
5953,FBgn0040996,1,1
5954,FBgn0004925,1,1
5955,FBgn0031523,1,1
5956,FBgn0034265,1,1
5957,FBgn0051835,1,1
5958,FBgn0039664,1,1
5959,FBgn0013948,1,1
5960,FBgn0004510,1,1
5961,FBgn0028938,1,1
5962,FBgn0035970,1,1
5964,FBgn0003429,1,1
5965,FBgn0035154,2,0
5965,FBgn0052483,2,0
5966,FBgn0031144,1,1
5967,FBgn0037260,1,1
5969,FBgn0064237,1,1
5972,FBgn0039773,1,1
5973,FBgn0052407,1,1
5974,FBgn0027659,1,1
5975,FBgn0000426,1,1
5976,FBgn0040743,1,1
5977,FBgn0030346,1,1
5978,FBgn0038453,1,1
5979,FBgn0011569,1,1
5980,FBgn0036531,1,1
5981,FBgn0027079,2,0
5981,FBgn0035942,2,0
5982,FBgn0033989,1,1
5983,FBgn0035640,1,1
5984,FBgn0013771,2,0
5984,FBgn0033981,2,0
5985,FBgn0035551,2,0
5985,FBgn0035552,2,0
5986,FBgn0038867,1,1
5988,FBgn0003882,1,1
5989,FBgn0035370,1,1
5990,FBgn0032113,1,1
5991,FBgn0014467,1,1
5992,FBgn0028469,1,1
5993,FBgn0015774,2,0
5993,FBgn0030576,2,0
5994,FBgn0039076,1,1
5996,FBgn0036219,1,1
5997,FBgn0035946,1,1
5999,FBgn0035968,1,1
6000,FBgn0035337,1,1
6002,FBgn0011643,1,1
6003,FBgn0028746,1,1
6004,FBgn0039209,1,1
6005,FBgn0051241,1,1
6007,FBgn0028645,2,0
6007,FBgn0051823,2,0
6008,FBgn0053003,1,1
6009,FBgn0037829,2,0
6009,FBgn0051272,2,0
6010,FBgn0051320,1,1
6011,FBgn0004177,1,1
6012,FBgn0050084,1,1
6013,FBgn0020509,3,0
6013,FBgn0034154,3,0
6013,FBgn0036495,3,0
6015,FBgn0029853,1,1
6016,FBgn0050185,1,1
6017,FBgn0030374,1,1
6018,FBgn0041626,2,0
6018,FBgn0062565,2,0
6020,FBgn0019828,1,1
6021,FBgn0003941,1,1
6022,FBgn0036560,1,1
6023,FBgn0011656,1,1
6024,FBgn0029827,1,1
6025,FBgn0021750,1,1
6026,FBgn0038394,1,1
6027,FBgn0033765,1,1
6029,FBgn0038190,1,1
6031,FBgn0037743,1,1
6033,FBgn0033324,2,0
6033,FBgn0033326,2,0
6034,FBgn0038304,1,1
6035,FBgn0051091,1,1
6036,FBgn0039684,1,1
6037,FBgn0037087,1,1
6038,FBgn0038654,1,1
6039,FBgn0038108,1,1
6040,FBgn0040989,1,1
6041,FBgn0031537,1,1
6042,FBgn0032017,1,1
6043,FBgn0039636,1,1
6044,FBgn0020910,1,1
6046,FBgn0036091,1,1
6047,FBgn0026403,1,1
6050,FBgn0031506,1,1
6051,FBgn0037045,1,1
6052,FBgn0028999,2,0
6052,FBgn0041105,2,0
6053,FBgn0035833,1,1
6055,FBgn0051219,1,1
6056,FBgn0001142,1,1
6058,FBgn0031909,1,1
6059,FBgn0034462,1,1
6060,FBgn0010339,1,1
6061,FBgn0002522,1,1
6062,FBgn0035161,2,0
6062,FBgn0050378,2,0
6064,FBgn0033422,1,1
6065,FBgn0003062,1,1
6066,FBgn0039067,1,1
6067,FBgn0025720,1,1
6068,FBgn0054009,1,1
6070,FBgn0062440,1,1
6071,FBgn0032658,1,1
6072,FBgn0032850,1,1
6073,FBgn0029831,1,1
6075,FBgn0004003,1,1
6076,FBgn0034002,1,1
6077,FBgn0010431,2,0
6077,FBgn0035892,2,0
6078,FBgn0011294,1,1
6079,FBgn0033680,1,1
6080,FBgn0003292,1,1
6082,FBgn0031343,1,1
6084,FBgn0002633,1,1
6085,FBgn0013348,1,1
6086,FBgn0000463,1,1
6087,FBgn0001208,1,1
6088,FBgn0017572,1,1
6089,FBgn0005659,1,1
6090,FBgn0037107,2,0
6090,FBgn0037109,2,0
6091,FBgn0034748,1,1
6092,FBgn0037232,1,1
6093,FBgn0010611,1,1
6095,FBgn0037636,1,1
6096,FBgn0034269,1,1
6097,FBgn0051028,1,1
6098,FBgn0003950,1,1
6099,FBgn0030745,1,1
6100,FBgn0050373,1,1
6101,FBgn0035134,1,1
6102,FBgn0025776,1,1
6103,FBgn0004516,1,1
6104,FBgn0030259,1,1
6105,FBgn0031349,1,1
6106,FBgn0038945,1,1
6107,FBgn0038575,2,0
6107,FBgn0051948,2,0
6108,FBgn0030539,1,1
6109,FBgn0036733,1,1
6110,FBgn0051036,1,1
6111,FBgn0040309,1,1
6112,FBgn0028876,1,1
6113,FBgn0034421,1,1
6115,FBgn0013732,1,1
6116,FBgn0005536,1,1
6117,FBgn0036448,1,1
6119,FBgn0028572,1,1
6120,FBgn0036161,1,1
6121,FBgn0038463,1,1
6122,FBgn0032399,1,1
6123,FBgn0034063,1,1
6124,FBgn0024352,1,1
6126,FBgn0034638,1,1
6127,FBgn0054043,1,1
6128,FBgn0039431,1,1
6130,FBgn0037064,1,1
6131,FBgn0029552,1,1
6132,FBgn0036550,1,1
6133,FBgn0029764,1,1
6134,FBgn0014002,1,1
6135,FBgn0034314,1,1
6136,FBgn0031663,1,1
6137,FBgn0038444,1,1
6138,FBgn0032788,1,1
6139,FBgn0039928,2,0
6139,FBgn0052017,2,0
6140,FBgn0039379,1,1
6141,FBgn0053299,1,1
6142,FBgn0037468,1,1
6143,FBgn0041111,1,1
6144,FBgn0038926,1,1
6145,FBgn0051910,1,1
6146,FBgn0035766,1,1
6147,FBgn0027574,1,1
6148,FBgn0035003,1,1
6149,FBgn0034715,3,0
6149,FBgn0034716,3,0
6149,FBgn0050277,3,0
6150,FBgn0042199,1,1
6151,FBgn0030743,1,1
6153,FBgn0004145,1,1
6154,FBgn0051730,1,1
6155,FBgn0030442,1,1
6156,FBgn0030301,1,1
6157,FBgn0053123,1,1
6158,FBgn0036101,1,1
6159,FBgn0035186,1,1
6160,FBgn0040534,1,1
6161,FBgn0036220,2,0
6161,FBgn0036952,2,0
6163,FBgn0037346,1,1
6164,FBgn0053200,1,1
6166,FBgn0052447,1,1
6168,FBgn0036783,3,0
6168,FBgn0053698,3,0
6168,FBgn0053779,3,0
6169,FBgn0029174,1,1
6171,FBgn0039743,1,1
6172,FBgn0038932,2,0
6172,FBgn0053334,2,0
6173,FBgn0037409,1,1
6174,FBgn0035533,1,1
6175,FBgn0003654,5,0
6175,FBgn0052823,5,0
6175,FBgn0053497,5,0
6175,FBgn0053499,5,0
6175,FBgn0067861,5,0
6177,FBgn0034605,1,1
6178,FBgn0029885,1,1
6179,FBgn0000412,1,1
6180,FBgn0034362,1,1
6181,FBgn0038612,1,1
6182,FBgn0027499,1,1
6183,FBgn0039004,1,1
6185,FBgn0036335,1,1
6186,FBgn0039299,1,1
6187,FBgn0005779,1,1
6188,FBgn0030355,1,1
6189,FBgn0039557,1,1
6190,FBgn0035867,1,1
6191,FBgn0036934,1,1
6192,FBgn0029848,1,1
6193,FBgn0034741,1,1
6196,FBgn0033873,1,1
6197,FBgn0037097,1,1
6198,FBgn0034056,1,1
6199,FBgn0037439,1,1
6200,FBgn0033760,1,1
6201,FBgn0038501,1,1
6202,FBgn0039081,1,1
6203,FBgn0029873,1,1
6204,FBgn0010416,1,1
6205,FBgn0035178,1,1
6206,FBgn0032197,1,1
6207,FBgn0037258,2,0
6207,FBgn0037259,2,0
6208,FBgn0039336,1,1
6209,FBgn0040587,1,1
6210,FBgn0040347,1,1
6211,FBgn0042103,1,1
6213,FBgn0040361,1,1
6214,FBgn0050445,1,1
6215,FBgn0004893,1,1
6216,FBgn0031443,1,1
6218,FBgn0000405,1,1
6219,FBgn0036436,1,1
6222,FBgn0030261,1,1
6223,FBgn0028944,1,1
6224,FBgn0032166,1,1
6226,FBgn0039214,1,1
6227,FBgn0010488,1,1
6228,FBgn0028903,1,1
6229,FBgn0036968,1,1
6230,FBgn0036118,1,1
6231,FBgn0039473,1,1
6232,FBgn0039840,1,1
6233,FBgn0032244,1,1
6234,FBgn0030702,1,1
6235,FBgn0024814,1,1
6237,FBgn0038490,1,1
6238,FBgn0029833,1,1
6240,FBgn0030048,1,1
6241,FBgn0035521,1,1
6242,FBgn0038489,1,1
6243,FBgn0030873,1,1
6244,FBgn0033107,1,1
6246,FBgn0034986,1,1
6247,FBgn0051204,1,1
6248,FBgn0024836,1,1
6249,FBgn0036063,1,1
6250,FBgn0032717,1,1
6251,FBgn0037971,1,1
6252,FBgn0027562,1,1
6253,FBgn0031465,3,0
6253,FBgn0032967,3,0
6253,FBgn0037964,3,0
6254,FBgn0037663,1,1
6255,FBgn0036806,1,1
6256,FBgn0016059,1,1
6257,FBgn0033973,1,1
6258,FBgn0010470,1,1
6259,FBgn0037995,1,1
6260,FBgn0040257,2,0
6260,FBgn0040259,2,0
6261,FBgn0029761,1,1
6262,FBgn0000097,1,1
6263,FBgn0034295,1,1
6264,FBgn0037622,1,1
6265,FBgn0034416,1,1
6267,FBgn0026566,1,1
6268,FBgn0026086,1,1
6269,FBgn0028962,1,1
6270,FBgn0003193,1,1
6271,FBgn0010482,1,1
6272,FBgn0000163,1,1
6273,FBgn0030204,1,1
6276,FBgn0014027,1,1
6277,FBgn0037071,1,1
6278,FBgn0030691,2,0
6278,FBgn0034487,2,0
6279,FBgn0027951,1,1
6280,FBgn0053543,1,1
6281,FBgn0037340,1,1
6282,FBgn0038001,1,1
6283,FBgn0024248,1,1
6284,FBgn0031255,1,1
6286,FBgn0014184,1,1
6287,FBgn0029770,1,1
6288,FBgn0016047,1,1
6289,FBgn0050121,1,1
6290,FBgn0051755,1,1
6291,FBgn0039651,1,1
6292,FBgn0000723,1,1
6293,FBgn0053262,1,1
6294,FBgn0032701,1,1
6295,FBgn0002736,1,1
6296,FBgn0000313,1,1
6297,FBgn0037205,1,1
6298,FBgn0039749,1,1
6299,FBgn0051640,2,0
6299,FBgn0053531,2,0
6300,FBgn0041621,1,1
6301,FBgn0051281,1,1
6302,FBgn0003486,1,1
6303,FBgn0052039,1,1
6304,FBgn0039792,1,1
6305,FBgn0001281,2,0
6305,FBgn0041102,2,0
6306,FBgn0038855,1,1
6307,FBgn0032364,2,0
6307,FBgn0051784,2,0
6308,FBgn0032445,1,1
6309,FBgn0051665,1,1
6310,FBgn0033742,2,0
6310,FBgn0033744,2,0
6312,FBgn0038492,1,1
6313,FBgn0039513,1,1
6314,FBgn0050383,1,1
6316,FBgn0032365,1,1
6317,FBgn0033770,1,1
6318,FBgn0037783,1,1
6319,FBgn0015765,1,1
6320,FBgn0031623,1,1
6322,FBgn0029973,2,0
6322,FBgn0053222,2,0
6323,FBgn0045476,1,1
6324,FBgn0026698,1,1
6326,FBgn0022224,1,1
6329,FBgn0037376,1,1
6330,FBgn0035260,1,1
6331,FBgn0031281,1,1
6332,FBgn0028850,1,1
6333,FBgn0030854,1,1
6334,FBgn0030735,1,1
6335,FBgn0028897,1,1
6336,FBgn0017579,1,1
6337,FBgn0029137,1,1
6338,FBgn0031107,1,1
6339,FBgn0028554,1,1
6340,FBgn0052054,1,1
6341,FBgn0030912,1,1
6342,FBgn0041231,1,1
6343,FBgn0037554,1,1
6344,FBgn0039152,1,1
6345,FBgn0040395,1,1
6346,FBgn0027779,1,1
6349,FBgn0034990,1,1
6350,FBgn0028481,1,1
6351,FBgn0004666,1,1
6352,FBgn0031150,1,1
6353,FBgn0037163,1,1
6354,FBgn0036211,1,1
6355,FBgn0028881,1,1
6356,FBgn0033551,1,1
6357,FBgn0038151,1,1
6358,FBgn0003607,1,1
6359,FBgn0050332,1,1
6361,FBgn0042083,1,1
6362,FBgn0033888,1,1
6363,FBgn0035543,1,1
6364,FBgn0031677,1,1
6366,FBgn0052344,1,1
6368,FBgn0037424,1,1
6369,FBgn0034680,2,0
6369,FBgn0054004,2,0
6370,FBgn0036668,1,1
6371,FBgn0036176,2,0
6371,FBgn0036177,2,0
6372,FBgn0031941,1,1
6373,FBgn0039255,1,1
6374,FBgn0051765,1,1
6375,FBgn0011674,1,1
6376,FBgn0052091,1,1
6377,FBgn0035444,1,1
6378,FBgn0036513,1,1
6379,FBgn0024997,1,1
6380,FBgn0034396,1,1
6382,FBgn0039450,1,1
6383,FBgn0032490,1,1
6384,FBgn0051081,1,1
6385,FBgn0025742,1,1
6386,FBgn0037204,1,1
6387,FBgn0035751,1,1
6388,FBgn0023216,1,1
6389,FBgn0038797,1,1
6390,FBgn0001104,1,1
6391,FBgn0004181,1,1
6392,FBgn0052681,1,1
6393,FBgn0036367,1,1
6395,FBgn0040087,1,1
6396,FBgn0034472,2,0
6396,FBgn0035334,2,0
6397,FBgn0032389,1,1
6398,FBgn0041184,1,1
6399,FBgn0026376,1,1
6400,FBgn0011277,1,1
6401,FBgn0036642,1,1
6402,FBgn0003277,2,0
6402,FBgn0030687,2,0
6403,FBgn0026565,1,1
6404,FBgn0032773,1,1
6405,FBgn0039589,1,1
6406,FBgn0013770,1,1
6407,FBgn0038985,1,1
6408,FBgn0034111,1,1
6409,FBgn0053099,1,1
6410,FBgn0002569,1,1
6411,FBgn0036945,1,1
6412,FBgn0039830,1,1
6413,FBgn0063261,1,1
6414,FBgn0029608,1,1
6415,FBgn0027505,1,1
6417,FBgn0031247,1,1
6418,FBgn0036838,1,1
6420,FBgn0052632,1,1
6421,FBgn0038708,1,1
6422,FBgn0038887,1,1
6423,FBgn0051717,1,1
6424,FBgn0051957,1,1
6425,FBgn0034400,1,1
6426,FBgn0039170,1,1
6427,FBgn0030218,1,1
6428,FBgn0043471,1,1
6430,FBgn0032702,1,1
6431,FBgn0036066,1,1
6432,FBgn0035630,1,1
6433,FBgn0033657,1,1
6434,FBgn0033209,1,1
6435,FBgn0036446,1,1
6436,FBgn0032390,1,1
6437,FBgn0053641,4,0
6437,FBgn0053642,4,0
6437,FBgn0053643,4,0
6437,FBgn0053645,4,0
6438,FBgn0030703,1,1
6439,FBgn0035464,1,1
6440,FBgn0050365,1,1
6441,FBgn0004622,1,1
6442,FBgn0034152,1,1
6443,FBgn0039667,1,1
6444,FBgn0039104,1,1
6445,FBgn0030915,3,0
6445,FBgn0030918,3,0
6445,FBgn0038445,3,0
6446,FBgn0010770,1,1
6447,FBgn0028884,1,1
6449,FBgn0028485,1,1
6450,FBgn0037167,1,1
6451,FBgn0031060,1,1
6453,FBgn0035588,1,1
6454,FBgn0060296,1,1
6455,FBgn0035063,1,1
6456,FBgn0040726,1,1
6457,FBgn0031241,1,1
6458,FBgn0037473,1,1
6459,FBgn0029750,1,1
6460,FBgn0034218,1,1
6461,FBgn0033387,2,0
6461,FBgn0039817,2,0
6462,FBgn0040821,1,1
6463,FBgn0001228,1,1
6464,FBgn0031592,1,1
6465,FBgn0030485,1,1
6466,FBgn0000338,1,1
6467,FBgn0029175,1,1
6468,FBgn0013725,1,1
6471,FBgn0022720,1,1
6472,FBgn0028327,1,1
6473,FBgn0039747,1,1
6474,FBgn0039463,1,1
6475,FBgn0043854,1,1
6476,FBgn0032077,1,1
6477,FBgn0004647,1,1
6479,FBgn0010926,1,1
6480,FBgn0031904,1,1
6481,FBgn0038057,1,1
6483,FBgn0036195,1,1
6484,FBgn0051906,1,1
6485,FBgn0033549,1,1
6486,FBgn0035720,1,1
6487,FBgn0035755,1,1
6488,FBgn0034483,1,1
6490,FBgn0033092,1,1
6491,FBgn0035469,1,1
6492,FBgn0033698,1,1
6493,FBgn0013717,1,1
6494,FBgn0016698,1,1
6496,FBgn0029501,1,1
6498,FBgn0037777,1,1
6499,FBgn0031044,1,1
6501,FBgn0033887,1,1
6503,FBgn0032656,1,1
6504,FBgn0036951,1,1
6505,FBgn0033614,1,1
6507,FBgn0005632,1,1
6508,FBgn0046222,1,1
6509,FBgn0028341,1,1
6510,FBgn0015400,1,1
6511,FBgn0037631,1,1
6513,FBgn0026239,1,1
6514,FBgn0033124,1,1
6515,FBgn0000630,1,1
6516,FBgn0030001,1,1
6517,FBgn0028663,1,1
6518,FBgn0031106,1,1
6519,FBgn0039268,1,1
6520,FBgn0023212,1,1
6521,FBgn0062447,1,1
6522,FBgn0037646,1,1
6523,FBgn0033802,1,1
6524,FBgn0033269,1,1
6525,FBgn0033400,1,1
6526,FBgn0017456,1,1
6527,FBgn0037388,1,1
6528,FBgn0040842,1,1
6530,FBgn0033155,1,1
6531,FBgn0035936,1,1
6532,FBgn0000057,1,1
6533,FBgn0010038,4,0
6533,FBgn0010040,4,0
6533,FBgn0010041,4,0
6533,FBgn0010044,4,0
6534,FBgn0053180,1,1
6535,FBgn0082831,1,1
6536,FBgn0031195,1,1
6537,FBgn0020503,1,1
6538,FBgn0039554,1,1
6539,FBgn0037675,1,1
6540,FBgn0001565,1,1
6541,FBgn0027841,1,1
6542,FBgn0031975,1,1
6543,FBgn0025381,1,1
6544,FBgn0033939,1,1
6545,FBgn0026741,1,1
6546,FBgn0003392,1,1
6547,FBgn0032153,1,1
6548,FBgn0034569,1,1
6549,FBgn0039925,1,1
6550,FBgn0043825,2,0
6550,FBgn0051872,2,0
6551,FBgn0025936,1,1
6552,FBgn0030481,1,1
6554,FBgn0037415,1,1
6555,FBgn0052843,1,1
6556,FBgn0038422,1,1
6557,FBgn0002735,1,1
6558,FBgn0051232,1,1
6559,FBgn0032297,1,1
6560,FBgn0031474,1,1
6561,FBgn0035333,1,1
6563,FBgn0033921,1,1
6564,FBgn0050183,1,1
6565,FBgn0053520,1,1
6566,FBgn0030707,1,1
6569,FBgn0020261,1,1
6571,FBgn0033931,1,1
6572,FBgn0024491,1,1
6573,FBgn0023536,1,1
6575,FBgn0027600,1,1
6576,FBgn0030103,1,1
6577,FBgn0032957,1,1
6578,FBgn0028901,1,1
6579,FBgn0033636,1,1
6580,FBgn0038959,1,1
6581,FBgn0033356,2,0
6581,FBgn0053199,2,0
6582,FBgn0034904,1,1
6583,FBgn0033050,1,1
6584,FBgn0039686,1,1
6585,FBgn0039069,1,1
6586,FBgn0046294,1,1
6588,FBgn0039219,1,1
6589,FBgn0022160,2,0
6589,FBgn0033190,2,0
6590,FBgn0051152,1,1
6591,FBgn0035839,1,1
6592,FBgn0031108,1,1
6593,FBgn0051021,1,1
6594,FBgn0036979,1,1
6595,FBgn0022702,1,1
6596,FBgn0035347,1,1
6597,FBgn0035257,1,1
6599,FBgn0046876,1,1
6600,FBgn0005626,1,1
6601,FBgn0030195,1,1
6602,FBgn0030670,1,1
6604,FBgn0004052,1,1
6605,FBgn0051222,1,1
6606,FBgn0034184,1,1
6607,FBgn0022740,1,1
6608,FBgn0024188,1,1
6610,FBgn0040383,1,1
6611,FBgn0000063,1,1
6612,FBgn0036769,1,1
6613,FBgn0039188,1,1
6614,FBgn0035959,1,1
6615,FBgn0027564,1,1
6616,FBgn0030653,1,1
6617,FBgn0033937,1,1
6619,FBgn0037930,1,1
6620,FBgn0052279,1,1
6622,FBgn0004432,1,1
6623,FBgn0010083,1,1
6624,FBgn0031496,1,1
6625,FBgn0025393,1,1
6626,FBgn0037818,1,1
6627,FBgn0033027,1,1
6628,FBgn0032293,1,1
6629,FBgn0015929,1,1
6630,FBgn0034136,1,1
6631,FBgn0016794,1,1
6632,FBgn0033320,1,1
6634,FBgn0032741,1,1
6635,FBgn0032021,1,1
6636,FBgn0032790,1,1
6637,FBgn0033651,1,1
6638,FBgn0036289,1,1
6639,FBgn0038642,1,1
6640,FBgn0053640,1,1
6641,FBgn0037102,1,1
6642,FBgn0034989,1,1
6643,FBgn0036697,1,1
6644,FBgn0030877,1,1
6645,FBgn0032387,1,1
6647,FBgn0036490,1,1
6648,FBgn0030663,1,1
6649,FBgn0033267,1,1
6650,FBgn0039659,1,1
6651,FBgn0040491,1,1
6652,FBgn0002716,1,1
6654,FBgn0029776,1,1
6655,FBgn0052251,1,1
6656,FBgn0033786,1,1
6657,FBgn0031837,1,1
6658,FBgn0034065,2,0
6658,FBgn0034067,2,0
6659,FBgn0039924,1,1
6661,FBgn0015320,1,1
6662,FBgn0047114,1,1
6663,FBgn0024150,1,1
6664,FBgn0028835,1,1
6665,FBgn0037023,1,1
6666,FBgn0037244,1,1
6667,FBgn0037986,1,1
6668,FBgn0040321,1,1
6670,FBgn0051976,1,1
6671,FBgn0003425,1,1
6672,FBgn0036950,1,1
6673,FBgn0051805,1,1
6674,FBgn0030797,1,1
6675,FBgn0038598,1,1
6676,FBgn0033664,2,0
6676,FBgn0050038,2,0
6677,FBgn0030277,2,0
6677,FBgn0030278,2,0
6678,FBgn0031829,1,1
6679,FBgn0029589,2,0
6679,FBgn0029590,2,0
6680,FBgn0011695,1,1
6681,FBgn0010399,1,1
6682,FBgn0001990,1,1
6683,FBgn0030769,1,1
6684,FBgn0013763,1,1
6685,FBgn0038780,1,1
6686,FBgn0030870,1,1
6687,FBgn0027103,1,1
6688,FBgn0036299,1,1
6689,FBgn0011836,1,1
6690,FBgn0053138,1,1
6691,FBgn0052181,2,0
6691,FBgn0052182,2,0
6692,FBgn0039642,1,1
6693,FBgn0043069,2,0
6693,FBgn0051274,2,0
6694,FBgn0004462,2,0
6694,FBgn0039083,2,0
6695,FBgn0040573,1,1
6696,FBgn0032030,1,1
6697,FBgn0003071,1,1
6698,FBgn0037125,1,1
6699,FBgn0036590,1,1
6700,FBgn0029979,1,1
6701,FBgn0034971,1,1
6702,FBgn0036471,1,1
6703,FBgn0010338,1,1
6704,FBgn0038328,1,1
6705,FBgn0038419,1,1
6706,FBgn0035874,1,1
6707,FBgn0037770,1,1
6708,FBgn0037940,1,1
6710,FBgn0039306,1,1
6711,FBgn0034572,1,1
6713,FBgn0029740,1,1
6716,FBgn0032246,1,1
6717,FBgn0037968,1,1
6718,FBgn0036940,2,0
6718,FBgn0036941,2,0
6719,FBgn0033714,1,1
6720,FBgn0034401,1,1
6722,FBgn0053224,1,1
6723,FBgn0002777,1,1
6724,FBgn0031435,1,1
6725,FBgn0051018,1,1
6727,FBgn0039157,1,1
6728,FBgn0051265,1,1
6729,FBgn0052243,1,1
6730,FBgn0038105,2,0
6730,FBgn0041710,2,0
6731,FBgn0002576,1,1
6732,FBgn0038053,1,1
6733,FBgn0028379,1,1
6734,FBgn0036348,1,1
6735,FBgn0035488,1,1
6736,FBgn0028343,1,1
6737,FBgn0015795,1,1
6738,FBgn0035983,1,1
6739,FBgn0024941,1,1
6740,FBgn0038140,1,1
6741,FBgn0045471,1,1
6742,FBgn0031038,1,1
6743,FBgn0035523,1,1
6744,FBgn0015287,1,1
6746,FBgn0052831,1,1
6747,FBgn0051224,1,1
6748,FBgn0026620,1,1
6749,FBgn0033542,1,1
6750,FBgn0051875,1,1
6751,FBgn0051738,1,1
6752,FBgn0036108,2,0
6752,FBgn0036109,2,0
6753,FBgn0050184,1,1
6754,FBgn0033623,1,1
6756,FBgn0016684,1,1
6757,FBgn0034958,1,1
6758,FBgn0038739,1,1
6759,FBgn0004507,1,1
6760,FBgn0039237,1,1
6762,FBgn0039833,1,1
6763,FBgn0023528,1,1
6764,FBgn0004854,1,1
6765,FBgn0033183,1,1
6767,FBgn0036880,1,1
6768,FBgn0039771,1,1
6769,FBgn0039300,1,1
6770,FBgn0053339,1,1
6771,FBgn0004106,1,1
6772,FBgn0031461,1,1
6773,FBgn0040629,1,1
6774,FBgn0037278,1,1
6775,FBgn0034924,1,1
6776,FBgn0032334,1,1
6777,FBgn0036500,1,1
6778,FBgn0052343,1,1
6779,FBgn0050196,1,1
6780,FBgn0033638,1,1
6781,FBgn0035414,1,1
6782,FBgn0000008,1,1
6783,FBgn0037490,1,1
6784,FBgn0031485,1,1
6786,FBgn0051645,1,1
6788,FBgn0037100,1,1
6789,FBgn0038224,1,1
6790,FBgn0032897,2,0
6790,FBgn0032899,2,0
6791,FBgn0038115,1,1
6792,FBgn0027506,1,1
6793,FBgn0014009,1,1
6794,FBgn0028689,1,1
6795,FBgn0051855,1,1
6796,FBgn0036781,1,1
6797,FBgn0037153,1,1
6798,FBgn0015714,2,0
6798,FBgn0033978,2,0
6799,FBgn0053505,1,1
6800,FBgn0037934,2,0
6800,FBgn0037935,2,0
6801,FBgn0002069,1,1
6802,FBgn0038386,1,1
6804,FBgn0020245,1,1
6806,FBgn0000567,1,1
6807,FBgn0001202,1,1
6808,FBgn0027279,1,1
6809,FBgn0032176,1,1
6810,FBgn0025633,1,1
6811,FBgn0028963,1,1
6812,FBgn0039511,1,1
6813,FBgn0036127,1,1
6814,FBgn0041585,1,1
6815,FBgn0035793,1,1
6816,FBgn0015561,1,1
6818,FBgn0031414,1,1
6819,FBgn0051475,1,1
6821,FBgn0029765,1,1
6822,FBgn0058341,1,1
6823,FBgn0010078,1,1
6824,FBgn0039491,1,1
6825,FBgn0037766,1,1
6826,FBgn0028700,1,1
6827,FBgn0051660,1,1
6829,FBgn0030074,1,1
6830,FBgn0052151,1,1
6831,FBgn0052117,1,1
6832,FBgn0027660,1,1
6833,FBgn0031275,1,1
6834,FBgn0031715,1,1
6835,FBgn0036773,1,1
6837,FBgn0036242,1,1
6838,FBgn0010256,2,0
6838,FBgn0039797,2,0
6839,FBgn0051800,1,1
6840,FBgn0036267,1,1
6842,FBgn0035916,1,1
6843,FBgn0030950,1,1
6845,FBgn0031548,1,1
6847,FBgn0033901,1,1
6848,FBgn0032474,1,1
6849,FBgn0027780,1,1
6851,FBgn0051342,1,1
6852,FBgn0031405,1,1
6853,FBgn0034169,1,1
6854,FBgn0002869,2,0
6854,FBgn0038790,2,0
6855,FBgn0053306,1,1
6856,FBgn0029903,1,1
6858,FBgn0036297,1,1
6859,FBgn0035606,1,1
6860,FBgn0028418,1,1
6861,FBgn0024189,2,0
6861,FBgn0029082,2,0
6862,FBgn0037548,1,1
6863,FBgn0035918,1,1
6864,FBgn0017397,1,1
6865,FBgn0036607,1,1
6866,FBgn0034978,1,1
6867,FBgn0030079,1,1
6868,FBgn0000147,1,1
6869,FBgn0025394,1,1
6870,FBgn0038247,1,1
6871,FBgn0001337,1,1
6872,FBgn0036687,1,1
6874,FBgn0037206,1,1
6875,FBgn0036569,1,1
6876,FBgn0051955,1,1
6877,FBgn0039472,1,1
6878,FBgn0013756,2,0
6878,FBgn0050069,2,0
6879,FBgn0053969,1,1
6880,FBgn0035316,1,1
6881,FBgn0038157,1,1
6882,FBgn0040700,1,1
6884,FBgn0036594,1,1
6885,FBgn0032779,1,1
6886,FBgn0043578,1,1
6887,FBgn0030804,1,1
6888,FBgn0027527,1,1
6889,FBgn0029502,1,1
6890,FBgn0037833,1,1
6892,FBgn0033809,1,1
6893,FBgn0035911,1,1
6894,FBgn0023211,1,1
6895,FBgn0050271,1,1
6896,FBgn0019936,1,1
6897,FBgn0051004,1,1
6898,FBgn0039261,1,1
6899,FBgn0030167,1,1
6901,FBgn0004897,2,0
6901,FBgn0004898,2,0
6902,FBgn0038448,2,0
6902,FBgn0051106,2,0
6903,FBgn0034418,1,1
6904,FBgn0039068,1,1
6905,FBgn0035733,1,1
6906,FBgn0042641,1,1
6907,FBgn0050192,1,1
6908,FBgn0032234,1,1
6909,FBgn0030766,1,1
6910,FBgn0037797,1,1
6911,FBgn0031307,1,1
6913,FBgn0032224,2,0
6913,FBgn0051718,2,0
6914,FBgn0037235,1,1
6915,FBgn0017577,1,1
6916,FBgn0028699,1,1
6917,FBgn0028683,1,1
6920,FBgn0050161,1,1
6921,FBgn0050281,1,1
6922,FBgn0034202,1,1
6923,FBgn0031969,1,1
6924,FBgn0028482,1,1
6925,FBgn0036849,1,1
6926,FBgn0033429,1,1
6927,FBgn0036909,1,1
6928,FBgn0053769,1,1
6929,FBgn0032797,1,1
6931,FBgn0039619,1,1
6932,FBgn0031718,1,1
6933,FBgn0034328,1,1
6934,FBgn0011769,1,1
6935,FBgn0041247,1,1
6936,FBgn0031145,2,0
6936,FBgn0032680,2,0
6937,FBgn0050274,1,1
6938,FBgn0033086,1,1
6941,FBgn0034622,1,1
6942,FBgn0000473,2,0
6942,FBgn0033102,2,0
6943,FBgn0032922,1,1
6944,FBgn0010395,1,1
6945,FBgn0030495,1,1
6946,FBgn0051126,1,1
6947,FBgn0035452,1,1
6948,FBgn0033979,2,0
6948,FBgn0033980,2,0
6950,FBgn0037250,1,1
6951,FBgn0043457,1,1
6952,FBgn0041245,1,1
6953,FBgn0033154,1,1
6954,FBgn0000394,1,1
6955,FBgn0033423,1,1
6956,FBgn0037304,1,1
6957,FBgn0037858,1,1
6958,FBgn0036936,1,1
6959,FBgn0028669,1,1
6960,FBgn0028852,1,1
6961,FBgn0014465,1,1
6962,FBgn0029662,1,1
6963,FBgn0032974,1,1
6965,FBgn0027535,1,1
6966,FBgn0034283,1,1
6967,FBgn0052068,1,1
6968,FBgn0053181,1,1
6969,FBgn0000425,1,1
6970,FBgn0032669,1,1
6971,FBgn0030162,1,1
6972,FBgn0034001,1,1
6973,FBgn0008635,1,1
6974,FBgn0041246,1,1
6975,FBgn0020369,2,0
6975,FBgn0039788,2,0
6976,FBgn0038796,1,1
6978,FBgn0037236,1,1
6979,FBgn0042129,1,1
6980,FBgn0037972,1,1
6981,FBgn0024921,2,0
6981,FBgn0035693,2,0
6982,FBgn0032487,1,1
6983,FBgn0039155,1,1
6984,FBgn0037471,1,1
6985,FBgn0024943,1,1
6986,FBgn0028675,2,0
6986,FBgn0051874,2,0
6987,FBgn0051926,1,1
6988,FBgn0036046,1,1
6989,FBgn0038977,1,1
6990,FBgn0003475,1,1
6991,FBgn0037954,1,1
6992,FBgn0037294,1,1
6993,FBgn0035955,1,1
6994,FBgn0028888,1,1
6995,FBgn0038592,1,1
6996,FBgn0036564,1,1
6997,FBgn0052196,1,1
6998,FBgn0029696,1,1
7000,FBgn0010417,1,1
7001,FBgn0035593,1,1
7002,FBgn0004436,1,1
7003,FBgn0036218,1,1
7004,FBgn0033516,3,0
7004,FBgn0053476,3,0
7004,FBgn0053477,3,0
7006,FBgn0063924,1,1
7007,FBgn0029148,1,1
7008,FBgn0043900,1,1
7009,FBgn0031082,1,1
7010,FBgn0037630,1,1
7011,FBgn0025674,1,1
7015,FBgn0035385,1,1
7016,FBgn0034681,1,1
7017,FBgn0031005,1,1
7018,FBgn0002856,1,1
7019,FBgn0039611,1,1
7020,FBgn0005533,1,1
7021,FBgn0050381,1,1
7022,FBgn0022023,1,1
7023,FBgn0037999,1,1
7024,FBgn0026391,2,0
7024,FBgn0026392,2,0
7025,FBgn0002891,1,1
7026,FBgn0002707,1,1
7027,FBgn0036111,1,1
7028,FBgn0041092,1,1
7029,FBgn0034161,1,1
7030,FBgn0050197,1,1
7032,FBgn0029525,1,1
7033,FBgn0040505,1,1
7034,FBgn0032847,1,1
7035,FBgn0031224,1,1
7036,FBgn0053455,1,1
7037,FBgn0030715,1,1
7038,FBgn0020280,1,1
7039,FBgn0036946,1,1
7040,FBgn0034538,1,1
7042,FBgn0033380,1,1
7043,FBgn0033823,1,1
7044,FBgn0039311,1,1
7045,FBgn0034264,1,1
7046,FBgn0035202,1,1
7047,FBgn0039339,1,1
7048,FBgn0003896,1,1
7049,FBgn0050438,1,1
7050,FBgn0035338,1,1
7051,FBgn0011640,1,1
7052,FBgn0035094,1,1
7054,FBgn0039620,1,1
7055,FBgn0037010,1,1
7056,FBgn0033348,1,1
7057,FBgn0036039,1,1
7058,FBgn0037798,1,1
7059,FBgn0035109,1,1
7060,FBgn0034392,1,1
7061,FBgn0033388,1,1
7062,FBgn0028387,1,1
7063,FBgn0028383,1,1
7064,FBgn0038684,1,1
7065,FBgn0039482,1,1
7066,FBgn0035438,1,1
7067,FBgn0031853,1,1
7069,FBgn0002914,1,1
7071,FBgn0000319,1,1
7072,FBgn0034592,1,1
7073,FBgn0011297,1,1
7074,FBgn0031832,1,1
7076,FBgn0027786,1,1
7077,FBgn0025790,1,1
7078,FBgn0051407,1,1
7079,FBgn0053556,1,1
7080,FBgn0037898,1,1
7081,FBgn0025631,1,1
7082,FBgn0010223,1,1
7083,FBgn0011013,1,1
7084,FBgn0036609,1,1
7086,FBgn0034974,1,1
7087,FBgn0037076,1,1
7088,FBgn0024987,1,1
7090,FBgn0037226,1,1
7091,FBgn0053257,1,1
7093,FBgn0035325,1,1
7094,FBgn0027518,1,1
7095,FBgn0039089,1,1
7096,FBgn0026761,1,1
7097,FBgn0030741,1,1
7098,FBgn0039752,1,1
7099,FBgn0036316,1,1
7100,FBgn0053644,2,0
7100,FBgn0053647,2,0
7101,FBgn0034094,1,1
7103,FBgn0040827,1,1
7104,FBgn0035367,1,1
7105,FBgn0030739,1,1
7106,FBgn0034551,1,1
7107,FBgn0033522,1,1
7108,FBgn0030220,1,1
7109,FBgn0036379,1,1
7110,FBgn0026375,1,1
7111,FBgn0040512,1,1
7112,FBgn0032193,1,1
7113,FBgn0035049,1,1
7114,FBgn0035024,1,1
7115,FBgn0041224,1,1
7117,FBgn0014135,1,1
7119,FBgn0031351,1,1
7120,FBgn0036282,1,1
7121,FBgn0037534,1,1
7122,FBgn0032900,1,1
7123,FBgn0036835,1,1
7124,FBgn0036237,1,1
7125,FBgn0032453,1,1
7126,FBgn0022985,1,1
7128,FBgn0034672,1,1
7129,FBgn0032160,1,1
7130,FBgn0032506,1,1
7131,FBgn0028399,1,1
7132,FBgn0050039,1,1
7133,FBgn0015954,1,1
7134,FBgn0038172,1,1
7135,FBgn0040658,1,1
7136,FBgn0033630,1,1
7137,FBgn0029779,1,1
7139,FBgn0039202,1,1
7140,FBgn0037021,1,1
7141,FBgn0037481,1,1
7142,FBgn0039560,1,1
7143,FBgn0035027,1,1
7144,FBgn0000274,1,1
7145,FBgn0015032,1,1
7146,FBgn0037489,1,1
7147,FBgn0026147,2,0
7147,FBgn0031574,2,0
7148,FBgn0036476,1,1
7149,FBgn0036484,1,1
7150,FBgn0034012,1,1
7152,FBgn0020623,1,1
7153,FBgn0030846,1,1
7154,FBgn0034176,1,1
7155,FBgn0051865,2,0
7155,FBgn0051866,2,0
7156,FBgn0000064,1,1
7157,FBgn0053527,1,1
7158,FBgn0038791,1,1
7159,FBgn0030448,1,1
7160,FBgn0033115,1,1
7162,FBgn0032731,1,1
7163,FBgn0014963,1,1
7164,FBgn0036587,1,1
7165,FBgn0001205,1,1
7166,FBgn0013983,1,1
7167,FBgn0051538,1,1
7169,FBgn0013746,1,1
7171,FBgn0052269,1,1
7172,FBgn0030469,1,1
7174,FBgn0039685,1,1
7175,FBgn0038753,1,1
7176,FBgn0034761,1,1
7177,FBgn0004368,2,0
7177,FBgn0004370,2,0
7178,FBgn0050158,1,1
7179,FBgn0000492,1,1
7181,FBgn0050502,1,1
7183,FBgn0029805,1,1
7184,FBgn0036581,1,1
7186,FBgn0028427,1,1
7187,FBgn0037083,1,1
7188,FBgn0010215,1,1
7189,FBgn0031122,1,1
7190,FBgn0024989,1,1
7191,FBgn0036192,1,1
7192,FBgn0038814,1,1
7193,FBgn0027542,1,1
7196,FBgn0017482,1,1
7197,FBgn0003656,1,1
7199,FBgn0039346,1,1
7200,FBgn0038400,1,1
7201,FBgn0026562,1,1
7202,FBgn0035644,1,1
7203,FBgn0045479,1,1
7206,FBgn0033286,1,1
7207,FBgn0010114,1,1
7211,FBgn0051723,1,1
7212,FBgn0031232,1,1
7214,FBgn0025740,2,0
7214,FBgn0025741,2,0
7215,FBgn0031262,1,1
7218,FBgn0004363,1,1
7219,FBgn0036547,1,1
7221,FBgn0038742,1,1
7222,FBgn0029531,1,1
7223,FBgn0036216,1,1
7224,FBgn0039770,1,1
7225,FBgn0031719,1,1
7226,FBgn0051198,1,1
7227,FBgn0066365,1,1
7228,FBgn0027949,1,1
7230,FBgn0033458,1,1
7231,FBgn0031895,1,1
7233,FBgn0037015,1,1
7234,FBgn0031323,1,1
7236,FBgn0000121,1,1
7237,FBgn0028535,1,1
7238,FBgn0032008,1,1
7239,FBgn0036600,1,1
7240,FBgn0038275,1,1
7241,FBgn0034515,1,1
7242,FBgn0031812,1,1
7243,FBgn0052259,1,1
7244,FBgn0039715,1,1
7245,FBgn0053936,1,1
7246,FBgn0031736,1,1
7247,FBgn0025613,1,1
7248,FBgn0034248,1,1
7249,FBgn0035622,1,1
7251,FBgn0052544,1,1
7253,FBgn0027074,1,1
7254,FBgn0052574,1,1
7255,FBgn0031285,1,1
7256,FBgn0032075,1,1
7257,FBgn0051235,1,1
7258,FBgn0030286,1,1
7259,FBgn0001967,1,1
7260,FBgn0032168,1,1
7261,FBgn0036254,1,1
7262,FBgn0038863,1,1
7263,FBgn0029003,1,1
7264,FBgn0020392,1,1
7265,FBgn0030148,1,1
7266,FBgn0035042,1,1
7267,FBgn0038586,1,1
7268,FBgn0030771,1,1
7271,FBgn0029661,1,1
7272,FBgn0039129,1,1
7273,FBgn0035537,1,1
7274,FBgn0031458,1,1
7275,FBgn0039277,1,1
7276,FBgn0030292,1,1
7277,FBgn0031858,1,1
7278,FBgn0033196,1,1
7279,FBgn0033571,1,1
7280,FBgn0032339,1,1
7281,FBgn0031763,1,1
7283,FBgn0004169,1,1
7284,FBgn0036038,1,1
7285,FBgn0028685,2,0
7285,FBgn0036224,2,0
7286,FBgn0015777,1,1
7287,FBgn0033732,1,1
7288,FBgn0034914,1,1
7289,FBgn0031181,3,0
7289,FBgn0039080,3,0
7289,FBgn0051225,3,0
7290,FBgn0034763,1,1
7293,FBgn0038427,1,1
7294,FBgn0025687,1,1
7295,FBgn0038482,1,1
7297,FBgn0029913,1,1
7298,FBgn0030054,1,1
7299,FBgn0031238,1,1
7300,FBgn0033039,1,1
7302,FBgn0016061,1,1
7303,FBgn0035196,1,1
7304,FBgn0053772,1,1
7305,FBgn0026320,1,1
7306,FBgn0032139,1,1
7307,FBgn0032646,1,1
7308,FBgn0031559,1,1
7309,FBgn0031855,1,1
7310,FBgn0036263,1,1
7311,FBgn0012066,1,1
7314,FBgn0037845,1,1
7315,FBgn0040751,1,1
7316,FBgn0033929,1,1
7319,FBgn0000229,1,1
7320,FBgn0033784,1,1
7321,FBgn0029974,1,1
7322,FBgn0033379,1,1
7323,FBgn0040064,1,1
7324,FBgn0037387,1,1
7325,FBgn0025827,2,0
7325,FBgn0034162,2,0
7326,FBgn0039201,1,1
7327,FBgn0036240,1,1
7328,FBgn0037572,1,1
7329,FBgn0000504,1,1
7330,FBgn0010621,1,1
7331,FBgn0035048,1,1
7333,FBgn0003060,1,1
7334,FBgn0032849,1,1
7335,FBgn0010421,1,1
7336,FBgn0028577,1,1
7337,FBgn0032132,1,1
7338,FBgn0033479,1,1
7339,FBgn0038205,1,1
7340,FBgn0036833,1,1
7341,FBgn0032745,1,1
7342,FBgn0036974,1,1
7343,FBgn0028539,1,1
7344,FBgn0032524,1,1
7345,FBgn0039139,1,1
7346,FBgn0035727,1,1
7348,FBgn0033315,1,1
7349,FBgn0051102,1,1
7350,FBgn0032982,2,0
7350,FBgn0032983,2,0
7351,FBgn0033347,1,1
7352,FBgn0028919,1,1
7353,FBgn0038881,1,1
7354,FBgn0063492,5,0
7354,FBgn0063493,5,0
7354,FBgn0063494,5,0
7354,FBgn0063495,5,0
7354,FBgn0063496,5,0
7355,FBgn0050081,1,1
7356,FBgn0003862,1,1
7358,FBgn0031834,1,1
7359,FBgn0037517,1,1
7361,FBgn0032663,1,1
7362,FBgn0031940,1,1
7364,FBgn0036922,1,1
7365,FBgn0035318,1,1
7366,FBgn0029684,1,1
7367,FBgn0039525,1,1
7368,FBgn0029950,2,0
7368,FBgn0037895,2,0
7369,FBgn0032625,1,1
7370,FBgn0051041,1,1
7373,FBgn0034505,1,1
7374,FBgn0054055,1,1
7375,FBgn0035915,2,0
7375,FBgn0052351,2,0
7376,FBgn0050181,1,1
7377,FBgn0030696,1,1
7378,FBgn0029961,2,0
7378,FBgn0030385,2,0
7379,FBgn0053160,1,1
7380,FBgn0037781,1,1
7381,FBgn0032006,1,1
7384,FBgn0030007,1,1
7385,FBgn0038804,1,1
7386,FBgn0031625,1,1
7388,FBgn0051118,1,1
7389,FBgn0032740,1,1
7390,FBgn0052548,1,1
7391,FBgn0051404,1,1
7392,FBgn0030684,2,0
7392,FBgn0033950,2,0
7393,FBgn0035592,1,1
7394,FBgn0052246,1,1
7395,FBgn0038098,1,1
7397,FBgn0039821,1,1
7398,FBgn0035473,1,1
7399,FBgn0051627,1,1
7401,FBgn0036960,1,1
7402,FBgn0038106,1,1
7404,FBgn0038401,1,1
7405,FBgn0000533,3,0
7405,FBgn0051411,3,0
7405,FBgn0051412,3,0
7406,FBgn0038706,1,1
7408,FBgn0051267,1,1
7409,FBgn0029663,1,1
7410,FBgn0052686,1,1
7411,FBgn0035355,1,1
7412,FBgn0035510,1,1
7413,FBgn0035868,1,1
7414,FBgn0035645,3,0
7414,FBgn0035647,3,0
7414,FBgn0035672,3,0
7415,FBgn0051716,1,1
7416,FBgn0035165,1,1
7417,FBgn0031861,1,1
7418,FBgn0037689,1,1
7419,FBgn0013753,1,1
7421,FBgn0039352,1,1
7422,FBgn0035570,1,1
7423,FBgn0061200,1,1
7424,FBgn0051120,1,1
7425,FBgn0040823,1,1
7426,FBgn0036954,1,1
7428,FBgn0016694,1,1
7429,FBgn0011591,1,1
7430,FBgn0028526,2,0
7430,FBgn0028905,2,0
7431,FBgn0003082,1,1
7432,FBgn0030504,1,1
7433,FBgn0031535,1,1
7435,FBgn0015828,1,1
7436,FBgn0040477,1,1
7437,FBgn0031664,1,1
7438,FBgn0033425,1,1
7439,FBgn0025800,1,1
7440,FBgn0037623,1,1
7441,FBgn0039691,1,1
7442,FBgn0036402,1,1
7444,FBgn0053977,1,1
7446,FBgn0034512,1,1
7447,FBgn0029660,1,1
7448,FBgn0000581,1,1
7449,FBgn0041579,1,1
7450,FBgn0000448,1,1
7451,FBgn0036278,1,1
7452,FBgn0037792,1,1
7454,FBgn0035006,1,1
7455,FBgn0001941,1,1
7457,FBgn0051690,1,1
7458,FBgn0054035,1,1
7460,FBgn0034364,1,1
7461,FBgn0035865,1,1
7462,FBgn0052412,1,1
7463,FBgn0038087,1,1
7464,FBgn0036492,1,1
7465,FBgn0032872,1,1
7466,FBgn0035153,1,1
7467,FBgn0035667,1,1
7468,FBgn0004863,4,0
7468,FBgn0014858,4,0
7468,FBgn0038522,4,0
7468,FBgn0038852,4,0
7469,FBgn0037166,1,1
7470,FBgn0026317,1,1
7471,FBgn0031408,1,1
7474,FBgn0032424,2,0
7474,FBgn0043904,2,0
7475,FBgn0031670,1,1
7476,FBgn0011758,1,1
7477,FBgn0032016,1,1
7479,FBgn0011746,1,1
7480,FBgn0053056,1,1
7481,FBgn0039882,1,1
7482,FBgn0036356,1,1
7483,FBgn0033727,1,1
7485,FBgn0050496,1,1
7486,FBgn0039332,1,1
7489,FBgn0037223,1,1
7490,FBgn0001084,1,1
7491,FBgn0031325,1,1
7493,FBgn0052651,1,1
7494,FBgn0010340,1,1
7495,FBgn0028428,1,1
7496,FBgn0019686,1,1
7497,FBgn0032111,2,0
7497,FBgn0051347,2,0
7498,FBgn0033844,1,1
7499,FBgn0035475,1,1
7500,FBgn0035995,1,1
7501,FBgn0036746,1,1
7502,FBgn0010803,1,1
7503,FBgn0034133,1,1
7504,FBgn0000206,1,1
7505,FBgn0002989,1,1
7506,FBgn0031620,2,0
7506,FBgn0031626,2,0
7508,FBgn0050379,1,1
7510,FBgn0051902,1,1
7512,FBgn0023197,1,1
7513,FBgn0036504,1,1
7515,FBgn0038505,1,1
7517,FBgn0016036,1,1
7518,FBgn0027553,1,1
7520,FBgn0051635,1,1
7521,FBgn0023180,1,1
7522,FBgn0033153,1,1
7524,FBgn0004586,1,1
7526,FBgn0039445,1,1
7528,FBgn0011291,1,1
7529,FBgn0038939,1,1
7531,FBgn0038128,1,1
7532,FBgn0051787,1,1
7533,FBgn0029846,1,1
7534,FBgn0036330,1,1
7535,FBgn0034351,1,1
7536,FBgn0001078,1,1
7537,FBgn0037720,1,1
7538,FBgn0001089,1,1
7539,FBgn0031428,1,1
7540,FBgn0032906,1,1
7541,FBgn0010774,1,1
7542,FBgn0033280,1,1
7543,FBgn0032345,1,1
7546,FBgn0035625,1,1
7547,FBgn0040571,1,1
7548,FBgn0031591,1,1
7549,FBgn0034755,1,1
7550,FBgn0031821,1,1
7551,FBgn0033613,1,1
7552,FBgn0036853,1,1
7553,FBgn0051647,1,1
7554,FBgn0038464,1,1
7555,FBgn0030556,1,1
7556,FBgn0032170,1,1
7557,FBgn0038795,1,1
7558,FBgn0053312,1,1
7559,FBgn0003716,1,1
7560,FBgn0030018,1,1
7561,FBgn0052982,1,1
7562,FBgn0036110,1,1
7563,FBgn0037151,1,1
7564,FBgn0027525,1,1
7565,FBgn0035040,1,1
7566,FBgn0035853,1,1
7567,FBgn0031422,1,1
7569,FBgn0032057,1,1
7570,FBgn0036291,1,1
7571,FBgn0030572,1,1
7573,FBgn0052409,1,1
7574,FBgn0038915,1,1
7575,FBgn0011476,1,1
7576,FBgn0039907,1,1
7577,FBgn0035208,1,1
7578,FBgn0030655,1,1
7579,FBgn0051482,1,1
7580,FBgn0042645,2,0
7580,FBgn0051285,2,0
7581,FBgn0030256,1,1
7582,FBgn0052048,1,1
7583,FBgn0034939,1,1
7585,FBgn0040344,1,1
7586,FBgn0032964,1,1
7587,FBgn0031720,1,1
7588,FBgn0000416,1,1
7589,FBgn0000376,1,1
7590,FBgn0025937,1,1
7591,FBgn0022700,1,1
7592,FBgn0026578,1,1
7593,FBgn0033762,1,1
7594,FBgn0030353,1,1
7595,FBgn0038088,1,1
7596,FBgn0034731,1,1
7597,FBgn0034810,1,1
7598,FBgn0003009,1,1
7599,FBgn0035420,1,1
7600,FBgn0036465,1,1
7601,FBgn0053768,1,1
7602,FBgn0025457,1,1
7603,FBgn0033605,1,1
7604,FBgn0035805,1,1
7605,FBgn0001247,1,1
7606,FBgn0039831,1,1
7607,FBgn0037152,1,1
7608,FBgn0031069,1,1
7609,FBgn0034825,1,1
7610,FBgn0036620,1,1
7612,FBgn0061492,1,1
7613,FBgn0030410,1,1
7614,FBgn0024179,1,1
7615,FBgn0033724,1,1
7616,FBgn0052304,1,1
7618,FBgn0002709,2,0
7618,FBgn0028581,2,0
7619,FBgn0051089,1,1
7620,FBgn0032455,1,1
7621,FBgn0051933,1,1
7622,FBgn0051005,1,1
7623,FBgn0024177,1,1
7624,FBgn0038927,1,1
7625,FBgn0030511,2,0
7625,FBgn0032436,2,0
7626,FBgn0050118,1,1
7627,FBgn0033819,1,1
7628,FBgn0030439,1,1
7629,FBgn0013347,1,1
7631,FBgn0025743,1,1
7632,FBgn0026634,1,1
7633,FBgn0031872,2,0
7633,FBgn0040388,2,0
7634,FBgn0033289,1,1
7635,FBgn0021796,1,1
7636,FBgn0040075,1,1
7637,FBgn0013269,1,1
7638,FBgn0030693,1,1
7639,FBgn0034507,1,1
7640,FBgn0003986,1,1
7641,FBgn0040689,1,1
7642,FBgn0035711,1,1
7644,FBgn0037994,2,0
7644,FBgn0040227,2,0
7647,FBgn0031509,1,1
7648,FBgn0052109,1,1
7649,FBgn0003482,1,1
7650,FBgn0039849,1,1
7651,FBgn0028878,1,1
7652,FBgn0003139,1,1
7654,FBgn0037917,1,1
7655,FBgn0032798,1,1
7656,FBgn0039025,1,1
7657,FBgn0031776,1,1
7658,FBgn0052379,1,1
7659,FBgn0040071,1,1
7660,FBgn0038256,1,1
7661,FBgn0031604,1,1
7662,FBgn0030801,1,1
7663,FBgn0036372,1,1
7664,FBgn0039179,1,1
7666,FBgn0046704,1,1
7667,FBgn0030722,1,1
7668,FBgn0034479,1,1
7669,FBgn0052230,1,1
7670,FBgn0034501,1,1
7671,FBgn0031357,1,1
7673,FBgn0030510,1,1
7674,FBgn0035598,1,1
7675,FBgn0037741,1,1
7676,FBgn0004401,1,1
7677,FBgn0028860,1,1
7678,FBgn0038067,1,1
7679,FBgn0038578,1,1
7681,FBgn0003285,2,0
7681,FBgn0028369,2,0
7682,FBgn0031196,1,1
7683,FBgn0011581,1,1
7685,FBgn0013576,1,1
7687,FBgn0034297,1,1
7688,FBgn0031520,1,1
7689,FBgn0036908,1,1
7691,FBgn0031710,1,1
7692,FBgn0039395,1,1
7693,FBgn0034856,1,1
7694,FBgn0014026,1,1
7695,FBgn0028433,1,1
7696,FBgn0039213,1,1
7697,FBgn0033052,1,1
7698,FBgn0011742,1,1
7699,FBgn0052221,1,1
7700,FBgn0029803,1,1
7701,FBgn0035544,1,1
7702,FBgn0030348,1,1
7703,FBgn0033800,1,1
7704,FBgn0025626,1,1
7705,FBgn0050441,1,1
7706,FBgn0032636,1,1
7707,FBgn0041342,1,1
7708,FBgn0003517,1,1
7710,FBgn0031967,1,1
7711,FBgn0015946,1,1
7713,FBgn0010408,1,1
7714,FBgn0027537,2,0
7714,FBgn0038274,2,0
7715,FBgn0034950,1,1
7716,FBgn0045468,1,1
7717,FBgn0040335,1,1
7718,FBgn0030269,1,1
7719,FBgn0015778,1,1
7720,FBgn0031611,1,1
7721,FBgn0003961,1,1
7722,FBgn0033817,1,1
7723,FBgn0035458,1,1
7724,FBgn0030834,1,1
7725,FBgn0042189,1,1
7726,FBgn0031254,1,1
7727,FBgn0030217,1,1
7728,FBgn0027594,1,1
7729,FBgn0032086,2,0
7729,FBgn0040964,2,0
7730,FBgn0011708,1,1
7731,FBgn0032785,1,1
7732,FBgn0037364,1,1
7733,FBgn0038686,1,1
7734,FBgn0031708,1,1
7736,FBgn0032700,1,1
7737,FBgn0030451,3,0
7737,FBgn0037455,3,0
7737,FBgn0039577,3,0
7738,FBgn0036576,2,0
7738,FBgn0052152,2,0
7739,FBgn0035039,1,1
7740,FBgn0002723,1,1
7741,FBgn0034398,1,1
7742,FBgn0004367,1,1
7744,FBgn0052065,1,1
7745,FBgn0054020,1,1
7746,FBgn0021856,1,1
7747,FBgn0030252,1,1
7748,FBgn0035397,1,1
7749,FBgn0036593,1,1
7750,FBgn0036893,1,1
7755,FBgn0034142,1,1
7756,FBgn0039107,1,1
7757,FBgn0031252,1,1
7759,FBgn0031213,1,1
7760,FBgn0027615,1,1
7761,FBgn0031894,1,1
7762,FBgn0036142,1,1
7763,FBgn0035921,1,1
7764,FBgn0038816,1,1
7766,FBgn0032342,1,1
7767,FBgn0051644,1,1
7768,FBgn0037381,1,1
7769,FBgn0032976,2,0
7769,FBgn0032978,2,0
7770,FBgn0032670,1,1
7771,FBgn0038727,1,1
7772,FBgn0035294,1,1
7773,FBgn0020510,1,1
7774,FBgn0052845,1,1
7775,FBgn0004870,1,1
7776,FBgn0036671,1,1
7777,FBgn0026324,1,1
7778,FBgn0050094,1,1
7780,FBgn0013759,1,1
7781,FBgn0050456,1,1
7782,FBgn0041244,1,1
7784,FBgn0035281,1,1
7785,FBgn0039718,1,1
7786,FBgn0033598,1,1
7787,FBgn0034354,1,1
7788,FBgn0020381,1,1
7789,FBgn0025692,1,1
7790,FBgn0037674,1,1
7791,FBgn0043577,1,1
7792,FBgn0004687,1,1
7793,FBgn0039203,1,1
7794,FBgn0051360,1,1
7796,FBgn0030476,1,1
7797,FBgn0035899,1,1
7798,FBgn0030254,1,1
7799,FBgn0000455,1,1
7800,FBgn0031407,1,1
7802,FBgn0039036,1,1
7804,FBgn0004879,1,1
7805,FBgn0011236,1,1
7806,FBgn0035832,1,1
7807,FBgn0032789,1,1
7808,FBgn0030776,1,1
7809,FBgn0040286,1,1
7810,FBgn0028528,2,0
7810,FBgn0053515,2,0
7811,FBgn0000287,1,1
7813,FBgn0032408,1,1
7816,FBgn0052543,1,1
7817,FBgn0035830,1,1
7818,FBgn0033138,1,1
7819,FBgn0015818,1,1
7820,FBgn0036072,1,1
7821,FBgn0035405,1,1
7823,FBgn0037643,1,1
7824,FBgn0011576,1,1
7825,FBgn0023441,1,1
7826,FBgn0031308,1,1
7827,FBgn0037357,1,1
7828,FBgn0052437,1,1
7829,FBgn0028948,1,1
7830,FBgn0000559,1,1
7831,FBgn0032945,1,1
7832,FBgn0029713,1,1
7833,FBgn0033494,1,1
7835,FBgn0038296,1,1
7836,FBgn0034455,1,1
7837,FBgn0050111,1,1
7838,FBgn0031361,1,1
7840,FBgn0035524,1,1
7841,FBgn0030520,1,1
7842,FBgn0037813,1,1
7845,FBgn0036206,1,1
7846,FBgn0003375,2,0
7846,FBgn0038523,2,0
7848,FBgn0001128,1,1
7850,FBgn0038692,1,1
7851,FBgn0003691,1,1
7852,FBgn0035767,1,1
7853,FBgn0032341,1,1
7854,FBgn0035210,1,1
7855,FBgn0052364,1,1
7856,FBgn0034459,2,0
7856,FBgn0039501,2,0
7857,FBgn0050147,1,1
7858,FBgn0050007,1,1
7859,FBgn0040256,1,1
7860,FBgn0034553,1,1
7861,FBgn0034311,1,1
7862,FBgn0034841,1,1
7863,FBgn0030331,1,1
7864,FBgn0053252,1,1
7865,FBgn0034537,1,1
7867,FBgn0034139,2,0
7867,FBgn0034796,2,0
7869,FBgn0030963,1,1
7870,FBgn0039331,1,1
7872,FBgn0036056,1,1
7873,FBgn0037947,1,1
7875,FBgn0038377,1,1
7876,FBgn0004657,1,1
7877,FBgn0005391,1,1
7878,FBgn0036808,1,1
7879,FBgn0028978,1,1
7880,FBgn0028696,1,1
7881,FBgn0027356,1,1
7883,FBgn0033649,1,1
7884,FBgn0000239,1,1
7885,FBgn0021895,1,1
7886,FBgn0035388,1,1
7888,FBgn0033782,1,1
7889,FBgn0011202,1,1
7890,FBgn0033508,1,1
7891,FBgn0034878,1,1
7892,FBgn0040752,1,1
7893,FBgn0036702,1,1
7894,FBgn0031876,1,1
7896,FBgn0033528,1,1
7897,FBgn0040660,1,1
7899,FBgn0033556,1,1
7900,FBgn0039204,1,1
7901,FBgn0010109,1,1
7902,FBgn0003514,1,1
7903,FBgn0033038,1,1
7904,FBgn0039130,1,1
7906,FBgn0035603,1,1
7907,FBgn0034948,1,1
7910,FBgn0034885,1,1
7911,FBgn0040390,1,1
7912,FBgn0039733,1,1
7914,FBgn0037501,1,1
7915,FBgn0032192,1,1
7916,FBgn0031139,2,0
7916,FBgn0033461,2,0
7917,FBgn0039136,1,1
7918,FBgn0036768,1,1
7919,FBgn0039489,1,1
7920,FBgn0028841,1,1
7921,FBgn0032805,1,1
7922,FBgn0030354,1,1
7923,FBgn0051330,1,1
7924,FBgn0029837,1,1
7925,FBgn0038405,1,1
7926,FBgn0038989,1,1
7929,FBgn0032499,1,1
7930,FBgn0026250,1,1
7931,FBgn0017457,1,1
7932,FBgn0001087,1,1
7934,FBgn0014092,1,1
7935,FBgn0013764,1,1
7936,FBgn0037625,1,1
7937,FBgn0052778,2,0
7937,FBgn0052790,2,0
7938,FBgn0035528,1,1
7939,FBgn0031476,1,1
7940,FBgn0034491,1,1
7941,FBgn0000392,1,1
7942,FBgn0065032,1,1
7943,FBgn0003165,1,1
7944,FBgn0036821,1,1
7945,FBgn0031868,1,1
7946,FBgn0031893,1,1
7947,FBgn0054017,1,1
7948,FBgn0040883,1,1
7949,FBgn0035028,1,1
7950,FBgn0031628,1,1
7951,FBgn0030969,1,1
7953,FBgn0039077,1,1
7954,FBgn0038597,1,1
7955,FBgn0033515,4,0
7955,FBgn0051164,4,0
7955,FBgn0051423,4,0
7955,FBgn0051424,4,0
7956,FBgn0043783,1,1
7957,FBgn0004646,1,1
7958,FBgn0051422,1,1
7959,FBgn0025679,1,1
7960,FBgn0035199,1,1
7961,FBgn0039503,1,1
7962,FBgn0039810,1,1
7963,FBgn0036320,1,1
7964,FBgn0033735,1,1
7965,FBgn0030899,1,1
7966,FBgn0003373,1,1
7967,FBgn0030773,1,1
7969,FBgn0029930,1,1
7971,FBgn0030662,1,1
7972,FBgn0030099,1,1
7973,FBgn0023415,1,1
7974,FBgn0035511,3,0
7974,FBgn0035512,3,0
7974,FBgn0038714,3,0
7975,FBgn0032820,1,1
7976,FBgn0031683,1,1
7977,FBgn0034071,1,1
7978,FBgn0023077,1,1
7979,FBgn0031094,1,1
7980,FBgn0038293,1,1
7981,FBgn0030886,1,1
7982,FBgn0034361,1,1
7983,FBgn0038135,3,0
7983,FBgn0038136,3,0
7983,FBgn0052473,3,0
7985,FBgn0004856,1,1
7986,FBgn0033775,1,1
7987,FBgn0004650,1,1
7988,FBgn0036423,1,1
7989,FBgn0040575,1,1
7990,FBgn0038404,1,1
7991,FBgn0033447,1,1
7992,FBgn0037254,1,1
7993,FBgn0034865,1,1
7994,FBgn0032966,1,1
7995,FBgn0023081,1,1
7996,FBgn0031707,1,1
7997,FBgn0028950,1,1
7998,FBgn0050462,1,1
7999,FBgn0039820,1,1
8000,FBgn0036667,1,1
8001,FBgn0035532,1,1
8002,FBgn0038761,1,1
8003,FBgn0038908,1,1
8005,FBgn0003116,1,1
8006,FBgn0043470,1,1
8007,FBgn0038468,1,1
8008,FBgn0003710,1,1
8009,FBgn0027057,1,1
8010,FBgn0036235,1,1
8011,FBgn0052195,1,1
8012,FBgn0033274,1,1
8013,FBgn0037384,1,1
8014,FBgn0029723,1,1
8015,FBgn0035265,1,1
8016,FBgn0054008,1,1
8017,FBgn0040795,1,1
8018,FBgn0050463,1,1
8019,FBgn0034131,1,1
8020,FBgn0031381,1,1
8022,FBgn0037238,1,1
8023,FBgn0052528,1,1
8024,FBgn0027280,1,1
8025,FBgn0033672,1,1
8026,FBgn0032194,1,1
8027,FBgn0052792,1,1
8030,FBgn0016983,1,1
8031,FBgn0038596,1,1
8032,FBgn0032236,1,1
8033,FBgn0036360,1,1
8034,FBgn0034099,1,1
8035,FBgn0050426,1,1
8036,FBgn0025834,2,0
8036,FBgn0052798,2,0
8037,FBgn0003275,1,1
8038,FBgn0038332,1,1
8039,FBgn0033221,1,1
8040,FBgn0031466,1,1
8041,FBgn0036250,1,1
8042,FBgn0026384,1,1
8043,FBgn0053303,1,1
8044,FBgn0015218,3,0
8044,FBgn0035709,3,0
8044,FBgn0040368,3,0
8045,FBgn0033795,1,1
8046,FBgn0003891,1,1
8047,FBgn0033985,1,1
8048,FBgn0038956,1,1
8049,FBgn0037544,1,1
8050,FBgn0023001,1,1
8051,FBgn0038643,1,1
8052,FBgn0023509,1,1
8054,FBgn0025629,1,1
8055,FBgn0003751,1,1
8056,FBgn0031052,1,1
8057,FBgn0037073,1,1
8058,FBgn0034058,1,1
8059,FBgn0052240,1,1
8060,FBgn0026262,1,1
8061,FBgn0037065,1,1
8062,FBgn0053792,1,1
8063,FBgn0033421,1,1
8064,FBgn0002607,1,1
8065,FBgn0035065,1,1
8066,FBgn0038996,1,1
8068,FBgn0039908,1,1
8069,FBgn0024689,1,1
8070,FBgn0053113,1,1
8072,FBgn0036298,1,1
8073,FBgn0011739,1,1
8074,FBgn0032209,1,1
8075,FBgn0036822,1,1
8076,FBgn0025111,1,1
8077,FBgn0052190,1,1
8079,FBgn0036812,1,1
8080,FBgn0024314,1,1
8081,FBgn0038122,1,1
8082,FBgn0028873,1,1
8083,FBgn0002962,1,1
8084,FBgn0035114,1,1
8085,FBgn0042098,1,1
8086,FBgn0030386,1,1
8088,FBgn0014464,1,1
8089,FBgn0039842,1,1
8090,FBgn0024963,1,1
8091,FBgn0038206,1,1
8092,FBgn0030542,1,1
8093,FBgn0040093,1,1
8094,FBgn0035905,1,1
8095,FBgn0030925,3,0
8095,FBgn0030926,3,0
8095,FBgn0052547,3,0
8096,FBgn0037293,1,1
8097,FBgn0037949,1,1
8098,FBgn0050122,1,1
8099,FBgn0032972,1,1
8100,FBgn0020254,1,1
8101,FBgn0036766,1,1
8102,FBgn0039828,1,1
8103,FBgn0051287,1,1
8104,FBgn0029749,1,1
8105,FBgn0051148,1,1
8106,FBgn0032503,1,1
8107,FBgn0064126,1,1
8112,FBgn0040931,1,1
8113,FBgn0052781,1,1
8114,FBgn0037752,2,0
8114,FBgn0037753,2,0
8115,FBgn0028738,1,1
8116,FBgn0037529,1,1
8118,FBgn0030334,1,1
8119,FBgn0010715,1,1
8120,FBgn0034413,1,1
8122,FBgn0032084,1,1
8123,FBgn0031491,1,1
8124,FBgn0032237,1,1
8125,FBgn0040679,1,1
8126,FBgn0001186,1,1
8127,FBgn0004895,1,1
8128,FBgn0036203,1,1
8129,FBgn0038166,1,1
8130,FBgn0021875,1,1
8131,FBgn0031566,1,1
8133,FBgn0054019,1,1
8134,FBgn0032402,1,1
8136,FBgn0000024,1,1
8137,FBgn0032896,1,1
8139,FBgn0043903,1,1
8140,FBgn0027497,1,1
8141,FBgn0026263,1,1
8143,FBgn0036623,1,1
8144,FBgn0004654,1,1
8145,FBgn0038971,1,1
8146,FBgn0002609,1,1
8147,FBgn0030855,1,1
8148,FBgn0031512,1,1
8149,FBgn0034931,1,1
8150,FBgn0037650,1,1
8151,FBgn0051788,1,1
8152,FBgn0033628,1,1
8153,FBgn0031265,1,1
8154,FBgn0033273,1,1
8155,FBgn0030086,1,1
8156,FBgn0010296,1,1
8157,FBgn0030573,1,1
8158,FBgn0010387,1,1
8159,FBgn0052406,1,1
8160,FBgn0028940,3,0
8160,FBgn0031688,3,0
8160,FBgn0031689,3,0
8161,FBgn0040622,1,1
8162,FBgn0039898,1,1
8164,FBgn0034511,1,1
8165,FBgn0039250,1,1
8166,FBgn0033934,1,1
8167,FBgn0010406,1,1
8168,FBgn0031041,1,1
8169,FBgn0026257,1,1
8172,FBgn0011361,1,1
8173,FBgn0032483,1,1
8174,FBgn0031697,1,1
8175,FBgn0050085,1,1
8176,FBgn0029864,1,1
8177,FBgn0020257,1,1
8178,FBgn0039301,1,1
8179,FBgn0027790,1,1
8181,FBgn0036676,1,1
8183,FBgn0026876,1,1
8184,FBgn0034688,1,1
8185,FBgn0039297,1,1
8186,FBgn0037561,1,1
8187,FBgn0039024,1,1
8189,FBgn0028899,1,1
8190,FBgn0041094,1,1
8193,FBgn0034100,1,1
8194,FBgn0030904,1,1
8195,FBgn0038339,1,1
8196,FBgn0053158,1,1
8197,FBgn0030375,1,1
8198,FBgn0052635,1,1
8199,FBgn0030120,1,1
8201,FBgn0039258,1,1
8202,FBgn0031900,1,1
8203,FBgn0031768,1,1
8204,FBgn0037730,1,1
8205,FBgn0034335,1,1
8207,FBgn0052137,1,1
8208,FBgn0035144,1,1
8209,FBgn0032116,1,1
8211,FBgn0051901,1,1
8212,FBgn0034626,1,1
8215,FBgn0002920,2,0
8215,FBgn0003036,2,0
8216,FBgn0015586,1,1
8218,FBgn0053182,1,1
8219,FBgn0051663,1,1
8221,FBgn0026174,2,0
8221,FBgn0026175,2,0
8222,FBgn0010380,1,1
8223,FBgn0040922,1,1
8224,FBgn0038397,1,1
8225,FBgn0034037,1,1
8226,FBgn0001187,1,1
8228,FBgn0033392,1,1
8229,FBgn0003037,1,1
8230,FBgn0033903,1,1
8231,FBgn0030605,1,1
8232,FBgn0035633,1,1
8234,FBgn0025456,1,1
8235,FBgn0014029,2,0
8235,FBgn0026361,2,0
8236,FBgn0032913,1,1
8237,FBgn0017565,1,1
8238,FBgn0025700,1,1
8240,FBgn0038250,1,1
8241,FBgn0029849,1,1
8242,FBgn0037653,1,1
8243,FBgn0033234,1,1
8244,FBgn0000094,1,1
8245,FBgn0039695,1,1
8246,FBgn0031851,1,1
8247,FBgn0036905,1,1
8249,FBgn0024740,1,1
8251,FBgn0035207,1,1
8252,FBgn0029882,1,1
8253,FBgn0038002,1,1
8254,FBgn0031536,1,1
8255,FBgn0028398,1,1
8256,FBgn0033990,1,1
8257,FBgn0038764,1,1
8258,FBgn0037684,1,1
8260,FBgn0054053,1,1
8261,FBgn0030330,1,1
8262,FBgn0036202,1,1
8264,FBgn0052392,1,1
8265,FBgn0028415,2,0
8265,FBgn0028416,2,0
8266,FBgn0036486,1,1
8267,FBgn0035421,1,1
8269,FBgn0024211,1,1
8271,FBgn0037436,1,1
8272,FBgn0034027,1,1
8273,FBgn0035656,1,1
8274,FBgn0037853,1,1
8275,FBgn0036099,1,1
8277,FBgn0039031,1,1
8278,FBgn0030443,1,1
8279,FBgn0038092,1,1
8280,FBgn0028514,11,0
8280,FBgn0028517,11,0
8280,FBgn0028864,11,0
8280,FBgn0031470,11,0
8280,FBgn0031471,11,0
8280,FBgn0032213,11,0
8280,FBgn0032638,11,0
8280,FBgn0035496,11,0
8280,FBgn0050374,11,0
8280,FBgn0051780,11,0
8280,FBgn0051827,11,0
8281,FBgn0027085,1,1
8283,FBgn0025573,1,1
8284,FBgn0052441,1,1
8285,FBgn0034031,1,1
8286,FBgn0039037,1,1
8287,FBgn0033631,1,1
8288,FBgn0034135,1,1
8289,FBgn0035609,1,1
8290,FBgn0039626,1,1
8291,FBgn0032318,1,1
8293,FBgn0011766,1,1
8294,FBgn0040755,1,1
8295,FBgn0033095,1,1
8296,FBgn0034566,1,1
8297,FBgn0034291,2,0
8297,FBgn0034292,2,0
8298,FBgn0035760,1,1
8299,FBgn0035776,1,1
8300,FBgn0029095,1,1
8301,FBgn0010516,1,1
8302,FBgn0031786,1,1
8303,FBgn0031440,1,1
8304,FBgn0033481,1,1
8305,FBgn0030208,1,1
8306,FBgn0012034,1,1
8308,FBgn0033385,1,1
8309,FBgn0050413,1,1
8310,FBgn0034713,1,1
8311,FBgn0029955,1,1
8312,FBgn0038227,1,1
8314,FBgn0032454,1,1
8315,FBgn0027107,1,1
8316,FBgn0051641,1,1
8317,FBgn0031437,1,1
8318,FBgn0032916,1,1
8320,FBgn0032588,1,1
8321,FBgn0029975,1,1
8322,FBgn0030622,1,1
8323,FBgn0063498,1,1
8324,FBgn0053094,1,1
8325,FBgn0031182,1,1
8326,FBgn0036510,1,1
8328,FBgn0037535,1,1
8329,FBgn0034802,1,1
8330,FBgn0050156,1,1
8331,FBgn0053696,1,1
8332,FBgn0039228,1,1
8333,FBgn0038839,1,1
8334,FBgn0041607,1,1
8335,FBgn0028484,1,1
8336,FBgn0038119,2,0
8336,FBgn0038120,2,0
8337,FBgn0041195,1,1
8339,FBgn0014018,1,1
8341,FBgn0029692,1,1
8343,FBgn0037050,1,1
8344,FBgn0036482,1,1
8346,FBgn0033681,1,1
8347,FBgn0028563,1,1
8348,FBgn0011206,1,1
8349,FBgn0035934,1,1
8350,FBgn0003744,1,1
8353,FBgn0038986,1,1
8354,FBgn0038364,1,1
8356,FBgn0032311,1,1
8358,FBgn0026878,1,1
8359,FBgn0033285,1,1
8360,FBgn0031359,1,1
8361,FBgn0039285,1,1
8362,FBgn0025815,1,1
8363,FBgn0028918,1,1
8364,FBgn0037325,1,1
8365,FBgn0039234,1,1
8366,FBgn0032843,2,0
8366,FBgn0035216,2,0
8367,FBgn0031700,1,1
8368,FBgn0032087,1,1
8370,FBgn0038794,1,1
8372,FBgn0036155,1,1
8373,FBgn0038191,1,1
8374,FBgn0034308,1,1
8375,FBgn0037733,2,0
8375,FBgn0051352,2,0
8376,FBgn0023169,1,1
8377,FBgn0003980,1,1
8378,FBgn0029512,1,1
8379,FBgn0002789,1,1
8380,FBgn0041337,1,1
8382,FBgn0036188,1,1
8383,FBgn0002524,1,1
8384,FBgn0030529,1,1
8385,FBgn0043534,2,0
8385,FBgn0043535,2,0
8386,FBgn0036380,1,1
8387,FBgn0038271,1,1
8388,FBgn0011760,2,0
8388,FBgn0026141,2,0
8389,FBgn0038129,1,1
8390,FBgn0037696,1,1
8391,FBgn0003742,1,1
8392,FBgn0028497,1,1
8394,FBgn0033788,2,0
8394,FBgn0033789,2,0
8397,FBgn0034862,2,0
8397,FBgn0034864,2,0
8398,FBgn0002945,1,1
8399,FBgn0037395,1,1
8400,FBgn0001296,1,1
8401,FBgn0038737,1,1
8402,FBgn0031135,1,1
8403,FBgn0024988,1,1
8404,FBgn0035694,1,1
8405,FBgn0014859,1,1
8406,FBgn0026575,1,1
8407,FBgn0029946,1,1
8408,FBgn0011638,1,1
8410,FBgn0031048,1,1
8411,FBgn0027496,1,1
8412,FBgn0035476,1,1
8413,FBgn0035765,1,1
8414,FBgn0030012,1,1
8415,FBgn0019652,1,1
8416,FBgn0039923,1,1
8417,FBgn0003977,1,1
8418,FBgn0037124,1,1
8419,FBgn0033523,1,1
8420,FBgn0013799,1,1
8422,FBgn0031879,1,1
8424,FBgn0046879,1,1
8426,FBgn0069242,1,1
8427,FBgn0029941,1,1
8428,FBgn0029815,1,1
8429,FBgn0037492,1,1
8430,FBgn0000256,1,1
8431,FBgn0004107,1,1
8432,FBgn0030411,1,1
8433,FBgn0030394,1,1
8434,FBgn0030558,1,1
8435,FBgn0050070,1,1
8436,FBgn0003353,1,1
8437,FBgn0031049,3,0
8437,FBgn0033691,3,0
8437,FBgn0034510,3,0
8439,FBgn0039058,1,1
8442,FBgn0026199,1,1
8443,FBgn0033446,1,1
8444,FBgn0051871,1,1
8445,FBgn0001981,1,1
8446,FBgn0051288,1,1
8448,FBgn0039737,1,1
8449,FBgn0040644,1,1
8451,FBgn0039026,1,1
8452,FBgn0000477,1,1
8453,FBgn0031546,1,1
8455,FBgn0050503,1,1
8456,FBgn0023094,1,1
8457,FBgn0038100,1,1
8459,FBgn0054038,1,1
8460,FBgn0040089,1,1
8461,FBgn0040284,1,1
8462,FBgn0051176,1,1
8463,FBgn0036570,1,1
8464,FBgn0022029,1,1
8466,FBgn0036629,1,1
8468,FBgn0031171,1,1
8469,FBgn0001223,1,1
8470,FBgn0030108,1,1
8472,FBgn0003330,1,1
8473,FBgn0041205,1,1
8475,FBgn0001319,1,1
8476,FBgn0010280,1,1
8477,FBgn0036169,1,1
8478,FBgn0000173,1,1
8479,FBgn0053054,1,1
8480,FBgn0032650,1,1
8483,FBgn0030484,1,1
8484,FBgn0038993,1,1
8485,FBgn0039356,1,1
8487,FBgn0039904,1,1
8488,FBgn0002878,1,1
8489,FBgn0028372,1,1
8490,FBgn0037099,1,1
8491,FBgn0052270,1,1
8492,FBgn0001612,1,1
8493,FBgn0038055,1,1
8495,FBgn0031284,1,1
8496,FBgn0039407,1,1
8497,FBgn0027567,1,1
8499,FBgn0053145,1,1
8500,FBgn0031314,1,1
8501,FBgn0038069,2,0
8501,FBgn0042207,2,0
8502,FBgn0042119,1,1
8503,FBgn0030282,1,1
8504,FBgn0036075,1,1
8506,FBgn0020129,1,1
8507,FBgn0040532,1,1
8509,FBgn0038901,1,1
8510,FBgn0035033,1,1
8511,FBgn0035291,1,1
8512,FBgn0032250,1,1
8513,FBgn0019637,1,1
8515,FBgn0032407,1,1
8516,FBgn0037661,1,1
8517,FBgn0034627,1,1
8518,FBgn0015393,1,1
8519,FBgn0050340,1,1
8520,FBgn0033591,1,1
8521,FBgn0035034,3,0
8521,FBgn0037460,3,0
8521,FBgn0037461,3,0
8522,FBgn0038948,1,1
8523,FBgn0002930,1,1
8525,FBgn0037620,2,0
8525,FBgn0037621,2,0
8526,FBgn0051431,1,1
8527,FBgn0035800,1,1
8529,FBgn0032530,1,1
8530,FBgn0039222,1,1
8531,FBgn0039549,2,0
8531,FBgn0039550,2,0
8534,FBgn0002937,1,1
8535,FBgn0039189,1,1
8536,FBgn0031499,1,1
8537,FBgn0027084,1,1
8538,FBgn0034634,1,1
8539,FBgn0019928,1,1
8541,FBgn0037671,1,1
8542,FBgn0040398,1,1
8543,FBgn0004054,1,1
8544,FBgn0033112,1,1
8545,FBgn0034260,1,1
8546,FBgn0052413,1,1
8548,FBgn0034708,1,1
8549,FBgn0051928,1,1
8550,FBgn0034540,1,1
8551,FBgn0027599,1,1
8552,FBgn0015799,1,1
8553,FBgn0040961,1,1
8554,FBgn0033704,1,1
8555,FBgn0001491,1,1
8556,FBgn0032414,1,1
8557,FBgn0026316,1,1
8558,FBgn0033916,2,0
8558,FBgn0033917,2,0
8559,FBgn0035075,1,1
8560,FBgn0037933,1,1
8561,FBgn0031240,1,1
8562,FBgn0030091,1,1
8563,FBgn0028896,5,0
8563,FBgn0035479,5,0
8563,FBgn0036421,5,0
8563,FBgn0051807,5,0
8563,FBgn0053552,5,0
8564,FBgn0030654,1,1
8566,FBgn0027512,1,1
8568,FBgn0031313,1,1
8569,FBgn0039239,1,1
8570,FBgn0036851,1,1
8572,FBgn0033288,1,1
8573,FBgn0041248,1,1
8574,FBgn0029951,1,1
8576,FBgn0050296,1,1
8577,FBgn0038541,1,1
8578,FBgn0033570,1,1
8579,FBgn0028707,1,1
8581,FBgn0038073,1,1
8582,FBgn0000181,1,1
8583,FBgn0032595,1,1
8584,FBgn0052155,1,1
8585,FBgn0051133,1,1
8587,FBgn0039528,1,1
8589,FBgn0043456,1,1
8590,FBgn0033229,1,1
8592,FBgn0024361,1,1
8593,FBgn0010105,1,1
8594,FBgn0029875,2,0
8594,FBgn0029876,2,0
8595,FBgn0000370,1,1
8596,FBgn0039147,1,1
8597,FBgn0033588,1,1
8598,FBgn0030196,1,1
8599,FBgn0030940,1,1
8600,FBgn0051950,1,1
8601,FBgn0031498,1,1
8603,FBgn0054003,1,1
8604,FBgn0030740,1,1
8605,FBgn0041147,1,1
8606,FBgn0033278,1,1
8608,FBgn0035952,1,1
8609,FBgn0036314,1,1
8610,FBgn0024998,1,1
8611,FBgn0036015,1,1
8613,FBgn0036194,1,1
8614,FBgn0035375,2,0
8614,FBgn0051956,2,0
8615,FBgn0031859,1,1
8616,FBgn0030339,1,1
8617,FBgn0030642,1,1
8618,FBgn0039530,1,1
8619,FBgn0053462,1,1
8620,FBgn0010350,1,1
8622,FBgn0030571,1,1
8623,FBgn0033047,1,1
8624,FBgn0036856,1,1
8625,FBgn0030789,1,1
8626,FBgn0030813,1,1
8627,FBgn0025582,1,1
8629,FBgn0027532,1,1
8630,FBgn0028474,1,1
8631,FBgn0040899,1,1
8634,FBgn0034345,1,1
8635,FBgn0039902,1,1
8636,FBgn0028573,1,1
8637,FBgn0010052,1,1
8639,FBgn0039467,1,1
8640,FBgn0052475,1,1
8641,FBgn0037169,1,1
8642,FBgn0011715,1,1
8643,FBgn0033540,1,1
8644,FBgn0027054,1,1
8645,FBgn0016119,1,1
8646,FBgn0053308,1,1
8647,FBgn0037899,1,1
8648,FBgn0053172,1,1
8649,FBgn0039609,1,1
8653,FBgn0053265,1,1
8655,FBgn0036226,2,0
8655,FBgn0036227,2,0
8656,FBgn0030493,1,1
8657,FBgn0052711,1,1
8658,FBgn0030812,1,1
8659,FBgn0033307,1,1
8660,FBgn0031759,1,1
8661,FBgn0033360,1,1
8662,FBgn0031814,1,1
8663,FBgn0035285,1,1
8664,FBgn0030947,1,1
8665,FBgn0033063,1,1
8666,FBgn0031629,1,1
8667,FBgn0061198,1,1
8669,FBgn0038476,1,1
8670,FBgn0039484,1,1
8671,FBgn0010397,1,1
8672,FBgn0031573,1,1
8673,FBgn0038520,1,1
8674,FBgn0036182,1,1
8675,FBgn0036279,2,0
8675,FBgn0051547,2,0
8676,FBgn0036919,1,1
8677,FBgn0034293,1,1
8679,FBgn0039522,1,1
8680,FBgn0038530,1,1
8681,FBgn0001308,1,1
8682,FBgn0033249,1,1
8683,FBgn0023520,1,1
8687,FBgn0032910,1,1
8688,FBgn0029789,1,1
8689,FBgn0039627,1,1
8690,FBgn0033972,1,1
8691,FBgn0038244,1,1
8693,FBgn0032262,1,1
8694,FBgn0034488,1,1
8695,FBgn0032986,1,1
8696,FBgn0010575,1,1
8697,FBgn0026781,2,0
8697,FBgn0050382,2,0
8698,FBgn0032651,1,1
8700,FBgn0027593,1,1
8702,FBgn0040807,1,1
8703,FBgn0032076,1,1
8705,FBgn0029706,1,1
8706,FBgn0034118,1,1
8707,FBgn0037322,1,1
8708,FBgn0038540,1,1
8709,FBgn0030366,1,1
8710,FBgn0027608,1,1
8711,FBgn0037291,1,1
8712,FBgn0031317,1,1
8713,FBgn0037503,1,1
8714,FBgn0033467,1,1
8716,FBgn0031968,1,1
8717,FBgn0037883,1,1
8719,FBgn0028544,1,1
8720,FBgn0040951,1,1
8721,FBgn0029808,1,1
8722,FBgn0031848,1,1
8723,FBgn0050376,1,1
8724,FBgn0037746,1,1
8725,FBgn0032684,2,0
8725,FBgn0032685,2,0
8726,FBgn0024913,1,1
8727,FBgn0040351,1,1
8729,FBgn0030774,1,1
8730,FBgn0030891,1,1
8731,FBgn0031589,1,1
8732,FBgn0036814,1,1
8733,FBgn0037229,1,1
8734,FBgn0038252,1,1
8735,FBgn0010607,1,1
8736,FBgn0052700,1,1
8737,FBgn0000489,1,1
8740,FBgn0035669,1,1
8742,FBgn0052191,1,1
8743,FBgn0031897,1,1
8744,FBgn0035021,1,1
8745,FBgn0051206,1,1
8746,FBgn0040496,1,1
8747,FBgn0021765,1,1
8748,FBgn0033806,1,1
8749,FBgn0000529,1,1
8750,FBgn0037016,1,1
8751,FBgn0032200,1,1
8752,FBgn0035239,1,1
8754,FBgn0015321,1,1
8756,FBgn0041238,1,1
8757,FBgn0010341,1,1
8758,FBgn0022986,1,1
8759,FBgn0004118,1,1
8761,FBgn0028965,1,1
8762,FBgn0031758,1,1
8763,FBgn0035823,1,1
8765,FBgn0031186,1,1
8766,FBgn0042133,1,1
8767,FBgn0038324,1,1
8768,FBgn0040385,1,1
8769,FBgn0040955,1,1
8770,FBgn0032022,2,0
8770,FBgn0032023,2,0
8771,FBgn0044812,1,1
8772,FBgn0039713,1,1
8773,FBgn0036018,1,1
8774,FBgn0033831,2,0
8774,FBgn0033832,2,0
8775,FBgn0001980,1,1
8776,FBgn0050004,1,1
8777,FBgn0033818,1,1
8778,FBgn0038788,1,1
8781,FBgn0035914,1,1
8782,FBgn0040636,1,1
8783,FBgn0035125,2,0
8783,FBgn0035126,2,0
8784,FBgn0029798,1,1
8786,FBgn0032104,1,1
8787,FBgn0019662,1,1
8788,FBgn0037518,1,1
8789,FBgn0035879,1,1
8790,FBgn0032348,1,1
8791,FBgn0030657,2,0
8791,FBgn0036730,2,0
8792,FBgn0029587,1,1
8794,FBgn0041171,1,1
8795,FBgn0035073,1,1
8796,FBgn0029785,1,1
8797,FBgn0036763,1,1
8798,FBgn0034804,1,1
8800,FBgn0033547,1,1
8801,FBgn0034122,1,1
8802,FBgn0031490,1,1
8803,FBgn0030777,1,1
8804,FBgn0034822,1,1
8805,FBgn0051171,1,1
8807,FBgn0031064,1,1
8808,FBgn0033393,1,1
8810,FBgn0031364,1,1
8811,FBgn0024733,1,1
8812,FBgn0031881,1,1
8813,FBgn0051139,1,1
8814,FBgn0031088,1,1
8815,FBgn0052459,1,1
8816,FBgn0035725,1,1
8817,FBgn0050279,1,1
8818,FBgn0053194,3,0
8818,FBgn0053724,3,0
8818,FBgn0053800,3,0
8819,FBgn0053975,1,1
8822,FBgn0039007,1,1
8823,FBgn0027507,1,1
8824,FBgn0029823,1,1
8825,FBgn0053653,1,1
8826,FBgn0051373,1,1
8828,FBgn0045470,1,1
8829,FBgn0038656,1,1
8830,FBgn0032615,1,1
8831,FBgn0035036,1,1
8832,FBgn0001098,1,1
8834,FBgn0030025,1,1
8835,FBgn0000449,1,1
8836,FBgn0037605,1,1
8837,FBgn0015338,1,1
8839,FBgn0000259,1,1
8840,FBgn0003510,1,1
8841,FBgn0039123,1,1
8842,FBgn0031002,1,1
8843,FBgn0051772,1,1
8844,FBgn0030297,1,1
8845,FBgn0036884,1,1
8846,FBgn0014269,1,1
8847,FBgn0035323,1,1
8848,FBgn0034173,1,1
8849,FBgn0030109,1,1
8850,FBgn0029134,1,1
8851,FBgn0012042,2,0
8851,FBgn0041581,2,0
8852,FBgn0037299,1,1
8853,FBgn0061355,1,1
8856,FBgn0037747,1,1
8857,FBgn0032885,1,1
8858,FBgn0032801,1,1
8859,FBgn0026252,1,1
8860,FBgn0038569,1,1
8861,FBgn0030093,1,1
8862,FBgn0023507,1,1
8863,FBgn0046296,1,1
8864,FBgn0031652,1,1
8867,FBgn0035518,1,1
8869,FBgn0052037,1,1
8870,FBgn0037117,1,1
8871,FBgn0034060,1,1
8872,FBgn0050272,1,1
8873,FBgn0030008,1,1
8874,FBgn0031109,1,1
8875,FBgn0025839,1,1
8876,FBgn0039466,1,1
8878,FBgn0050354,1,1
8881,FBgn0032626,1,1
8882,FBgn0037018,1,1
8884,FBgn0038011,1,1
8885,FBgn0036916,1,1
8886,FBgn0039347,1,1
8887,FBgn0041160,1,1
8888,FBgn0010531,1,1
8889,FBgn0030500,1,1
8890,FBgn0025878,1,1
8891,FBgn0027796,1,1
8894,FBgn0020415,1,1
8896,FBgn0034355,1,1
8898,FBgn0030474,1,1
8899,FBgn0033383,1,1
8900,FBgn0038941,1,1
8901,FBgn0025716,1,1
8902,FBgn0001986,1,1
8903,FBgn0013726,1,1
8904,FBgn0003274,1,1
8906,FBgn0039799,1,1
8907,FBgn0034881,1,1
8908,FBgn0033875,1,1
8909,FBgn0051446,1,1
8910,FBgn0013767,1,1
8911,FBgn0039811,1,1
8912,FBgn0029754,1,1
8913,FBgn0051233,2,0
8913,FBgn0051343,2,0
8914,FBgn0051935,1,1
8915,FBgn0011604,1,1
8916,FBgn0031792,1,1
8917,FBgn0033448,1,1
8918,FBgn0040387,1,1
8919,FBgn0037670,1,1
8921,FBgn0051380,1,1
8922,FBgn0031148,1,1
8923,FBgn0039838,1,1
8924,FBgn0038325,1,1
8925,FBgn0052044,1,1
8926,FBgn0031632,1,1
8927,FBgn0002673,1,1
8928,FBgn0033028,1,1
8929,FBgn0050053,1,1
8931,FBgn0037464,1,1
8932,FBgn0051542,1,1
8933,FBgn0039555,1,1
8934,FBgn0039350,1,1
8935,FBgn0051158,1,1
8936,FBgn0036794,1,1
8937,FBgn0039055,1,1
8938,FBgn0037992,1,1
8939,FBgn0000092,1,1
8941,FBgn0030676,1,1
8942,FBgn0028708,1,1
8943,FBgn0030284,2,0
8943,FBgn0030285,2,0
8946,FBgn0036994,1,1
8947,FBgn0051266,1,1
8949,FBgn0001256,1,1
8951,FBgn0028382,1,1
8953,FBgn0003013,1,1
8955,FBgn0036369,1,1
8956,FBgn0023167,1,1
8957,FBgn0024249,1,1
8958,FBgn0033033,1,1
8960,FBgn0051068,1,1
8961,FBgn0032475,1,1
8962,FBgn0004511,1,1
8963,FBgn0033654,1,1
8964,FBgn0026418,1,1
8965,FBgn0038674,1,1
8966,FBgn0039740,1,1
8967,FBgn0041713,1,1
8968,FBgn0032488,1,1
8969,FBgn0036157,1,1
8971,FBgn0046878,1,1
8972,FBgn0032305,1,1
8973,FBgn0037962,1,1
8974,FBgn0024360,1,1
8976,FBgn0022800,1,1
8977,FBgn0002567,1,1
8978,FBgn0035262,2,0
8978,FBgn0037398,2,0
8979,FBgn0037199,1,1
8980,FBgn0040904,1,1
8981,FBgn0031018,2,0
8981,FBgn0051053,2,0
8982,FBgn0004957,1,1
8983,FBgn0031880,1,1
8984,FBgn0014033,2,0
8984,FBgn0020377,2,0
8986,FBgn0028646,1,1
8987,FBgn0037328,1,1
8988,FBgn0033656,1,1
8989,FBgn0083167,1,1
8990,FBgn0001995,1,1
8991,FBgn0067102,1,1
8992,FBgn0031651,1,1
8994,FBgn0036301,1,1
8995,FBgn0050466,1,1
8996,FBgn0038355,1,1
8997,FBgn0036090,1,1
8998,FBgn0035602,1,1
8999,FBgn0039677,1,1
9001,FBgn0031998,3,0
9001,FBgn0051262,3,0
9001,FBgn0053124,3,0
9002,FBgn0032054,1,1
9003,FBgn0038313,1,1
9004,FBgn0039673,1,1
9005,FBgn0035286,1,1
9006,FBgn0037536,1,1
9009,FBgn0026390,1,1
9010,FBgn0052423,1,1
9011,FBgn0025676,2,0
9011,FBgn0035159,2,0
9013,FBgn0038914,1,1
9014,FBgn0030224,1,1
9015,FBgn0036654,1,1
9016,FBgn0033089,1,1
9018,FBgn0038173,1,1
9019,FBgn0037627,1,1
9020,FBgn0032304,1,1
9021,FBgn0030306,1,1
9022,FBgn0030434,1,1
9023,FBgn0030843,1,1
9024,FBgn0033848,1,1
9026,FBgn0010220,1,1
9029,FBgn0040334,1,1
9030,FBgn0033624,1,1
9031,FBgn0033349,1,1
9032,FBgn0029669,1,1
9033,FBgn0016715,1,1
9034,FBgn0017414,1,1
9035,FBgn0052247,1,1
9036,FBgn0027868,1,1
9039,FBgn0028394,1,1
9040,FBgn0031907,1,1
9041,FBgn0026380,1,1
9042,FBgn0031375,1,1
9044,FBgn0039692,1,1
9045,FBgn0034232,1,1
9046,FBgn0001215,1,1
9047,FBgn0019972,1,1
9048,FBgn0032811,1,1
9049,FBgn0034242,1,1
9050,FBgn0031713,1,1
9051,FBgn0034197,1,1
9052,FBgn0030522,1,1
9053,FBgn0027603,2,0
9053,FBgn0031208,2,0
9054,FBgn0029911,1,1
9055,FBgn0034994,1,1
9056,FBgn0033268,1,1
9057,FBgn0036991,1,1
9058,FBgn0051812,1,1
9059,FBgn0032295,1,1
9060,FBgn0051699,1,1
9061,FBgn0032126,1,1
9062,FBgn0030658,1,1
9063,FBgn0031906,1,1
9064,FBgn0039479,1,1
9065,FBgn0052655,1,1
9066,FBgn0036078,1,1
9067,FBgn0033413,1,1
9068,FBgn0046687,1,1
9069,FBgn0005322,2,0
9069,FBgn0028868,2,0
9070,FBgn0031424,1,1
9071,FBgn0032124,1,1
9072,FBgn0027620,1,1
9073,FBgn0030291,1,1
9074,FBgn0034365,1,1
9076,FBgn0035844,1,1
9077,FBgn0036028,1,1
9078,FBgn0038465,1,1
9079,FBgn0034127,1,1
9082,FBgn0000524,1,1
9083,FBgn0037143,1,1
9084,FBgn0038214,1,1
9086,FBgn0015269,1,1
9088,FBgn0036855,1,1
9089,FBgn0035298,1,1
9090,FBgn0027784,1,1
9091,FBgn0029812,1,1
9092,FBgn0037442,1,1
9093,FBgn0030659,1,1
9094,FBgn0031356,1,1
9095,FBgn0002778,1,1
9096,FBgn0037760,1,1
9098,FBgn0037156,1,1
9099,FBgn0008649,1,1
9100,FBgn0035978,1,1
9101,FBgn0038020,1,1
9102,FBgn0029736,1,1
9103,FBgn0036010,1,1
9104,FBgn0035138,1,1
9106,FBgn0030791,1,1
9107,FBgn0031304,1,1
9108,FBgn0037225,1,1
9110,FBgn0038210,1,1
9111,FBgn0029532,1,1
9112,FBgn0036437,1,1
9113,FBgn0015623,1,1
9114,FBgn0000117,1,1
9115,FBgn0015381,1,1
9116,FBgn0035878,1,1
9117,FBgn0032012,1,1
9118,FBgn0024734,1,1
9120,FBgn0040608,1,1
9121,FBgn0036705,1,1
9122,FBgn0039259,1,1
9123,FBgn0042104,1,1
9124,FBgn0036612,1,1
9125,FBgn0024889,1,1
9126,FBgn0050410,1,1
9127,FBgn0027561,1,1
9128,FBgn0028471,1,1
9129,FBgn0013305,1,1
9130,FBgn0032763,1,1
9133,FBgn0003042,1,1
9134,FBgn0013720,1,1
9135,FBgn0036778,1,1
9138,FBgn0027363,1,1
9139,FBgn0025632,1,1
9140,FBgn0036053,1,1
9141,FBgn0033645,1,1
9142,FBgn0036575,1,1
9143,FBgn0020312,1,1
9144,FBgn0039360,1,1
9145,FBgn0013743,1,1
9146,FBgn0000442,2,0
9146,FBgn0000721,2,0
9148,FBgn0016700,1,1
9149,FBgn0033690,1,1
9150,FBgn0039272,1,1
9151,FBgn0002631,1,1
9152,FBgn0032378,1,1
9153,FBgn0034357,1,1
9154,FBgn0038851,1,1
9155,FBgn0004406,1,1
9156,FBgn0037950,1,1
9158,FBgn0014010,1,1
9159,FBgn0051814,1,1
9160,FBgn0031617,1,1
9161,FBgn0030521,1,1
9162,FBgn0028955,1,1
9163,FBgn0039827,1,1
9164,FBgn0031478,1,1
9165,FBgn0030949,1,1
9166,FBgn0030992,1,1
9167,FBgn0037543,1,1
9168,FBgn0031921,1,1
9169,FBgn0013733,1,1
9171,FBgn0027534,1,1
9173,FBgn0031012,1,1
9174,FBgn0038595,1,1
9176,FBgn0039756,1,1
9177,FBgn0031755,1,1
9179,FBgn0013772,2,0
9179,FBgn0039519,2,0
9181,FBgn0034442,1,1
9182,FBgn0036199,1,1
9183,FBgn0052260,1,1
9184,FBgn0000439,1,1
9186,FBgn0022936,1,1
9187,FBgn0024945,1,1
9188,FBgn0035422,1,1
9189,FBgn0037008,1,1
9190,FBgn0038303,1,1
9191,FBgn0015737,2,0
9191,FBgn0041780,2,0
9193,FBgn0001108,1,1
9194,FBgn0051828,1,1
9195,FBgn0051058,1,1
9196,FBgn0033920,1,1
9198,FBgn0023444,1,1
9201,FBgn0034481,1,1
9203,FBgn0024509,1,1
9205,FBgn0040699,1,1
9206,FBgn0029980,1,1
9207,FBgn0040281,1,1
9208,FBgn0038466,1,1
9209,FBgn0010504,1,1
9210,FBgn0037431,1,1
9212,FBgn0039117,1,1
9213,FBgn0014024,1,1
9214,FBgn0038539,1,1
9215,FBgn0035697,1,1
9217,FBgn0031835,1,1
9218,FBgn0053128,1,1
9220,FBgn0039366,1,1
9221,FBgn0051464,1,1
9222,FBgn0029693,1,1
9224,FBgn0030869,1,1
9225,FBgn0033442,1,1
9228,FBgn0003683,2,0
9228,FBgn0036791,2,0
9229,FBgn0037120,1,1
9230,FBgn0020616,1,1
9233,FBgn0034196,1,1
9234,FBgn0029971,1,1
9235,FBgn0033501,1,1
9236,FBgn0038853,1,1
9237,FBgn0036191,1,1
9238,FBgn0025825,1,1
9239,FBgn0033483,1,1
9240,FBgn0032440,1,1
9241,FBgn0044048,1,1
9242,FBgn0030809,1,1
9243,FBgn0038665,1,1
9245,FBgn0026630,1,1
9246,FBgn0002863,1,1
9247,FBgn0036198,1,1
9248,FBgn0035105,1,1
9249,FBgn0037135,1,1
9250,FBgn0034649,1,1
9252,FBgn0030976,1,1
9253,FBgn0034109,1,1
9254,FBgn0037262,1,1
9255,FBgn0030966,1,1
9257,FBgn0004413,1,1
9258,FBgn0031327,1,1
9259,FBgn0038543,1,1
9261,FBgn0032834,1,1
9262,FBgn0038410,1,1
9263,FBgn0003067,2,0
9263,FBgn0034356,2,0
9265,FBgn0033372,1,1
9266,FBgn0036663,1,1
9268,FBgn0027575,1,1
9269,FBgn0038568,1,1
9270,FBgn0069950,1,1
9271,FBgn0024832,1,1
9272,FBgn0032751,1,1
9273,FBgn0004839,1,1
9275,FBgn0031702,1,1
9276,FBgn0051643,1,1
9277,FBgn0035724,1,1
9279,FBgn0033736,1,1
9281,FBgn0040305,1,1
9282,FBgn0035996,1,1
9283,FBgn0013469,1,1
9284,FBgn0027093,1,1
9285,FBgn0065109,1,1
9286,FBgn0034692,1,1
9289,FBgn0046887,1,1
9290,FBgn0035601,1,1
9291,FBgn0041225,1,1
9292,FBgn0040349,1,1
9293,FBgn0032774,1,1
9295,FBgn0000258,1,1
9296,FBgn0032242,2,0
9296,FBgn0032969,2,0
9297,FBgn0064766,1,1
9298,FBgn0033339,1,1
9299,FBgn0031973,1,1
9300,FBgn0037920,1,1
9302,FBgn0053525,1,1
9303,FBgn0014032,1,1
9305,FBgn0028925,1,1
9306,FBgn0034451,1,1
9307,FBgn0034963,1,1
9308,FBgn0011283,1,1
9309,FBgn0036723,1,1
9310,FBgn0031436,1,1
9311,FBgn0051323,1,1
9312,FBgn0026872,1,1
9313,FBgn0058172,1,1
9314,FBgn0051773,1,1
9315,FBgn0034768,1,1
9316,FBgn0027492,1,1
9317,FBgn0033246,1,1
9318,FBgn0031661,1,1
9319,FBgn0025583,3,0
9319,FBgn0034329,3,0
9319,FBgn0034330,3,0
9320,FBgn0030753,1,1
9321,FBgn0061359,1,1
9322,FBgn0051258,1,1
9324,FBgn0015793,1,1
9325,FBgn0026721,1,1
9327,FBgn0037739,1,1
9328,FBgn0032375,1,1
9329,FBgn0052774,1,1
9331,FBgn0034882,1,1
9332,FBgn0035591,1,1
9333,FBgn0021979,1,1
9334,FBgn0035941,1,1
9335,FBgn0033432,1,1
9336,FBgn0003747,1,1
9337,FBgn0037839,2,0
9337,FBgn0037840,2,0
9338,FBgn0040650,1,1
9339,FBgn0052603,1,1
9340,FBgn0037106,1,1
9341,FBgn0052438,1,1
9342,FBgn0037599,1,1
9343,FBgn0031514,1,1
9344,FBgn0039541,1,1
9345,FBgn0035256,1,1
9346,FBgn0034013,1,1
9347,FBgn0031807,2,0
9347,FBgn0053295,2,0
9348,FBgn0039738,1,1
9349,FBgn0035415,1,1
9350,FBgn0032703,1,1
9351,FBgn0037348,1,1
9352,FBgn0032516,1,1
9354,FBgn0028668,1,1
9355,FBgn0052174,1,1
9356,FBgn0036858,1,1
9357,FBgn0040777,2,0
9357,FBgn0050357,2,0
9359,FBgn0032115,1,1
9360,FBgn0031655,1,1
9361,FBgn0025469,1,1
9364,FBgn0005585,1,1
9366,FBgn0051465,1,1
9367,FBgn0011204,1,1
9368,FBgn0003887,4,0
9368,FBgn0003888,4,0
9368,FBgn0003889,4,0
9368,FBgn0003890,4,0
9370,FBgn0003749,1,1
9371,FBgn0030435,1,1
9372,FBgn0038109,1,1
9373,FBgn0023541,1,1
9375,FBgn0035540,1,1
9376,FBgn0033130,1,1
9378,FBgn0015569,1,1
9379,FBgn0030171,2,0
9379,FBgn0030173,2,0
9380,FBgn0003075,1,1
9381,FBgn0036172,1,1
9383,FBgn0052666,1,1
9386,FBgn0031324,1,1
9387,FBgn0033766,1,1
9388,FBgn0036546,1,1
9389,FBgn0033675,1,1
9390,FBgn0050334,1,1
9392,FBgn0016718,1,1
9393,FBgn0027596,1,1
9394,FBgn0038189,1,1
9395,FBgn0004956,1,1
9396,FBgn0030641,1,1
9397,FBgn0019947,1,1
9398,FBgn0036717,1,1
9400,FBgn0035663,1,1
9401,FBgn0030137,1,1
9402,FBgn0036381,1,1
9403,FBgn0034215,1,1
9405,FBgn0005696,1,1
9406,FBgn0027590,1,1
9407,FBgn0036780,1,1
9408,FBgn0038058,1,1
9410,FBgn0052653,1,1
9411,FBgn0034290,1,1
9412,FBgn0050343,1,1
9413,FBgn0003267,1,1
9414,FBgn0037908,1,1
9415,FBgn0038685,1,1
9416,FBgn0031155,1,1
9417,FBgn0052536,1,1
9418,FBgn0053117,1,1
9419,FBgn0041702,1,1
9420,FBgn0040771,1,1
9422,FBgn0036524,1,1
9423,FBgn0003015,1,1
9424,FBgn0025355,1,1
9425,FBgn0036977,1,1
9426,FBgn0038546,1,1
9427,FBgn0039601,1,1
9428,FBgn0027090,1,1
9429,FBgn0026309,1,1
9430,FBgn0035607,1,1
9431,FBgn0041711,1,1
9432,FBgn0015905,1,1
9433,FBgn0033813,1,1
9434,FBgn0004860,2,0
9434,FBgn0004861,2,0
9435,FBgn0036899,1,1
9436,FBgn0032877,1,1
9437,FBgn0038918,3,0
9437,FBgn0038919,3,0
9437,FBgn0051413,3,0
9439,FBgn0038825,1,1
9440,FBgn0039754,1,1
9441,FBgn0027586,1,1
9442,FBgn0051548,1,1
9443,FBgn0038912,1,1
9444,FBgn0040337,1,1
9445,FBgn0039869,1,1
9446,FBgn0000576,1,1
9448,FBgn0035594,1,1
9449,FBgn0003117,1,1
9450,FBgn0053512,1,1
9451,FBgn0015664,1,1
9452,FBgn0031737,1,1
9453,FBgn0028375,1,1
9455,FBgn0053516,1,1
9456,FBgn0030336,1,1
9457,FBgn0014861,1,1
9458,FBgn0032080,1,1
9460,FBgn0020880,1,1
9463,FBgn0038051,1,1
9465,FBgn0039521,1,1
9466,FBgn0015806,1,1
9467,FBgn0037816,1,1
9468,FBgn0033437,1,1
9469,FBgn0030931,1,1
9471,FBgn0029836,1,1
9472,FBgn0031296,1,1
9473,FBgn0031996,1,1
9474,FBgn0037601,1,1
9475,FBgn0026441,1,1
9476,FBgn0037710,1,1
9477,FBgn0029814,1,1
9478,FBgn0016013,1,1
9480,FBgn0002466,1,1
9481,FBgn0031903,1,1
9482,FBgn0011293,1,1
9483,FBgn0050291,1,1
9484,FBgn0030417,1,1
9485,FBgn0036165,1,1
9486,FBgn0038653,1,1
9487,FBgn0053279,1,1
9488,FBgn0013303,1,1
9489,FBgn0030437,1,1
9490,FBgn0029131,1,1
9491,FBgn0037146,1,1
9492,FBgn0052445,1,1
9493,FBgn0037736,1,1
9494,FBgn0003022,1,1
9495,FBgn0034326,1,1
9497,FBgn0039244,1,1
9498,FBgn0037470,1,1
9499,FBgn0039818,1,1
9500,FBgn0015222,1,1
9501,FBgn0033354,1,1
9502,FBgn0021767,1,1
9503,FBgn0038388,1,1
9504,FBgn0026409,1,1
9505,FBgn0032755,1,1
9507,FBgn0031801,1,1
9508,FBgn0034390,1,1
9509,FBgn0040389,1,1
9510,FBgn0034145,1,1
9511,FBgn0000054,1,1
9512,FBgn0013342,1,1
9514,FBgn0037000,1,1
9515,FBgn0028871,1,1
9517,FBgn0031419,1,1
9518,FBgn0034403,1,1
9519,FBgn0051473,1,1
9520,FBgn0035926,1,1
9521,FBgn0001263,1,1
9522,FBgn0029646,1,1
9523,FBgn0030300,1,1
9524,FBgn0010292,1,1
9525,FBgn0031898,1,1
9526,FBgn0036624,1,1
9527,FBgn0040362,1,1
9528,FBgn0020517,2,0
9528,FBgn0037820,2,0
9531,FBgn0032698,1,1
9532,FBgn0030494,1,1
9533,FBgn0054045,1,1
9534,FBgn0033499,1,1
9536,FBgn0026415,1,1
9537,FBgn0031974,2,0
9537,FBgn0031976,2,0
9539,FBgn0036555,1,1
9541,FBgn0030853,1,1
9543,FBgn0036017,1,1
9544,FBgn0015129,3,0
9544,FBgn0039676,3,0
9544,FBgn0039681,3,0
9545,FBgn0053335,1,1
9546,FBgn0034494,2,0
9546,FBgn0052669,2,0
9547,FBgn0038890,1,1
9548,FBgn0000667,1,1
9549,FBgn0016672,1,1
9551,FBgn0034299,1,1
9552,FBgn0034888,1,1
9556,FBgn0036542,1,1
9558,FBgn0040239,1,1
9559,FBgn0038110,1,1
9560,FBgn0005636,1,1
9561,FBgn0031877,1,1
9562,FBgn0039663,1,1
9564,FBgn0031031,1,1
9565,FBgn0002868,1,1
9566,FBgn0034120,1,1
9567,FBgn0034673,1,1
9568,FBgn0034097,1,1
9569,FBgn0037506,1,1
9570,FBgn0031294,1,1
9571,FBgn0024294,1,1
9572,FBgn0039199,1,1
9574,FBgn0036923,1,1
9575,FBgn0033156,1,1
9576,FBgn0025643,1,1
9577,FBgn0050044,1,1
9578,FBgn0037330,1,1
9580,FBgn0026397,2,0
9580,FBgn0026398,2,0
9581,FBgn0040949,1,1
9582,FBgn0039070,1,1
9583,FBgn0040238,1,1
9584,FBgn0033593,1,1
9585,FBgn0050089,1,1
9586,FBgn0040360,1,1
9587,FBgn0035586,1,1
9588,FBgn0051156,1,1
9589,FBgn0025686,1,1
9590,FBgn0034660,1,1
9593,FBgn0002899,1,1
9594,FBgn0026192,1,1
9596,FBgn0039128,1,1
9597,FBgn0011817,1,1
9598,FBgn0040670,1,1
9599,FBgn0033564,1,1
9600,FBgn0035737,1,1
9601,FBgn0051961,1,1
9603,FBgn0028974,1,1
9605,FBgn0038705,1,1
9607,FBgn0030814,1,1
9609,FBgn0034760,1,1
9610,FBgn0052595,1,1
9612,FBgn0033199,1,1
9613,FBgn0037484,1,1
9614,FBgn0004359,1,1
9616,FBgn0033952,2,0
9616,FBgn0036751,2,0
9617,FBgn0046880,1,1
9618,FBgn0039303,1,1
9620,FBgn0036212,1,1
9621,FBgn0004907,1,1
9622,FBgn0038124,1,1
9623,FBgn0030528,1,1
9624,FBgn0011693,1,1
9625,FBgn0050495,1,1
9626,FBgn0037852,1,1
9628,FBgn0022787,1,1
9629,FBgn0039655,1,1
9630,FBgn0034075,1,1
9631,FBgn0038330,1,1
9632,FBgn0052046,1,1
9633,FBgn0038429,1,1
9635,FBgn0019650,1,1
9636,FBgn0052249,1,1
9637,FBgn0028717,1,1
9638,FBgn0029753,1,1
9640,FBgn0031875,1,1
9642,FBgn0051848,1,1
9644,FBgn0036627,1,1
9645,FBgn0033300,1,1
9646,FBgn0032729,1,1
9647,FBgn0031268,1,1
9648,FBgn0032915,1,1
9650,FBgn0040206,1,1
9651,FBgn0038469,1,1
9653,FBgn0001989,1,1
9654,FBgn0083141,1,1
9655,FBgn0033774,1,1
9656,FBgn0034567,1,1
9657,FBgn0034785,1,1
9658,FBgn0031619,1,1
9661,FBgn0053231,1,1
9662,FBgn0050015,1,1
9663,FBgn0040972,1,1
9664,FBgn0026729,1,1
9665,FBgn0039190,1,1
9666,FBgn0034186,1,1
9667,FBgn0039597,1,1
9668,FBgn0032018,1,1
9669,FBgn0035877,1,1
9670,FBgn0031021,1,1
9671,FBgn0003515,1,1
9673,FBgn0040273,1,1
9674,FBgn0010909,1,1
9675,FBgn0036690,1,1
9676,FBgn0031993,1,1
9677,FBgn0033983,1,1
9678,FBgn0041203,1,1
9681,FBgn0025639,1,1
9682,FBgn0045495,1,1
9684,FBgn0036349,1,1
9685,FBgn0039192,1,1
9686,FBgn0038789,1,1
9687,FBgn0053710,1,1
9689,FBgn0022959,1,1
9690,FBgn0035170,1,1
9692,FBgn0004655,1,1
9693,FBgn0039537,1,1
9694,FBgn0038219,1,1
9695,FBgn0050387,1,1
9696,FBgn0034486,1,1
9697,FBgn0040958,2,0
9697,FBgn0040959,2,0
9698,FBgn0043002,1,1
9700,FBgn0016984,2,0
9700,FBgn0034789,2,0
9701,FBgn0000140,1,1
9702,FBgn0037885,1,1
9703,FBgn0037815,1,1
9704,FBgn0032119,1,1
9705,FBgn0014163,1,1
9706,FBgn0038175,1,1
9707,FBgn0053967,1,1
9708,FBgn0038609,1,1
9709,FBgn0004643,1,1
9710,FBgn0003016,1,1
9712,FBgn0032204,1,1
9713,FBgn0028538,1,1
9714,FBgn0028426,1,1
9715,FBgn0033042,1,1
9716,FBgn0003391,1,1
9717,FBgn0035023,1,1
9718,FBgn0034973,1,1
9719,FBgn0036533,1,1
9721,FBgn0033225,1,1
9722,FBgn0014865,1,1
9723,FBgn0050045,1,1
9727,FBgn0038832,1,1
9730,FBgn0053170,1,1
9731,FBgn0033369,1,1
9732,FBgn0038564,1,1
9733,FBgn0038282,1,1
9735,FBgn0031992,1,1
9736,FBgn0030695,1,1
9737,FBgn0039094,1,1
9738,FBgn0036520,1,1
9739,FBgn0031530,1,1
9740,FBgn0038438,1,1
9741,FBgn0015010,1,1
9742,FBgn0040298,1,1
9743,FBgn0033697,1,1
9744,FBgn0026430,1,1
9745,FBgn0030271,1,1
9746,FBgn0031656,1,1
9747,FBgn0037578,1,1
9748,FBgn0032156,1,1
9749,FBgn0038043,1,1
9750,FBgn0032971,1,1
9751,FBgn0020306,1,1
9753,FBgn0038418,1,1
9754,FBgn0036826,1,1
9755,FBgn0039731,1,1
9757,FBgn0017566,1,1
9758,FBgn0035164,1,1
9760,FBgn0037568,1,1
9761,FBgn0000413,1,1
9762,FBgn0034728,1,1
9764,FBgn0026385,1,1
9765,FBgn0051115,1,1
9766,FBgn0032163,1,1
9767,FBgn0029958,1,1
9768,FBgn0028504,1,1
9769,FBgn0031130,1,1
9770,FBgn0028736,1,1
9771,FBgn0034070,1,1
9772,FBgn0034550,1,1
9773,FBgn0031245,1,1
9776,FBgn0024806,1,1
9777,FBgn0035555,1,1
9778,FBgn0034046,4,0
9778,FBgn0034047,4,0
9778,FBgn0035087,4,0
9778,FBgn0050424,4,0
9779,FBgn0037712,1,1
9781,FBgn0053522,1,1
9782,FBgn0032621,2,0
9782,FBgn0032622,2,0
9784,FBgn0038856,1,1
9785,FBgn0032243,1,1
9786,FBgn0031609,1,1
9787,FBgn0036178,1,1
9788,FBgn0039349,1,1
9789,FBgn0039480,1,1
9790,FBgn0051638,1,1
9791,FBgn0037553,1,1
9792,FBgn0032260,1,1
9793,FBgn0029858,1,1
9794,FBgn0036529,1,1
9795,FBgn0024326,1,1
9798,FBgn0026679,1,1
9799,FBgn0034050,1,1
9800,FBgn0014877,1,1
9801,FBgn0003401,1,1
9802,FBgn0035377,1,1
9803,FBgn0033519,1,1
9805,FBgn0003270,1,1
9806,FBgn0010333,2,0
9806,FBgn0014011,2,0
9807,FBgn0031528,1,1
9808,FBgn0037897,2,0
9808,FBgn0046225,2,0
9809,FBgn0014000,1,1
9810,FBgn0053324,1,1
9811,FBgn0016978,1,1
9812,FBgn0053456,1,1
9813,FBgn0034407,1,1
9814,FBgn0031771,2,0
9814,FBgn0034251,2,0
9815,FBgn0039674,1,1
9816,FBgn0030352,1,1
9817,FBgn0039563,1,1
9818,FBgn0047351,2,0
9818,FBgn0051870,2,0
9819,FBgn0052033,1,1
9820,FBgn0037093,1,1
9821,FBgn0032653,1,1
9822,FBgn0028904,1,1
9823,FBgn0033415,1,1
9824,FBgn0039650,1,1
9825,FBgn0039464,1,1
9826,FBgn0034298,1,1
9828,FBgn0028916,1,1
9829,FBgn0037960,1,1
9830,FBgn0036272,1,1
9831,FBgn0036115,1,1
9832,FBgn0035292,1,1
9833,FBgn0032761,1,1
9834,FBgn0037718,1,1
9835,FBgn0051790,1,1
9836,FBgn0038617,1,1
9838,FBgn0001185,1,1
9839,FBgn0028893,3,0
9839,FBgn0038567,3,0
9839,FBgn0052705,3,0
9840,FBgn0030965,1,1
9842,FBgn0036236,1,1
9843,FBgn0034583,1,1
9844,FBgn0034114,1,1
9845,FBgn0031773,1,1
9846,FBgn0033919,1,1
9848,FBgn0030828,1,1
9849,FBgn0038716,1,1
9850,FBgn0036959,1,1
9851,FBgn0034832,1,1
9852,FBgn0023495,1,1
9853,FBgn0030033,1,1
9854,FBgn0015031,1,1
9855,FBgn0032845,1,1
9856,FBgn0030723,1,1
9857,FBgn0035020,1,1
9859,FBgn0000715,1,1
9860,FBgn0038798,1,1
9861,FBgn0031219,1,1
9862,FBgn0031037,1,1
9864,FBgn0037541,1,1
9865,FBgn0029931,1,1
9866,FBgn0038576,1,1
9867,FBgn0015745,1,1
9868,FBgn0035142,1,1
9869,FBgn0030852,1,1
9870,FBgn0000520,1,1
9871,FBgn0030441,1,1
9873,FBgn0031085,1,1
9874,FBgn0050295,1,1
9875,FBgn0036998,1,1
9876,FBgn0028633,1,1
9877,FBgn0029781,1,1
9878,FBgn0033451,1,1
9879,FBgn0032642,1,1
9880,FBgn0036312,1,1
9882,FBgn0028880,1,1
9884,FBgn0040153,1,1
9885,FBgn0034826,1,1
9886,FBgn0053276,1,1
9889,FBgn0019960,1,1
9890,FBgn0035113,1,1
9891,FBgn0039494,1,1
9892,FBgn0034925,1,1
9893,FBgn0035992,1,1
9894,FBgn0040851,1,1
9895,FBgn0038118,1,1
9898,FBgn0042135,1,1
9899,FBgn0003448,1,1
9900,FBgn0010258,1,1
9902,FBgn0031392,1,1
9903,FBgn0038826,1,1
9904,FBgn0033453,1,1
9905,FBgn0041604,1,1
9906,FBgn0024995,1,1
9907,FBgn0030837,1,1
9908,FBgn0000709,1,1
9909,FBgn0003248,1,1
9912,FBgn0031000,1,1
9913,FBgn0036956,1,1
9915,FBgn0002044,1,1
9916,FBgn0042085,1,1
9918,FBgn0038016,1,1
9919,FBgn0039558,1,1
9920,FBgn0032960,1,1
9922,FBgn0023416,1,1
9923,FBgn0040798,1,1
9924,FBgn0031979,1,1
9925,FBgn0039264,1,1
9926,FBgn0028853,1,1
9928,FBgn0000084,1,1
9930,FBgn0032889,1,1
9931,FBgn0005649,1,1
9932,FBgn0041233,1,1
9934,FBgn0028970,1,1
9935,FBgn0033685,1,1
9937,FBgn0016693,1,1
9939,FBgn0016123,1,1
9940,FBgn0033162,1,1
9941,FBgn0042132,1,1
9942,FBgn0028546,1,1
9943,FBgn0002906,1,1
9945,FBgn0035329,1,1
9946,FBgn0015794,1,1
9947,FBgn0020238,1,1
9948,FBgn0038123,1,1
9949,FBgn0034706,1,1
9950,FBgn0032191,1,1
9951,FBgn0052714,1,1
9952,FBgn0044051,1,1
9954,FBgn0043001,1,1
9956,FBgn0041100,1,1
9957,FBgn0030329,1,1
9958,FBgn0030717,2,0
9958,FBgn0032664,2,0
9959,FBgn0037482,1,1
9961,FBgn0051673,1,1
9962,FBgn0038820,1,1
9963,FBgn0034411,1,1
9964,FBgn0030989,1,1
9965,FBgn0036207,1,1
9966,FBgn0034727,1,1
9967,FBgn0000406,1,1
9968,FBgn0067628,1,1
9969,FBgn0020385,1,1
9970,FBgn0033416,1,1
9974,FBgn0030408,1,1
9976,FBgn0000634,1,1
9977,FBgn0035985,1,1
9978,FBgn0020248,1,1
9979,FBgn0033055,1,1
9980,FBgn0029813,1,1
9981,FBgn0038423,1,1
9983,FBgn0035059,1,1
9984,FBgn0011672,1,1
9985,FBgn0031831,1,1
9986,FBgn0020224,1,1
9987,FBgn0034817,1,1
9988,FBgn0030241,2,0
9988,FBgn0030242,2,0
9989,FBgn0015903,1,1
9991,FBgn0051804,1,1
9992,FBgn0031817,1,1
9993,FBgn0010314,2,0
9993,FBgn0037613,2,0
9994,FBgn0033987,1,1
9995,FBgn0026196,1,1
9996,FBgn0035179,1,1
9997,FBgn0037412,1,1
9998,FBgn0052645,1,1
9999,FBgn0034586,1,1
10001,FBgn0023537,1,1
10002,FBgn0034579,1,1
10003,FBgn0036064,1,1
10004,FBgn0033589,1,1
10005,FBgn0033104,1,1
10006,FBgn0020279,1,1
10007,FBgn0002652,1,1
10008,FBgn0032434,1,1
10009,FBgn0015844,1,1
10010,FBgn0038509,1,1
10012,FBgn0023175,1,1
10013,FBgn0051922,1,1
10014,FBgn0037563,1,1
10015,FBgn0034217,1,1
10016,FBgn0036382,1,1
10017,FBgn0038474,1,1
10018,FBgn0038028,1,1
10019,FBgn0036014,1,1
10021,FBgn0002773,1,1
10022,FBgn0039883,1,1
10023,FBgn0035453,1,1
10027,FBgn0030395,1,1
10028,FBgn0039909,1,1
10029,FBgn0052130,1,1
10030,FBgn0054039,1,1
10031,FBgn0034237,1,1
10032,FBgn0003210,1,1
10033,FBgn0050461,1,1
10034,FBgn0033404,1,1
10035,FBgn0023506,1,1
10036,FBgn0038961,1,1
10037,FBgn0033079,1,1
10039,FBgn0052167,1,1
10041,FBgn0010282,1,1
10042,FBgn0038921,1,1
10044,FBgn0036796,1,1
10045,FBgn0035425,1,1
10046,FBgn0004795,1,1
10047,FBgn0053347,1,1
10048,FBgn0036154,1,1
10049,FBgn0037202,1,1
10050,FBgn0039198,1,1
10051,FBgn0051619,1,1
10052,FBgn0032833,1,1
10053,FBgn0036683,1,1
10054,FBgn0050421,1,1
10055,FBgn0002909,1,1
10056,FBgn0052732,1,1
10057,FBgn0032269,1,1
10058,FBgn0035181,1,1
10060,FBgn0031322,1,1
10061,FBgn0035873,1,1
10062,FBgn0015371,1,1
10063,FBgn0000422,1,1
10064,FBgn0033781,1,1
10065,FBgn0038003,1,1
10066,FBgn0034650,1,1
10067,FBgn0032476,1,1
10069,FBgn0038526,1,1
10070,FBgn0036135,1,1
10071,FBgn0027495,1,1
10072,FBgn0051459,1,1
10073,FBgn0030790,1,1
10074,FBgn0034066,1,1
10075,FBgn0051216,1,1
10076,FBgn0035838,1,1
10077,FBgn0037386,1,1
10078,FBgn0011785,1,1
10079,FBgn0035379,1,1
10080,FBgn0000411,1,1
10081,FBgn0026319,1,1
10082,FBgn0032350,1,1
10083,FBgn0023091,1,1
10084,FBgn0028895,1,1
10085,FBgn0014466,1,1
10086,FBgn0050172,1,1
10087,FBgn0053179,1,1
10088,FBgn0052793,1,1
10089,FBgn0050488,1,1
10090,FBgn0035046,1,1
10091,FBgn0033473,1,1
10092,FBgn0030699,1,1
10094,FBgn0036686,1,1
10095,FBgn0036403,1,1
10096,FBgn0052672,1,1
10097,FBgn0014143,1,1
10098,FBgn0051710,1,1
10099,FBgn0033021,1,1
10100,FBgn0035276,1,1
10106,FBgn0040849,1,1
10107,FBgn0014133,1,1
10108,FBgn0034155,1,1
10109,FBgn0034076,1,1
10110,FBgn0003257,1,1
10111,FBgn0033363,1,1
10112,FBgn0034380,1,1
10113,FBgn0000247,1,1
10114,FBgn0037685,1,1
10116,FBgn0036809,1,1
10117,FBgn0034776,2,0
10117,FBgn0036832,2,0
10118,FBgn0031367,1,1
10119,FBgn0037870,1,1
10120,FBgn0003263,1,1
10121,FBgn0053125,1,1
10122,FBgn0016032,1,1
10124,FBgn0032523,1,1
10126,FBgn0033966,1,1
10127,FBgn0015240,1,1
10128,FBgn0036223,1,1
10129,FBgn0035026,1,1
10131,FBgn0020370,1,1
10132,FBgn0013531,1,1
10133,FBgn0051880,1,1
10134,FBgn0030749,1,1
10137,FBgn0043550,1,1
10138,FBgn0001150,1,1
10140,FBgn0038150,1,1
10142,FBgn0035513,1,1
10143,FBgn0031103,1,1
10144,FBgn0038652,1,1
10145,FBgn0002780,1,1
10146,FBgn0039920,1,1
10147,FBgn0039723,1,1
10148,FBgn0036509,1,1
10149,FBgn0033233,1,1
10151,FBgn0001983,1,1
10152,FBgn0035762,1,1
10153,FBgn0033734,1,1
10154,FBgn0051496,1,1
10155,FBgn0035187,1,1
10156,FBgn0003034,1,1
10157,FBgn0011743,1,1
10158,FBgn0032867,1,1
10159,FBgn0031001,1,1
10160,FBgn0014395,1,1
10161,FBgn0042102,1,1
10162,FBgn0000077,1,1
10163,FBgn0027494,1,1
10164,FBgn0033970,1,1
10165,FBgn0038380,1,1
10166,FBgn0061476,1,1
10167,FBgn0031159,2,0
10167,FBgn0064123,2,0
10168,FBgn0003687,1,1
10169,FBgn0032120,1,1
10170,FBgn0000368,1,1
10172,FBgn0030680,1,1
10173,FBgn0036213,1,1
10176,FBgn0030159,1,1
10177,FBgn0053229,1,1
10178,FBgn0033019,1,1
10179,FBgn0038235,1,1
10180,FBgn0035121,1,1
10181,FBgn0030207,1,1
10182,FBgn0015521,1,1
10183,FBgn0036834,1,1
10184,FBgn0038547,1,1
10185,FBgn0035572,1,1
10186,FBgn0030872,1,1
10187,FBgn0000810,1,1
10189,FBgn0016038,1,1
10190,FBgn0038196,1,1
10192,FBgn0033994,1,1
10193,FBgn0010381,2,0
10193,FBgn0035434,2,0
10195,FBgn0035522,1,1
10196,FBgn0030090,1,1
10197,FBgn0000635,1,1
10198,FBgn0053147,1,1
10200,FBgn0037142,1,1
10201,FBgn0026079,1,1
10202,FBgn0051992,1,1
10203,FBgn0035032,1,1
10204,FBgn0027785,1,1
10207,FBgn0003068,1,1
10209,FBgn0036146,1,1
10210,FBgn0038998,2,0
10210,FBgn0038999,2,0
10211,FBgn0035871,1,1
10212,FBgn0039859,1,1
10214,FBgn0035569,1,1
10215,FBgn0021764,1,1
10216,FBgn0030838,1,1
10218,FBgn0011586,1,1
10219,FBgn0000075,1,1
10220,FBgn0034153,1,1
10221,FBgn0037922,1,1
10222,FBgn0038815,1,1
10223,FBgn0002931,1,1
10224,FBgn0035627,1,1
10225,FBgn0011694,1,1
10226,FBgn0029943,1,1
10227,FBgn0030141,1,1
10228,FBgn0038565,1,1
10229,FBgn0050415,1,1
10230,FBgn0026576,1,1
10231,FBgn0030876,1,1
10232,FBgn0051450,1,1
10233,FBgn0037577,1,1
10235,FBgn0028381,1,1
10236,FBgn0027359,1,1
10237,FBgn0035666,1,1
10239,FBgn0038770,1,1
10241,FBgn0053342,1,1
10242,FBgn0015279,1,1
10243,FBgn0038589,1,1
10244,FBgn0051221,1,1
10245,FBgn0027291,1,1
10246,FBgn0031187,1,1
10247,FBgn0032721,1,1
10249,FBgn0042650,1,1
10251,FBgn0003996,1,1
10253,FBgn0036659,1,1
10254,FBgn0032486,1,1
10256,FBgn0035160,1,1
10257,FBgn0038089,1,1
10258,FBgn0034103,1,1
10261,FBgn0036626,1,1
10262,FBgn0020386,1,1
10263,FBgn0035471,1,1
10264,FBgn0035241,1,1
10265,FBgn0036810,1,1
10266,FBgn0050077,1,1
10267,FBgn0015773,1,1
10268,FBgn0036285,1,1
10269,FBgn0026602,1,1
10270,FBgn0032597,1,1
10271,FBgn0036501,1,1
10272,FBgn0029819,1,1
10273,FBgn0051728,1,1
10275,FBgn0036567,1,1
10276,FBgn0034913,1,1
10277,FBgn0020611,1,1
10281,FBgn0037656,1,1
10282,FBgn0025615,1,1
10284,FBgn0000611,1,1
10285,FBgn0035290,1,1
10286,FBgn0027605,1,1
10287,FBgn0053703,1,1
10288,FBgn0029703,1,1
10289,FBgn0034092,1,1
10290,FBgn0037925,1,1
10291,FBgn0002552,1,1
10292,FBgn0032400,1,1
10293,FBgn0052121,1,1
10295,FBgn0030017,1,1
10296,FBgn0036106,1,1
10297,FBgn0040778,1,1
10301,FBgn0039184,1,1
10302,FBgn0031730,1,1
10303,FBgn0035714,1,1
10305,FBgn0024996,1,1
10306,FBgn0005586,1,1
10308,FBgn0036377,1,1
10309,FBgn0032337,1,1
10310,FBgn0024732,1,1
10311,FBgn0015040,1,1
10312,FBgn0003501,1,1
10313,FBgn0011296,1,1
10314,FBgn0035500,1,1
10315,FBgn0037737,1,1
10316,FBgn0037040,3,0
10316,FBgn0053286,3,0
10316,FBgn0053287,3,0
10317,FBgn0033056,1,1
10318,FBgn0041243,1,1
10320,FBgn0003651,1,1
10321,FBgn0053509,1,1
10322,FBgn0030005,1,1
10323,FBgn0036995,1,1
10328,FBgn0035411,1,1
10329,FBgn0032202,1,1
10332,FBgn0002354,1,1
10335,FBgn0037566,1,1
10336,FBgn0031020,1,1
10338,FBgn0023512,1,1
10339,FBgn0034458,1,1
10340,FBgn0035907,1,1
10341,FBgn0027556,1,1
10342,FBgn0030530,1,1
10343,FBgn0040091,1,1
10345,FBgn0032029,1,1
10348,FBgn0038477,1,1
10349,FBgn0033683,1,1
10350,FBgn0015949,1,1
10352,FBgn0032383,1,1
10354,FBgn0023172,1,1
10355,FBgn0030610,1,1
10357,FBgn0024909,1,1
10359,FBgn0004842,1,1
10360,FBgn0026396,1,1
10361,FBgn0031927,1,1
10363,FBgn0030629,2,0
10363,FBgn0030630,2,0
10364,FBgn0039151,1,1
10365,FBgn0038603,1,1
10366,FBgn0038752,1,1
10367,FBgn0034019,1,1
10368,FBgn0035076,1,1
10369,FBgn0031733,1,1
10370,FBgn0037894,1,1
10371,FBgn0004587,1,1
10373,FBgn0026314,4,0
10373,FBgn0040253,4,0
10373,FBgn0040255,4,0
10373,FBgn0051002,4,0
10374,FBgn0028968,1,1
10375,FBgn0030863,1,1
10376,FBgn0035769,1,1
10378,FBgn0031039,2,0
10378,FBgn0037512,2,0
10379,FBgn0037024,1,1
10381,FBgn0033240,1,1
10383,FBgn0053204,2,0
10383,FBgn0053553,2,0
10384,FBgn0032045,1,1
10385,FBgn0038310,1,1
10386,FBgn0004832,1,1
10387,FBgn0004611,1,1
10388,FBgn0039790,1,1
10389,FBgn0028836,1,1
10390,FBgn0036742,1,1
10391,FBgn0035227,1,1
10392,FBgn0037185,1,1
10394,FBgn0032934,1,1
10395,FBgn0032848,1,1
10396,FBgn0052248,1,1
10397,FBgn0031972,1,1
10399,FBgn0038558,1,1
10400,FBgn0037164,1,1
10401,FBgn0039078,1,1
10402,FBgn0014417,1,1
10403,FBgn0040228,1,1
10405,FBgn0011290,1,1
10406,FBgn0039562,1,1
10407,FBgn0040906,1,1
10408,FBgn0042206,1,1
10410,FBgn0030367,1,1
10411,FBgn0000318,1,1
10413,FBgn0033305,1,1
10414,FBgn0036728,1,1
10415,FBgn0050127,1,1
10416,FBgn0036752,1,1
10417,FBgn0004779,1,1
10418,FBgn0031538,1,1
10419,FBgn0031850,1,1
10420,FBgn0030456,1,1
10423,FBgn0001123,1,1
10424,FBgn0033971,1,1
10425,FBgn0000307,1,1
10426,FBgn0050493,1,1
10427,FBgn0011474,1,1
10428,FBgn0031292,1,1
10429,FBgn0030055,1,1
10432,FBgn0037052,2,0
10432,FBgn0037053,2,0
10433,FBgn0026083,1,1
10434,FBgn0022085,1,1
10435,FBgn0035374,1,1
10436,FBgn0029861,1,1
10438,FBgn0032705,1,1
10439,FBgn0034105,1,1
10440,FBgn0051269,1,1
10443,FBgn0034240,1,1
10444,FBgn0026394,1,1
10445,FBgn0030303,1,1
10446,FBgn0039483,1,1
10447,FBgn0053249,1,1
10449,FBgn0026374,1,1
10450,FBgn0002478,1,1
10452,FBgn0028991,1,1
10453,FBgn0053995,1,1
10454,FBgn0033652,1,1
10455,FBgn0033317,1,1
10457,FBgn0033195,1,1
10458,FBgn0031090,1,1
10459,FBgn0050109,1,1
10460,FBgn0033696,1,1
10461,FBgn0035499,1,1
10462,FBgn0032223,1,1
10463,FBgn0036787,1,1
10464,FBgn0025832,1,1
10465,FBgn0034546,1,1
10466,FBgn0040261,1,1
10467,FBgn0033876,1,1
10468,FBgn0052973,1,1
10470,FBgn0031902,1,1
10471,FBgn0051460,1,1
10472,FBgn0026616,2,0
10472,FBgn0038366,2,0
10473,FBgn0051160,1,1
10474,FBgn0051361,1,1
10475,FBgn0030440,1,1
10476,FBgn0053517,1,1
10477,FBgn0032053,1,1
10478,FBgn0039428,1,1
10479,FBgn0062412,1,1
10480,FBgn0035673,1,1
10481,FBgn0039393,1,1
10482,FBgn0032719,1,1
10483,FBgn0045843,1,1
10484,FBgn0035430,1,1
10485,FBgn0028486,1,1
10486,FBgn0035930,1,1
10487,FBgn0052365,1,1
10488,FBgn0052266,1,1
10491,FBgn0033871,1,1
10492,FBgn0036706,1,1
10495,FBgn0004009,1,1
10499,FBgn0029942,1,1
10500,FBgn0039215,1,1
10501,FBgn0050323,1,1
10503,FBgn0015221,1,1
10504,FBgn0037634,1,1
10505,FBgn0004132,1,1
10508,FBgn0020508,1,1
10509,FBgn0035906,1,1
10511,FBgn0031229,1,1
10513,FBgn0031999,1,1
10514,FBgn0051390,1,1
10515,FBgn0032868,2,0
10515,FBgn0051680,2,0
10516,FBgn0051907,1,1
10517,FBgn0031051,1,1
10518,FBgn0037341,1,1
10519,FBgn0037446,1,1
10520,FBgn0031682,1,1
10522,FBgn0040929,1,1
10523,FBgn0038473,1,1
10526,FBgn0033069,1,1
10527,FBgn0038510,1,1
10529,FBgn0036460,1,1
10530,FBgn0040212,1,1
10531,FBgn0037336,1,1
10532,FBgn0039013,1,1
10533,FBgn0038574,1,1
10535,FBgn0033572,1,1
10536,FBgn0031042,1,1
10537,FBgn0039481,1,1
10540,FBgn0037312,1,1
10541,FBgn0037976,1,1
10543,FBgn0033995,1,1
10544,FBgn0033777,1,1
10545,FBgn0033913,1,1
10546,FBgn0035997,1,1
10548,FBgn0034770,1,1
10549,FBgn0020270,1,1
10550,FBgn0031866,1,1
10551,FBgn0038940,1,1
10552,FBgn0039702,1,1
10553,FBgn0039742,1,1
10554,FBgn0051084,1,1
10555,FBgn0038391,1,1
10556,FBgn0040625,1,1
10557,FBgn0038869,1,1
10560,FBgn0025608,1,1
10561,FBgn0032825,1,1
10562,FBgn0037144,1,1
10564,FBgn0040338,1,1
10565,FBgn0033725,1,1
10567,FBgn0033596,1,1
10568,FBgn0054029,1,1
10570,FBgn0039101,1,1
10571,FBgn0050190,1,1
10572,FBgn0028530,1,1
10573,FBgn0035450,1,1
10574,FBgn0030219,1,1
10575,FBgn0038588,1,1
10576,FBgn0038633,1,1
10577,FBgn0039328,1,1
10578,FBgn0037316,1,1
10579,FBgn0015763,1,1
10580,FBgn0022349,1,1
10581,FBgn0051740,1,1
10582,FBgn0026563,1,1
10583,FBgn0037632,1,1
10584,FBgn0027929,1,1
10585,FBgn0026388,1,1
10587,FBgn0030833,1,1
10588,FBgn0052806,1,1
10591,FBgn0035849,1,1
10592,FBgn0027554,1,1
10593,FBgn0037906,1,1
10594,FBgn0033609,1,1
10595,FBgn0011253,1,1
10596,FBgn0035031,1,1
10597,FBgn0035816,1,1
10599,FBgn0016940,1,1
10600,FBgn0033904,1,1
10601,FBgn0033484,1,1
10602,FBgn0050352,1,1
10604,FBgn0051493,1,1
10606,FBgn0031331,1,1
10609,FBgn0031347,1,1
10610,FBgn0026315,1,1
10611,FBgn0011740,1,1
10612,FBgn0050459,1,1
10613,FBgn0038529,1,1
10614,FBgn0051119,1,1
10615,FBgn0015766,1,1
10616,FBgn0037074,1,1
10618,FBgn0031469,1,1
10619,FBgn0032694,1,1
10620,FBgn0037882,1,1
10623,FBgn0026438,1,1
10625,FBgn0030433,1,1
10627,FBgn0036662,1,1
10628,FBgn0030770,1,1
10630,FBgn0003732,1,1
10631,FBgn0051358,1,1
10632,FBgn0004380,1,1
10634,FBgn0028688,1,1
10638,FBgn0036040,1,1
10639,FBgn0001079,1,1
10640,FBgn0024939,1,1
10641,FBgn0032136,1,1
10642,FBgn0052494,1,1
10643,FBgn0051741,1,1
10644,FBgn0011471,1,1
10645,FBgn0034187,1,1
10648,FBgn0040367,1,1
10649,FBgn0023458,2,0
10649,FBgn0040918,2,0
10650,FBgn0033113,1,1
10651,FBgn0035517,1,1
10652,FBgn0052836,1,1
10653,FBgn0035600,1,1
10656,FBgn0034000,1,1
10657,FBgn0052944,1,1
10658,FBgn0034460,1,1
10660,FBgn0034759,1,1
10661,FBgn0032369,1,1
10662,FBgn0034656,1,1
10663,FBgn0032228,1,1
10664,FBgn0004569,1,1
10665,FBgn0035432,1,1
10667,FBgn0030057,1,1
10668,FBgn0035317,1,1
10669,FBgn0036988,1,1
10671,FBgn0031295,1,1
10672,FBgn0028543,1,1
10673,FBgn0033170,1,1
10674,FBgn0033573,1,1
10675,FBgn0037902,1,1
10676,FBgn0037808,1,1
10681,FBgn0029664,1,1
10682,FBgn0039252,1,1
10683,FBgn0051108,1,1
10684,FBgn0039581,1,1
10685,FBgn0036428,1,1
10686,FBgn0051386,1,1
10688,FBgn0052418,1,1
10690,FBgn0033644,2,0
10690,FBgn0050035,2,0
10691,FBgn0036726,1,1
10692,FBgn0002732,1,1
10693,FBgn0050380,1,1
10694,FBgn0038487,1,1
10695,FBgn0033371,1,1
10696,FBgn0032799,1,1
10697,FBgn0032385,1,1
10698,FBgn0035928,1,1
10701,FBgn0039225,1,1
10702,FBgn0001227,1,1
10703,FBgn0036984,1,1
10704,FBgn0039471,1,1
10705,FBgn0038262,1,1
10707,FBgn0031774,1,1
10708,FBgn0050429,1,1
10711,FBgn0000500,1,1
10713,FBgn0031659,1,1
10715,FBgn0032521,1,1
10717,FBgn0032205,1,1
10720,FBgn0034877,1,1
10722,FBgn0015399,1,1
10723,FBgn0025616,2,0
10723,FBgn0026874,2,0
10724,FBgn0052233,1,1
10725,FBgn0003435,1,1
10726,FBgn0031239,1,1
10727,FBgn0036375,1,1
10729,FBgn0036022,3,0
10729,FBgn0036023,3,0
10729,FBgn0036024,3,0
10730,FBgn0035204,1,1
10732,FBgn0030509,1,1
10733,FBgn0036891,1,1
10735,FBgn0052683,1,1
10736,FBgn0035436,1,1
10737,FBgn0014396,1,1
10738,FBgn0037514,2,0
10738,FBgn0037516,2,0
10740,FBgn0039249,1,1
10741,FBgn0028480,1,1
10742,FBgn0038494,1,1
10743,FBgn0030290,1,1
10744,FBgn0036181,1,1
10745,FBgn0039229,1,1
10746,FBgn0033771,1,1
10748,FBgn0027086,1,1
10749,FBgn0035851,1,1
10750,FBgn0039661,1,1
10751,FBgn0051798,1,1
10752,FBgn0037911,1,1
10754,FBgn0004781,1,1
10755,FBgn0040392,1,1
10757,FBgn0052150,1,1
10758,FBgn0035862,1,1
10759,FBgn0052375,1,1
10760,FBgn0052013,1,1
10762,FBgn0030053,1,1
10763,FBgn0051678,1,1
10765,FBgn0033164,1,1
10766,FBgn0031434,1,1
10767,FBgn0001138,1,1
10768,FBgn0035300,1,1
10770,FBgn0027578,2,0
10770,FBgn0039613,2,0
10771,FBgn0031420,1,1
10772,FBgn0036030,1,1
10773,FBgn0038810,1,1
10776,FBgn0039584,1,1
10777,FBgn0003074,1,1
10781,FBgn0037212,1,1
10782,FBgn0024184,1,1
10783,FBgn0031930,1,1
10784,FBgn0036889,1,1
10785,FBgn0037233,1,1
10789,FBgn0034072,1,1
10790,FBgn0033562,1,1
10791,FBgn0051249,1,1
10793,FBgn0038300,1,1
10794,FBgn0033755,1,1
10795,FBgn0034829,1,1
10798,FBgn0037778,1,1
10799,FBgn0034376,1,1
10800,FBgn0033187,1,1
10801,FBgn0031986,1,1
10803,FBgn0038437,1,1
10804,FBgn0029850,1,1
10805,FBgn0031756,1,1
10807,FBgn0005355,1,1
10808,FBgn0037893,1,1
10809,FBgn0046297,1,1
10810,FBgn0038037,1,1
10812,FBgn0030457,1,1
10813,FBgn0000536,1,1
10814,FBgn0037017,1,1
10815,FBgn0034853,1,1
10816,FBgn0032810,1,1
10817,FBgn0003346,1,1
10819,FBgn0034850,1,1
10820,FBgn0030177,1,1
10822,FBgn0052476,1,1
10823,FBgn0023477,1,1
10824,FBgn0042630,1,1
10825,FBgn0032602,1,1
10826,FBgn0038056,1,1
10827,FBgn0033476,1,1
10828,FBgn0030518,1,1
10829,FBgn0036019,1,1
10830,FBgn0026386,2,0
10830,FBgn0039582,2,0
10834,FBgn0038542,1,1
10835,FBgn0038431,1,1
10837,FBgn0031267,1,1
10838,FBgn0037581,1,1
10839,FBgn0037435,1,1
10841,FBgn0029768,1,1
10842,FBgn0005638,1,1
10844,FBgn0038500,1,1
10846,FBgn0031747,1,1
10847,FBgn0052244,1,1
10848,FBgn0035380,1,1
10849,FBgn0034906,1,1
10850,FBgn0041789,1,1
10853,FBgn0031168,1,1
10854,FBgn0029705,1,1
10855,FBgn0030094,1,1
10858,FBgn0011300,1,1
10859,FBgn0038964,1,1
10863,FBgn0031146,1,1
10864,FBgn0026738,1,1
10867,FBgn0027568,1,1
10868,FBgn0030669,1,1
10869,FBgn0052594,1,1
10870,FBgn0037810,2,0
10870,FBgn0037811,2,0
10871,FBgn0038581,1,1
10873,FBgn0040522,1,1
10874,FBgn0031163,1,1
10875,FBgn0051007,1,1
10876,FBgn0037405,1,1
10878,FBgn0029771,1,1
10879,FBgn0037443,1,1
10880,FBgn0031918,1,1
10882,FBgn0024332,1,1
10883,FBgn0031987,1,1
10884,FBgn0000227,1,1
10886,FBgn0028891,1,1
10887,FBgn0034585,1,1
10888,FBgn0054022,1,1
10892,FBgn0010110,1,1
10893,FBgn0011272,1,1
10894,FBgn0037363,1,1
10895,FBgn0037640,1,1
10896,FBgn0015542,1,1
10897,FBgn0052060,1,1
10898,FBgn0032391,1,1
10899,FBgn0039776,1,1
10901,FBgn0035426,1,1
10902,FBgn0029936,1,1
10903,FBgn0004915,1,1
10905,FBgn0039937,1,1
10908,FBgn0029738,1,1
10909,FBgn0002734,1,1
10910,FBgn0029928,1,1
10911,FBgn0031781,1,1
10913,FBgn0038554,1,1
10914,FBgn0019940,1,1
10917,FBgn0011787,1,1
10919,FBgn0035173,1,1
10920,FBgn0033283,1,1
10921,FBgn0036187,1,1
10922,FBgn0029818,1,1
10923,FBgn0014930,1,1
10924,FBgn0026076,1,1
10925,FBgn0050177,1,1
10927,FBgn0038452,1,1
10929,FBgn0066304,1,1
10930,FBgn0038170,1,1
10932,FBgn0035704,1,1
10934,FBgn0031463,1,1
10935,FBgn0010412,1,1
10938,FBgn0037231,1,1
10939,FBgn0036512,1,1
10940,FBgn0039054,1,1
10941,FBgn0050051,1,1
10942,FBgn0030792,1,1
10943,FBgn0003963,1,1
10945,FBgn0021967,1,1
10946,FBgn0027376,1,1
10948,FBgn0028935,1,1
10949,FBgn0033942,1,1
10950,FBgn0036271,1,1
10951,FBgn0035194,1,1
10952,FBgn0034426,1,1
10953,FBgn0033178,1,1
10955,FBgn0035409,1,1
10956,FBgn0027092,1,1
10957,FBgn0030887,1,1
10959,FBgn0038847,1,1
10960,FBgn0051086,1,1
10961,FBgn0030661,1,1
10962,FBgn0038508,1,1
10964,FBgn0024833,1,1
10965,FBgn0039536,1,1
10966,FBgn0014906,1,1
10968,FBgn0053052,1,1
10969,FBgn0023534,1,1
10972,FBgn0010709,1,1
10973,FBgn0050401,1,1
10974,FBgn0031288,1,1
10975,FBgn0034922,1,1
10976,FBgn0030763,1,1
10977,FBgn0033753,1,1
10979,FBgn0053218,1,1
10981,FBgn0052255,1,1
10982,FBgn0033999,1,1
10983,FBgn0050280,1,1
10985,FBgn0069913,1,1
10986,FBgn0036655,1,1
10987,FBgn0051395,1,1
10989,FBgn0016131,1,1
10990,FBgn0036344,1,1
10991,FBgn0019938,1,1
10992,FBgn0000032,1,1
10994,FBgn0040352,1,1
10995,FBgn0034276,1,1
10996,FBgn0037070,1,1
10997,FBgn0031070,1,1
10998,FBgn0032627,1,1
11000,FBgn0035254,1,1
11001,FBgn0037195,1,1
11003,FBgn0037252,1,1
11005,FBgn0028560,1,1
11008,FBgn0030974,1,1
11010,FBgn0050164,1,1
11011,FBgn0030015,1,1
11012,FBgn0044324,1,1
11014,FBgn0039273,2,0
11014,FBgn0054027,2,0
11016,FBgn0053284,1,1
11017,FBgn0004050,1,1
11019,FBgn0050195,1,1
11020,FBgn0033450,1,1
11021,FBgn0033948,1,1
11022,FBgn0038631,1,1
11023,FBgn0052662,1,1
11025,FBgn0036451,1,1
11026,FBgn0052022,1,1
11027,FBgn0000018,1,1
11028,FBgn0037354,2,0
11028,FBgn0051549,2,0
11029,FBgn0036144,1,1
11030,FBgn0032167,1,1
11031,FBgn0015036,1,1
11032,FBgn0036978,1,1
11033,FBgn0051182,1,1
11034,FBgn0010441,1,1
11035,FBgn0067629,1,1
11036,FBgn0036152,1,1
11037,FBgn0039647,1,1
11038,FBgn0054005,1,1
11039,FBgn0015933,1,1
11040,FBgn0032331,1,1
11041,FBgn0028531,1,1
11043,FBgn0039449,1,1
11044,FBgn0040391,1,1
11046,FBgn0034165,1,1
11047,FBgn0030897,1,1
11048,FBgn0035427,1,1
11050,FBgn0038906,1,1
11052,FBgn0052254,1,1
11053,FBgn0051606,1,1
11054,FBgn0034703,1,1
11055,FBgn0036439,1,1
11056,FBgn0033182,1,1
11057,FBgn0027657,1,1
11058,FBgn0035792,1,1
11059,FBgn0031886,1,1
11060,FBgn0002561,1,1
11061,FBgn0034560,1,1
11062,FBgn0051501,1,1
11063,FBgn0036009,1,1
11064,FBgn0036786,1,1
11066,FBgn0038145,1,1
11067,FBgn0054049,1,1
11068,FBgn0037408,1,1
11069,FBgn0034587,1,1
11070,FBgn0032217,1,1
11071,FBgn0036321,1,1
11072,FBgn0030787,1,1
11073,FBgn0030645,1,1
11075,FBgn0034478,1,1
11077,FBgn0034446,1,1
11078,FBgn0051897,1,1
11080,FBgn0016078,1,1
11082,FBgn0051745,1,1
11084,FBgn0037369,1,1
11085,FBgn0031601,1,1
11086,FBgn0038192,1,1
11088,FBgn0035558,1,1
11090,FBgn0035701,1,1
11092,FBgn0036173,1,1
11093,FBgn0050500,1,1
11094,FBgn0029529,1,1
11095,FBgn0038049,1,1
11096,FBgn0035335,1,1
11097,FBgn0033855,1,1
11098,FBgn0033468,1,1
11099,FBgn0038629,1,1
11100,FBgn0038943,1,1
11101,FBgn0036341,1,1
11104,FBgn0000253,1,1
11105,FBgn0033235,1,1
11106,FBgn0039765,1,1
11107,FBgn0051550,1,1
11108,FBgn0051155,1,1
11110,FBgn0028892,1,1
11112,FBgn0041087,1,1
11113,FBgn0030668,1,1
11114,FBgn0035975,1,1
11115,FBgn0023540,1,1
11117,FBgn0037128,1,1
11118,FBgn0002593,1,1
11119,FBgn0004366,1,1
11120,FBgn0035007,1,1
11121,FBgn0028915,1,1
11122,FBgn0031673,1,1
11123,FBgn0037547,1,1
11126,FBgn0036729,1,1
11129,FBgn0001341,1,1
11130,FBgn0036987,1,1
11131,FBgn0034294,1,1
11133,FBgn0037028,1,1
11134,FBgn0037277,1,1
11135,FBgn0033667,1,1
11137,FBgn0034631,1,1
11138,FBgn0033599,1,1
11139,FBgn0030756,1,1
11140,FBgn0040502,1,1
11141,FBgn0034179,1,1
11142,FBgn0053554,1,1
11143,FBgn0035248,1,1
11144,FBgn0037323,1,1
11146,FBgn0032149,1,1
11148,FBgn0029701,1,1
11149,FBgn0014007,1,1
11151,FBgn0003140,1,1
11152,FBgn0032484,1,1
11156,FBgn0010347,1,1
11158,FBgn0027835,1,1
11159,FBgn0038000,1,1
11160,FBgn0029514,1,1
11162,FBgn0038225,1,1
11165,FBgn0051778,1,1
11166,FBgn0036104,1,1
11168,FBgn0024555,1,1
11169,FBgn0035854,1,1
11170,FBgn0039218,1,1
11171,FBgn0038981,1,1
11172,FBgn0016762,1,1
11173,FBgn0033716,1,1
11175,FBgn0036804,1,1
11176,FBgn0027581,1,1
11177,FBgn0039404,1,1
11178,FBgn0033072,1,1
11179,FBgn0030449,1,1
11181,FBgn0051453,1,1
11182,FBgn0010382,1,1
11183,FBgn0025644,1,1
11184,FBgn0000179,1,1
11185,FBgn0033712,1,1
11187,FBgn0053173,1,1
11188,FBgn0033754,1,1
11194,FBgn0032447,1,1
11195,FBgn0015567,1,1
11196,FBgn0030960,1,1
11197,FBgn0037669,1,1
11198,FBgn0033943,1,1
11199,FBgn0029895,1,1
11200,FBgn0042180,1,1
11201,FBgn0039020,1,1
11202,FBgn0037123,1,1
11203,FBgn0003944,1,1
11204,FBgn0039319,2,0
11204,FBgn0051370,2,0
11205,FBgn0037890,1,1
11206,FBgn0036772,1,1
11207,FBgn0038139,1,1
11208,FBgn0037876,1,1
11210,FBgn0032180,1,1
11211,FBgn0003149,1,1
11212,FBgn0064121,1,1
11213,FBgn0032259,1,1
11214,FBgn0052228,1,1
11216,FBgn0039805,1,1
11217,FBgn0035702,1,1
11218,FBgn0024187,1,1
11220,FBgn0036156,1,1
11221,FBgn0051220,1,1
11222,FBgn0004644,1,1
11223,FBgn0036121,1,1
11224,FBgn0032911,1,1
11226,FBgn0015477,1,1
11227,FBgn0038590,1,1
11229,FBgn0053349,1,1
11231,FBgn0036980,1,1
11232,FBgn0004378,1,1
11234,FBgn0039565,1,1
11235,FBgn0034053,1,1
11237,FBgn0000212,1,1
11239,FBgn0033355,1,1
11240,FBgn0035621,1,1
11246,FBgn0040694,1,1
11247,FBgn0033984,1,1
11250,FBgn0010217,2,0
11250,FBgn0036568,2,0
11251,FBgn0040359,1,1
11252,FBgn0031970,1,1
11253,FBgn0042696,1,1
11254,FBgn0035534,1,1
11255,FBgn0030896,1,1
11256,FBgn0004911,1,1
11257,FBgn0036862,1,1
11258,FBgn0032987,1,1
11259,FBgn0029905,1,1
11260,FBgn0031253,1,1
11261,FBgn0001197,1,1
11262,FBgn0032024,1,1
11263,FBgn0050011,1,1
11264,FBgn0029947,1,1
11266,FBgn0034975,1,1
11267,FBgn0031630,1,1
11268,FBgn0036793,1,1
11269,FBgn0014076,1,1
11270,FBgn0052457,1,1
11272,FBgn0037531,1,1
11273,FBgn0033418,1,1
11274,FBgn0033373,1,1
11276,FBgn0038774,1,1
11277,FBgn0011556,1,1
11278,FBgn0067311,1,1
11280,FBgn0037279,1,1
11281,FBgn0039540,1,1
11283,FBgn0020399,1,1
11284,FBgn0040705,1,1
11285,FBgn0051304,1,1
11286,FBgn0035692,1,1
11288,FBgn0030376,1,1
11290,FBgn0014849,1,1
11291,FBgn0033739,1,1
11295,FBgn0028693,1,1
11296,FBgn0011703,1,1
11297,FBgn0037134,1,1
11304,FBgn0039759,1,1
11306,FBgn0025698,1,1
11307,FBgn0003984,1,1
11308,FBgn0034721,1,1
11309,FBgn0033851,1,1
11310,FBgn0030807,1,1
11311,FBgn0052422,1,1
11313,FBgn0040353,1,1
11316,FBgn0031544,1,1
11317,FBgn0050344,2,0
11317,FBgn0050345,2,0
11318,FBgn0031321,1,1
11320,FBgn0034665,1,1
11322,FBgn0034059,1,1
11323,FBgn0030671,1,1
11325,FBgn0039839,1,1
11326,FBgn0035445,1,1
11327,FBgn0064912,1,1
11328,FBgn0036487,1,1
11330,FBgn0038299,1,1
11331,FBgn0010043,1,1
11332,FBgn0037410,1,1
11334,FBgn0002632,1,1
11335,FBgn0003460,1,1
11336,FBgn0015904,1,1
11337,FBgn0033482,1,1
11338,FBgn0035330,1,1
11339,FBgn0050076,1,1
11340,FBgn0000037,1,1
11341,FBgn0053546,1,1
11343,FBgn0028990,1,1
11344,FBgn0029687,1,1
11346,FBgn0038285,1,1
11347,FBgn0052393,1,1
11348,FBgn0031360,1,1
11350,FBgn0033882,1,1
11352,FBgn0035729,1,1
11353,FBgn0052576,1,1
11354,FBgn0039246,1,1
11356,FBgn0030345,1,1
11357,FBgn0000055,1,1
11358,FBgn0034214,1,1
11359,FBgn0052030,1,1
11360,FBgn0033480,1,1
11361,FBgn0030274,1,1
11362,FBgn0034663,1,1
11364,FBgn0035860,1,1
11365,FBgn0036292,1,1
11366,FBgn0051776,1,1
11367,FBgn0030928,1,1
11368,FBgn0034422,1,1
11369,FBgn0028520,1,1
11370,FBgn0036603,1,1
11371,FBgn0003383,1,1
11372,FBgn0032873,1,1
11373,FBgn0039029,1,1
11375,FBgn0030009,1,1
11376,FBgn0038319,1,1
11379,FBgn0054033,1,1
11380,FBgn0001148,1,1
11383,FBgn0033495,1,1
11384,FBgn0039596,1,1
11385,FBgn0036975,1,1
11386,FBgn0029711,1,1
11387,FBgn0050008,1,1
11389,FBgn0032956,1,1
11390,FBgn0023388,1,1
11393,FBgn0031309,1,1
11394,FBgn0038246,1,1
11395,FBgn0035786,1,1
11396,FBgn0052416,1,1
11397,FBgn0052627,1,1
11398,FBgn0040985,1,1
11400,FBgn0040871,1,1
11401,FBgn0038938,1,1
11402,FBgn0038389,1,1
11403,FBgn0031945,1,1
11405,FBgn0035520,1,1
11406,FBgn0032376,1,1
11407,FBgn0051392,1,1
11408,FBgn0030362,3,0
11408,FBgn0038257,3,0
11408,FBgn0038258,3,0
11409,FBgn0028274,1,1
11410,FBgn0054010,1,1
11411,FBgn0036713,1,1
11413,FBgn0025739,1,1
11415,FBgn0029123,1,1
11417,FBgn0037721,1,1
11418,FBgn0037082,1,1
11419,FBgn0023526,1,1
11421,FBgn0027539,1,1
11422,FBgn0036563,2,0
11422,FBgn0053258,2,0
11423,FBgn0031011,1,1
11424,FBgn0034729,1,1
11425,FBgn0015350,1,1
11427,FBgn0034552,1,1
11431,FBgn0027521,1,1
11432,FBgn0031883,1,1
11433,FBgn0035787,1,1
11434,FBgn0036532,1,1
11435,FBgn0051908,1,1
11436,FBgn0033717,1,1
11437,FBgn0040346,1,1
11439,FBgn0036294,1,1
11442,FBgn0034600,1,1
11444,FBgn0000316,1,1
11445,FBgn0019830,1,1
11446,FBgn0038402,1,1
11447,FBgn0001149,1,1
11448,FBgn0053680,1,1
11450,FBgn0019886,1,1
11452,FBgn0031376,1,1
11454,FBgn0024330,1,1
11455,FBgn0038433,2,0
11455,FBgn0038434,2,0
11456,FBgn0026190,1,1
11457,FBgn0030392,1,1
11458,FBgn0035547,1,1
11459,FBgn0039358,1,1
11460,FBgn0030607,1,1
11461,FBgn0033834,3,0
11461,FBgn0033836,3,0
11461,FBgn0050059,3,0
11463,FBgn0028373,1,1
11464,FBgn0050487,1,1
11468,FBgn0051098,1,1
11469,FBgn0045482,2,0
11469,FBgn0045483,2,0
11471,FBgn0035857,1,1
11474,FBgn0022027,1,1
11475,FBgn0031734,1,1
11476,FBgn0039158,1,1
11480,FBgn0029887,1,1
11483,FBgn0037314,1,1
11484,FBgn0039486,1,1
11485,FBgn0025624,1,1
11486,FBgn0031783,1,1
11487,FBgn0031624,1,1
11488,FBgn0036857,1,1
11489,FBgn0030107,1,1
11491,FBgn0033665,1,1
11492,FBgn0038353,1,1
11493,FBgn0034530,1,1
11495,FBgn0031729,1,1
11496,FBgn0032138,1,1
11497,FBgn0029822,1,1
11498,FBgn0051530,1,1
11499,FBgn0031650,1,1
11500,FBgn0051495,1,1
11501,FBgn0025821,1,1
11505,FBgn0032266,1,1
11506,FBgn0035293,1,1
11507,FBgn0037176,1,1
11508,FBgn0039632,1,1
11510,FBgn0037850,1,1
11511,FBgn0037184,1,1
11512,FBgn0032290,1,1
11513,FBgn0050055,1,1
11517,FBgn0033785,1,1
11520,FBgn0010288,1,1
11524,FBgn0036221,1,1
11525,FBgn0036579,1,1
11527,FBgn0027791,1,1
11528,FBgn0037843,1,1
11529,FBgn0051286,1,1
11530,FBgn0022708,1,1
11531,FBgn0033676,1,1
11532,FBgn0030507,1,1
11533,FBgn0051555,1,1
11534,FBgn0039371,1,1
11535,FBgn0029935,1,1
11536,FBgn0033457,1,1
11537,FBgn0028525,1,1
11538,FBgn0051121,1,1
11539,FBgn0000083,1,1
11540,FBgn0003444,1,1
11543,FBgn0042711,1,1
11544,FBgn0003410,1,1
11545,FBgn0031235,1,1
11547,FBgn0027587,1,1
11548,FBgn0030347,1,1
11549,FBgn0038953,1,1
11551,FBgn0038619,1,1
11552,FBgn0036334,1,1
11553,FBgn0037609,1,1
11557,FBgn0031703,1,1
11559,FBgn0030599,1,1
11562,FBgn0003975,1,1
11563,FBgn0037654,1,1
11564,FBgn0025186,1,1
11565,FBgn0038821,1,1
11568,FBgn0031796,1,1
11569,FBgn0052382,2,0
11569,FBgn0052383,2,0
11570,FBgn0003430,1,1
11571,FBgn0053169,1,1
11573,FBgn0039512,1,1
11574,FBgn0030097,1,1
11575,FBgn0000363,1,1
11579,FBgn0035143,1,1
11580,FBgn0040764,1,1
11581,FBgn0031749,1,1
11582,FBgn0051469,1,1
11583,FBgn0034278,1,1
11584,FBgn0039914,1,1
11585,FBgn0030810,1,1
11586,FBgn0010426,1,1
11587,FBgn0013325,1,1
11589,FBgn0037941,1,1
11590,FBgn0040600,1,1
11594,FBgn0036416,1,1
11595,FBgn0032919,1,1
11596,FBgn0029932,1,1
11598,FBgn0051128,1,1
11599,FBgn0032154,1,1
11600,FBgn0034778,1,1
11601,FBgn0029977,1,1
11602,FBgn0040105,1,1
11603,FBgn0036464,1,1
11604,FBgn0032607,1,1
11605,FBgn0038035,1,1
11606,FBgn0039443,1,1
11609,FBgn0000052,1,1
11610,FBgn0036643,1,1
11612,FBgn0004619,2,0
11612,FBgn0028431,2,0
11613,FBgn0000351,1,1
11616,FBgn0052380,1,1
11618,FBgn0034693,1,1
11620,FBgn0005411,1,1
11621,FBgn0033322,1,1
11622,FBgn0051912,1,1
11623,FBgn0004926,1,1
11624,FBgn0032609,1,1
11625,FBgn0025617,1,1
11626,FBgn0019929,1,1
11628,FBgn0040092,1,1
11629,FBgn0030878,1,1
11630,FBgn0050385,1,1
11633,FBgn0034915,1,1
11634,FBgn0037702,1,1
11637,FBgn0004579,1,1
11638,FBgn0032096,1,1
11640,FBgn0032039,1,1
11641,FBgn0035605,2,0
11641,FBgn0052791,2,0
11642,FBgn0053626,2,0
11642,FBgn0053627,2,0
11643,FBgn0053107,1,1
11644,FBgn0033702,1,1
11645,FBgn0038491,1,1
11646,FBgn0032555,1,1
11648,FBgn0035211,1,1
11650,FBgn0039015,1,1
11652,FBgn0032013,1,1
11653,FBgn0028642,1,1
11654,FBgn0037441,1,1
11655,FBgn0053228,1,1
11657,FBgn0032640,1,1
11658,FBgn0037913,1,1
11659,FBgn0053510,1,1
11660,FBgn0000636,1,1
11661,FBgn0032943,1,1
11663,FBgn0010222,1,1
11664,FBgn0038385,1,1
11666,FBgn0038893,1,1
11667,FBgn0050432,1,1
11669,FBgn0052226,1,1
11670,FBgn0032117,1,1
11671,FBgn0034420,1,1
11672,FBgn0010329,1,1
11673,FBgn0029506,1,1
11674,FBgn0051025,1,1
11676,FBgn0036552,1,1
11678,FBgn0036931,1,1
11679,FBgn0036496,1,1
11680,FBgn0013432,1,1
11684,FBgn0033816,1,1
11685,FBgn0039196,1,1
11686,FBgn0015522,1,1
11687,FBgn0031775,1,1
11688,FBgn0036782,1,1
11689,FBgn0016641,1,1
11690,FBgn0032140,1,1
11692,FBgn0023515,1,1
11694,FBgn0002284,1,1
11697,FBgn0036362,1,1
11698,FBgn0030499,1,1
11699,FBgn0035252,1,1
11700,FBgn0039861,1,1
11701,FBgn0035025,1,1
11702,FBgn0033915,1,1
11703,FBgn0038626,1,1
11704,FBgn0029002,1,1
11706,FBgn0035923,1,1
11707,FBgn0037538,1,1
11708,FBgn0032793,1,1
11709,FBgn0051781,1,1
11710,FBgn0033428,1,1
11711,FBgn0001083,1,1
11712,FBgn0004597,1,1
11715,FBgn0010265,1,1
11716,FBgn0033142,1,1
11720,FBgn0005683,1,1
11722,FBgn0010218,1,1
11723,FBgn0035708,1,1
11724,FBgn0035416,1,1
11726,FBgn0011741,1,1
11728,FBgn0052431,1,1
11729,FBgn0039694,1,1
11733,FBgn0036145,1,1
11734,FBgn0050355,1,1
11735,FBgn0031621,1,1
11736,FBgn0033477,1,1
11737,FBgn0032804,1,1
11739,FBgn0029067,1,1
11740,FBgn0004892,1,1
11741,FBgn0039056,1,1
11742,FBgn0036345,1,1
11743,FBgn0034846,1,1
11744,FBgn0036843,1,1
11745,FBgn0037956,1,1
11746,FBgn0036615,1,1
11747,FBgn0015316,1,1
11748,FBgn0003867,1,1
11749,FBgn0042126,1,1
11750,FBgn0052114,1,1
11751,FBgn0036877,1,1
11752,FBgn0067779,1,1
11753,FBgn0001168,1,1
11754,FBgn0038167,1,1
11755,FBgn0028644,1,1
11757,FBgn0038944,1,1
11762,FBgn0030914,1,1
11763,FBgn0039469,1,1
11765,FBgn0037200,1,1
11766,FBgn0039612,1,1
11767,FBgn0036765,1,1
11768,FBgn0051938,1,1
11769,FBgn0038676,1,1
11771,FBgn0019949,1,1
11772,FBgn0036257,1,1
11773,FBgn0037051,1,1
11775,FBgn0034282,1,1
11776,FBgn0031399,1,1
11777,FBgn0037414,1,1
11778,FBgn0030317,1,1
11779,FBgn0025838,1,1
11782,FBgn0036580,1,1
11786,FBgn0028946,1,1
11788,FBgn0001325,1,1
11789,FBgn0010356,1,1
11790,FBgn0003317,1,1
11791,FBgn0029804,1,1
11792,FBgn0051821,1,1
11793,FBgn0029594,1,1
11794,FBgn0033731,1,1
11795,FBgn0032276,1,1
11796,FBgn0029881,1,1
11797,FBgn0034979,1,1
11798,FBgn0027358,1,1
11799,FBgn0032354,1,1
11800,FBgn0039387,1,1
11801,FBgn0039180,1,1
11803,FBgn0011762,1,1
11804,FBgn0029788,1,1
11805,FBgn0001204,1,1
11807,FBgn0021742,1,1
11808,FBgn0011230,1,1
11809,FBgn0050052,1,1
11810,FBgn0033592,1,1
11811,FBgn0035044,1,1
11813,FBgn0031390,1,1
11814,FBgn0039679,1,1
11816,FBgn0024194,1,1
11817,FBgn0029966,1,1
11818,FBgn0053057,1,1
11820,FBgn0030144,1,1
11821,FBgn0051217,1,1
11822,FBgn0031818,1,1
11823,FBgn0033185,1,1
11824,FBgn0035719,1,1
11825,FBgn0023170,1,1
11826,FBgn0038074,1,1
11828,FBgn0032014,1,1
11829,FBgn0025140,1,1
11830,FBgn0022344,1,1
11831,FBgn0032724,1,1
11832,FBgn0039698,1,1
11833,FBgn0033584,1,1
11834,FBgn0037709,1,1
11835,FBgn0030309,1,1
11836,FBgn0031068,1,1
11837,FBgn0033554,1,1
11839,FBgn0028411,1,1
11840,FBgn0035035,1,1
11842,FBgn0039042,1,1
11844,FBgn0036136,1,1
11845,FBgn0051818,1,1
11846,FBgn0010229,1,1
11847,FBgn0010213,1,1
11848,FBgn0000330,1,1
11849,FBgn0033192,1,1
11850,FBgn0029948,1,1
11851,FBgn0029679,1,1
11852,FBgn0038478,1,1
11853,FBgn0032746,1,1
11855,FBgn0030342,1,1
11857,FBgn0039678,1,1
11859,FBgn0038090,1,1
11860,FBgn0051223,1,1
11861,FBgn0039141,1,1
11862,FBgn0037297,1,1
11865,FBgn0035988,1,1
11866,FBgn0054050,1,1
11868,FBgn0052057,1,1
11869,FBgn0003507,1,1
11871,FBgn0038460,1,1
11874,FBgn0033005,1,1
11875,FBgn0033271,1,1
11877,FBgn0035346,1,1
11878,FBgn0033615,1,1
11879,FBgn0004374,1,1
11880,FBgn0039929,1,1
11882,FBgn0037873,1,1
11883,FBgn0038291,1,1
11884,FBgn0025630,1,1
11885,FBgn0034684,1,1
11886,FBgn0032577,1,1
11887,FBgn0032186,1,1
11888,FBgn0039725,1,1
11890,FBgn0032330,1,1
11891,FBgn0038545,1,1
11892,FBgn0034368,1,1
11893,FBgn0035016,1,1
11894,FBgn0010228,1,1
11895,FBgn0031711,1,1
11896,FBgn0038368,1,1
11897,FBgn0030626,1,1
11898,FBgn0008646,1,1
11899,FBgn0030999,1,1
11900,FBgn0000826,1,1
11901,FBgn0027558,1,1
11904,FBgn0030541,1,1
11905,FBgn0052533,1,1
11906,FBgn0037652,1,1
11907,FBgn0052468,1,1
11910,FBgn0033062,1,1
11911,FBgn0036036,1,1
11912,FBgn0031045,1,1
11914,FBgn0038290,1,1
11916,FBgn0038525,1,1
11917,FBgn0036939,1,1
11918,FBgn0032618,1,1
11919,FBgn0002527,1,1
11920,FBgn0035965,1,1
11923,FBgn0022347,1,1
11928,FBgn0035127,1,1
11931,FBgn0037589,1,1
11933,FBgn0052262,1,1
11934,FBgn0052278,1,1
11935,FBgn0052043,1,1
11936,FBgn0038149,1,1
11937,FBgn0032620,1,1
11938,FBgn0043012,1,1
11939,FBgn0053514,2,0
11939,FBgn0053966,2,0
11940,FBgn0030418,1,1
11941,FBgn0052855,1,1
11943,FBgn0037896,1,1
11944,FBgn0039654,1,1
11945,FBgn0037822,1,1
11946,FBgn0036463,1,1
11947,FBgn0031129,1,1
11948,FBgn0002715,1,1
11949,FBgn0035166,1,1
11950,FBgn0011573,1,1
11951,FBgn0032515,1,1
11952,FBgn0032388,1,1
11954,FBgn0030892,1,1
11955,FBgn0004362,1,1
11956,FBgn0030638,1,1
11958,FBgn0030823,1,1
11960,FBgn0035929,2,0
11960,FBgn0052023,2,0
11962,FBgn0052569,1,1
11963,FBgn0031526,1,1
11964,FBgn0037987,1,1
11965,FBgn0030697,1,1
11966,FBgn0035299,1,1
11967,FBgn0027570,1,1
11968,FBgn0020389,1,1
11970,FBgn0039687,1,1
11972,FBgn0050016,1,1
11973,FBgn0035508,1,1
11974,FBgn0031214,1,1
11975,FBgn0029686,3,0
11975,FBgn0052783,3,0
11975,FBgn0052786,3,0
11976,FBgn0025336,1,1
11977,FBgn0033928,1,1
11978,FBgn0035247,1,1
11979,FBgn0003295,1,1
11980,FBgn0031401,1,1
11981,FBgn0039751,1,1
11983,FBgn0035664,1,1
11984,FBgn0040297,1,1
11985,FBgn0034140,1,1
11986,FBgn0050369,1,1
11987,FBgn0031540,1,1
11988,FBgn0036565,1,1
11989,FBgn0035157,1,1
11990,FBgn0011716,1,1
11991,FBgn0035722,1,1
11993,FBgn0030868,1,1
11998,FBgn0034168,1,1
11999,FBgn0031127,1,1
12000,FBgn0038029,1,1
12001,FBgn0028984,1,1
12002,FBgn0032131,1,1
12003,FBgn0033133,1,1
12004,FBgn0035383,1,1
12005,FBgn0015663,1,1
12007,FBgn0020767,1,1
12008,FBgn0015553,1,1
12010,FBgn0031188,1,1
12011,FBgn0032198,1,1
12012,FBgn0003416,1,1
12013,FBgn0015550,1,1
12014,FBgn0032372,1,1
12015,FBgn0027616,1,1
12017,FBgn0033310,1,1
12019,FBgn0031062,1,1
12020,FBgn0035237,1,1
12021,FBgn0003511,1,1
12022,FBgn0052390,1,1
12023,FBgn0000552,1,1
12025,FBgn0026582,1,1
12026,FBgn0031081,1,1
12028,FBgn0040372,1,1
12029,FBgn0000986,1,1
12030,FBgn0029173,1,1
12031,FBgn0015324,1,1
12032,FBgn0050182,1,1
12034,FBgn0033260,1,1
12037,FBgn0033137,1,1
12038,FBgn0039099,1,1
12039,FBgn0003512,1,1
12040,FBgn0039405,1,1
12041,FBgn0037537,1,1
12043,FBgn0031283,1,1
12044,FBgn0016926,1,1
12045,FBgn0025549,1,1
12046,FBgn0011771,1,1
12047,FBgn0051030,1,1
12051,FBgn0029158,1,1
12052,FBgn0036731,1,1
12053,FBgn0029702,1,1
12054,FBgn0000591,1,1
12055,FBgn0036168,1,1
12056,FBgn0036124,1,1
12057,FBgn0053171,1,1
12058,FBgn0004919,1,1
12059,FBgn0031549,1,1
12060,FBgn0053061,1,1
12061,FBgn0036032,1,1
12062,FBgn0028872,1,1
12063,FBgn0052446,1,1
12065,FBgn0050324,1,1
12066,FBgn0035451,1,1
12067,FBgn0030060,1,1
12069,FBgn0035898,1,1
12070,FBgn0038369,1,1
12072,FBgn0032004,1,1
12073,FBgn0040230,1,1
12075,FBgn0051898,1,1
12076,FBgn0013749,1,1
12077,FBgn0032125,1,1
12079,FBgn0031838,1,1
12080,FBgn0010422,1,1
12081,FBgn0036376,1,1
12082,FBgn0052102,1,1
12083,FBgn0052484,1,1
12084,FBgn0030471,1,1
12086,FBgn0038679,1,1
12088,FBgn0030275,1,1
12090,FBgn0005427,1,1
12093,FBgn0030672,1,1
12095,FBgn0038481,1,1
12096,FBgn0034195,1,1
12097,FBgn0030289,1,1
12098,FBgn0038229,1,1
12099,FBgn0044809,1,1
12100,FBgn0034093,1,1
12101,FBgn0038398,1,1
12103,FBgn0053968,1,1
12105,FBgn0032689,1,1
12106,FBgn0040995,1,1
12107,FBgn0002174,1,1
12108,FBgn0033865,1,1
12109,FBgn0030675,1,1
12111,FBgn0027569,1,1
12113,FBgn0052846,1,1
12114,FBgn0036315,1,1
12115,FBgn0000404,1,1
12116,FBgn0033165,1,1
12117,FBgn0004407,1,1
12118,FBgn0034674,1,1
12119,FBgn0040998,1,1
12122,FBgn0032438,1,1
12124,FBgn0031431,1,1
12125,FBgn0038976,1,1
12128,FBgn0034128,2,0
12128,FBgn0034129,2,0
12131,FBgn0033756,1,1
12132,FBgn0031754,1,1
12133,FBgn0033490,1,1
12134,FBgn0035501,1,1
12135,FBgn0039574,1,1
12136,FBgn0032292,1,1
12137,FBgn0030396,1,1
12138,FBgn0027950,1,1
12139,FBgn0031779,1,1
12140,FBgn0030806,1,1
12141,FBgn0051105,1,1
12142,FBgn0040942,1,1
12143,FBgn0063499,1,1
12144,FBgn0014380,1,1
12145,FBgn0032329,1,1
12146,FBgn0032346,1,1
12151,FBgn0053993,1,1
12152,FBgn0063497,1,1
12153,FBgn0040371,1,1
12155,FBgn0002938,1,1
12157,FBgn0031302,1,1
12158,FBgn0037315,1,1
12159,FBgn0004397,1,1
12160,FBgn0035359,1,1
12162,FBgn0039492,1,1
12163,FBgn0034304,1,1
12164,FBgn0051825,2,0
12164,FBgn0053311,2,0
12165,FBgn0033763,1,1
12166,FBgn0039585,1,1
12167,FBgn0050363,1,1
12168,FBgn0011341,1,1
12169,FBgn0032065,1,1
12170,FBgn0033961,1,1
12171,FBgn0030746,1,1
12172,FBgn0050054,1,1
12173,FBgn0029666,1,1
12174,FBgn0035470,1,1
12175,FBgn0035638,1,1
12178,FBgn0035393,1,1
12179,FBgn0028532,1,1
12180,FBgn0046332,1,1
12181,FBgn0037129,1,1
12182,FBgn0034879,1,1
12183,FBgn0037716,1,1
12185,FBgn0030883,1,1
12186,FBgn0037486,1,1
12187,FBgn0036005,1,1
12188,FBgn0034454,1,1
12191,FBgn0024728,1,1
12192,FBgn0028400,3,0
12192,FBgn0037493,3,0
12192,FBgn0051544,3,0
12193,FBgn0032049,1,1
12196,FBgn0036089,1,1
12197,FBgn0000039,1,1
12198,FBgn0027514,1,1
12199,FBgn0037383,1,1
12200,FBgn0030905,1,1
12201,FBgn0037307,2,0
12201,FBgn0038018,2,0
12203,FBgn0061515,1,1
12206,FBgn0038063,1,1
12207,FBgn0015796,1,1
12209,FBgn0034506,1,1
12210,FBgn0030465,2,0
12210,FBgn0030468,2,0
12211,FBgn0026778,1,1
12212,FBgn0038144,1,1
12213,FBgn0038392,1,1
12214,FBgn0046685,1,1
12215,FBgn0031421,1,1
12216,FBgn0040376,1,1
12219,FBgn0039727,1,1
12221,FBgn0020496,1,1
12222,FBgn0033207,1,1
12223,FBgn0030389,1,1
12224,FBgn0032815,1,1
12225,FBgn0041781,1,1
12226,FBgn0037251,1,1
12227,FBgn0014022,1,1
12228,FBgn0030235,1,1
12229,FBgn0033121,1,1
12232,FBgn0031077,1,1
12236,FBgn0034286,1,1
12238,FBgn0036128,2,0
12238,FBgn0052072,2,0
12240,FBgn0008636,1,1
12245,FBgn0015772,1,1
12247,FBgn0037844,1,1
12250,FBgn0003659,1,1
12252,FBgn0030984,1,1
12253,FBgn0031813,1,1
12254,FBgn0036514,1,1
12256,FBgn0035407,1,1
12259,FBgn0050467,1,1
12260,FBgn0028902,1,1
12261,FBgn0000359,1,1
12262,FBgn0033662,1,1
12263,FBgn0035519,1,1
12264,FBgn0031194,1,1
12269,FBgn0038511,1,1
12270,FBgn0010355,1,1
12271,FBgn0030246,1,1
12272,FBgn0030744,1,1
12273,FBgn0024841,1,1
12274,FBgn0029952,1,1
12276,FBgn0000109,1,1
12279,FBgn0053460,1,1
12281,FBgn0066303,1,1
12282,FBgn0052036,1,1
12284,FBgn0033827,1,1
12285,FBgn0003748,1,1
12287,FBgn0040382,1,1
12292,FBgn0028949,1,1
12294,FBgn0034315,1,1
12295,FBgn0030293,1,1
12297,FBgn0039217,1,1
12299,FBgn0030247,1,1
12302,FBgn0058463,1,1
12306,FBgn0035358,1,1
12308,FBgn0024510,1,1
12310,FBgn0035815,1,1
12311,FBgn0011571,1,1
12312,FBgn0036738,1,1
12313,FBgn0031270,1,1
12316,FBgn0035244,2,0
12316,FBgn0053230,2,0
12317,FBgn0038516,1,1
12318,FBgn0039911,1,1
12320,FBgn0015001,1,1
12321,FBgn0045064,1,1
12322,FBgn0027335,1,1
12323,FBgn0011598,1,1
12324,FBgn0040339,1,1
12328,FBgn0032693,1,1
12329,FBgn0033510,1,1
12330,FBgn0034296,1,1
12331,FBgn0033191,1,1
12333,FBgn0052803,1,1
12334,FBgn0003738,1,1
12336,FBgn0032048,1,1
12338,FBgn0052750,1,1
12340,FBgn0038662,1,1
12341,FBgn0033663,1,1
12343,FBgn0000241,1,1
12344,FBgn0036007,1,1
12346,FBgn0039391,1,1
12347,FBgn0011205,1,1
12349,FBgn0039338,1,1
12351,FBgn0032287,1,1
12352,FBgn0052263,1,1
12353,FBgn0038376,1,1
12355,FBgn0033259,1,1
12356,FBgn0004389,1,1
12357,FBgn0033301,1,1
12358,FBgn0003983,1,1
12359,FBgn0053464,1,1
12360,FBgn0001189,1,1
12361,FBgn0038052,1,1
12362,FBgn0036013,1,1
12363,FBgn0025185,1,1
12367,FBgn0031184,1,1
12369,FBgn0029079,1,1
12371,FBgn0033485,1,1
12372,FBgn0032309,1,1
12374,FBgn0036878,1,1
12375,FBgn0031668,1,1
12376,FBgn0019624,1,1
12377,FBgn0011582,1,1
12378,FBgn0052580,1,1
12385,FBgn0030525,1,1
12386,FBgn0038009,1,1
12388,FBgn0039211,1,1
12389,FBgn0038424,1,1
12390,FBgn0030328,1,1
12391,FBgn0034894,1,1
12392,FBgn0052556,1,1
12393,FBgn0035966,1,1
12394,FBgn0029707,1,1
12396,FBgn0032720,1,1
12397,FBgn0040649,1,1
12399,FBgn0030161,1,1
12401,FBgn0003090,1,1
12403,FBgn0052119,1,1
12404,FBgn0035086,1,1
12407,FBgn0032546,1,1
12409,FBgn0032858,1,1
12410,FBgn0028407,1,1
12412,FBgn0041723,1,1
12413,FBgn0033431,1,1
12415,FBgn0035791,1,1
12416,FBgn0030615,1,1
12418,FBgn0000808,1,1
12420,FBgn0013773,1,1
12421,FBgn0003479,1,1
12422,FBgn0036210,1,1
12423,FBgn0036544,1,1
12424,FBgn0028396,1,1
12426,FBgn0039766,1,1
12429,FBgn0004170,1,1
12433,FBgn0052440,1,1
12434,FBgn0000356,1,1
12435,FBgn0035721,1,1
12437,FBgn0033578,1,1
12438,FBgn0015907,1,1
12440,FBgn0020305,1,1
12441,FBgn0030360,1,1
12442,FBgn0030265,1,1
12444,FBgn0052564,1,1
12445,FBgn0037365,1,1
12446,FBgn0037659,1,1
12447,FBgn0035382,1,1
12449,FBgn0037874,1,1
12450,FBgn0050106,1,1
12451,FBgn0032230,1,1
12453,FBgn0035771,1,1
12454,FBgn0015797,1,1
12455,FBgn0040584,1,1
12456,FBgn0034366,1,1
12458,FBgn0030995,1,1
12459,FBgn0037375,1,1
12461,FBgn0034539,1,1
12462,FBgn0046258,1,1
12464,FBgn0032109,1,1
12465,FBgn0038925,1,1
12466,FBgn0035548,1,1
12467,FBgn0011577,1,1
12468,FBgn0040862,1,1
12469,FBgn0036589,1,1
12471,FBgn0029957,1,1
12474,FBgn0003660,1,1
12475,FBgn0035435,1,1
12477,FBgn0032865,1,1
12478,FBgn0034794,1,1
12482,FBgn0032921,1,1
12485,FBgn0035891,1,1
12487,FBgn0031110,1,1
12488,FBgn0033751,1,1
12489,FBgn0039774,1,1
12490,FBgn0040911,1,1
12491,FBgn0037434,1,1
12494,FBgn0034662,1,1
12496,FBgn0033309,1,1
12497,FBgn0052373,1,1
12498,FBgn0032481,1,1
12502,FBgn0037926,1,1
12503,FBgn0017590,1,1
12504,FBgn0037819,1,1
12505,FBgn0031977,1,1
12506,FBgn0031816,1,1
12508,FBgn0024993,1,1
12510,FBgn0037715,1,1
12511,FBgn0032679,1,1
12512,FBgn0051677,1,1
12516,FBgn0035014,1,1
12517,FBgn0036020,1,1
12519,FBgn0031454,1,1
12521,FBgn0034898,2,0
12521,FBgn0035348,2,0
12522,FBgn0039915,1,1
12523,FBgn0031613,1,1
12524,FBgn0030318,1,1
12526,FBgn0039125,1,1
12527,FBgn0035855,1,1
12528,FBgn0050484,1,1
12530,FBgn0026206,1,1
12533,FBgn0051694,1,1
12540,FBgn0031101,1,1
12541,FBgn0022772,1,1
12542,FBgn0030326,1,1
12543,FBgn0037413,1,1
12545,FBgn0038295,1,1
12547,FBgn0023171,1,1
12550,FBgn0037751,1,1
12551,FBgn0029879,1,1
12553,FBgn0034532,1,1
12555,FBgn0038311,1,1
12556,FBgn0010348,1,1
12557,FBgn0014454,1,1
12560,FBgn0035141,1,1
12561,FBgn0033579,1,1
12562,FBgn0011020,1,1
12563,FBgn0032315,1,1
12564,FBgn0034431,1,1
12567,FBgn0052509,1,1
12569,FBgn0012058,1,1
12570,FBgn0051757,1,1
12572,FBgn0035715,1,1
12573,FBgn0024320,2,0
12573,FBgn0031140,2,0
12575,FBgn0040697,1,1
12576,FBgn0001091,2,0
12576,FBgn0001092,2,0
12577,FBgn0034623,1,1
12578,FBgn0038412,1,1
12579,FBgn0021825,1,1
12582,FBgn0019982,1,1
12584,FBgn0031161,2,0
12584,FBgn0039343,2,0
12586,FBgn0051035,1,1
12587,FBgn0034391,1,1
12588,FBgn0050338,1,1
12589,FBgn0035217,1,1
12590,FBgn0035267,1,1
12592,FBgn0039132,1,1
12593,FBgn0004623,1,1
12594,FBgn0029644,1,1
12595,FBgn0053999,1,1
12597,FBgn0032101,1,1
12598,FBgn0021848,1,1
12599,FBgn0037276,1,1
12601,FBgn0038323,1,1
12602,FBgn0032935,1,1
12603,FBgn0036584,1,1
12604,FBgn0037301,1,1
12607,FBgn0033693,1,1
12608,FBgn0038857,1,1
12609,FBgn0035009,1,1
12612,FBgn0027055,1,1
12614,FBgn0034970,1,1
12615,FBgn0003150,1,1
12616,FBgn0034177,1,1
12617,FBgn0039755,1,1
12618,FBgn0031799,1,1
12619,FBgn0033830,1,1
12622,FBgn0053093,1,1
12624,FBgn0025684,2,0
12624,FBgn0031606,2,0
12625,FBgn0051337,1,1
12626,FBgn0052372,1,1
12629,FBgn0005386,1,1
12631,FBgn0035986,1,1
12632,FBgn0034045,1,1
12633,FBgn0035356,1,1
12635,FBgn0040396,1,1
12637,FBgn0040063,1,1
12638,FBgn0053309,1,1
12639,FBgn0034643,1,1
12640,FBgn0038781,1,1
12645,FBgn0051211,1,1
12646,FBgn0031473,1,1
12647,FBgn0032450,1,1
12649,FBgn0037500,1,1
12651,FBgn0039860,1,1
12652,FBgn0033826,1,1
12654,FBgn0031280,1,1
12655,FBgn0038359,1,1
12657,FBgn0051737,1,1
12659,FBgn0039879,1,1
12664,FBgn0039452,1,1
12665,FBgn0029090,1,1
12666,FBgn0028870,2,0
12666,FBgn0050362,2,0
12668,FBgn0051626,1,1
12670,FBgn0035155,1,1
12673,FBgn0024364,2,0
12673,FBgn0029573,2,0
12676,FBgn0039465,1,1
12677,FBgn0034730,1,1
12679,FBgn0039424,1,1
12681,FBgn0027560,1,1
12682,FBgn0028858,1,1
12683,FBgn0037555,1,1
12686,FBgn0030648,1,1
12687,FBgn0015402,1,1
12689,FBgn0032666,1,1
12690,FBgn0032336,1,1
12691,FBgn0025574,1,1
12694,FBgn0022069,1,1
12695,FBgn0050042,1,1
12696,FBgn0033096,1,1
12697,FBgn0032074,1,1
12698,FBgn0033963,1,1
12699,FBgn0026261,1,1
12700,FBgn0035953,1,1
12701,FBgn0039462,1,1
12702,FBgn0037477,1,1
12703,FBgn0026619,1,1
12704,FBgn0034722,1,1
12705,FBgn0027106,1,1
12706,FBgn0004568,1,1
12707,FBgn0039399,1,1
12708,FBgn0037280,1,1
12709,FBgn0032129,1,1
12711,FBgn0034456,2,0
12711,FBgn0034457,2,0
12712,FBgn0031423,1,1
12714,FBgn0030759,1,1
12715,FBgn0002733,1,1
12716,FBgn0032229,1,1
12717,FBgn0052241,1,1
12718,FBgn0004841,1,1
12720,FBgn0053651,1,1
12721,FBgn0027522,1,1
12724,FBgn0032883,1,1
12725,FBgn0011745,1,1
12727,FBgn0036262,1,1
12728,FBgn0050480,1,1
12730,FBgn0034705,1,1
12731,FBgn0044823,1,1
12732,FBgn0030970,1,1
12736,FBgn0038649,1,1
12737,FBgn0040237,1,1
12738,FBgn0036844,1,1
12742,FBgn0038972,1,1
12743,FBgn0039767,1,1
12744,FBgn0030832,1,1
12745,FBgn0011217,1,1
12746,FBgn0003206,1,1
12747,FBgn0051326,1,1
12748,FBgn0001974,1,1
12750,FBgn0030294,1,1
12752,FBgn0034473,1,1
12754,FBgn0051088,1,1
12757,FBgn0030793,1,1
12758,FBgn0033247,1,1
12759,FBgn0037841,1,1
12760,FBgn0039413,3,0
12760,FBgn0051324,3,0
12760,FBgn0061196,3,0
12763,FBgn0032431,1,1
12764,FBgn0025830,1,1
12765,FBgn0062442,1,1
12767,FBgn0034274,1,1
12769,FBgn0029688,1,1
12771,FBgn0053664,5,0
12771,FBgn0053666,5,0
12771,FBgn0053667,5,0
12771,FBgn0053668,5,0
12771,FBgn0053669,5,0
12773,FBgn0004859,1,1
12774,FBgn0005664,1,1
12775,FBgn0000011,1,1
12778,FBgn0039794,1,1
12780,FBgn0035987,1,1
12781,FBgn0035184,1,1
12782,FBgn0038186,1,1
12783,FBgn0052847,1,1
12785,FBgn0032367,1,1
12786,FBgn0034032,1,1
12787,FBgn0031233,1,1
12789,FBgn0039163,1,1
12790,FBgn0000414,1,1
12792,FBgn0040993,1,1
12793,FBgn0036274,1,1
12794,FBgn0040687,1,1
12795,FBgn0010039,1,1
12796,FBgn0052698,1,1
12797,FBgn0030100,1,1
12799,FBgn0030071,1,1
12800,FBgn0037633,1,1
12803,FBgn0035489,1,1
12804,FBgn0039281,1,1
12805,FBgn0052983,1,1
12809,FBgn0034545,1,1
12810,FBgn0034277,1,1
12812,FBgn0016650,1,1
12813,FBgn0032812,1,1
12814,FBgn0034198,1,1
12815,FBgn0013343,1,1
12819,FBgn0005776,1,1
12820,FBgn0032444,1,1
12821,FBgn0035428,1,1
12822,FBgn0015230,1,1
12824,FBgn0011603,1,1
12827,FBgn0013349,1,1
12830,FBgn0036913,1,1
12831,FBgn0038965,1,1
12835,FBgn0015374,1,1
12840,FBgn0036363,1,1
12841,FBgn0051634,1,1
12842,FBgn0027621,1,1
12844,FBgn0037042,1,1
12845,FBgn0033526,1,1
12846,FBgn0004636,1,1
12847,FBgn0016126,1,1
12848,FBgn0040582,1,1
12849,FBgn0034008,1,1
12852,FBgn0034427,1,1
12853,FBgn0030951,1,1
12854,FBgn0003499,1,1
12855,FBgn0053051,1,1
12856,FBgn0038315,1,1
12857,FBgn0030614,1,1
12858,FBgn0052549,1,1
12859,FBgn0052816,1,1
12860,FBgn0040712,1,1
12862,FBgn0035249,1,1
12863,FBgn0023177,1,1
12864,FBgn0050416,1,1
12865,FBgn0032060,1,1
12867,FBgn0004574,1,1
12868,FBgn0011276,1,1
12872,FBgn0032451,1,1
12873,FBgn0047178,1,1
12874,FBgn0038636,1,1
12876,FBgn0037989,1,1
12877,FBgn0050342,1,1
12878,FBgn0000719,1,1
12879,FBgn0015008,1,1
12880,FBgn0032863,2,0
12880,FBgn0051687,2,0
12881,FBgn0051259,2,0
12881,FBgn0051454,2,0
12882,FBgn0039638,1,1
12883,FBgn0050320,1,1
12887,FBgn0051528,1,1
12888,FBgn0043362,1,1
12889,FBgn0051202,1,1
12890,FBgn0033659,1,1
12891,FBgn0031391,1,1
12892,FBgn0038593,1,1
12893,FBgn0030237,1,1
12896,FBgn0040878,1,1
12899,FBgn0042086,2,0
12899,FBgn0050160,2,0
12900,FBgn0035233,1,1
12901,FBgn0035954,1,1
12902,FBgn0031995,1,1
12903,FBgn0034651,1,1
12904,FBgn0054025,1,1
12906,FBgn0010194,1,1
12908,FBgn0029643,1,1
12911,FBgn0039323,1,1
12912,FBgn0020647,1,1
12913,FBgn0029751,1,1
12918,FBgn0051551,1,1
12919,FBgn0035271,1,1
12920,FBgn0022724,1,1
12921,FBgn0031138,1,1
12922,FBgn0042137,1,1
12923,FBgn0000472,1,1
12924,FBgn0051251,1,1
12925,FBgn0051078,1,1
12926,FBgn0010830,1,1
12927,FBgn0051711,1,1
12928,FBgn0037372,1,1
12929,FBgn0039118,1,1
12930,FBgn0037432,1,1
12931,FBgn0030742,1,1
12932,FBgn0030270,1,1
12933,FBgn0033968,1,1
12935,FBgn0013953,2,0
12935,FBgn0039789,2,0
12936,FBgn0039378,1,1
12937,FBgn0052234,1,1
12939,FBgn0031810,1,1
12942,FBgn0038421,1,1
12945,FBgn0032085,1,1
12946,FBgn0044050,1,1
12949,FBgn0030569,1,1
12950,FBgn0034245,1,1
12951,FBgn0036214,1,1
12952,FBgn0038065,1,1
12955,FBgn0004876,1,1
12957,FBgn0035872,1,1
12958,FBgn0032452,1,1
12959,FBgn0033610,1,1
12961,FBgn0037308,1,1
12962,FBgn0011278,1,1
12963,FBgn0025335,1,1
12964,FBgn0003218,1,1
12965,FBgn0030142,1,1
12966,FBgn0050119,1,1
12968,FBgn0029762,1,1
12969,FBgn0053290,1,1
12970,FBgn0002941,1,1
12971,FBgn0031802,1,1
12972,FBgn0000629,1,1
12973,FBgn0032171,1,1
12974,FBgn0036383,2,0
12974,FBgn0036384,2,0
12976,FBgn0022063,1,1
12981,FBgn0038585,1,1
12984,FBgn0033463,1,1
12985,FBgn0035005,1,1
12988,FBgn0031684,1,1
12989,FBgn0032947,1,1
12990,FBgn0050034,1,1
12992,FBgn0029084,1,1
12993,FBgn0031946,1,1
12994,FBgn0039394,1,1
12996,FBgn0036881,1,1
12997,FBgn0040813,1,1
12998,FBgn0000570,1,1
12999,FBgn0027287,1,1
13000,FBgn0035993,1,1
13001,FBgn0031988,1,1
13002,FBgn0034412,1,1
13004,FBgn0030679,1,1
13005,FBgn0002973,1,1
13006,FBgn0039041,1,1
13013,FBgn0052319,1,1
13014,FBgn0036332,1,1
13015,FBgn0050356,1,1
13016,FBgn0043796,1,1
13017,FBgn0021874,1,1
13020,FBgn0027052,1,1
13023,FBgn0033067,1,1
13024,FBgn0031602,1,1
13025,FBgn0051546,1,1
13027,FBgn0024957,2,0
13027,FBgn0024958,2,0
13028,FBgn0038387,1,1
13029,FBgn0052202,1,1
13032,FBgn0020907,1,1
13033,FBgn0039210,1,1
13035,FBgn0024432,1,1
13036,FBgn0030795,1,1
13037,FBgn0036183,1,1
13040,FBgn0004901,2,0
13040,FBgn0041194,2,0
13041,FBgn0038470,1,1
13042,FBgn0036062,1,1
13044,FBgn0029170,1,1
13045,FBgn0037001,1,1
13046,FBgn0015323,1,1
13047,FBgn0032150,1,1
13048,FBgn0040936,1,1
13049,FBgn0029667,1,1
13050,FBgn0038017,1,1
13053,FBgn0030027,1,1
13054,FBgn0011455,1,1
13055,FBgn0032203,1,1
13057,FBgn0004461,1,1
13060,FBgn0042201,1,1
13061,FBgn0024542,1,1
13066,FBgn0036149,1,1
13067,FBgn0050278,1,1
13068,FBgn0034844,1,1
13071,FBgn0036601,1,1
13073,FBgn0052053,1,1
13074,FBgn0025387,2,0
13074,FBgn0025388,2,0
13076,FBgn0014427,1,1
13077,FBgn0031242,1,1
13081,FBgn0030432,1,1
13083,FBgn0037433,1,1
13084,FBgn0037329,1,1
13089,FBgn0032033,1,1
13092,FBgn0035478,1,1
13093,FBgn0036358,1,1
13097,FBgn0036619,1,1
13099,FBgn0035078,1,1
13101,FBgn0034085,1,1
13102,FBgn0037713,1,1
13104,FBgn0038202,1,1
13105,FBgn0027108,1,1
13109,FBgn0016054,1,1
13114,FBgn0034504,1,1
13115,FBgn0038005,1,1
13119,FBgn0033906,1,1
13121,FBgn0034966,1,1
13122,FBgn0033045,1,1
13123,FBgn0039508,1,1
13126,FBgn0029645,1,1
13127,FBgn0035678,1,1
13131,FBgn0050501,1,1
13132,FBgn0032462,1,1
13133,FBgn0032386,1,1
13135,FBgn0020376,1,1
13138,FBgn0038220,2,0
13138,FBgn0038221,2,0
13139,FBgn0015379,1,1
13140,FBgn0010379,1,1
13141,FBgn0031488,1,1
13142,FBgn0043010,1,1
13144,FBgn0001105,1,1
13146,FBgn0032268,1,1
13148,FBgn0051632,1,1
13149,FBgn0031645,1,1
13152,FBgn0037855,1,1
13153,FBgn0052307,1,1
13154,FBgn0052602,1,1
13156,FBgn0052667,1,1
13158,FBgn0036158,1,1
13159,FBgn0036761,1,1
13160,FBgn0037666,1,1
13161,FBgn0038973,1,1
13162,FBgn0051954,1,1
13163,FBgn0028542,1,1
13166,FBgn0051044,1,1
13167,FBgn0050412,1,1
13171,FBgn0017567,1,1
13172,FBgn0037366,1,1
13173,FBgn0033376,1,1
13176,FBgn0050321,1,1
13177,FBgn0033081,1,1
13178,FBgn0033741,1,1
13180,FBgn0033323,2,0
13180,FBgn0034156,2,0
13181,FBgn0022942,1,1
13182,FBgn0005671,1,1
13183,FBgn0004878,1,1
13185,FBgn0026373,1,1
13186,FBgn0035336,1,1
13188,FBgn0053341,1,1
13189,FBgn0039161,1,1
13191,FBgn0052712,1,1
13192,FBgn0033889,1,1
13194,FBgn0024897,1,1
13196,FBgn0052368,1,1
13199,FBgn0039266,1,1
13202,FBgn0036031,1,1
13203,FBgn0030737,1,1
13204,FBgn0032878,1,1
13205,FBgn0036762,1,1
13207,FBgn0051601,1,1
13208,FBgn0038924,1,1
13209,FBgn0001330,1,1
13210,FBgn0037608,1,1
13211,FBgn0031874,1,1
13214,FBgn0001086,1,1
13217,FBgn0023523,1,1
13218,FBgn0039022,1,1
13221,FBgn0029997,1,1
13224,FBgn0031957,1,1
13225,FBgn0027585,1,1
13226,FBgn0033394,1,1
13230,FBgn0039877,1,1
13232,FBgn0028945,1,1
13233,FBgn0000711,1,1
13234,FBgn0037967,1,1
13238,FBgn0037540,1,1
13242,FBgn0051389,1,1
13243,FBgn0052112,1,1
13244,FBgn0029816,1,1
13246,FBgn0051278,1,1
13249,FBgn0030826,1,1
13251,FBgn0050021,1,1
13252,FBgn0052405,1,1
13254,FBgn0035964,1,1
13256,FBgn0032831,1,1
13258,FBgn0025620,1,1
13259,FBgn0031575,1,1
13260,FBgn0031256,1,1
13262,FBgn0032507,1,1
13264,FBgn0035437,1,1
13265,FBgn0036288,1,1
13266,FBgn0052203,1,1
13268,FBgn0030421,1,1
13270,FBgn0034599,1,1
13271,FBgn0026207,1,1
13272,FBgn0035392,1,1
13273,FBgn0022355,1,1
13277,FBgn0034199,1,1
13281,FBgn0043530,1,1
13283,FBgn0031808,1,1
13284,FBgn0036470,1,1
13285,FBgn0028926,1,1
13286,FBgn0039863,1,1
13287,FBgn0003701,1,1
13288,FBgn0035120,1,1
13289,FBgn0037767,1,1
13291,FBgn0041191,1,1
13292,FBgn0039444,1,1
13293,FBgn0031766,1,1
13298,FBgn0028436,1,1
13300,FBgn0015622,3,0
13300,FBgn0030377,3,0
13300,FBgn0030755,3,0
13301,FBgn0032864,1,1
13302,FBgn0051630,1,1
13303,FBgn0034918,1,1
13304,FBgn0011239,1,1
13305,FBgn0029880,1,1
13307,FBgn0011653,1,1
13308,FBgn0032888,1,1
13310,FBgn0004583,1,1
13311,FBgn0031627,1,1
13312,FBgn0040574,1,1
13315,FBgn0030738,1,1
13320,FBgn0032303,1,1
13322,FBgn0025864,1,1
13323,FBgn0033433,1,1
13325,FBgn0001248,1,1
13326,FBgn0033340,1,1
13329,FBgn0027053,1,1
13330,FBgn0034182,1,1
13331,FBgn0039854,1,1
13332,FBgn0027375,1,1
13333,FBgn0027582,1,1
13334,FBgn0030519,1,1
13335,FBgn0031250,1,1
13338,FBgn0052404,1,1
13340,FBgn0031264,1,1
13345,FBgn0052794,1,1
13346,FBgn0034982,1,1
13347,FBgn0029728,1,1
13348,FBgn0031784,1,1
13350,FBgn0039396,1,1
13351,FBgn0030780,1,1
13357,FBgn0029945,1,1
13358,FBgn0037068,1,1
13361,FBgn0030943,1,1
13362,FBgn0042131,1,1
13363,FBgn0051949,1,1
13364,FBgn0035998,1,1
13365,FBgn0051103,1,1
13367,FBgn0052075,1,1
13368,FBgn0028562,1,1
13369,FBgn0040832,1,1
13371,FBgn0034095,1,1
13372,FBgn0035726,1,1
13373,FBgn0027080,1,1
13376,FBgn0052591,1,1
13377,FBgn0036828,1,1
13380,FBgn0010435,1,1
13381,FBgn0030216,1,1
13383,FBgn0038125,1,1
13384,FBgn0032112,1,1
13386,FBgn0051560,1,1
13387,FBgn0051031,1,1
13388,FBgn0031379,1,1
13390,FBgn0033769,1,1
13391,FBgn0031412,1,1
13392,FBgn0038974,1,1
13396,FBgn0026372,1,1
13397,FBgn0035590,1,1
13400,FBgn0051563,1,1
13402,FBgn0034307,1,1
13403,FBgn0032235,1,1
13404,FBgn0037417,1,1
13406,FBgn0033886,1,1
13407,FBgn0037350,1,1
13409,FBgn0040837,1,1
13411,FBgn0034816,1,1
13412,FBgn0038200,1,1
13413,FBgn0050264,1,1
13416,FBgn0031494,1,1
13421,FBgn0031966,1,1
13422,FBgn0031513,1,1
13427,FBgn0036528,1,1
13430,FBgn0032214,1,1
13433,FBgn0031901,1,1
13434,FBgn0035824,1,1
13435,FBgn0028410,1,1
13438,FBgn0040817,1,1
13439,FBgn0064116,1,1
13441,FBgn0037789,1,1
13442,FBgn0029712,1,1
13443,FBgn0053300,1,1
13444,FBgn0032772,1,1
13445,FBgn0035491,1,1
13446,FBgn0037290,1,1
13448,FBgn0000615,1,1
13449,FBgn0032752,1,1
13451,FBgn0029606,1,1
13452,FBgn0031778,1,1
13453,FBgn0034774,1,1
13454,FBgn0032822,1,1
13455,FBgn0053080,1,1
13456,FBgn0050037,1,1
13458,FBgn0051720,1,1
13460,FBgn0034453,1,1
13461,FBgn0029588,1,1
13462,FBgn0036319,1,1
13466,FBgn0000640,1,1
13467,FBgn0005633,1,1
13469,FBgn0032188,1,1
13471,FBgn0030038,1,1
13472,FBgn0013435,1,1
13473,FBgn0039113,1,1
13474,FBgn0038226,1,1
13475,FBgn0031059,1,1
13476,FBgn0038808,1,1
13477,FBgn0052439,1,1
13479,FBgn0043536,2,0
13479,FBgn0050145,2,0
13480,FBgn0040235,1,1
13481,FBgn0052432,1,1
13482,FBgn0034870,1,1
13484,FBgn0036340,1,1
13485,FBgn0010401,1,1
13486,FBgn0003268,1,1
13488,FBgn0038072,1,1
13489,FBgn0032473,1,1
13491,FBgn0052224,1,1
13494,FBgn0024238,1,1
13497,FBgn0032659,1,1
13500,FBgn0031531,1,1
13503,FBgn0039224,1,1
13505,FBgn0037127,1,1
13507,FBgn0030145,1,1
13510,FBgn0016756,1,1
13511,FBgn0051674,1,1
13512,FBgn0030202,1,1
13513,FBgn0052850,1,1
13514,FBgn0053964,1,1
13515,FBgn0038008,1,1
13522,FBgn0029172,1,1
13525,FBgn0010414,1,1
13526,FBgn0015234,1,1
13528,FBgn0043532,1,1
13531,FBgn0001332,1,1
13533,FBgn0037011,1,1
13535,FBgn0053639,1,1
13536,FBgn0035169,1,1
13537,FBgn0031389,1,1
13539,FBgn0037939,1,1
13541,FBgn0001269,1,1
13543,FBgn0040342,1,1
13545,FBgn0034959,1,1
13550,FBgn0038071,1,1
13552,FBgn0033729,1,1
13557,FBgn0039798,1,1
13562,FBgn0011770,1,1
13563,FBgn0037081,1,1
13566,FBgn0031500,1,1
13567,FBgn0038773,1,1
13569,FBgn0003308,1,1
13572,FBgn0035399,1,1
13573,FBgn0038552,1,1
13574,FBgn0027330,1,1
13575,FBgn0025879,1,1
13576,FBgn0033925,1,1
13577,FBgn0015805,1,1
13578,FBgn0052268,1,1
13581,FBgn0051246,1,1
13582,FBgn0030603,1,1
13584,FBgn0030041,1,1
13585,FBgn0051698,1,1
13586,FBgn0033374,1,1
13589,FBgn0030182,1,1
13590,FBgn0030961,1,1
13594,FBgn0036239,1,1
13603,FBgn0039298,1,1
13604,FBgn0052727,1,1
13605,FBgn0050114,1,1
13606,FBgn0052696,1,1
13608,FBgn0036352,1,1
13609,FBgn0040318,1,1
13610,FBgn0053494,1,1
13612,FBgn0037149,1,1
13613,FBgn0022764,1,1
13614,FBgn0004372,1,1
13618,FBgn0033474,1,1
13620,FBgn0025373,1,1
13621,FBgn0038286,1,1
13623,FBgn0000071,1,1
13625,FBgn0001942,1,1
13629,FBgn0020303,1,1
13630,FBgn0054001,1,1
13631,FBgn0032015,1,1
13633,FBgn0032536,1,1
13634,FBgn0035245,1,1
13635,FBgn0050419,1,1
13636,FBgn0052111,1,1
13638,FBgn0014949,1,1
13640,FBgn0037270,1,1
13641,FBgn0036921,1,1
13646,FBgn0032635,1,1
13648,FBgn0029539,1,1
13651,FBgn0050477,1,1
13653,FBgn0042185,1,1
13655,FBgn0020251,1,1
13657,FBgn0033707,1,1
13658,FBgn0039400,1,1
13662,FBgn0038787,1,1
13664,FBgn0029176,1,1
13665,FBgn0032519,1,1
13666,FBgn0033100,1,1
13668,FBgn0010741,1,1
13669,FBgn0034957,1,1
13670,FBgn0032707,1,1
13676,FBgn0038744,1,1
13677,FBgn0033907,1,1
13680,FBgn0040296,1,1
13681,FBgn0028906,1,1
13682,FBgn0031950,1,1
13684,FBgn0035312,1,1
13691,FBgn0031830,1,1
13692,FBgn0010342,1,1
13696,FBgn0031036,1,1
13697,FBgn0026871,1,1
13698,FBgn0037757,1,1
13703,FBgn0032600,1,1
13707,FBgn0035676,1,1
13708,FBgn0034500,1,1
13711,FBgn0039478,1,1
13714,FBgn0032313,1,1
13715,FBgn0039030,1,1
13716,FBgn0036229,1,1
13717,FBgn0020506,1,1
13719,FBgn0011704,1,1
13722,FBgn0029603,1,1
13723,FBgn0034820,1,1
13724,FBgn0040607,1,1
13726,FBgn0039398,1,1
13728,FBgn0030907,1,1
13730,FBgn0034068,1,1
13732,FBgn0050017,1,1
13733,FBgn0051461,1,1
13734,FBgn0051862,1,1
13737,FBgn0011802,1,1
13741,FBgn0030936,1,1
13742,FBgn0033108,1,1
13748,FBgn0028894,1,1
13750,FBgn0030851,1,1
13755,FBgn0035206,1,1
13758,FBgn0037552,1,1
13762,FBgn0000575,1,1
13763,FBgn0030983,1,1
13764,FBgn0052302,1,1
13765,FBgn0028848,1,1
13766,FBgn0031564,1,1
13768,FBgn0050486,1,1
13772,FBgn0030578,1,1
13775,FBgn0053493,1,1
13776,FBgn0050095,1,1
13777,FBgn0036137,1,1
13778,FBgn0032310,1,1
13779,FBgn0033230,1,1
13780,FBgn0031441,1,1
13782,FBgn0034563,1,1
13783,FBgn0003396,1,1
13786,FBgn0052741,1,1
13789,FBgn0032145,1,1
13790,FBgn0033957,1,1
13791,FBgn0037614,1,1
13795,FBgn0030030,1,1
13796,FBgn0032289,1,1
13797,FBgn0005672,1,1
13798,FBgn0015544,1,1
13799,FBgn0032613,1,1
13801,FBgn0039878,1,1
13802,FBgn0036373,1,1
13807,FBgn0036306,1,1
13809,FBgn0030032,1,1
13810,FBgn0031298,1,1
13811,FBgn0015283,1,1
13815,FBgn0052650,1,1
13816,FBgn0032582,1,1
13817,FBgn0035357,1,1
13819,FBgn0015770,2,0
13819,FBgn0032095,2,0
13820,FBgn0011555,1,1
13821,FBgn0030850,1,1
13828,FBgn0038772,1,1
13831,FBgn0038660,1,1
13832,FBgn0039106,1,1
13833,FBgn0038185,1,1
13834,FBgn0063491,1,1
13835,FBgn0029766,1,1
13837,FBgn0029685,1,1
13839,FBgn0038507,1,1
13841,FBgn0030428,1,1
13842,FBgn0038647,1,1
13843,FBgn0037029,1,1
13846,FBgn0004889,1,1
13848,FBgn0031054,1,1
13850,FBgn0030321,1,1
13851,FBgn0035710,1,1
13858,FBgn0003162,1,1
13859,FBgn0052106,1,1
13860,FBgn0051975,1,1
13866,FBgn0034514,1,1
13869,FBgn0032059,1,1
13870,FBgn0032162,1,1
13875,FBgn0039932,1,1
13879,FBgn0035982,1,1
13880,FBgn0052648,1,1
13883,FBgn0029860,1,1
13886,FBgn0037358,1,1
13887,FBgn0011279,1,1
13891,FBgn0052350,1,1
13893,FBgn0034529,1,1
13895,FBgn0032252,1,1
13897,FBgn0052436,1,1
13899,FBgn0052297,1,1
13900,FBgn0035585,1,1
13903,FBgn0052579,1,1
13908,FBgn0051679,1,1
13912,FBgn0035782,1,1
13919,FBgn0030088,1,1
13921,FBgn0027083,1,1
13925,FBgn0003129,1,1
13926,FBgn0030029,1,1
13928,FBgn0000996,1,1
13929,FBgn0052614,1,1
13936,FBgn0003731,1,1
13938,FBgn0040559,1,1
13939,FBgn0032157,1,1
13940,FBgn0030836,1,1
13941,FBgn0036942,1,1
13942,FBgn0051706,1,1
13943,FBgn0034402,1,1
13945,FBgn0037834,1,1
13946,FBgn0033149,1,1
13948,FBgn0051842,1,1
13950,FBgn0034266,1,1
13951,FBgn0000662,1,1
13952,FBgn0028467,1,1
13954,FBgn0025595,1,1
13955,FBgn0054030,1,1
13956,FBgn0053330,1,1
13958,FBgn0004924,1,1
13960,FBgn0004867,1,1
13964,FBgn0035100,1,1
13965,FBgn0003093,1,1
13973,FBgn0033821,1,1
13974,FBgn0039850,1,1
13975,FBgn0002997,1,1
13977,FBgn0032005,1,1
13978,FBgn0034495,1,1
13984,FBgn0013751,1,1
13986,FBgn0024381,1,1
13987,FBgn0029780,1,1
13989,FBgn0044811,1,1
13995,FBgn0031550,1,1
13996,FBgn0033828,1,1
13998,FBgn0001137,1,1
13999,FBgn0037009,1,1
14000,FBgn0037449,1,1
14003,FBgn0028541,1,1
14005,FBgn0038531,1,1
14007,FBgn0053998,1,1
14008,FBgn0051777,1,1
14009,FBgn0038133,1,1
14010,FBgn0035139,1,1
14012,FBgn0038571,1,1
14013,FBgn0031497,1,1
14014,FBgn0067312,1,1
14018,FBgn0010042,1,1
14019,FBgn0033778,1,1
14020,FBgn0038544,1,1
14021,FBgn0035413,1,1
14024,FBgn0036364,1,1
14028,FBgn0030310,1,1
14031,FBgn0038428,1,1
14032,FBgn0001122,1,1
14035,FBgn0038627,1,1
14038,FBgn0029717,1,1
14040,FBgn0035901,1,1
14042,FBgn0031398,1,1
14045,FBgn0037677,1,1
14047,FBgn0032509,1,1
14052,FBgn0032439,1,1
14053,FBgn0035847,1,1
14057,FBgn0027503,1,1
14060,FBgn0034919,1,1
14063,FBgn0035147,1,1
14064,FBgn0028561,1,1
14067,FBgn0032122,1,1
14068,FBgn0001254,1,1
14070,FBgn0030921,1,1
14074,FBgn0035213,1,1
14080,FBgn0053474,1,1
14087,FBgn0038479,1,1
14090,FBgn0038097,1,1
14092,FBgn0040251,1,1
14097,FBgn0035895,1,1
14100,FBgn0035197,1,1
14113,FBgn0052396,1,1
14117,FBgn0034230,1,1
14122,FBgn0010410,1,1
14124,FBgn0026144,1,1
14126,FBgn0051856,1,1
14127,FBgn0038280,1,1
14131,FBgn0036302,1,1
14132,FBgn0003174,1,1
14134,FBgn0039305,1,1
14135,FBgn0027948,1,1
14141,FBgn0032726,1,1
14143,FBgn0032105,1,1
14144,FBgn0026577,1,1
14145,FBgn0027109,1,1
14146,FBgn0036541,1,1
14148,FBgn0030881,1,1
14151,FBgn0051427,1,1
14153,FBgn0036502,1,1
14154,FBgn0034300,1,1
14155,FBgn0052355,1,1
14157,FBgn0039739,1,1
14159,FBgn0032836,1,1
14163,FBgn0040628,1,1
14165,FBgn0040648,1,1
14170,FBgn0037881,1,1
14172,FBgn0037779,1,1
14173,FBgn0029649,1,1
14174,FBgn0037645,1,1
14176,FBgn0034175,1,1
14177,FBgn0031731,1,1
14178,FBgn0030577,1,1
14179,FBgn0032301,1,1
14180,FBgn0053333,1,1
14182,FBgn0015014,1,1
14183,FBgn0053146,1,1
14185,FBgn0036264,1,1
14189,FBgn0051739,1,1
14190,FBgn0051117,1,1
14192,FBgn0020443,1,1
14194,FBgn0038891,1,1
14196,FBgn0023516,1,1
14197,FBgn0030133,1,1
14199,FBgn0052334,1,1
14202,FBgn0030692,1,1
14205,FBgn0035578,1,1
14206,FBgn0005775,1,1
14208,FBgn0036184,1,1
14210,FBgn0031394,1,1
14211,FBgn0034744,1,1
14215,FBgn0028737,1,1
14216,FBgn0050386,1,1
14219,FBgn0034475,1,1
14229,FBgn0038345,1,1
14231,FBgn0039079,1,1
14233,FBgn0053283,1,1
14240,FBgn0038036,1,1
14241,FBgn0031115,1,1
14244,FBgn0030908,1,1
14249,FBgn0033017,1,1
14250,FBgn0040932,1,1
14251,FBgn0030470,1,1
14258,FBgn0040715,1,1
14260,FBgn0034434,1,1
14266,FBgn0051097,1,1
14267,FBgn0027524,1,1
14268,FBgn0035148,1,1
14269,FBgn0053325,1,1
14274,FBgn0053140,1,1
14275,FBgn0030821,1,1
14278,FBgn0050481,1,1
14280,FBgn0033688,1,1
14283,FBgn0034590,1,1
14286,FBgn0015509,1,1
14288,FBgn0020497,1,1
14290,FBgn0038519,1,1
14293,FBgn0051925,1,1
14296,FBgn0050392,1,1
14297,FBgn0053697,1,1
14300,FBgn0032770,1,1
14301,FBgn0052827,1,1
14303,FBgn0004360,1,1
14305,FBgn0024956,1,1
14307,FBgn0036391,1,1
14308,FBgn0036422,1,1
14310,FBgn0003079,1,1
14312,FBgn0041250,1,1
14313,FBgn0052175,1,1
14315,FBgn0031701,1,1
14323,FBgn0031735,1,1
14324,FBgn0030409,1,1
14325,FBgn0033403,1,1
14330,FBgn0020633,1,1
14334,FBgn0038587,1,1
14336,FBgn0028900,1,1
14337,FBgn0011670,1,1
14340,FBgn0052238,1,1
14347,FBgn0031581,1,1
14348,FBgn0015926,1,1
14354,FBgn0030477,1,1
14363,FBgn0033279,1,1
14367,FBgn0036641,1,1
14372,FBgn0027783,1,1
14375,FBgn0036070,1,1
14385,FBgn0051040,1,1
14387,FBgn0039548,1,1
14389,FBgn0032871,1,1
14390,FBgn0026787,1,1
14392,FBgn0005590,1,1
14396,FBgn0053248,1,1
14397,FBgn0032291,1,1
14399,FBgn0052131,1,1
14402,FBgn0030621,1,1
14403,FBgn0030595,1,1
14405,FBgn0051488,1,1
14412,FBgn0033938,1,1
14414,FBgn0033881,1,1
14416,FBgn0030187,1,1
14419,FBgn0036926,1,1
14430,FBgn0031635,1,1
14433,FBgn0041627,1,1
14437,FBgn0032294,1,1
14438,FBgn0024285,1,1
14439,FBgn0039167,1,1
14443,FBgn0001229,1,1
14445,FBgn0036754,1,1
14446,FBgn0037428,1,1
14453,FBgn0034659,1,1
14454,FBgn0032286,1,1
14460,FBgn0031516,1,1
14463,FBgn0052448,1,1
14473,FBgn0052507,1,1
14474,FBgn0052099,1,1
14475,FBgn0054024,1,1
14478,FBgn0028360,1,1
14480,FBgn0031929,1,1
14481,FBgn0028947,1,1
14483,FBgn0035655,1,1
14486,FBgn0028932,1,1
14500,FBgn0037399,1,1
14503,FBgn0051664,1,1
14506,FBgn0040898,1,1
14507,FBgn0038838,1,1
14515,FBgn0054051,1,1
14516,FBgn0052118,1,1
14517,FBgn0002933,2,0
14517,FBgn0010294,2,0
14521,FBgn0015791,1,1
14522,FBgn0028983,1,1
14527,FBgn0036081,1,1
14532,FBgn0038223,1,1
14535,FBgn0052571,1,1
14537,FBgn0038371,1,1
14544,FBgn0037560,1,1
14546,FBgn0033321,1,1
14553,FBgn0015541,1,1
14554,FBgn0051284,1,1
14555,FBgn0038862,1,1
14567,FBgn0053096,1,1
14570,FBgn0052636,1,1
14574,FBgn0001139,1,1
14576,FBgn0034172,1,1
14577,FBgn0031746,1,1
14579,FBgn0038414,1,1
14581,FBgn0051308,1,1
14582,FBgn0037562,1,1
14584,FBgn0033500,1,1
14591,FBgn0034272,1,1
14594,FBgn0034284,1,1
14596,FBgn0030505,1,1
14597,FBgn0036596,1,1
14598,FBgn0051008,1,1
14601,FBgn0052341,1,1
14602,FBgn0037985,1,1
14605,FBgn0031757,1,1
14612,FBgn0039043,1,1
14624,FBgn0052828,1,1
14627,FBgn0030039,1,1
14631,FBgn0050482,1,1
14634,FBgn0039223,1,1
14641,FBgn0036986,1,1
14642,FBgn0052613,1,1
14643,FBgn0037714,1,1
14644,FBgn0051789,1,1
14646,FBgn0051406,1,1
14647,FBgn0037617,1,1
14648,FBgn0035082,1,1
14653,FBgn0035400,1,1
14661,FBgn0036333,1,1
14664,FBgn0037943,1,1
14669,FBgn0029591,1,1
14674,FBgn0050358,1,1
14675,FBgn0037900,1,1
14677,FBgn0034775,1,1
14680,FBgn0020521,1,1
14682,FBgn0045806,1,1
14684,FBgn0036839,1,1
14691,FBgn0050470,1,1
14698,FBgn0014179,1,1
14699,FBgn0051909,1,1
14700,FBgn0052027,1,1
14701,FBgn0034143,1,1
14707,FBgn0031845,1,1
14710,FBgn0032161,1,1
14711,FBgn0031472,1,1
14713,FBgn0000355,1,1
14714,FBgn0033862,1,1
14715,FBgn0050026,1,1
14718,FBgn0037186,1,1
14719,FBgn0029969,1,1
14722,FBgn0036438,1,1
14726,FBgn0030075,1,1
14730,FBgn0004087,1,1
14734,FBgn0030073,1,1
14735,FBgn0000017,1,1
14741,FBgn0035097,1,1
14742,FBgn0052163,1,1
14756,FBgn0036096,1,1
14765,FBgn0031128,1,1
14769,FBgn0039523,1,1
14771,FBgn0031751,1,1
14783,FBgn0028684,1,1
14784,FBgn0052510,1,1
14787,FBgn0051093,1,1
14790,FBgn0052024,1,1
14791,FBgn0037877,1,1
14795,FBgn0069951,1,1
14801,FBgn0035831,1,1
14803,FBgn0038079,1,1
14804,FBgn0050018,1,1
14805,FBgn0036679,1,1
14806,FBgn0029745,1,1
14809,FBgn0000093,1,1
14823,FBgn0052308,1,1
14825,FBgn0046322,1,1
14828,FBgn0032585,1,1
14829,FBgn0039354,1,1
14830,FBgn0052629,1,1
14831,FBgn0021776,1,1
14834,FBgn0021873,1,1
14835,FBgn0036230,1,1
14838,FBgn0051648,1,1
14857,FBgn0052835,1,1
14859,FBgn0040994,1,1
14861,FBgn0040786,1,1
14867,FBgn0033879,1,1
14873,FBgn0032643,1,1
14874,FBgn0035789,1,1
14878,FBgn0004381,1,1
14881,FBgn0030623,1,1
14884,FBgn0030911,1,1
14888,FBgn0052606,1,1
14891,FBgn0034987,1,1
14905,FBgn0035158,1,1
14909,FBgn0052680,1,1
14913,FBgn0032370,1,1
14919,FBgn0051841,1,1
14926,FBgn0040732,1,1
14929,FBgn0050075,1,1
14934,FBgn0029987,1,1
14937,FBgn0032437,1,1
14940,FBgn0032687,1,1
14942,FBgn0031189,1,1
14964,FBgn0025682,1,1
14966,FBgn0035571,2,0
14966,FBgn0035608,2,0
14971,FBgn0031926,1,1
14973,FBgn0015331,1,1
14983,FBgn0035090,1,1
14988,FBgn0038161,1,1
14989,FBgn0030420,1,1
14991,FBgn0032430,1,1
14996,FBgn0053292,1,1
15005,FBgn0038281,1,1
15008,FBgn0051112,1,1
15010,FBgn0051448,1,1
15012,FBgn0043539,1,1
15014,FBgn0004837,1,1
15021,FBgn0052274,1,1
15028,FBgn0033469,1,1
15029,FBgn0039622,1,1
15032,FBgn0037249,1,1
15060,FBgn0037243,1,1
15064,FBgn0017424,1,1
15068,FBgn0028687,1,1
15082,FBgn0035004,1,1
15083,FBgn0036875,1,1
15086,FBgn0036217,1,1
15099,FBgn0058176,1,1
15107,FBgn0036656,1,1
15115,FBgn0051353,1,1
15120,FBgn0038182,1,1
15121,FBgn0032498,1,1
15126,FBgn0038342,1,1
15127,FBgn0035279,1,1
15146,FBgn0029867,1,1
15149,FBgn0035477,1,1
15150,FBgn0050058,1,1
15155,FBgn0038204,1,1
15166,FBgn0035259,1,1
15180,FBgn0067903,1,1
15184,FBgn0015299,1,1
15198,FBgn0051145,1,1
15201,FBgn0051498,1,1
15203,FBgn0015834,1,1
15212,FBgn0029724,1,1
15220,FBgn0040207,1,1
15222,FBgn0039855,1,1
15226,FBgn0031934,1,1
15229,FBgn0031803,1,1
15270,FBgn0037576,1,1
15272,FBgn0038850,1,1
15275,FBgn0037974,1,1
15276,FBgn0051315,1,1
15277,FBgn0032753,1,1
15284,FBgn0029681,1,1
15286,FBgn0051820,1,1
15289,FBgn0040554,1,1
15292,FBgn0032709,1,1
15310,FBgn0053469,1,1
15318,FBgn0051283,1,1
15338,FBgn0041109,1,1
15342,FBgn0027493,1,1
15344,FBgn0054031,1,1
15351,FBgn0040674,1,1
15355,FBgn0038748,1,1
15368,FBgn0030319,1,1
15369,FBgn0040843,1,1
15372,FBgn0034787,1,1
15384,FBgn0039498,1,1
15386,FBgn0035661,1,1
15394,FBgn0053971,1,1
15397,FBgn0052568,1,1
15400,FBgn0052194,1,1
15410,FBgn0034228,1,1
15415,FBgn0035546,1,1
15418,FBgn0040910,1,1
15420,FBgn0030994,1,1
15430,FBgn0053704,1,1
15439,FBgn0053121,1,1
15451,FBgn0036080,1,1
15465,FBgn0053982,1,1
15477,FBgn0051213,1,1
15482,FBgn0030664,1,1
15483,FBgn0032660,1,1
15509,FBgn0039819,1,1
15523,FBgn0054016,1,1
15527,FBgn0052523,1,1
15551,FBgn0031633,1,1
15556,FBgn0034737,1,1
15564,FBgn0052673,2,0
15564,FBgn0067052,2,0
15576,FBgn0033167,1,1
15578,FBgn0052715,1,1
15590,FBgn0053293,1,1
15593,FBgn0029902,1,1
15598,FBgn0011596,1,1
15631,FBgn0036311,1,1
15633,FBgn0052639,1,1
15638,FBgn0031547,1,1
15647,FBgn0051172,1,1
15649,FBgn0034998,1,1
15665,FBgn0003449,1,1
15670,FBgn0050472,1,1
15687,FBgn0026087,1,1
15689,FBgn0051840,1,1
15691,FBgn0029759,1,1
15694,FBgn0051270,1,1
15716,FBgn0028473,1,1
15720,FBgn0030191,1,1
15735,FBgn0053937,1,1
15747,FBgn0034082,1,1
15749,FBgn0000014,1,1
15757,FBgn0038528,1,1
15767,FBgn0050151,1,1
15773,FBgn0021738,1,1
15777,FBgn0052353,1,1
15782,FBgn0003741,1,1
15788,FBgn0052559,1,1
15803,FBgn0052771,1,1
15804,FBgn0050436,1,1
15805,FBgn0036164,1,1
15821,FBgn0029700,1,1
15833,FBgn0037459,1,1
15838,FBgn0050022,1,1
15842,FBgn0051484,1,1
15845,FBgn0046769,1,1
15853,FBgn0051894,1,1
15857,FBgn0045442,1,1
15859,FBgn0038326,1,1
15860,FBgn0052773,1,1
15864,FBgn0052398,1,1
15874,FBgn0052802,1,1
15885,FBgn0050187,1,1
15893,FBgn0038415,1,1
15895,FBgn0002855,1,1
15899,FBgn0051686,1,1
15901,FBgn0034482,1,1
15907,FBgn0051050,1,1
15914,FBgn0040343,1,1
15921,FBgn0052170,1,1
15953,FBgn0051066,1,1
15971,FBgn0030280,1,1
16007,FBgn0054041,1,1
16025,FBgn0058175,1,1
16030,FBgn0040645,1,1
16031,FBgn0031125,1,1
16042,FBgn0032512,1,1
16076,FBgn0051810,1,1
16093,FBgn0054047,1,1
16102,FBgn0051859,1,1
16110,FBgn0036497,1,1
16118,FBgn0033049,1,1
16133,FBgn0052709,1,1
16145,FBgn0032835,1,1
16152,FBgn0038158,1,1
16178,FBgn0036459,1,1
16212,FBgn0036962,1,1
16216,FBgn0051466,1,1
16220,FBgn0052414,1,1
16230,FBgn0039931,1,1
16238,FBgn0042198,1,1
16240,FBgn0067905,1,1
16242,FBgn0040685,1,1
16261,FBgn0054000,1,1
16265,FBgn0051067,1,1
16274,FBgn0040895,1,1
16298,FBgn0040618,1,1
16329,FBgn0033222,1,1
16333,FBgn0041000,1,1
16338,FBgn0051107,1,1
16380,FBgn0050027,1,1
16381,FBgn0051238,1,1
16385,FBgn0034011,1,1
16387,FBgn0053681,1,1
16424,FBgn0033721,1,1
16441,FBgn0054014,1,1
16445,FBgn0030866,1,1
16450,FBgn0035071,1,1
16453,FBgn0052208,2,0
16453,FBgn0052213,2,0
16459,FBgn0042174,1,1
16582,FBgn0054006,1,1
16595,FBgn0032639,1,1
16597,FBgn0051451,1,1
48976,FBgn0053127,1,1
48977,FBgn0045202,1,1
48978,FBgn0031276,1,1
48979,FBgn0040725,1,1
48980,FBgn0031277,1,1
48981,FBgn0003916,1,1
48982,FBgn0051923,1,1
48983,FBgn0040723,1,1
48984,FBgn0003926,1,1
48985,FBgn0051934,1,1
48986,FBgn0045498,1,1
48987,FBgn0011859,1,1
48988,FBgn0051942,1,1
48989,FBgn0040718,1,1
48990,FBgn0040717,1,1
48991,FBgn0051943,1,1
48992,FBgn0051944,1,1
48993,FBgn0051939,1,1
48994,FBgn0051940,1,1
48995,FBgn0051669,1,1
48996,FBgn0011860,1,1
48997,FBgn0051946,1,1
48998,FBgn0051668,1,1
48999,FBgn0012017,1,1
49000,FBgn0012016,1,1
49001,FBgn0031453,1,1
49002,FBgn0003934,1,1
49003,FBgn0051953,1,1
49004,FBgn0011985,1,1
49005,FBgn0011984,1,1
49006,FBgn0051952,1,1
49007,FBgn0051958,1,1
49008,FBgn0051969,1,1
49009,FBgn0051963,1,1
49010,FBgn0040706,1,1
49011,FBgn0065053,1,1
49012,FBgn0047314,1,1
49013,FBgn0065083,1,1
49014,FBgn0065107,1,1
49015,FBgn0065104,1,1
49016,FBgn0051971,1,1
49017,FBgn0051914,1,1
49018,FBgn0046776,1,1
49019,FBgn0051915,1,1
49020,FBgn0041719,1,1
49021,FBgn0031726,1,1
49022,FBgn0051642,1,1
49023,FBgn0051639,1,1
49024,FBgn0051631,1,1
49025,FBgn0052829,1,1
49026,FBgn0040954,1,1
49027,FBgn0067719,1,1
49028,FBgn0067700,1,1
49029,FBgn0012018,1,1
49030,FBgn0031943,1,1
49031,FBgn0011861,1,1
49032,FBgn0031962,1,1
49033,FBgn0065055,1,1
49034,FBgn0013442,1,1
49035,FBgn0046824,1,1
49036,FBgn0011902,1,1
49037,FBgn0041717,1,1
49038,FBgn0051896,1,1
49039,FBgn0051892,1,1
49040,FBgn0051604,1,1
49041,FBgn0051603,1,1
49042,FBgn0051895,1,1
49043,FBgn0051602,1,1
49044,FBgn0051889,1,1
49045,FBgn0051890,1,1
49046,FBgn0051888,1,1
49047,FBgn0051887,1,1
49048,FBgn0051885,1,1
49049,FBgn0063449,1,1
49050,FBgn0063391,1,1
49051,FBgn0063392,1,1
49052,FBgn0063389,1,1
49053,FBgn0025881,1,1
49054,FBgn0046814,1,1
49055,FBgn0032190,1,1
49056,FBgn0032280,1,1
49057,FBgn0032281,1,1
49058,FBgn0032282,1,1
49059,FBgn0032283,1,1
49060,FBgn0032284,1,1
49061,FBgn0032285,1,1
49062,FBgn0032322,1,1
49063,FBgn0052830,1,1
49064,FBgn0046212,1,1
49065,FBgn0067722,1,1
49066,FBgn0041606,1,1
49067,FBgn0051864,1,1
49068,FBgn0051861,1,1
49069,FBgn0040971,1,1
49070,FBgn0004191,1,1
49071,FBgn0004192,1,1
49072,FBgn0041720,1,1
49073,FBgn0003935,1,1
49074,FBgn0051846,1,1
49075,FBgn0051845,1,1
49076,FBgn0028909,1,1
49077,FBgn0052971,1,1
49078,FBgn0052970,1,1
49079,FBgn0028882,1,1
49080,FBgn0011862,1,1
49081,FBgn0011863,1,1
49082,FBgn0011864,1,1
49083,FBgn0011865,1,1
49084,FBgn0011866,1,1
49085,FBgn0028912,1,1
49086,FBgn0028911,1,1
49087,FBgn0028910,1,1
49088,FBgn0028855,1,1
49089,FBgn0028537,1,1
49090,FBgn0028867,1,1
49091,FBgn0053310,1,1
49092,FBgn0028889,1,1
49093,FBgn0051829,1,1
49094,FBgn0051830,1,1
49095,FBgn0003936,1,1
49096,FBgn0051822,1,1
49097,FBgn0028883,1,1
49098,FBgn0040984,1,1
49099,FBgn0067678,1,1
49100,FBgn0067699,1,1
49101,FBgn0067698,1,1
49102,FBgn0067337,1,1
49103,FBgn0067679,1,1
49104,FBgn0062978,1,1
49105,FBgn0047133,1,1
49106,FBgn0051809,1,1
49107,FBgn0051806,1,1
49108,FBgn0067341,1,1
49109,FBgn0067705,1,1
49110,FBgn0051749,1,1
49111,FBgn0064160,1,1
49112,FBgn0043885,1,1
49113,FBgn0064159,1,1
49114,FBgn0032708,1,1
49115,FBgn0053315,1,1
49116,FBgn0051796,1,1
49117,FBgn0065096,1,1
49118,FBgn0046825,1,1
49119,FBgn0046826,1,1
49120,FBgn0046823,1,1
49121,FBgn0003931,1,1
49122,FBgn0043022,1,1
49123,FBgn0003923,1,1
49124,FBgn0003922,1,1
49125,FBgn0043021,1,1
49126,FBgn0069952,1,1
49127,FBgn0058465,1,1
49128,FBgn0058174,1,1
49129,FBgn0046834,1,1
49130,FBgn0067340,1,1
49131,FBgn0067704,1,1
49132,FBgn0047311,1,1
49133,FBgn0032898,1,1
49134,FBgn0053317,1,1
49135,FBgn0053318,1,1
49136,FBgn0053319,1,1
49137,FBgn0003930,1,1
49138,FBgn0041336,1,1
49139,FBgn0051616,1,1
49140,FBgn0051615,1,1
49141,FBgn0051754,1,1
49142,FBgn0053802,1,1
49143,FBgn0053727,1,1
49144,FBgn0053805,1,1
49145,FBgn0053728,1,1
49146,FBgn0053811,1,1
49147,FBgn0053729,1,1
49148,FBgn0053730,1,1
49149,FBgn0053731,1,1
49150,FBgn0053732,1,1
49151,FBgn0053733,1,1
49152,FBgn0053734,1,1
49153,FBgn0053735,1,1
49154,FBgn0053736,1,1
49155,FBgn0053737,1,1
49156,FBgn0053738,1,1
49157,FBgn0053739,1,1
49158,FBgn0053740,1,1
49159,FBgn0053741,1,1
49160,FBgn0053742,1,1
49161,FBgn0053743,1,1
49162,FBgn0053744,1,1
49163,FBgn0053745,1,1
49164,FBgn0053746,1,1
49165,FBgn0053867,1,1
49166,FBgn0051614,1,1
49167,FBgn0065100,1,1
49168,FBgn0053987,1,1
49169,FBgn0051700,1,1
49170,FBgn0042701,1,1
49171,FBgn0032991,1,1
49172,FBgn0050260,1,1
49173,FBgn0050505,1,1
49174,FBgn0011958,1,1
49175,FBgn0011891,1,1
49176,FBgn0011938,1,1
49177,FBgn0011937,1,1
49178,FBgn0011936,1,1
49179,FBgn0011957,1,1
49180,FBgn0011933,1,1
49181,FBgn0011932,1,1
49182,FBgn0011931,1,1
49183,FBgn0011889,1,1
49184,FBgn0011888,1,1
49185,FBgn0011887,1,1
49186,FBgn0011880,1,1
49187,FBgn0011956,1,1
49188,FBgn0011890,1,1
49189,FBgn0050316,1,1
49190,FBgn0011955,1,1
49191,FBgn0011935,1,1
49192,FBgn0011934,1,1
49193,FBgn0040673,1,1
49194,FBgn0011892,1,1
49195,FBgn0011893,1,1
49196,FBgn0011894,1,1
49197,FBgn0011895,1,1
49198,FBgn0033131,1,1
49199,FBgn0050298,1,1
49200,FBgn0050299,1,1
49201,FBgn0027604,1,1
49202,FBgn0033216,1,1
49203,FBgn0042173,1,1
49204,FBgn0050297,1,1
49205,FBgn0063356,1,1
49206,FBgn0067713,1,1
49207,FBgn0011812,1,1
49208,FBgn0033303,1,1
49209,FBgn0050353,1,1
49210,FBgn0011906,1,1
49211,FBgn0033353,1,1
49212,FBgn0065074,1,1
49213,FBgn0065065,1,1
49214,FBgn0040775,1,1
49215,FBgn0053774,1,1
49216,FBgn0046827,1,1
49217,FBgn0067697,1,1
49218,FBgn0011921,1,1
49219,FBgn0050009,1,1
49220,FBgn0033511,1,1
49221,FBgn0033587,1,1
49222,FBgn0033594,1,1
49223,FBgn0050029,1,1
49224,FBgn0011987,1,1
49225,FBgn0050257,1,1
49226,FBgn0050506,1,1
49227,FBgn0065063,1,1
49228,FBgn0050254,1,1
49229,FBgn0011915,1,1
49230,FBgn0011916,1,1
49231,FBgn0053471,1,1
49232,FBgn0015543,1,1
49233,FBgn0050036,1,1
49234,FBgn0082176,1,1
49235,FBgn0082175,1,1
49236,FBgn0067710,1,1
49237,FBgn0082177,1,1
49238,FBgn0069126,1,1
49239,FBgn0067711,1,1
49240,FBgn0050249,1,1
49241,FBgn0050250,1,1
49242,FBgn0050251,1,1
49243,FBgn0011878,1,1
49244,FBgn0011877,1,1
49245,FBgn0053632,1,1
49246,FBgn0050056,1,1
49247,FBgn0033798,1,1
49248,FBgn0067726,1,1
49249,FBgn0067725,1,1
49250,FBgn0011881,1,1
49251,FBgn0011909,1,1
49252,FBgn0011882,1,1
49253,FBgn0011883,1,1
49254,FBgn0011884,1,1
49255,FBgn0011885,1,1
49256,FBgn0011910,1,1
49257,FBgn0050509,1,1
49258,FBgn0050062,1,1
49259,FBgn0011896,1,1
49260,FBgn0033863,1,1
49261,FBgn0033864,1,1
49262,FBgn0067696,1,1
49263,FBgn0047303,1,1
49264,FBgn0050066,1,1
49266,FBgn0050479,1,1
49267,FBgn0050478,1,1
49268,FBgn0040747,1,1
49269,FBgn0050475,1,1
49270,FBgn0050241,1,1
49271,FBgn0033997,1,1
49272,FBgn0034010,1,1
49273,FBgn0050465,1,1
49274,FBgn0082178,1,1
49275,FBgn0050082,1,1
49276,FBgn0082181,1,1
49277,FBgn0050237,1,1
49278,FBgn0050238,1,1
49279,FBgn0050239,1,1
49280,FBgn0050240,1,1
49281,FBgn0082172,1,1
49282,FBgn0046815,1,1
49283,FBgn0011867,1,1
49284,FBgn0065048,1,1
49285,FBgn0050234,1,1
49286,FBgn0050235,1,1
49287,FBgn0065047,1,1
49288,FBgn0034201,1,1
49289,FBgn0050458,1,1
49290,FBgn0050457,1,1
49291,FBgn0034204,1,1
49292,FBgn0050232,1,1
49293,FBgn0011879,1,1
49294,FBgn0050333,1,1
49295,FBgn0050231,1,1
49296,FBgn0050108,1,1
49297,FBgn0045800,1,1
49298,FBgn0063381,1,1
49299,FBgn0063385,1,1
49300,FBgn0063377,1,1
49301,FBgn0063384,1,1
49302,FBgn0063383,1,1
49303,FBgn0063376,1,1
49304,FBgn0063382,1,1
49305,FBgn0063388,1,1
49306,FBgn0063375,1,1
49307,FBgn0063374,1,1
49308,FBgn0063380,1,1
49309,FBgn0063379,1,1
49310,FBgn0063378,1,1
49311,FBgn0063387,1,1
49312,FBgn0063373,1,1
49313,FBgn0063386,1,1
49314,FBgn0034268,1,1
49315,FBgn0067685,1,1
49316,FBgn0040740,1,1
49317,FBgn0065075,1,1
49318,FBgn0034317,1,1
49319,FBgn0040737,1,1
49320,FBgn0040736,1,1
49321,FBgn0040733,1,1
49322,FBgn0050227,1,1
49323,FBgn0011868,1,1
49324,FBgn0062961,1,1
49325,FBgn0050229,1,1
49326,FBgn0050126,1,1
49327,FBgn0034428,1,1
49328,FBgn0028981,1,1
49329,FBgn0050225,1,1
49330,FBgn0050326,1,1
49331,FBgn0050223,1,1
49332,FBgn0050130,1,1
49333,FBgn0053535,1,1
49334,FBgn0046817,1,1
49335,FBgn0046818,1,1
49336,FBgn0046819,1,1
49337,FBgn0046820,1,1
49338,FBgn0046821,1,1
49339,FBgn0082173,1,1
49340,FBgn0067706,1,1
49341,FBgn0046822,1,1
49342,FBgn0067695,1,1
49343,FBgn0040729,1,1
49344,FBgn0050215,1,1
49345,FBgn0050452,1,1
49346,FBgn0050218,1,1
49347,FBgn0011850,1,1
49348,FBgn0065076,1,1
49349,FBgn0011849,1,1
49350,FBgn0011848,1,1
49351,FBgn0050454,1,1
49352,FBgn0050220,1,1
49353,FBgn0050449,1,1
49354,FBgn0053452,1,1
49355,FBgn0053451,1,1
49356,FBgn0053450,1,1
49357,FBgn0053449,1,1
49358,FBgn0053448,1,1
49359,FBgn0053447,1,1
49360,FBgn0053446,1,1
49361,FBgn0053445,1,1
49362,FBgn0053444,1,1
49363,FBgn0053443,1,1
49364,FBgn0053442,1,1
49365,FBgn0053441,1,1
49366,FBgn0053440,1,1
49367,FBgn0053439,1,1
49368,FBgn0053438,1,1
49369,FBgn0053437,1,1
49370,FBgn0053436,1,1
49371,FBgn0053435,1,1
49372,FBgn0053434,1,1
49373,FBgn0053433,1,1
49374,FBgn0053432,1,1
49375,FBgn0053431,1,1
49376,FBgn0053430,1,1
49377,FBgn0053429,1,1
49378,FBgn0053428,1,1
49379,FBgn0053427,1,1
49380,FBgn0053426,1,1
49381,FBgn0053425,1,1
49382,FBgn0053424,1,1
49383,FBgn0053423,1,1
49384,FBgn0053422,1,1
49385,FBgn0053421,1,1
49386,FBgn0053420,1,1
49387,FBgn0053419,1,1
49388,FBgn0053418,1,1
49389,FBgn0053417,1,1
49390,FBgn0053416,1,1
49391,FBgn0053415,1,1
49392,FBgn0053414,1,1
49393,FBgn0053413,1,1
49394,FBgn0053412,1,1
49395,FBgn0053411,1,1
49396,FBgn0053410,1,1
49397,FBgn0053409,1,1
49398,FBgn0053408,1,1
49399,FBgn0053407,1,1
49400,FBgn0053406,1,1
49401,FBgn0053405,1,1
49402,FBgn0053404,1,1
49403,FBgn0053403,1,1
49404,FBgn0053402,1,1
49405,FBgn0053401,1,1
49406,FBgn0053400,1,1
49407,FBgn0053399,1,1
49408,FBgn0053398,1,1
49409,FBgn0053397,1,1
49410,FBgn0053396,1,1
49411,FBgn0053395,1,1
49412,FBgn0053394,1,1
49413,FBgn0053393,1,1
49414,FBgn0053392,1,1
49415,FBgn0053391,1,1
49416,FBgn0053390,1,1
49417,FBgn0053389,1,1
49418,FBgn0053388,1,1
49419,FBgn0053387,1,1
49420,FBgn0053386,1,1
49421,FBgn0053385,1,1
49422,FBgn0053384,1,1
49423,FBgn0053383,1,1
49424,FBgn0053382,1,1
49425,FBgn0053381,1,1
49426,FBgn0053380,1,1
49427,FBgn0053379,1,1
49428,FBgn0053378,1,1
49429,FBgn0053377,1,1
49430,FBgn0053376,1,1
49431,FBgn0053375,1,1
49432,FBgn0053374,1,1
49433,FBgn0053373,1,1
49434,FBgn0053372,1,1
49435,FBgn0053371,1,1
49436,FBgn0053370,1,1
49437,FBgn0053369,1,1
49438,FBgn0053368,1,1
49439,FBgn0053367,1,1
49440,FBgn0053366,1,1
49441,FBgn0053365,1,1
49442,FBgn0053364,1,1
49443,FBgn0053363,1,1
49444,FBgn0053362,1,1
49445,FBgn0053361,1,1
49446,FBgn0053360,1,1
49447,FBgn0053359,1,1
49448,FBgn0053358,1,1
49449,FBgn0053357,1,1
49450,FBgn0053356,1,1
49451,FBgn0053355,1,1
49452,FBgn0053354,1,1
49453,FBgn0053353,1,1
49454,FBgn0011897,1,1
49455,FBgn0050212,1,1
49456,FBgn0053538,1,1
49457,FBgn0011869,1,1
49458,FBgn0011870,1,1
49459,FBgn0067694,1,1
49460,FBgn0067693,1,1
49461,FBgn0067692,1,1
49462,FBgn0067691,1,1
49463,FBgn0050153,1,1
49464,FBgn0046816,1,1
49465,FBgn0050155,1,1
49466,FBgn0050211,1,1
49467,FBgn0040653,1,1
49468,FBgn0065059,1,1
49469,FBgn0050206,1,1
49470,FBgn0011871,1,1
49471,FBgn0050208,1,1
49472,FBgn0053539,1,1
49473,FBgn0050209,1,1
49474,FBgn0011872,1,1
49475,FBgn0053655,1,1
49476,FBgn0065060,1,1
49477,FBgn0065102,1,1
49478,FBgn0050282,1,1
49479,FBgn0050407,1,1
49480,FBgn0050406,1,1
49481,FBgn0034671,1,1
49482,FBgn0034699,1,1
49483,FBgn0016053,1,1
49484,FBgn0034739,1,1
49485,FBgn0050267,1,1
49486,FBgn0034809,1,1
49487,FBgn0050201,1,1
49488,FBgn0050202,1,1
49489,FBgn0065073,1,1
49490,FBgn0034819,1,1
49491,FBgn0034828,1,1
49492,FBgn0050409,1,1
49493,FBgn0034899,1,1
49494,FBgn0034900,1,1
49495,FBgn0034901,1,1
49496,FBgn0065068,1,1
49497,FBgn0026169,1,1
49498,FBgn0053537,1,1
49499,FBgn0066084,1,1
49500,FBgn0050198,1,1
49501,FBgn0050199,1,1
49502,FBgn0050200,1,1
49503,FBgn0050430,1,1
49504,FBgn0052477,1,1
49505,FBgn0065092,1,1
49506,FBgn0052345,1,1
49507,FBgn0064191,1,1
49508,FBgn0052482,1,1
49509,FBgn0052480,1,1
49510,FBgn0052481,1,1
49511,FBgn0052336,1,1
49512,FBgn0052318,1,1
49513,FBgn0052330,1,1
49514,FBgn0052328,1,1
49515,FBgn0052329,1,1
49516,FBgn0011851,1,1
49517,FBgn0011852,1,1
49518,FBgn0011853,1,1
49519,FBgn0052324,1,1
49520,FBgn0011854,1,1
49521,FBgn0011855,1,1
49522,FBgn0065069,1,1
49523,FBgn0047306,1,1
49524,FBgn0052312,1,1
49525,FBgn0035311,1,1
49526,FBgn0052303,1,1
49527,FBgn0003938,1,1
49528,FBgn0052288,1,1
49529,FBgn0052289,1,1
49530,FBgn0052287,1,1
49531,FBgn0052285,1,1
49532,FBgn0052272,1,1
49533,FBgn0052286,1,1
49534,FBgn0052273,1,1
49535,FBgn0067709,1,1
49536,FBgn0052275,1,1
49537,FBgn0053504,1,1
49538,FBgn0064227,1,1
49539,FBgn0065106,1,1
49540,FBgn0046793,1,1
49541,FBgn0035596,1,1
49542,FBgn0011986,1,1
49543,FBgn0052420,1,1
49544,FBgn0052421,1,1
49545,FBgn0065097,1,1
49546,FBgn0065058,1,1
49547,FBgn0065079,1,1
49548,FBgn0020646,1,1
49549,FBgn0047000,1,1
49550,FBgn0047334,1,1
49551,FBgn0052399,1,1
49552,FBgn0053280,1,1
49553,FBgn0047205,1,1
49554,FBgn0063083,1,1
49555,FBgn0052371,1,1
49556,FBgn0046767,1,1
49557,FBgn0052370,1,1
49558,FBgn0052358,1,1
49559,FBgn0052359,1,1
49560,FBgn0052360,1,1
49561,FBgn0052361,1,1
49562,FBgn0052362,1,1
49563,FBgn0052363,1,1
49564,FBgn0040833,1,1
49565,FBgn0035856,1,1
49566,FBgn0035858,1,1
49567,FBgn0035859,1,1
49568,FBgn0040831,1,1
49569,FBgn0062463,1,1
49570,FBgn0060292,1,1
49571,FBgn0060291,1,1
49572,FBgn0052034,1,1
49573,FBgn0053926,1,1
49574,FBgn0053701,1,1
49575,FBgn0065081,1,1
49576,FBgn0082179,1,1
49577,FBgn0067716,1,1
49578,FBgn0067717,1,1
49579,FBgn0067718,1,1
49580,FBgn0036102,1,1
49581,FBgn0052070,1,1
49582,FBgn0052080,1,1
49583,FBgn0083068,1,1
49584,FBgn0052071,1,1
49585,FBgn0052073,1,1
49586,FBgn0036131,1,1
49587,FBgn0052078,1,1
49588,FBgn0014368,1,1
49589,FBgn0052074,1,1
49590,FBgn0036138,1,1
49591,FBgn0052083,1,1
49592,FBgn0053267,1,1
49593,FBgn0067720,1,1
49594,FBgn0067690,1,1
49595,FBgn0052093,1,1
49596,FBgn0082174,1,1
49597,FBgn0052098,1,1
49598,FBgn0036322,1,1
49599,FBgn0065062,1,1
49600,FBgn0052129,1,1
49601,FBgn0052128,1,1
49602,FBgn0052126,1,1
49603,FBgn0052127,1,1
49604,FBgn0011844,1,1
49605,FBgn0052123,1,1
49606,FBgn0012010,1,1
49607,FBgn0012009,1,1
49608,FBgn0067703,1,1
49609,FBgn0052132,1,1
49610,FBgn0036393,1,1
49611,FBgn0036394,1,1
49612,FBgn0046272,1,1
49613,FBgn0036419,1,1
49614,FBgn0011927,1,1
49615,FBgn0011928,1,1
49616,FBgn0036467,1,1
49617,FBgn0036468,1,1
49618,FBgn0036469,1,1
49619,FBgn0036474,1,1
49620,FBgn0065051,1,1
49621,FBgn0028377,1,1
49622,FBgn0067721,1,1
49623,FBgn0052153,1,1
49624,FBgn0040801,1,1
49625,FBgn0036588,1,1
49626,FBgn0040797,1,1
49627,FBgn0036591,1,1
49628,FBgn0036592,1,1
49629,FBgn0052160,1,1
49630,FBgn0052357,1,1
49631,FBgn0041721,1,1
49632,FBgn0067723,1,1
49633,FBgn0052173,1,1
49634,FBgn0026197,1,1
49635,FBgn0052184,1,1
49636,FBgn0065088,1,1
49637,FBgn0052188,1,1
49638,FBgn0052189,1,1
49639,FBgn0052198,1,1
49640,FBgn0052200,1,1
49641,FBgn0067689,1,1
49642,FBgn0065072,1,1
49643,FBgn0052205,1,1
49644,FBgn0053255,1,1
49645,FBgn0053062,1,1
49646,FBgn0036870,1,1
49647,FBgn0036871,1,1
49648,FBgn0052214,1,1
49649,FBgn0036872,1,1
49650,FBgn0036873,1,1
49651,FBgn0052207,1,1
49652,FBgn0062928,1,1
49653,FBgn0052212,1,1
49654,FBgn0067680,1,1
49655,FBgn0067683,1,1
49656,FBgn0036969,1,1
49657,FBgn0036972,1,1
49658,FBgn0040637,1,1
49659,FBgn0053285,1,1
49660,FBgn0067688,1,1
49661,FBgn0037139,1,1
49662,FBgn0052449,1,1
49663,FBgn0004414,1,1
49664,FBgn0037161,1,1
49665,FBgn0037177,1,1
49666,FBgn0037178,1,1
49667,FBgn0037179,1,1
49668,FBgn0037180,1,1
49669,FBgn0052453,1,1
49670,FBgn0052454,1,1
49671,FBgn0052456,1,1
49672,FBgn0052460,1,1
49673,FBgn0020518,1,1
49674,FBgn0053294,1,1
49675,FBgn0051526,1,1
49676,FBgn0052946,1,1
49677,FBgn0037273,1,1
49678,FBgn0051532,1,1
49679,FBgn0004183,1,1
49680,FBgn0047299,1,1
49681,FBgn0041718,1,1
49682,FBgn0037309,1,1
49683,FBgn0011965,1,1
49684,FBgn0052861,1,1
49685,FBgn0065077,1,1
49686,FBgn0053201,1,1
49687,FBgn0051545,1,1
49688,FBgn0051554,1,1
49689,FBgn0037389,1,1
49690,FBgn0037397,1,1
49691,FBgn0037420,1,1
49692,FBgn0051556,1,1
49693,FBgn0011919,1,1
49694,FBgn0046873,1,1
49695,FBgn0063127,1,1
49696,FBgn0082182,1,1
49697,FBgn0046833,1,1
49698,FBgn0051485,1,1
49699,FBgn0026162,1,1
49700,FBgn0026163,1,1
49701,FBgn0026164,1,1
49702,FBgn0000003,1,1
49703,FBgn0011904,1,1
49704,FBgn0051494,1,1
49705,FBgn0051491,1,1
49706,FBgn0052467,1,1
49707,FBgn0004175,1,1
49708,FBgn0004174,1,1
49709,FBgn0004173,1,1
49710,FBgn0004172,1,1
49711,FBgn0051513,1,1
49712,FBgn0054023,1,1
49713,FBgn0011999,1,1
49714,FBgn0011998,1,1
49715,FBgn0012000,1,1
49716,FBgn0043853,1,1
49717,FBgn0065099,1,1
49718,FBgn0012001,1,1
49719,FBgn0027934,1,1
49720,FBgn0042105,1,1
49721,FBgn0040523,1,1
49722,FBgn0051583,1,1
49723,FBgn0011963,1,1
49724,FBgn0011962,1,1
49725,FBgn0011961,1,1
49726,FBgn0011960,1,1
49727,FBgn0011959,1,1
49728,FBgn0026399,1,1
49729,FBgn0012028,1,1
49730,FBgn0012027,1,1
49731,FBgn0012026,1,1
49732,FBgn0012025,1,1
49733,FBgn0012024,1,1
49734,FBgn0011966,1,1
49735,FBgn0053551,1,1
49736,FBgn0037694,1,1
49737,FBgn0053105,1,1
49738,FBgn0051415,1,1
49739,FBgn0065050,1,1
49740,FBgn0037769,1,1
49741,FBgn0053629,1,1
49742,FBgn0067687,1,1
49743,FBgn0067715,1,1
49744,FBgn0064158,1,1
49745,FBgn0011970,1,1
49746,FBgn0067686,1,1
49747,FBgn0051397,1,1
49748,FBgn0051394,1,1
49749,FBgn0065064,1,1
49750,FBgn0011905,1,1
49751,FBgn0051356,1,1
49752,FBgn0051432,1,1
49753,FBgn0065094,1,1
49754,FBgn0038034,1,1
49755,FBgn0065087,1,1
49756,FBgn0038054,1,1
49757,FBgn0052865,1,1
49758,FBgn0067707,1,1
49759,FBgn0051355,1,1
49760,FBgn0040553,1,1
49761,FBgn0038148,1,1
49762,FBgn0038162,1,1
49763,FBgn0053328,1,1
49764,FBgn0054044,1,1
49765,FBgn0051588,1,1
49766,FBgn0051331,1,1
49767,FBgn0053327,1,1
49768,FBgn0002862,1,1
49769,FBgn0011971,1,1
49770,FBgn0038242,1,1
49771,FBgn0051303,1,1
49772,FBgn0046829,1,1
49773,FBgn0046830,1,1
49774,FBgn0082180,1,1
49775,FBgn0067339,1,1
49776,FBgn0051297,1,1
49777,FBgn0051292,1,1
49778,FBgn0038384,1,1
49779,FBgn0011858,1,1
49780,FBgn0012011,1,1
49781,FBgn0051497,1,1
49782,FBgn0051282,1,1
49783,FBgn0020556,1,1
49784,FBgn0020546,1,1
49785,FBgn0082170,1,1
49786,FBgn0082171,1,1
49787,FBgn0004554,1,1
49788,FBgn0040566,1,1
49789,FBgn0012002,1,1
49790,FBgn0011944,1,1
49791,FBgn0038527,1,1
49792,FBgn0051570,1,1
49793,FBgn0011945,1,1
49794,FBgn0011840,1,1
49795,FBgn0053534,1,1
49796,FBgn0011993,1,1
49797,FBgn0011994,1,1
49798,FBgn0051591,1,1
49799,FBgn0051569,1,1
49800,FBgn0051573,1,1
49801,FBgn0051568,1,1
49802,FBgn0051578,1,1
49803,FBgn0051579,1,1
49804,FBgn0051580,1,1
49805,FBgn0051577,1,1
49806,FBgn0051575,1,1
49807,FBgn0051576,1,1
49808,FBgn0051242,1,1
49809,FBgn0051518,1,1
49810,FBgn0040569,1,1
49811,FBgn0053541,1,1
49812,FBgn0051228,1,1
49813,FBgn0051230,1,1
49814,FBgn0038644,1,1
49815,FBgn0051295,1,1
49816,FBgn0065080,1,1
49817,FBgn0012003,1,1
49818,FBgn0012004,1,1
49819,FBgn0051215,1,1
49820,FBgn0051471,1,1
49821,FBgn0051339,1,1
49822,FBgn0053192,1,1
49823,FBgn0067782,1,1
49824,FBgn0051506,1,1
49825,FBgn0051480,1,1
49826,FBgn0051334,1,1
49827,FBgn0051333,1,1
49828,FBgn0038879,1,1
49829,FBgn0001234,1,1
49830,FBgn0046832,1,1
49831,FBgn0038930,1,1
49832,FBgn0040585,1,1
49833,FBgn0053721,1,1
49834,FBgn0051165,1,1
49835,FBgn0051162,1,1
49836,FBgn0051167,1,1
49837,FBgn0051166,1,1
49838,FBgn0051239,1,1
49839,FBgn0040591,1,1
49840,FBgn0051143,1,1
49841,FBgn0039103,1,1
49842,FBgn0065098,1,1
49843,FBgn0004187,1,1
49844,FBgn0004186,1,1
49845,FBgn0004185,1,1
49846,FBgn0053536,1,1
49847,FBgn0051130,1,1
49848,FBgn0011845,1,1
49849,FBgn0004188,1,1
49850,FBgn0004189,1,1
49851,FBgn0004190,1,1
49852,FBgn0051312,1,1
49853,FBgn0051382,1,1
49854,FBgn0051416,1,1
49855,FBgn0039256,1,1
49856,FBgn0045761,1,1
49857,FBgn0067682,1,1
49858,FBgn0067681,1,1
49859,FBgn0011669,1,1
49860,FBgn0011668,1,1
49861,FBgn0051071,1,1
49862,FBgn0051070,1,1
49863,FBgn0040613,1,1
49864,FBgn0065105,1,1
49865,FBgn0013745,1,1
49866,FBgn0067407,1,1
49867,FBgn0051054,1,1
49868,FBgn0039573,1,1
49869,FBgn0065070,1,1
49870,FBgn0051047,1,1
49871,FBgn0067714,1,1
49872,FBgn0051032,1,1
49873,FBgn0065066,1,1
49874,FBgn0065078,1,1
49875,FBgn0065067,1,1
49876,FBgn0000280,1,1
49877,FBgn0000281,1,1
49878,FBgn0051383,1,1
49879,FBgn0051023,1,1
49880,FBgn0051101,1,1
49881,FBgn0046696,1,1
49882,FBgn0040630,1,1
49883,FBgn0046756,1,1
49884,FBgn0051001,1,1
49885,FBgn0040037,1,1
49886,FBgn0052011,1,1
49887,FBgn0052010,1,1
49888,FBgn0052009,1,1
49889,FBgn0052005,1,1
49890,FBgn0054036,1,1
49891,FBgn0041005,1,1
49892,FBgn0053797,1,1
49893,FBgn0052021,1,1
49894,FBgn0069921,1,1
49895,FBgn0029518,1,1
49896,FBgn0029523,1,1
49897,FBgn0029526,1,1
49898,FBgn0026879,1,1
49899,FBgn0065054,1,1
49900,FBgn0042146,1,1
49901,FBgn0040893,1,1
49902,FBgn0044508,1,1
49903,FBgn0065095,1,1
49904,FBgn0029584,1,1
49905,FBgn0052804,1,1
49906,FBgn0040900,1,1
49907,FBgn0054052,1,1
49908,FBgn0052797,1,1
49909,FBgn0029639,1,1
49910,FBgn0040393,1,1
49911,FBgn0010295,1,1
49912,FBgn0003086,1,1
49913,FBgn0003374,1,1
49914,FBgn0052493,1,1
49915,FBgn0052785,1,1
49916,FBgn0025118,1,1
49917,FBgn0019661,1,1
49918,FBgn0053220,1,1
49919,FBgn0040905,1,1
49920,FBgn0067702,1,1
49921,FBgn0029725,1,1
49922,FBgn0065061,1,1
49923,FBgn0029777,1,1
49924,FBgn0052761,1,1
49925,FBgn0052745,1,1
49926,FBgn0029856,1,1
49927,FBgn0029865,1,1
49928,FBgn0016974,1,1
49929,FBgn0053665,1,1
49930,FBgn0052748,1,1
49931,FBgn0065071,1,1
49932,FBgn0065052,1,1
49933,FBgn0065056,1,1
49934,FBgn0052740,1,1
49935,FBgn0029920,1,1
49936,FBgn0052733,1,1
49937,FBgn0047092,1,1
49938,FBgn0052726,1,1
49939,FBgn0040923,1,1
49940,FBgn0040928,1,1
49941,FBgn0052710,1,1
49942,FBgn0030070,1,1
49943,FBgn0067684,1,1
49944,FBgn0030080,1,1
49945,FBgn0046828,1,1
49946,FBgn0030116,1,1
49947,FBgn0030117,1,1
49948,FBgn0030124,1,1
49949,FBgn0052692,1,1
49950,FBgn0030172,1,1
49951,FBgn0052690,1,1
49952,FBgn0040941,1,1
49953,FBgn0052689,1,1
49954,FBgn0065046,1,1
49955,FBgn0030200,1,1
49956,FBgn0030221,1,1
49957,FBgn0052671,1,1
49958,FBgn0019660,1,1
49959,FBgn0030338,1,1
49960,FBgn0030356,1,1
49961,FBgn0052660,1,1
49962,FBgn0052657,1,1
49963,FBgn0040859,1,1
49964,FBgn0052652,1,1
49965,FBgn0030388,1,1
49966,FBgn0053963,1,1
49967,FBgn0047242,1,1
49968,FBgn0065101,1,1
49969,FBgn0052634,1,1
49970,FBgn0030487,1,1
49971,FBgn0040865,1,1
49972,FBgn0030524,1,1
49973,FBgn0011952,1,1
49974,FBgn0011975,1,1
49975,FBgn0011976,1,1
49976,FBgn0011948,1,1
49977,FBgn0011949,1,1
49978,FBgn0011950,1,1
49979,FBgn0011951,1,1
49980,FBgn0011980,1,1
49981,FBgn0011982,1,1
49982,FBgn0040870,1,1
49983,FBgn0011974,1,1
49984,FBgn0011977,1,1
49985,FBgn0011953,1,1
49986,FBgn0011981,1,1
49987,FBgn0011983,1,1
49988,FBgn0052588,1,1
49989,FBgn0067708,1,1
49990,FBgn0067701,1,1
49991,FBgn0046831,1,1
49992,FBgn0052584,1,1
49993,FBgn0052586,1,1
49994,FBgn0052581,1,1
49995,FBgn0052582,1,1
49996,FBgn0003933,1,1
49997,FBgn0003920,1,1
49998,FBgn0053251,1,1
49999,FBgn0030764,1,1
50000,FBgn0030782,1,1
50001,FBgn0065049,1,1
50002,FBgn0030824,1,1
50003,FBgn0030829,1,1
50004,FBgn0030830,1,1
50005,FBgn0030831,1,1
50006,FBgn0003057,1,1
50007,FBgn0030879,1,1
50008,FBgn0052552,1,1
50009,FBgn0052553,1,1
50010,FBgn0067724,1,1
50011,FBgn0030903,1,1
50012,FBgn0052550,1,1
50013,FBgn0052546,1,1
50014,FBgn0030958,1,1
50015,FBgn0040887,1,1
50016,FBgn0030980,1,1
50017,FBgn0030981,1,1
50018,FBgn0047095,1,1
50019,FBgn0065084,1,1
50020,FBgn0052534,1,1
50021,FBgn0031074,1,1
50022,FBgn0000076,1,1
50023,FBgn0052821,1,1
50024,FBgn0052826,1,1
50025,FBgn0040784,1,1
50026,FBgn0031087,1,1
50027,FBgn0052824,1,1
50028,FBgn0031102,1,1
50029,FBgn0052504,1,1
50030,FBgn0031137,1,1
50031,FBgn0065057,1,1
50032,FBgn0040647,1,1
50033,FBgn0052511,1,1
50034,FBgn0052518,1,1
50035,FBgn0011954,1,1
50036,FBgn0040646,1,1
50037,FBgn0052520,1,1
50038,FBgn0052525,1,1
50039,FBgn0025882,1,1
50040,FBgn0028583,1,1
50041,FBgn0031176,1,1
50042,FBgn0031178,1,1
