genesetid,dmel_num_geneID,dmel_num_analyzable,dmel_num_M,dmel_num_F,dmel_num_B,dmel_num_B_multi,dmel_num_unbiased,dsim_num_geneID,dsim_num_analyzable,dsim_num_M,dsim_num_F,dsim_num_B,dsim_num_B_multi,dsim_num_unbiased,dser_num_geneID,dser_num_analyzable,dser_num_M,dser_num_F,dser_num_B,dser_num_B_multi,dser_num_unbiased
0,1,1,0,0,0,0,1,1,1,0,1,0,0,0,1,1,0,0,0,0,1
1,1,0,0,0,0,0,0,1,0,0,0,0,0,0,1,0,0,0,0,0,0
2,1,0,0,0,0,0,0,1,0,0,0,0,0,0,1,0,0,0,0,0,0
3,1,1,0,0,0,0,1,1,1,1,0,0,0,0,1,1,1,0,0,0,0
4,1,1,0,1,0,0,0,1,1,0,0,0,0,1,1,1,0,0,0,0,1
5,0,0,0,0,0,0,0,0,0,0,0,0,0,0,1,0,0,0,0,0,0
6,1,1,1,0,0,0,0,1,1,1,0,0,0,0,1,1,0,0,0,0,1
7,1,1,0,0,0,0,1,1,1,0,0,0,0,1,1,1,0,0,0,0,1
8,1,1,0,1,0,0,0,1,1,0,0,0,0,1,1,1,1,0,0,0,0
9,1,1,1,0,0,0,0,1,1,1,0,0,0,0,1,1,0,0,0,0,1
10,1,1,0,0,0,0,1,1,1,1,0,0,0,0,1,1,1,0,0,0,0
11,1,1,1,0,0,0,0,1,1,1,0,0,0,0,1,1,0,1,0,0,0
12,1,1,0,0,1,1,0,1,1,1,0,0,0,0,1,1,0,1,0,0,0
13,4,4,1,0,0,0,3,4,4,4,0,0,0,0,7,4,2,0,0,0,2
14,3,3,0,2,0,0,1,2,2,0,1,0,0,1,2,2,0,0,0,0,2
15,1,1,0,1,0,0,0,1,1,0,1,0,0,0,1,1,0,0,0,0,1
16,1,1,0,0,0,0,1,1,1,0,1,0,0,0,1,1,0,0,0,0,1
17,1,1,0,0,1,1,0,2,2,0,2,0,0,0,2,2,2,0,0,0,0
18,1,1,1,0,0,0,0,1,1,0,0,0,0,1,1,1,0,0,0,0,1
19,1,0,0,0,0,0,0,1,0,0,0,0,0,0,1,1,0,0,0,0,1
20,1,1,0,0,0,0,1,1,1,0,0,0,0,1,1,1,0,0,0,0,1
21,1,1,0,0,1,1,0,1,1,0,0,1,1,0,1,1,1,0,0,0,0
22,1,0,0,0,0,0,0,1,1,0,0,0,0,1,1,1,0,0,0,0,1
23,3845,1490,201,171,32,32,1086,3673,1500,220,148,42,42,1090,2946,1197,82,105,35,35,975
24,1,1,0,0,0,0,1,1,1,0,1,0,0,0,1,1,0,0,0,0,1
25,1,1,0,0,0,0,1,1,1,0,1,0,0,0,1,1,0,0,0,0,1
26,2,1,0,0,1,1,0,1,1,0,0,1,1,0,1,1,0,1,0,0,0
27,1,1,0,0,0,0,1,1,1,0,0,0,0,1,1,1,1,0,0,0,0
28,1,0,0,0,0,0,0,0,0,0,0,0,0,0,0,0,0,0,0,0,0
29,1,1,0,0,0,0,1,1,1,0,0,0,0,1,1,1,1,0,0,0,0
30,1,1,0,1,0,0,0,1,1,0,1,0,0,0,1,1,1,0,0,0,0
31,1,1,1,0,0,0,0,1,1,1,0,0,0,0,1,1,0,0,1,1,0
32,1,1,0,1,0,0,0,1,1,0,1,0,0,0,1,1,0,1,0,0,0
33,1,1,1,0,0,0,0,1,1,0,1,0,0,0,6,4,0,1,0,0,3
34,1,1,0,1,0,0,0,1,1,0,1,0,0,0,1,1,0,0,0,0,1
35,1,1,0,0,1,1,0,1,1,0,0,1,1,0,1,1,0,0,1,1,0
36,1,1,0,1,0,0,0,1,1,1,0,0,0,0,1,1,0,0,1,1,0
37,1,1,0,0,0,0,1,1,1,0,0,0,0,1,1,1,0,0,0,0,1
38,1,1,1,0,0,0,0,1,1,0,0,1,1,0,1,1,0,0,1,1,0
39,1,1,0,0,1,1,0,1,1,1,0,0,0,0,1,1,1,0,0,0,0
40,1,0,0,0,0,0,0,1,0,0,0,0,0,0,0,0,0,0,0,0,0
41,1,1,0,1,0,0,0,2,2,0,1,0,0,1,1,1,0,1,0,0,0
42,1,0,0,0,0,0,0,1,0,0,0,0,0,0,1,0,0,0,0,0,0
43,1,0,0,0,0,0,0,1,0,0,0,0,0,0,1,0,0,0,0,0,0
44,1,1,0,0,1,1,0,1,1,0,0,0,0,1,1,1,0,0,0,0,1
45,1,1,0,1,0,0,0,1,1,0,1,0,0,0,1,1,1,0,0,0,0
46,1,1,0,1,0,0,0,1,1,0,0,0,0,1,1,1,0,1,0,0,0
47,1,1,1,0,0,0,0,1,1,0,0,0,0,1,1,1,1,0,0,0,0
48,1,1,0,0,0,0,1,1,1,1,0,0,0,0,1,1,0,0,0,0,1
49,1,0,0,0,0,0,0,1,0,0,0,0,0,0,1,0,0,0,0,0,0
50,1,1,1,0,0,0,0,1,1,0,0,0,0,1,1,1,0,0,1,1,0
51,0,0,0,0,0,0,0,1,0,0,0,0,0,0,1,0,0,0,0,0,0
52,1,1,0,0,0,0,1,2,1,0,1,0,0,0,1,1,0,1,0,0,0
53,1,1,1,0,0,0,0,1,1,1,0,0,0,0,1,1,0,0,0,0,1
54,1,1,0,0,0,0,1,1,1,0,0,0,0,1,1,1,0,0,0,0,1
55,1,1,0,1,0,0,0,1,1,0,1,0,0,0,1,1,0,1,0,0,0
56,1,0,0,0,0,0,0,1,0,0,0,0,0,0,2,0,0,0,0,0,0
57,1,1,1,0,0,0,0,1,1,0,0,0,0,1,1,1,0,0,0,0,1
58,1,1,0,0,0,0,1,1,1,1,0,0,0,0,1,1,1,0,0,0,0
59,1,1,1,0,0,0,0,1,1,1,0,0,0,0,1,1,0,0,0,0,1
60,0,0,0,0,0,0,0,1,0,0,0,0,0,0,0,0,0,0,0,0,0
61,1,1,0,0,0,0,1,1,1,1,0,0,0,0,1,1,0,0,0,0,1
62,0,0,0,0,0,0,0,0,0,0,0,0,0,0,1,0,0,0,0,0,0
63,1,1,1,0,0,0,0,1,1,1,0,0,0,0,1,1,1,0,0,0,0
64,1,1,0,0,0,0,1,1,1,1,0,0,0,0,1,1,0,0,0,0,1
65,1,1,0,0,0,0,1,1,0,0,0,0,0,0,1,0,0,0,0,0,0
66,1,1,0,0,0,0,1,1,1,0,1,0,0,0,1,1,0,0,0,0,1
67,1,1,0,1,0,0,0,1,1,1,0,0,0,0,1,1,0,1,0,0,0
68,1,1,0,1,0,0,0,1,1,0,1,0,0,0,1,1,0,1,0,0,0
69,2,1,0,0,0,0,1,1,1,1,0,0,0,0,0,0,0,0,0,0,0
70,1,1,0,1,0,0,0,1,1,1,0,0,0,0,1,1,1,0,0,0,0
71,1,1,1,0,0,0,0,1,1,0,1,0,0,0,1,1,1,0,0,0,0
72,1,0,0,0,0,0,0,0,0,0,0,0,0,0,1,0,0,0,0,0,0
73,2,2,0,0,1,1,1,1,1,1,0,0,0,0,1,1,0,0,1,1,0
74,2,2,1,0,0,0,1,2,2,1,0,0,0,1,3,3,0,0,0,0,3
75,1,1,1,0,0,0,0,1,1,1,0,0,0,0,1,1,0,0,0,0,1
76,1,1,0,1,0,0,0,1,1,0,0,1,1,0,1,1,1,0,0,0,0
77,1,1,1,0,0,0,0,1,1,1,0,0,0,0,1,1,0,0,0,0,1
78,5,2,0,0,0,0,2,5,1,1,0,0,0,0,8,1,0,0,0,0,1
79,4,2,0,0,0,0,2,3,3,0,0,0,0,3,2,2,0,0,0,0,2
80,1,1,0,0,0,0,1,1,1,1,0,0,0,0,1,1,1,0,0,0,0
81,1,1,0,0,0,0,1,1,1,1,0,0,0,0,1,1,0,0,0,0,1
82,1,1,0,0,0,0,1,1,1,0,0,0,0,1,2,1,0,0,0,0,1
83,1,1,1,0,0,0,0,1,1,0,0,1,1,0,1,1,1,0,0,0,0
84,1,1,0,1,0,0,0,1,1,0,1,0,0,0,1,1,0,0,1,1,0
85,1,1,1,0,0,0,0,1,1,0,0,0,0,1,1,1,1,0,0,0,0
86,1,1,0,0,0,0,1,2,2,0,0,0,0,2,2,2,0,0,0,0,2
87,1,1,0,0,1,1,0,1,1,1,0,0,0,0,1,1,0,1,0,0,0
88,1,1,0,0,0,0,1,1,1,0,1,0,0,0,1,1,0,0,0,0,1
89,1,1,0,0,0,0,1,1,1,0,1,0,0,0,1,1,0,0,0,0,1
90,1,1,0,1,0,0,0,1,1,0,1,0,0,0,1,1,1,0,0,0,0
91,1,1,0,0,0,0,1,1,1,0,0,0,0,1,1,1,0,0,0,0,1
92,1,1,0,0,0,0,1,1,1,0,0,0,0,1,1,1,0,0,0,0,1
93,1,1,0,0,0,0,1,1,1,1,0,0,0,0,1,1,0,0,0,0,1
94,1,0,0,0,0,0,0,1,1,0,0,0,0,1,1,1,0,0,0,0,1
95,1,1,0,0,0,0,1,1,1,0,0,1,1,0,1,1,1,0,0,0,0
96,1,1,1,0,0,0,0,1,1,1,0,0,0,0,1,1,0,1,0,0,0
97,1,1,0,0,0,0,1,1,1,0,0,0,0,1,1,1,0,0,0,0,1
98,1,1,0,0,0,0,1,1,1,1,0,0,0,0,1,1,0,0,0,0,1
99,1,0,0,0,0,0,0,1,0,0,0,0,0,0,0,0,0,0,0,0,0
101,1,0,0,0,0,0,0,1,0,0,0,0,0,0,1,0,0,0,0,0,0
102,1,0,0,0,0,0,0,1,0,0,0,0,0,0,0,0,0,0,0,0,0
103,0,0,0,0,0,0,0,1,0,0,0,0,0,0,0,0,0,0,0,0,0
104,1,0,0,0,0,0,0,1,0,0,0,0,0,0,0,0,0,0,0,0,0
105,2,2,0,1,1,1,0,1,1,0,0,1,1,0,2,2,2,0,0,0,0
106,1,1,0,0,0,0,1,1,1,0,0,0,0,1,1,1,1,0,0,0,0
107,3,3,0,0,0,0,3,2,2,1,0,0,0,1,7,6,2,0,0,0,4
108,1,1,0,1,0,0,0,1,1,0,0,0,0,1,1,1,0,0,1,1,0
109,2,1,0,0,0,0,1,1,1,1,0,0,0,0,1,1,0,0,0,0,1
110,1,1,0,0,0,0,1,2,1,0,0,0,0,1,2,1,0,0,0,0,1
111,1,1,0,1,0,0,0,1,1,0,0,1,1,0,1,1,0,1,0,0,0
112,1,1,0,0,0,0,1,1,1,0,0,0,0,1,1,1,0,0,0,0,1
113,1,0,0,0,0,0,0,1,0,0,0,0,0,0,1,0,0,0,0,0,0
114,1,1,0,0,0,0,1,1,1,0,0,0,0,1,1,0,0,0,0,0,0
115,1,1,0,1,0,0,0,1,1,0,1,0,0,0,1,1,0,0,0,0,1
116,1,1,0,0,0,0,1,1,1,1,0,0,0,0,1,1,0,0,0,0,1
117,1,1,0,0,0,0,1,1,1,1,0,0,0,0,1,1,0,0,0,0,1
118,1,1,0,0,0,0,1,1,1,1,0,0,0,0,2,2,0,0,0,0,2
119,1,1,0,1,0,0,0,1,1,0,0,1,1,0,1,1,1,0,0,0,0
120,1,1,1,0,0,0,0,1,1,1,0,0,0,0,1,1,1,0,0,0,0
121,1,1,0,1,0,0,0,1,1,0,0,0,0,1,1,1,0,0,0,0,1
122,1,0,0,0,0,0,0,0,0,0,0,0,0,0,0,0,0,0,0,0,0
123,1,1,0,0,0,0,1,1,1,0,0,0,0,1,1,1,0,0,0,0,1
124,1,1,0,0,0,0,1,1,1,0,0,0,0,1,1,1,0,0,0,0,1
125,1,1,0,1,0,0,0,1,1,0,0,0,0,1,1,1,0,0,0,0,1
126,1,1,0,0,0,0,1,1,1,0,0,0,0,1,1,1,0,0,0,0,1
127,2,1,0,0,0,0,1,1,1,0,0,0,0,1,1,1,1,0,0,0,0
128,1,1,0,1,0,0,0,1,1,1,0,0,0,0,1,1,0,0,0,0,1
129,1,1,0,0,0,0,1,1,1,0,0,0,0,1,1,1,0,0,0,0,1
130,1,1,0,1,0,0,0,1,1,0,1,0,0,0,1,1,0,1,0,0,0
131,1,1,0,0,0,0,1,1,1,0,0,0,0,1,1,1,0,0,0,0,1
132,2,2,2,0,0,0,0,1,1,1,0,0,0,0,1,1,1,0,0,0,0
133,1,1,0,1,0,0,0,1,1,0,1,0,0,0,1,1,1,0,0,0,0
134,1,1,0,0,0,0,1,1,1,0,0,0,0,1,1,1,0,0,0,0,1
135,1,1,1,0,0,0,0,1,1,1,0,0,0,0,1,1,0,0,0,0,1
136,1,1,0,0,0,0,1,1,1,1,0,0,0,0,1,1,0,1,0,0,0
137,1,1,0,0,0,0,1,1,1,0,1,0,0,0,1,1,0,0,0,0,1
138,1,1,0,0,0,0,1,1,1,0,0,0,0,1,1,1,0,0,0,0,1
139,1,1,1,0,0,0,0,1,1,0,0,0,0,1,0,0,0,0,0,0,0
140,1,1,1,0,0,0,0,1,1,0,0,1,1,0,1,1,0,0,1,1,0
141,3,1,0,0,0,0,1,3,1,0,0,0,0,1,2,1,0,0,0,0,1
142,1,1,0,0,0,0,1,1,1,0,0,0,0,1,1,1,0,0,0,0,1
143,1,1,0,0,0,0,1,1,1,0,0,0,0,1,2,2,0,0,0,0,2
144,1,1,0,0,0,0,1,1,1,0,0,0,0,1,1,1,0,0,0,0,1
145,1,1,1,0,0,0,0,1,1,0,0,0,0,1,1,1,0,0,1,1,0
146,1,1,0,1,0,0,0,1,1,0,0,1,1,0,1,1,0,0,0,0,1
147,1,1,0,0,1,1,0,1,1,1,0,0,0,0,1,1,0,0,1,1,0
148,1,1,0,0,0,0,1,1,1,0,0,0,0,1,2,2,0,0,0,0,2
149,1,1,0,0,0,0,1,1,1,0,0,0,0,1,1,1,0,0,0,0,1
150,1,1,1,0,0,0,0,2,2,0,0,0,0,2,1,1,0,0,0,0,1
151,1,1,0,0,0,0,1,1,1,1,0,0,0,0,1,1,0,0,0,0,1
152,1,1,0,0,0,0,1,1,0,0,0,0,0,0,1,0,0,0,0,0,0
153,1,0,0,0,0,0,0,1,0,0,0,0,0,0,1,0,0,0,0,0,0
154,1,1,1,0,0,0,0,1,1,0,0,1,1,0,1,1,0,1,0,0,0
155,1,1,0,1,0,0,0,1,1,0,1,0,0,0,1,1,1,0,0,0,0
156,1,1,0,0,0,0,1,1,0,0,0,0,0,0,1,1,0,0,0,0,1
157,1,1,0,0,1,1,0,1,1,1,0,0,0,0,1,1,0,0,0,0,1
158,1,1,0,0,0,0,1,1,1,1,0,0,0,0,1,1,1,0,0,0,0
159,1,1,1,0,0,0,0,1,1,1,0,0,0,0,1,1,0,0,0,0,1
160,1,1,0,0,0,0,1,2,2,0,0,0,0,2,1,1,1,0,0,0,0
161,1,1,1,0,0,0,0,1,1,0,0,0,0,1,1,1,0,0,0,0,1
162,1,1,0,0,0,0,1,1,1,0,0,0,0,1,1,1,0,0,0,0,1
163,1,1,0,0,0,0,1,1,1,0,0,0,0,1,1,1,0,0,0,0,1
164,1,1,1,0,0,0,0,1,1,0,0,0,0,1,1,1,0,0,0,0,1
165,2,2,0,1,0,0,1,2,2,0,1,0,0,1,2,2,0,0,0,0,2
166,1,1,0,0,0,0,1,1,1,0,0,0,0,1,1,1,0,1,0,0,0
167,1,1,1,0,0,0,0,1,1,0,0,0,0,1,1,1,0,0,0,0,1
168,1,0,0,0,0,0,0,1,0,0,0,0,0,0,0,0,0,0,0,0,0
169,2,2,0,0,0,0,2,2,2,0,2,0,0,0,4,1,0,0,0,0,1
170,1,0,0,0,0,0,0,1,0,0,0,0,0,0,1,0,0,0,0,0,0
171,1,1,0,0,0,0,1,1,1,1,0,0,0,0,1,1,1,0,0,0,0
172,1,1,0,0,0,0,1,1,0,0,0,0,0,0,1,0,0,0,0,0,0
173,1,1,0,0,0,0,1,1,1,0,0,0,0,1,1,1,0,0,0,0,1
174,1,1,0,0,0,0,1,1,1,0,0,0,0,1,1,1,0,0,0,0,1
175,1,1,0,0,0,0,1,1,1,0,0,0,0,1,1,1,0,0,0,0,1
176,1,1,1,0,0,0,0,1,1,0,0,0,0,1,1,1,0,0,0,0,1
177,1,1,1,0,0,0,0,1,1,0,0,1,1,0,1,1,0,0,1,1,0
178,1,1,1,0,0,0,0,1,1,1,0,0,0,0,1,1,0,0,0,0,1
179,1,0,0,0,0,0,0,1,0,0,0,0,0,0,1,1,0,0,0,0,1
180,1,0,0,0,0,0,0,1,0,0,0,0,0,0,1,1,0,0,0,0,1
181,1,1,0,0,0,0,1,1,0,0,0,0,0,0,1,0,0,0,0,0,0
182,1,1,0,0,0,0,1,1,1,0,0,0,0,1,1,1,0,0,0,0,1
183,1,1,0,0,0,0,1,1,1,0,0,0,0,1,1,1,0,0,0,0,1
184,1,1,1,0,0,0,0,1,1,1,0,0,0,0,1,1,0,0,0,0,1
185,2,2,1,0,0,0,1,2,2,0,0,0,0,2,2,2,1,0,0,0,1
186,1,1,1,0,0,0,0,1,1,1,0,0,0,0,1,1,0,0,0,0,1
187,1,1,1,0,0,0,0,1,1,1,0,0,0,0,1,1,1,0,0,0,0
188,1,1,0,0,0,0,1,1,1,1,0,0,0,0,2,1,0,0,0,0,1
189,1,1,0,0,1,1,0,1,1,0,0,0,0,1,1,1,0,0,0,0,1
190,1,1,0,1,0,0,0,1,1,1,0,0,0,0,1,1,0,1,0,0,0
191,1,1,1,0,0,0,0,1,1,0,0,1,1,0,1,1,0,0,1,1,0
192,1,0,0,0,0,0,0,1,0,0,0,0,0,0,1,1,0,0,0,0,1
193,1,1,0,0,0,0,1,1,1,0,1,0,0,0,1,1,0,0,0,0,1
194,1,1,0,0,0,0,1,1,1,0,0,0,0,1,1,0,0,0,0,0,0
195,1,1,0,0,0,0,1,1,1,0,0,0,0,1,2,2,0,0,0,0,2
196,1,1,0,0,0,0,1,1,1,1,0,0,0,0,1,1,0,0,0,0,1
197,2,1,0,0,0,0,1,1,1,0,0,0,0,1,1,1,0,0,0,0,1
198,1,0,0,0,0,0,0,0,0,0,0,0,0,0,1,0,0,0,0,0,0
199,2,2,1,0,0,0,1,1,1,0,1,0,0,0,2,1,0,1,0,0,0
200,1,1,0,0,0,0,1,1,1,0,0,0,0,1,1,1,0,0,0,0,1
201,1,1,0,0,0,0,1,1,1,0,0,0,0,1,1,1,0,0,1,1,0
202,1,1,1,0,0,0,0,1,1,1,0,0,0,0,1,1,0,0,0,0,1
203,1,1,0,0,0,0,1,1,1,0,0,0,0,1,1,1,0,0,0,0,1
204,1,1,0,0,0,0,1,1,1,0,1,0,0,0,1,1,0,0,0,0,1
205,1,1,0,0,0,0,1,1,1,0,0,0,0,1,1,1,0,0,0,0,1
206,1,1,0,0,0,0,1,1,1,1,0,0,0,0,1,1,0,0,0,0,1
207,2,2,0,1,0,0,1,2,2,0,1,0,0,1,2,2,2,0,0,0,0
208,1,1,1,0,0,0,0,1,1,0,0,1,1,0,1,1,0,0,1,1,0
209,1,1,0,0,0,0,1,1,1,0,0,0,0,1,1,1,0,0,0,0,1
210,1,1,1,0,0,0,0,1,1,0,0,0,0,1,1,1,0,0,0,0,1
211,1,1,1,0,0,0,0,1,1,0,0,1,1,0,1,1,0,0,1,1,0
212,1,1,0,0,0,0,1,1,1,0,0,0,0,1,1,1,0,0,0,0,1
213,1,1,0,1,0,0,0,1,1,0,0,0,0,1,1,1,0,0,0,0,1
214,1,1,0,1,0,0,0,1,1,0,0,1,1,0,3,3,0,0,0,0,3
215,0,0,0,0,0,0,0,1,0,0,0,0,0,0,1,0,0,0,0,0,0
216,1,1,1,0,0,0,0,1,1,0,0,1,1,0,1,1,0,0,1,1,0
217,1,1,1,0,0,0,0,1,1,0,0,0,0,1,1,1,0,0,1,1,0
218,1,1,0,0,1,1,0,1,1,0,0,0,0,1,1,1,1,0,0,0,0
219,1,1,0,1,0,0,0,1,1,0,1,0,0,0,1,1,1,0,0,0,0
220,1,1,0,0,1,1,0,1,1,0,1,0,0,0,1,1,0,0,0,0,1
221,1,1,1,0,0,0,0,1,1,0,1,0,0,0,1,1,0,0,0,0,1
222,1,1,0,1,0,0,0,1,1,0,1,0,0,0,1,1,0,0,0,0,1
223,1,1,1,0,0,0,0,1,1,1,0,0,0,0,1,1,1,0,0,0,0
224,1,1,1,0,0,0,0,1,1,0,0,0,0,1,1,1,0,0,0,0,1
225,1,1,1,0,0,0,0,1,1,0,0,1,1,0,1,1,0,0,0,0,1
226,1,1,0,0,0,0,1,1,1,0,1,0,0,0,1,1,0,1,0,0,0
227,1,1,1,0,0,0,0,1,1,0,0,1,1,0,1,1,0,0,1,1,0
228,1,0,0,0,0,0,0,1,0,0,0,0,0,0,1,0,0,0,0,0,0
229,2,2,1,0,0,0,1,1,1,0,0,1,1,0,2,2,0,1,0,0,1
230,2,1,0,0,0,0,1,1,1,0,0,0,0,1,1,0,0,0,0,0,0
231,1,1,0,0,0,0,1,1,1,0,1,0,0,0,1,1,0,0,0,0,1
232,1,1,0,0,0,0,1,1,1,0,0,0,0,1,1,1,0,0,0,0,1
233,1,0,0,0,0,0,0,1,0,0,0,0,0,0,1,1,0,0,0,0,1
234,1,0,0,0,0,0,0,1,0,0,0,0,0,0,0,0,0,0,0,0,0
235,1,1,0,0,0,0,1,1,1,0,0,0,0,1,1,1,0,0,0,0,1
236,1,1,0,0,0,0,1,1,1,0,0,0,0,1,1,1,1,0,0,0,0
237,1,1,0,0,0,0,1,1,1,0,0,0,0,1,2,2,0,0,0,0,2
238,1,1,1,0,0,0,0,1,1,1,0,0,0,0,1,1,0,0,0,0,1
239,1,1,0,1,0,0,0,1,1,0,1,0,0,0,1,1,0,0,0,0,1
240,1,1,0,1,0,0,0,1,1,0,0,0,0,1,1,1,0,0,0,0,1
241,1,1,0,0,0,0,1,1,1,0,0,0,0,1,1,1,0,0,0,0,1
242,1,1,0,0,0,0,1,1,1,1,0,0,0,0,0,0,0,0,0,0,0
243,1,1,0,1,0,0,0,1,1,0,0,1,1,0,1,1,0,0,0,0,1
244,1,1,1,0,0,0,0,1,1,1,0,0,0,0,1,1,0,0,1,1,0
245,1,1,1,0,0,0,0,1,1,1,0,0,0,0,1,1,0,0,0,0,1
246,1,0,0,0,0,0,0,1,0,0,0,0,0,0,1,1,0,0,0,0,1
247,1,1,0,1,0,0,0,1,1,1,0,0,0,0,1,1,0,0,1,1,0
248,1,1,0,1,0,0,0,1,1,0,0,0,0,1,1,1,1,0,0,0,0
249,1,1,1,0,0,0,0,1,1,0,0,1,1,0,1,1,0,0,0,0,1
250,2,1,0,0,0,0,1,1,1,0,0,0,0,1,2,2,1,1,0,0,0
251,3,2,0,0,0,0,2,3,2,0,0,0,0,2,2,2,0,0,0,0,2
252,2,2,0,0,0,0,2,2,2,1,0,0,0,1,2,2,0,0,0,0,2
253,1,1,0,0,0,0,1,1,1,0,0,0,0,1,1,1,0,0,0,0,1
254,1,1,0,0,0,0,1,1,1,1,0,0,0,0,1,1,0,0,0,0,1
255,7,6,0,2,0,0,4,4,4,1,0,0,0,3,4,4,0,0,0,0,4
256,1,1,0,1,0,0,0,1,1,1,0,0,0,0,1,1,0,0,0,0,1
257,1,1,1,0,0,0,0,1,1,0,0,1,1,0,1,1,0,0,1,1,0
258,1,1,1,0,0,0,0,1,1,0,0,0,0,1,1,1,1,0,0,0,0
259,1,1,0,1,0,0,0,1,1,1,0,0,0,0,1,1,0,1,0,0,0
260,1,1,0,0,1,1,0,1,1,0,1,0,0,0,1,1,0,0,0,0,1
261,1,1,0,0,0,0,1,1,1,0,0,0,0,1,1,1,0,0,0,0,1
262,1,0,0,0,0,0,0,1,0,0,0,0,0,0,1,0,0,0,0,0,0
263,2,2,0,0,0,0,2,2,2,1,0,0,0,1,2,2,1,0,0,0,1
264,1,1,0,0,0,0,1,1,0,0,0,0,0,0,1,0,0,0,0,0,0
265,1,1,0,0,0,0,1,1,1,0,0,1,1,0,1,1,0,0,0,0,1
266,1,1,0,0,0,0,1,1,1,0,0,0,0,1,1,1,0,0,0,0,1
267,1,1,1,0,0,0,0,1,1,0,0,0,0,1,1,1,0,0,0,0,1
268,1,1,0,0,1,1,0,1,1,0,0,1,1,0,1,1,0,1,0,0,0
269,1,1,0,0,0,0,1,1,1,0,0,0,0,1,1,1,0,0,0,0,1
270,1,1,0,0,0,0,1,1,1,0,0,0,0,1,1,1,0,0,0,0,1
271,1,1,0,0,0,0,1,1,1,0,0,0,0,1,0,0,0,0,0,0,0
272,1,0,0,0,0,0,0,1,1,0,0,0,0,1,0,0,0,0,0,0,0
273,1,1,0,0,0,0,1,1,1,0,0,0,0,1,1,1,1,0,0,0,0
274,1,1,0,1,0,0,0,1,1,0,1,0,0,0,1,1,1,0,0,0,0
275,1,1,0,0,0,0,1,1,1,0,1,0,0,0,1,1,1,0,0,0,0
276,1,1,0,0,0,0,1,1,1,0,1,0,0,0,1,1,0,0,0,0,1
277,1,1,0,0,0,0,1,1,1,0,0,0,0,1,1,1,1,0,0,0,0
278,1,1,0,0,0,0,1,1,0,0,0,0,0,0,1,1,1,0,0,0,0
279,1,0,0,0,0,0,0,0,0,0,0,0,0,0,0,0,0,0,0,0,0
280,1,1,0,0,0,0,1,1,1,0,0,0,0,1,1,1,0,0,0,0,1
281,1,1,0,0,0,0,1,1,1,0,0,0,0,1,1,1,0,0,0,0,1
282,1,1,0,0,0,0,1,1,1,0,0,0,0,1,1,1,1,0,0,0,0
283,1,1,1,0,0,0,0,1,1,0,0,0,0,1,1,1,0,0,0,0,1
284,1,1,0,0,0,0,1,1,1,0,0,0,0,1,1,1,0,0,0,0,1
285,1,1,0,0,0,0,1,1,1,0,0,0,0,1,1,1,0,0,0,0,1
286,1,1,0,0,0,0,1,1,1,0,0,0,0,1,1,1,0,0,0,0,1
287,1,1,0,0,0,0,1,1,1,0,0,0,0,1,1,1,0,0,0,0,1
288,1,1,1,0,0,0,0,1,1,1,0,0,0,0,1,1,1,0,0,0,0
289,1,1,0,0,1,1,0,1,1,0,1,0,0,0,1,1,0,0,0,0,1
290,1,1,0,0,0,0,1,1,1,0,1,0,0,0,1,1,0,0,1,1,0
291,1,1,0,0,0,0,1,1,1,1,0,0,0,0,1,1,0,0,0,0,1
292,1,1,0,0,1,1,0,1,1,0,0,1,1,0,1,1,0,0,1,1,0
293,1,1,1,0,0,0,0,3,1,0,0,0,0,1,1,1,0,0,0,0,1
294,1,1,0,1,0,0,0,1,1,0,1,0,0,0,1,1,0,0,1,1,0
295,1,1,1,0,0,0,0,1,1,1,0,0,0,0,1,1,0,0,0,0,1
296,1,1,1,0,0,0,0,1,1,0,0,0,0,1,1,1,0,1,0,0,0
297,1,1,0,1,0,0,0,1,1,0,1,0,0,0,1,1,0,0,0,0,1
298,1,1,0,0,0,0,1,1,1,0,0,0,0,1,1,1,0,0,0,0,1
299,1,1,0,0,0,0,1,1,1,1,0,0,0,0,1,1,1,0,0,0,0
300,1,1,0,0,0,0,1,1,1,0,0,0,0,1,1,1,0,1,0,0,0
301,0,0,0,0,0,0,0,0,0,0,0,0,0,0,1,0,0,0,0,0,0
302,1,1,0,0,0,0,1,1,1,0,1,0,0,0,1,1,0,0,0,0,1
303,1,1,0,0,0,0,1,1,1,1,0,0,0,0,1,1,1,0,0,0,0
304,1,1,0,0,0,0,1,1,1,0,0,0,0,1,1,1,0,1,0,0,0
305,1,1,0,1,0,0,0,1,1,0,0,0,0,1,0,0,0,0,0,0,0
306,1,1,1,0,0,0,0,1,1,1,0,0,0,0,1,1,0,0,0,0,1
307,1,1,0,0,0,0,1,1,1,0,0,0,0,1,1,1,0,0,0,0,1
308,1,1,0,0,0,0,1,1,1,1,0,0,0,0,1,1,0,1,0,0,0
309,1,1,0,0,0,0,1,1,1,0,0,0,0,1,1,1,0,0,0,0,1
310,1,1,0,1,0,0,0,1,1,0,0,0,0,1,1,1,0,1,0,0,0
311,1,1,0,1,0,0,0,1,1,0,0,0,0,1,1,1,0,1,0,0,0
312,1,1,0,0,0,0,1,1,1,0,0,0,0,1,2,2,1,0,0,0,1
313,1,1,0,1,0,0,0,1,1,0,0,0,0,1,1,1,0,0,0,0,1
314,1,1,1,0,0,0,0,1,1,1,0,0,0,0,1,1,0,0,0,0,1
315,1,1,1,0,0,0,0,1,1,1,0,0,0,0,1,1,0,0,1,1,0
316,1,1,0,1,0,0,0,1,1,0,1,0,0,0,1,1,0,0,1,1,0
317,1,1,0,0,0,0,1,1,1,0,0,0,0,1,1,1,0,0,0,0,1
318,1,1,1,0,0,0,0,1,1,0,0,1,1,0,1,1,0,1,0,0,0
319,1,1,0,0,0,0,1,1,1,1,0,0,0,0,1,1,1,0,0,0,0
320,1,1,0,0,0,0,1,1,1,1,0,0,0,0,1,1,1,0,0,0,0
321,1,1,1,0,0,0,0,2,1,1,0,0,0,0,1,1,0,0,1,1,0
322,1,1,0,0,0,0,1,1,1,1,0,0,0,0,1,1,0,0,0,0,1
323,1,1,0,0,0,0,1,1,1,0,0,0,0,1,1,1,1,0,0,0,0
324,1,1,0,0,0,0,1,1,1,0,1,0,0,0,1,1,0,0,0,0,1
325,1,0,0,0,0,0,0,1,0,0,0,0,0,0,1,1,1,0,0,0,0
326,1,1,1,0,0,0,0,2,1,0,0,0,0,1,1,1,0,0,0,0,1
327,2,0,0,0,0,0,0,1,0,0,0,0,0,0,1,0,0,0,0,0,0
328,1,1,1,0,0,0,0,1,1,0,0,0,0,1,0,0,0,0,0,0,0
329,1,1,0,0,0,0,1,1,1,0,0,0,0,1,1,1,0,0,0,0,1
330,1,1,0,0,0,0,1,1,1,0,0,0,0,1,1,1,0,0,0,0,1
331,1,1,0,0,0,0,1,1,1,0,0,0,0,1,1,1,0,0,0,0,1
332,4,1,0,0,0,0,1,5,0,0,0,0,0,0,3,1,0,0,0,0,1
333,1,1,0,0,0,0,1,1,1,0,0,0,0,1,1,1,0,0,0,0,1
334,1,1,0,0,0,0,1,1,1,0,0,0,0,1,1,1,0,0,0,0,1
335,1,0,0,0,0,0,0,1,0,0,0,0,0,0,1,0,0,0,0,0,0
336,2,2,1,0,0,0,1,2,0,0,0,0,0,0,1,1,0,0,0,0,1
337,1,1,0,1,0,0,0,1,1,0,0,0,0,1,1,1,1,0,0,0,0
338,1,1,0,0,1,1,0,1,1,1,0,0,0,0,1,1,0,0,0,0,1
339,1,1,0,0,0,0,1,1,1,1,0,0,0,0,1,1,1,0,0,0,0
340,1,0,0,0,0,0,0,0,0,0,0,0,0,0,1,0,0,0,0,0,0
341,1,1,0,0,0,0,1,1,1,0,0,0,0,1,1,1,0,0,0,0,1
342,0,0,0,0,0,0,0,0,0,0,0,0,0,0,1,0,0,0,0,0,0
343,1,0,0,0,0,0,0,1,0,0,0,0,0,0,1,0,0,0,0,0,0
344,1,1,0,0,0,0,1,1,1,0,0,0,0,1,1,1,0,0,0,0,1
345,1,0,0,0,0,0,0,1,0,0,0,0,0,0,1,1,0,0,0,0,1
346,1,0,0,0,0,0,0,1,0,0,0,0,0,0,1,0,0,0,0,0,0
347,1,1,0,1,0,0,0,1,1,0,0,1,1,0,1,1,1,0,0,0,0
348,1,1,0,1,0,0,0,1,1,0,1,0,0,0,1,1,0,0,1,1,0
349,1,1,0,0,0,0,1,1,1,0,0,0,0,1,1,1,0,0,0,0,1
350,1,1,0,1,0,0,0,1,1,0,1,0,0,0,1,1,0,0,0,0,1
351,1,1,0,0,0,0,1,1,1,0,0,0,0,1,1,1,0,0,0,0,1
352,1,1,0,1,0,0,0,1,1,0,1,0,0,0,1,1,0,0,0,0,1
353,1,1,0,1,0,0,0,1,1,0,1,0,0,0,1,1,0,0,1,1,0
354,0,0,0,0,0,0,0,1,0,0,0,0,0,0,1,0,0,0,0,0,0
355,0,0,0,0,0,0,0,0,0,0,0,0,0,0,1,0,0,0,0,0,0
356,1,0,0,0,0,0,0,1,0,0,0,0,0,0,1,0,0,0,0,0,0
357,1,0,0,0,0,0,0,0,0,0,0,0,0,0,1,0,0,0,0,0,0
358,1,1,0,0,0,0,1,1,1,0,0,0,0,1,1,1,1,0,0,0,0
359,1,1,0,0,0,0,1,1,1,0,1,0,0,0,1,1,0,0,0,0,1
360,1,1,1,0,0,0,0,1,1,0,0,1,1,0,1,1,1,0,0,0,0
361,1,1,1,0,0,0,0,1,1,0,0,0,0,1,1,1,0,0,0,0,1
362,1,1,0,0,0,0,1,1,1,0,0,0,0,1,0,0,0,0,0,0,0
363,3,1,0,0,0,0,1,2,1,0,0,0,0,1,1,1,0,0,0,0,1
364,2,1,0,0,0,0,1,2,1,1,0,0,0,0,3,1,0,0,0,0,1
365,1,1,0,0,0,0,1,1,1,0,0,0,0,1,0,0,0,0,0,0,0
366,1,1,0,0,0,0,1,1,1,0,0,0,0,1,1,1,0,0,0,0,1
367,1,1,0,1,0,0,0,1,1,0,1,0,0,0,1,1,0,0,1,1,0
368,1,1,0,0,0,0,1,1,1,0,0,0,0,1,1,1,0,0,0,0,1
369,1,0,0,0,0,0,0,1,0,0,0,0,0,0,1,1,0,0,0,0,1
370,1,0,0,0,0,0,0,1,0,0,0,0,0,0,0,0,0,0,0,0,0
371,0,0,0,0,0,0,0,1,0,0,0,0,0,0,1,0,0,0,0,0,0
372,1,1,0,0,0,0,1,1,1,0,0,0,0,1,1,1,0,0,0,0,1
373,1,1,0,0,1,1,0,1,1,0,0,1,1,0,1,1,0,0,1,1,0
374,1,1,0,0,0,0,1,1,1,0,0,1,1,0,1,1,1,0,0,0,0
375,1,1,0,0,0,0,1,1,1,0,0,0,0,1,1,1,0,0,0,0,1
376,1,1,0,0,0,0,1,1,1,0,1,0,0,0,1,1,0,0,0,0,1
377,1,1,1,0,0,0,0,1,1,1,0,0,0,0,1,1,0,0,0,0,1
378,1,1,0,1,0,0,0,1,1,0,0,0,0,1,0,0,0,0,0,0,0
379,1,1,0,0,0,0,1,1,1,0,0,1,1,0,1,1,0,1,0,0,0
380,1,1,0,0,0,0,1,1,1,0,0,0,0,1,1,1,0,0,0,0,1
381,1,1,1,0,0,0,0,1,1,0,1,0,0,0,1,1,1,0,0,0,0
382,1,1,0,0,0,0,1,1,1,0,0,0,0,1,1,1,0,0,0,0,1
384,1,0,0,0,0,0,0,1,0,0,0,0,0,0,0,0,0,0,0,0,0
385,1,0,0,0,0,0,0,1,0,0,0,0,0,0,0,0,0,0,0,0,0
386,1,1,0,0,0,0,1,1,0,0,0,0,0,0,1,0,0,0,0,0,0
387,1,0,0,0,0,0,0,1,0,0,0,0,0,0,2,0,0,0,0,0,0
388,1,1,1,0,0,0,0,1,1,0,1,0,0,0,1,1,0,1,0,0,0
389,1,1,0,0,0,0,1,1,0,0,0,0,0,0,1,1,0,1,0,0,0
390,1,1,0,0,0,0,1,1,1,0,0,0,0,1,0,0,0,0,0,0,0
391,1,0,0,0,0,0,0,1,0,0,0,0,0,0,1,0,0,0,0,0,0
392,1,1,0,0,0,0,1,1,1,1,0,0,0,0,1,1,1,0,0,0,0
393,1,1,0,0,0,0,1,1,1,1,0,0,0,0,1,1,0,0,0,0,1
394,1,1,0,1,0,0,0,1,1,0,0,0,0,1,1,1,0,0,0,0,1
395,1,1,0,0,0,0,1,1,1,0,0,0,0,1,1,1,0,0,0,0,1
396,1,1,0,1,0,0,0,1,1,0,0,0,0,1,1,1,0,0,0,0,1
397,1,1,0,0,0,0,1,1,1,0,0,0,0,1,1,1,0,0,0,0,1
398,1,1,0,0,0,0,1,2,2,0,0,0,0,2,2,2,1,1,0,0,0
399,1,1,0,0,0,0,1,1,1,1,0,0,0,0,1,1,0,0,0,0,1
400,1,1,0,0,0,0,1,1,1,1,0,0,0,0,1,1,0,0,0,0,1
401,1,1,0,0,1,1,0,1,1,1,0,0,0,0,1,1,0,0,1,1,0
402,1,0,0,0,0,0,0,1,1,0,0,0,0,1,1,1,0,0,0,0,1
403,1,1,0,0,0,0,1,1,1,0,0,0,0,1,1,1,0,0,0,0,1
404,1,1,0,0,0,0,1,1,1,0,0,0,0,1,1,1,0,0,0,0,1
405,2,2,0,2,0,0,0,2,2,0,1,1,1,0,1,1,0,0,0,0,1
406,1,1,0,0,0,0,1,1,1,0,0,0,0,1,1,1,0,0,0,0,1
407,1,1,0,0,0,0,1,1,1,1,0,0,0,0,1,1,0,0,0,0,1
408,1,1,0,0,0,0,1,1,1,1,0,0,0,0,1,1,0,1,0,0,0
409,1,1,0,0,0,0,1,1,1,0,0,1,1,0,1,1,1,0,0,0,0
410,1,1,1,0,0,0,0,1,1,0,0,1,1,0,1,1,1,0,0,0,0
411,1,1,0,1,0,0,0,1,1,1,0,0,0,0,1,1,0,0,0,0,1
412,1,1,0,0,1,1,0,1,1,0,0,1,1,0,1,1,0,0,1,1,0
413,1,1,0,0,0,0,1,1,1,0,0,0,0,1,1,1,0,0,0,0,1
414,1,1,1,0,0,0,0,1,1,1,0,0,0,0,1,1,0,0,0,0,1
415,3,3,1,0,1,1,1,2,2,1,0,0,0,1,2,2,0,0,0,0,2
416,1,0,0,0,0,0,0,1,1,0,0,0,0,1,1,0,0,0,0,0,0
417,1,1,1,0,0,0,0,1,1,0,0,0,0,1,1,1,0,0,0,0,1
418,1,1,1,0,0,0,0,1,1,0,0,0,0,1,1,1,0,0,0,0,1
419,1,1,0,1,0,0,0,1,1,0,0,0,0,1,1,1,0,0,0,0,1
420,1,1,0,0,0,0,1,1,1,0,0,0,0,1,1,1,0,0,0,0,1
421,1,1,0,0,0,0,1,1,1,0,1,0,0,0,1,1,0,0,0,0,1
422,0,0,0,0,0,0,0,0,0,0,0,0,0,0,1,0,0,0,0,0,0
423,1,1,1,0,0,0,0,1,1,1,0,0,0,0,1,1,1,0,0,0,0
424,2,0,0,0,0,0,0,1,0,0,0,0,0,0,1,0,0,0,0,0,0
425,1,1,0,0,0,0,1,1,1,1,0,0,0,0,2,2,0,1,0,0,1
426,1,0,0,0,0,0,0,1,0,0,0,0,0,0,1,0,0,0,0,0,0
427,1,1,0,0,0,0,1,2,2,0,0,0,0,2,1,1,0,0,0,0,1
428,1,0,0,0,0,0,0,0,0,0,0,0,0,0,0,0,0,0,0,0,0
429,1,1,0,0,0,0,1,1,1,1,0,0,0,0,2,1,1,0,0,0,0
430,1,1,0,0,0,0,1,1,1,0,0,0,0,1,1,1,0,1,0,0,0
431,1,1,0,0,0,0,1,1,1,0,0,0,0,1,1,1,0,0,0,0,1
432,1,1,0,0,0,0,1,1,1,0,0,0,0,1,1,0,0,0,0,0,0
433,1,1,0,0,0,0,1,1,1,0,1,0,0,0,1,1,0,0,0,0,1
434,1,1,1,0,0,0,0,1,1,1,0,0,0,0,1,1,0,0,0,0,1
435,1,0,0,0,0,0,0,0,0,0,0,0,0,0,1,0,0,0,0,0,0
436,1,1,0,0,0,0,1,1,0,0,0,0,0,0,1,0,0,0,0,0,0
437,1,1,0,1,0,0,0,1,1,0,0,0,0,1,1,1,0,1,0,0,0
438,1,0,0,0,0,0,0,1,0,0,0,0,0,0,1,0,0,0,0,0,0
439,1,1,0,1,0,0,0,1,1,0,1,0,0,0,1,1,0,0,0,0,1
440,1,1,0,0,0,0,1,1,1,0,1,0,0,0,1,1,0,0,0,0,1
441,1,1,1,0,0,0,0,1,1,0,1,0,0,0,1,1,0,1,0,0,0
442,1,1,0,1,0,0,0,1,1,0,0,1,1,0,1,1,1,0,0,0,0
443,1,1,0,0,1,1,0,1,1,0,1,0,0,0,1,1,1,0,0,0,0
444,3,1,0,0,0,0,1,5,1,0,0,0,0,1,3,1,0,0,1,1,0
445,3,3,0,1,0,0,2,2,2,1,0,0,0,1,2,2,1,0,0,0,1
446,1,0,0,0,0,0,0,1,0,0,0,0,0,0,0,0,0,0,0,0,0
447,1,0,0,0,0,0,0,1,1,0,0,0,0,1,0,0,0,0,0,0,0
448,1,0,0,0,0,0,0,3,0,0,0,0,0,0,7,2,0,0,0,0,2
449,1,1,1,0,0,0,0,1,1,0,0,1,1,0,1,1,0,1,0,0,0
450,1,1,0,0,0,0,1,1,1,1,0,0,0,0,1,1,0,0,0,0,1
451,1,0,0,0,0,0,0,1,1,1,0,0,0,0,0,0,0,0,0,0,0
452,1,1,0,0,0,0,1,1,1,0,0,0,0,1,1,1,0,0,0,0,1
453,1,1,0,0,0,0,1,1,1,0,0,0,0,1,1,1,0,0,0,0,1
454,1,0,0,0,0,0,0,1,0,0,0,0,0,0,1,0,0,0,0,0,0
455,1,1,0,0,0,0,1,1,1,0,0,0,0,1,1,1,0,0,0,0,1
456,1,0,0,0,0,0,0,1,0,0,0,0,0,0,1,0,0,0,0,0,0
457,4,2,1,0,0,0,1,4,2,0,0,0,0,2,5,3,0,1,0,0,2
458,2,2,1,1,0,0,0,2,2,1,0,1,1,0,2,2,0,1,0,0,1
459,1,0,0,0,0,0,0,0,0,0,0,0,0,0,1,0,0,0,0,0,0
460,1,1,0,0,0,0,1,1,1,0,0,0,0,1,1,1,1,0,0,0,0
461,1,0,0,0,0,0,0,1,0,0,0,0,0,0,1,0,0,0,0,0,0
462,1,1,0,0,0,0,1,1,1,0,0,0,0,1,1,1,1,0,0,0,0
463,1,1,0,0,0,0,1,1,1,1,0,0,0,0,1,1,0,1,0,0,0
464,1,1,0,1,0,0,0,1,1,0,0,0,0,1,1,1,0,1,0,0,0
465,1,1,0,1,0,0,0,1,1,0,0,0,0,1,1,1,0,0,0,0,1
466,1,1,0,0,0,0,1,1,1,0,0,0,0,1,1,1,0,0,0,0,1
467,1,1,0,0,0,0,1,1,1,0,0,1,1,0,1,1,0,0,0,0,1
468,1,0,0,0,0,0,0,1,0,0,0,0,0,0,1,1,0,0,0,0,1
469,1,1,0,1,0,0,0,1,1,0,0,0,0,1,1,1,0,0,0,0,1
470,1,1,0,1,0,0,0,1,1,0,0,0,0,1,1,1,0,1,0,0,0
471,1,1,0,0,0,0,1,1,1,1,0,0,0,0,1,1,0,0,0,0,1
472,1,1,0,0,0,0,1,1,1,0,0,0,0,1,1,1,0,0,0,0,1
473,1,1,1,0,0,0,0,1,1,1,0,0,0,0,1,1,1,0,0,0,0
474,1,1,0,0,0,0,1,1,1,0,0,0,0,1,1,1,0,0,0,0,1
475,1,1,0,0,1,1,0,1,1,0,0,1,1,0,1,1,0,1,0,0,0
476,1,1,1,0,0,0,0,1,1,0,0,0,0,1,1,1,0,0,0,0,1
477,1,1,0,0,0,0,1,1,1,1,0,0,0,0,1,1,0,1,0,0,0
478,1,1,1,0,0,0,0,1,1,1,0,0,0,0,1,1,0,1,0,0,0
479,1,1,0,0,0,0,1,1,1,0,0,0,0,1,1,1,0,0,0,0,1
480,1,1,1,0,0,0,0,1,1,1,0,0,0,0,1,1,1,0,0,0,0
481,1,1,0,0,0,0,1,1,1,0,0,0,0,1,1,1,0,0,0,0,1
482,1,1,0,0,0,0,1,1,1,0,0,0,0,1,1,1,0,0,0,0,1
483,1,1,0,0,0,0,1,1,1,0,0,0,0,1,1,1,0,0,0,0,1
484,1,1,0,0,0,0,1,3,3,0,0,0,0,3,1,1,1,0,0,0,0
485,1,0,0,0,0,0,0,1,0,0,0,0,0,0,1,0,0,0,0,0,0
486,1,1,0,0,0,0,1,1,1,0,0,0,0,1,1,0,0,0,0,0,0
487,1,0,0,0,0,0,0,0,0,0,0,0,0,0,1,0,0,0,0,0,0
488,1,1,0,1,0,0,0,1,1,0,0,0,0,1,1,1,0,0,0,0,1
489,1,1,0,0,0,0,1,1,1,0,0,0,0,1,1,1,0,0,0,0,1
490,1,1,0,1,0,0,0,1,1,0,1,0,0,0,1,1,0,0,0,0,1
491,1,1,0,0,0,0,1,1,1,0,0,0,0,1,1,1,1,0,0,0,0
492,1,1,0,1,0,0,0,1,1,0,1,0,0,0,1,1,0,0,0,0,1
493,1,1,0,0,0,0,1,1,1,0,0,0,0,1,1,1,0,0,0,0,1
494,1,1,0,0,0,0,1,1,1,1,0,0,0,0,1,1,0,0,0,0,1
495,1,1,1,0,0,0,0,1,1,0,0,0,0,1,1,1,1,0,0,0,0
496,1,1,0,0,0,0,1,1,1,0,0,0,0,1,1,1,0,0,0,0,1
497,1,1,1,0,0,0,0,1,1,1,0,0,0,0,1,1,1,0,0,0,0
498,1,1,0,0,0,0,1,1,1,0,0,0,0,1,0,0,0,0,0,0,0
499,1,1,0,0,0,0,1,1,1,0,0,1,1,0,1,1,0,0,0,0,1
500,1,1,1,0,0,0,0,1,1,1,0,0,0,0,1,1,0,0,0,0,1
501,1,1,0,0,0,0,1,1,0,0,0,0,0,0,1,1,0,0,0,0,1
502,1,1,0,0,0,0,1,1,1,0,0,0,0,1,1,1,0,0,0,0,1
503,1,1,0,0,0,0,1,1,1,0,0,0,0,1,1,1,0,0,0,0,1
504,1,1,1,0,0,0,0,1,1,0,0,0,0,1,1,1,0,0,0,0,1
505,1,1,0,0,0,0,1,1,1,1,0,0,0,0,2,1,0,0,0,0,1
506,1,1,0,0,0,0,1,1,1,1,0,0,0,0,1,1,0,0,0,0,1
507,1,1,0,0,0,0,1,1,1,0,0,0,0,1,1,1,0,0,0,0,1
508,1,1,0,0,0,0,1,1,1,1,0,0,0,0,1,1,0,0,0,0,1
509,1,1,0,0,0,0,1,1,1,0,0,1,1,0,1,1,0,1,0,0,0
510,1,1,0,0,0,0,1,1,1,0,1,0,0,0,1,1,0,0,0,0,1
511,1,1,1,0,0,0,0,1,1,1,0,0,0,0,1,1,0,1,0,0,0
512,1,0,0,0,0,0,0,2,0,0,0,0,0,0,2,0,0,0,0,0,0
513,1,1,0,0,0,0,1,1,1,1,0,0,0,0,1,1,0,0,0,0,1
514,1,0,0,0,0,0,0,1,0,0,0,0,0,0,0,0,0,0,0,0,0
515,0,0,0,0,0,0,0,1,0,0,0,0,0,0,0,0,0,0,0,0,0
516,1,0,0,0,0,0,0,1,0,0,0,0,0,0,0,0,0,0,0,0,0
518,1,0,0,0,0,0,0,0,0,0,0,0,0,0,0,0,0,0,0,0,0
519,1,0,0,0,0,0,0,0,0,0,0,0,0,0,0,0,0,0,0,0,0
520,2,2,1,0,0,0,1,3,3,1,1,0,0,1,5,5,0,1,1,1,3
521,1,0,0,0,0,0,0,1,0,0,0,0,0,0,1,0,0,0,0,0,0
522,1,1,1,0,0,0,0,2,2,0,1,0,0,1,1,1,0,0,0,0,1
523,1,1,1,0,0,0,0,1,1,0,1,0,0,0,1,1,1,0,0,0,0
524,1,1,0,0,0,0,1,1,1,0,0,0,0,1,1,1,0,0,0,0,1
525,1,1,1,0,0,0,0,1,1,1,0,0,0,0,1,1,0,0,1,1,0
526,1,1,0,0,0,0,1,1,1,0,0,0,0,1,1,1,1,0,0,0,0
527,1,0,0,0,0,0,0,1,0,0,0,0,0,0,0,0,0,0,0,0,0
528,1,1,1,0,0,0,0,1,1,0,0,0,0,1,1,1,0,0,0,0,1
529,1,0,0,0,0,0,0,1,0,0,0,0,0,0,0,0,0,0,0,0,0
530,1,1,0,0,0,0,1,1,1,0,0,0,0,1,1,1,0,1,0,0,0
531,1,1,0,0,0,0,1,1,1,0,0,0,0,1,1,1,0,0,0,0,1
532,1,1,0,0,1,1,0,1,1,1,0,0,0,0,1,1,0,0,1,1,0
533,1,1,0,1,0,0,0,1,1,1,0,0,0,0,1,1,0,1,0,0,0
534,1,1,1,0,0,0,0,1,1,0,0,0,0,1,1,1,0,0,0,0,1
535,1,1,1,0,0,0,0,1,1,0,0,1,1,0,1,1,1,0,0,0,0
536,1,1,0,1,0,0,0,1,1,0,0,0,0,1,1,1,0,0,0,0,1
537,1,1,0,0,0,0,1,1,1,0,1,0,0,0,1,1,1,0,0,0,0
538,1,0,0,0,0,0,0,0,0,0,0,0,0,0,1,0,0,0,0,0,0
539,1,1,0,0,0,0,1,1,1,0,1,0,0,0,1,1,0,0,0,0,1
540,1,0,0,0,0,0,0,1,0,0,0,0,0,0,1,0,0,0,0,0,0
541,1,1,0,0,0,0,1,1,1,0,0,0,0,1,1,1,0,0,0,0,1
542,1,1,1,0,0,0,0,1,1,0,0,0,0,1,1,1,0,0,0,0,1
543,1,1,0,0,0,0,1,1,1,1,0,0,0,0,1,1,0,0,0,0,1
544,1,1,0,0,1,1,0,1,1,1,0,0,0,0,1,1,0,1,0,0,0
545,1,1,0,0,0,0,1,1,1,0,1,0,0,0,1,1,0,1,0,0,0
546,1,1,0,0,1,1,0,1,1,1,0,0,0,0,2,2,1,0,0,0,1
547,1,1,1,0,0,0,0,1,1,0,0,0,0,1,1,1,0,0,0,0,1
548,2,2,1,1,0,0,0,2,2,0,1,0,0,1,2,2,0,0,0,0,2
549,1,0,0,0,0,0,0,1,0,0,0,0,0,0,1,0,0,0,0,0,0
550,1,0,0,0,0,0,0,1,0,0,0,0,0,0,1,0,0,0,0,0,0
551,1,0,0,0,0,0,0,1,0,0,0,0,0,0,1,0,0,0,0,0,0
552,1,1,0,0,0,0,1,1,1,1,0,0,0,0,1,1,0,0,0,0,1
553,1,1,1,0,0,0,0,1,1,1,0,0,0,0,1,1,0,0,0,0,1
554,1,1,0,0,0,0,1,1,1,0,0,1,1,0,1,1,0,0,0,0,1
555,2,2,0,2,0,0,0,2,2,0,2,0,0,0,2,2,0,0,0,0,2
556,1,1,0,0,0,0,1,2,2,0,0,0,0,2,2,2,0,0,0,0,2
557,1,1,0,0,0,0,1,1,1,0,0,0,0,1,1,1,0,0,0,0,1
558,1,1,0,0,0,0,1,1,1,0,0,0,0,1,1,1,0,0,0,0,1
559,1,1,1,0,0,0,0,1,1,1,0,0,0,0,1,1,1,0,0,0,0
560,1,1,0,0,0,0,1,1,1,0,0,0,0,1,1,1,1,0,0,0,0
561,1,1,0,1,0,0,0,1,1,0,1,0,0,0,1,1,0,1,0,0,0
562,1,1,1,0,0,0,0,1,1,1,0,0,0,0,1,1,1,0,0,0,0
563,1,1,0,0,0,0,1,1,0,0,0,0,0,0,1,1,0,0,0,0,1
564,1,0,0,0,0,0,0,0,0,0,0,0,0,0,1,0,0,0,0,0,0
565,1,0,0,0,0,0,0,1,0,0,0,0,0,0,1,1,0,0,0,0,1
566,2,1,0,0,0,0,1,2,2,0,0,0,0,2,2,1,1,0,0,0,0
567,1,1,0,1,0,0,0,1,1,1,0,0,0,0,1,1,0,0,0,0,1
568,1,1,0,0,0,0,1,1,1,1,0,0,0,0,1,1,0,0,0,0,1
569,1,1,1,0,0,0,0,1,1,0,1,0,0,0,1,1,0,1,0,0,0
570,1,1,0,0,0,0,1,1,1,1,0,0,0,0,1,1,0,0,0,0,1
571,1,1,0,0,0,0,1,1,1,0,0,0,0,1,1,1,0,0,0,0,1
572,1,1,0,0,0,0,1,1,1,0,0,1,1,0,2,1,1,0,0,0,0
573,2,2,0,0,1,1,1,2,2,0,1,1,1,0,2,2,1,1,0,0,0
574,1,1,0,0,0,0,1,3,2,0,1,0,0,1,2,2,0,1,0,0,1
575,6,1,1,0,0,0,0,1,1,1,0,0,0,0,1,1,0,0,0,0,1
576,2,1,1,0,0,0,0,1,1,1,0,0,0,0,1,1,0,1,0,0,0
577,1,1,0,1,0,0,0,1,1,0,1,0,0,0,1,1,0,0,1,1,0
578,1,1,0,0,1,1,0,1,1,0,1,0,0,0,1,1,1,0,0,0,0
579,1,1,0,1,0,0,0,1,1,0,1,0,0,0,1,1,0,0,1,1,0
580,2,0,0,0,0,0,0,2,0,0,0,0,0,0,1,0,0,0,0,0,0
581,1,1,0,1,0,0,0,1,1,0,0,0,0,1,1,1,0,0,0,0,1
582,1,1,0,0,0,0,1,1,1,0,0,0,0,1,1,0,0,0,0,0,0
583,1,1,0,1,0,0,0,1,1,0,0,0,0,1,1,1,0,0,0,0,1
584,1,1,0,1,0,0,0,1,1,0,1,0,0,0,1,1,0,0,0,0,1
585,1,1,0,1,0,0,0,1,1,0,0,0,0,1,1,0,0,0,0,0,0
587,1,1,0,1,0,0,0,1,1,0,1,0,0,0,1,1,0,0,0,0,1
588,1,0,0,0,0,0,0,1,0,0,0,0,0,0,1,0,0,0,0,0,0
589,1,1,0,1,0,0,0,1,1,0,0,1,1,0,1,1,0,0,1,1,0
590,1,1,1,0,0,0,0,1,1,1,0,0,0,0,1,1,0,0,0,0,1
591,1,1,0,0,0,0,1,1,1,0,0,0,0,1,1,1,0,0,0,0,1
592,1,0,0,0,0,0,0,1,0,0,0,0,0,0,1,0,0,0,0,0,0
593,1,1,0,1,0,0,0,1,1,0,1,0,0,0,1,1,0,1,0,0,0
594,1,1,0,0,0,0,1,1,1,0,0,0,0,1,1,1,0,0,0,0,1
595,1,1,0,0,1,1,0,1,1,1,0,0,0,0,1,1,0,0,1,1,0
596,1,1,1,0,0,0,0,1,1,1,0,0,0,0,1,1,0,0,0,0,1
597,5,0,0,0,0,0,0,3,0,0,0,0,0,0,4,0,0,0,0,0,0
598,0,0,0,0,0,0,0,0,0,0,0,0,0,0,1,0,0,0,0,0,0
599,1,1,0,0,0,0,1,2,1,0,0,0,0,1,1,1,1,0,0,0,0
600,1,1,0,1,0,0,0,1,1,0,1,0,0,0,1,1,0,0,0,0,1
601,1,1,1,0,0,0,0,1,1,0,0,0,0,1,1,1,0,0,0,0,1
602,1,1,0,0,0,0,1,1,1,0,0,0,0,1,1,1,0,0,0,0,1
603,2,2,0,0,0,0,2,2,2,1,0,0,0,1,1,1,0,1,0,0,0
604,1,0,0,0,0,0,0,1,1,1,0,0,0,0,1,1,1,0,0,0,0
605,2,1,0,0,0,0,1,2,2,1,0,0,0,1,2,1,0,0,0,0,1
606,1,1,0,1,0,0,0,1,1,0,0,0,0,1,1,1,0,0,0,0,1
607,1,1,0,0,0,0,1,1,1,1,0,0,0,0,1,1,0,0,0,0,1
608,1,1,0,0,0,0,1,1,1,0,0,0,0,1,1,1,0,0,0,0,1
609,1,1,0,0,0,0,1,1,1,0,0,0,0,1,1,1,0,0,0,0,1
610,1,1,0,0,0,0,1,1,1,0,0,0,0,1,1,1,0,0,0,0,1
611,1,1,0,1,0,0,0,1,1,0,1,0,0,0,1,1,0,1,0,0,0
612,1,1,0,1,0,0,0,1,1,0,1,0,0,0,1,1,0,1,0,0,0
613,1,0,0,0,0,0,0,1,0,0,0,0,0,0,1,0,0,0,0,0,0
614,1,0,0,0,0,0,0,1,0,0,0,0,0,0,1,0,0,0,0,0,0
615,0,0,0,0,0,0,0,1,0,0,0,0,0,0,1,0,0,0,0,0,0
616,2,1,0,0,0,0,1,1,1,0,0,0,0,1,2,2,0,0,0,0,2
617,1,1,0,0,0,0,1,1,1,0,1,0,0,0,1,1,0,1,0,0,0
618,1,1,0,0,0,0,1,1,1,0,0,0,0,1,1,1,0,0,0,0,1
619,1,1,0,0,0,0,1,1,1,0,0,0,0,1,1,1,0,0,0,0,1
620,1,1,1,0,0,0,0,1,1,0,0,0,0,1,1,1,0,0,0,0,1
621,1,1,0,0,0,0,1,1,1,0,0,0,0,1,1,1,0,0,0,0,1
622,0,0,0,0,0,0,0,1,0,0,0,0,0,0,1,0,0,0,0,0,0
623,1,0,0,0,0,0,0,1,1,1,0,0,0,0,1,0,0,0,0,0,0
624,1,0,0,0,0,0,0,1,0,0,0,0,0,0,0,0,0,0,0,0,0
625,1,1,0,0,0,0,1,1,1,0,0,0,0,1,1,1,0,0,0,0,1
626,1,1,0,1,0,0,0,3,3,0,0,0,0,3,1,1,0,0,0,0,1
627,1,1,0,0,0,0,1,1,1,0,0,0,0,1,1,1,0,0,0,0,1
628,1,1,0,0,0,0,1,1,1,0,0,0,0,1,1,1,0,0,0,0,1
629,1,0,0,0,0,0,0,1,0,0,0,0,0,0,1,0,0,0,0,0,0
630,1,1,0,1,0,0,0,1,1,0,1,0,0,0,1,1,0,1,0,0,0
631,1,1,0,1,0,0,0,1,1,0,1,0,0,0,1,1,0,1,0,0,0
632,1,1,1,0,0,0,0,1,1,1,0,0,0,0,1,1,0,0,0,0,1
633,1,1,0,0,0,0,1,1,1,0,0,0,0,1,1,1,0,1,0,0,0
634,1,0,0,0,0,0,0,1,0,0,0,0,0,0,0,0,0,0,0,0,0
635,1,0,0,0,0,0,0,1,0,0,0,0,0,0,0,0,0,0,0,0,0
636,1,0,0,0,0,0,0,0,0,0,0,0,0,0,0,0,0,0,0,0,0
637,1,1,1,0,0,0,0,1,1,1,0,0,0,0,1,1,1,0,0,0,0
638,2,2,0,1,0,0,1,2,2,0,0,1,1,1,3,2,1,0,0,0,1
639,1,1,0,1,0,0,0,1,1,0,0,0,0,1,1,1,0,0,0,0,1
640,1,1,0,1,0,0,0,1,1,0,1,0,0,0,0,0,0,0,0,0,0
641,1,1,0,0,0,0,1,1,1,1,0,0,0,0,1,1,0,0,0,0,1
642,1,1,1,0,0,0,0,2,2,0,0,0,0,2,1,1,0,1,0,0,0
643,1,1,0,0,0,0,1,1,0,0,0,0,0,0,1,1,0,1,0,0,0
644,1,1,0,0,1,1,0,1,1,0,0,0,0,1,1,1,0,0,0,0,1
645,1,1,1,0,0,0,0,1,1,1,0,0,0,0,1,1,0,0,0,0,1
646,1,0,0,0,0,0,0,1,0,0,0,0,0,0,1,0,0,0,0,0,0
647,1,1,1,0,0,0,0,1,1,0,0,1,1,0,1,1,0,0,1,1,0
648,1,1,0,0,0,0,1,1,1,0,0,1,1,0,1,1,0,0,0,0,1
649,1,1,0,1,0,0,0,1,1,0,0,0,0,1,1,1,0,0,0,0,1
650,1,1,0,0,0,0,1,1,1,1,0,0,0,0,1,1,0,0,0,0,1
651,1,0,0,0,0,0,0,1,0,0,0,0,0,0,1,0,0,0,0,0,0
652,1,1,0,0,1,1,0,1,1,1,0,0,0,0,2,1,1,0,0,0,0
653,1,1,1,0,0,0,0,1,1,0,0,0,0,1,1,1,0,0,0,0,1
654,1,1,0,0,1,1,0,1,1,0,0,1,1,0,1,1,0,0,1,1,0
655,1,0,0,0,0,0,0,1,0,0,0,0,0,0,1,0,0,0,0,0,0
656,0,0,0,0,0,0,0,1,0,0,0,0,0,0,0,0,0,0,0,0,0
657,1,0,0,0,0,0,0,1,0,0,0,0,0,0,0,0,0,0,0,0,0
658,2,0,0,0,0,0,0,2,0,0,0,0,0,0,0,0,0,0,0,0,0
659,1,1,1,0,0,0,0,1,1,0,0,1,1,0,1,1,0,1,0,0,0
660,2,2,1,0,0,0,1,2,2,1,0,1,1,0,2,2,1,0,0,0,1
661,0,0,0,0,0,0,0,0,0,0,0,0,0,0,1,0,0,0,0,0,0
662,1,0,0,0,0,0,0,0,0,0,0,0,0,0,0,0,0,0,0,0,0
663,2,2,0,0,0,0,2,1,1,0,0,1,1,0,1,1,0,0,0,0,1
664,1,1,0,0,0,0,1,0,0,0,0,0,0,0,0,0,0,0,0,0,0
665,1,1,0,0,0,0,1,1,0,0,0,0,0,0,1,1,0,0,0,0,1
666,1,1,0,0,0,0,1,2,1,0,0,1,1,0,2,1,0,0,1,1,0
667,5,2,0,0,0,0,2,2,2,0,1,0,0,1,2,1,0,1,0,0,0
668,1,1,0,0,0,0,1,1,1,1,0,0,0,0,1,1,0,1,0,0,0
669,1,1,0,0,0,0,1,1,1,1,0,0,0,0,0,0,0,0,0,0,0
670,1,1,1,0,0,0,0,1,1,1,0,0,0,0,1,1,0,0,1,1,0
671,1,1,1,0,0,0,0,1,1,1,0,0,0,0,1,1,0,0,1,1,0
672,1,1,0,0,0,0,1,1,1,1,0,0,0,0,1,1,1,0,0,0,0
673,1,1,0,0,0,0,1,1,1,0,0,0,0,1,1,1,0,0,0,0,1
674,1,1,0,0,0,0,1,1,1,1,0,0,0,0,1,1,0,1,0,0,0
675,1,1,0,1,0,0,0,1,1,0,1,0,0,0,1,1,1,0,0,0,0
676,1,1,0,0,0,0,1,1,1,0,0,0,0,1,1,1,0,0,0,0,1
677,1,1,1,0,0,0,0,1,1,1,0,0,0,0,1,1,0,0,0,0,1
678,1,1,0,0,0,0,1,1,1,1,0,0,0,0,1,1,0,1,0,0,0
679,1,1,0,0,0,0,1,1,1,0,0,1,1,0,1,1,1,0,0,0,0
681,1,1,0,1,0,0,0,1,1,0,1,0,0,0,1,1,0,0,0,0,1
682,1,1,0,0,0,0,1,1,1,0,0,0,0,1,1,1,0,0,0,0,1
683,1,0,0,0,0,0,0,1,0,0,0,0,0,0,1,1,0,0,0,0,1
684,1,1,0,0,0,0,1,1,1,0,0,0,0,1,1,1,0,0,0,0,1
685,1,1,1,0,0,0,0,1,1,1,0,0,0,0,1,1,0,0,0,0,1
686,1,1,0,0,0,0,1,1,1,1,0,0,0,0,1,1,0,0,0,0,1
687,1,1,1,0,0,0,0,1,1,0,0,1,1,0,1,1,0,0,0,0,1
688,2,1,0,1,0,0,0,2,1,0,1,0,0,0,2,2,0,0,0,0,2
689,1,1,0,0,0,0,1,1,1,0,0,0,0,1,1,1,1,0,0,0,0
690,1,1,1,0,0,0,0,1,1,0,0,0,0,1,3,1,0,0,0,0,1
691,1,1,0,0,0,0,1,1,1,0,0,0,0,1,2,1,0,0,0,0,1
692,1,1,0,1,0,0,0,1,1,0,0,0,0,1,1,1,0,0,0,0,1
693,1,1,0,1,0,0,0,1,1,0,1,0,0,0,1,1,0,1,0,0,0
694,1,1,0,0,0,0,1,1,1,0,0,0,0,1,1,1,1,0,0,0,0
695,1,0,0,0,0,0,0,1,1,0,0,0,0,1,0,0,0,0,0,0,0
696,1,1,0,0,0,0,1,1,1,1,0,0,0,0,1,1,0,1,0,0,0
697,2,2,0,2,0,0,0,2,2,0,2,0,0,0,2,2,0,1,0,0,1
698,1,1,0,0,0,0,1,1,1,0,0,0,0,1,1,1,0,0,0,0,1
699,1,1,1,0,0,0,0,2,1,0,0,0,0,1,2,2,0,0,0,0,2
701,1,1,0,1,0,0,0,1,1,0,0,1,1,0,1,1,1,0,0,0,0
702,7,0,0,0,0,0,0,6,1,0,0,0,0,1,8,6,0,1,0,0,5
703,1,1,0,1,0,0,0,1,1,0,1,0,0,0,1,1,1,0,0,0,0
704,4,3,1,0,1,1,1,3,2,1,0,0,0,1,2,2,0,0,2,2,0
705,1,1,0,0,0,0,1,1,1,1,0,0,0,0,1,1,0,0,0,0,1
706,2,2,0,0,0,0,2,1,1,0,0,0,0,1,1,1,0,0,0,0,1
707,1,1,0,0,0,0,1,1,1,0,0,0,0,1,1,1,0,0,0,0,1
708,1,1,0,0,0,0,1,1,1,0,1,0,0,0,1,1,0,0,0,0,1
709,1,1,0,1,0,0,0,1,1,0,1,0,0,0,1,1,1,0,0,0,0
710,1,1,0,0,0,0,1,1,1,0,0,1,1,0,1,1,0,0,1,1,0
711,1,1,0,0,0,0,1,1,1,0,0,0,0,1,1,1,0,0,0,0,1
712,1,0,0,0,0,0,0,1,0,0,0,0,0,0,1,0,0,0,0,0,0
713,1,1,1,0,0,0,0,1,1,1,0,0,0,0,1,1,0,0,0,0,1
714,2,2,0,0,0,0,2,2,2,0,0,0,0,2,2,2,0,0,0,0,2
715,1,1,0,0,0,0,1,1,1,0,0,0,0,1,1,1,0,1,0,0,0
716,1,1,1,0,0,0,0,1,1,1,0,0,0,0,1,1,0,0,0,0,1
717,1,1,0,0,0,0,1,1,1,0,0,0,0,1,1,1,0,0,0,0,1
718,1,1,0,0,0,0,1,1,0,0,0,0,0,0,1,1,0,0,0,0,1
719,1,1,0,0,0,0,1,1,1,0,0,0,0,1,1,1,0,1,0,0,0
720,1,1,0,0,0,0,1,1,1,0,0,0,0,1,1,1,0,0,0,0,1
721,1,1,0,0,0,0,1,1,1,0,0,0,0,1,1,1,0,0,0,0,1
722,1,1,1,0,0,0,0,1,1,1,0,0,0,0,2,2,0,1,0,0,1
723,1,1,0,0,0,0,1,1,1,1,0,0,0,0,2,2,1,0,0,0,1
724,1,1,1,0,0,0,0,1,1,1,0,0,0,0,1,1,1,0,0,0,0
725,1,0,0,0,0,0,0,1,0,0,0,0,0,0,1,1,1,0,0,0,0
726,1,1,1,0,0,0,0,1,1,1,0,0,0,0,1,1,0,0,1,1,0
727,1,0,0,0,0,0,0,1,1,0,0,0,0,1,1,0,0,0,0,0,0
728,1,1,0,0,0,0,1,1,1,0,0,0,0,1,1,1,0,0,0,0,1
729,2,2,1,0,0,0,1,2,2,0,0,0,0,2,2,2,0,0,0,0,2
730,1,1,0,0,0,0,1,1,1,0,0,1,1,0,1,1,0,0,1,1,0
731,1,0,0,0,0,0,0,1,0,0,0,0,0,0,0,0,0,0,0,0,0
732,1,0,0,0,0,0,0,1,0,0,0,0,0,0,0,0,0,0,0,0,0
733,0,0,0,0,0,0,0,1,0,0,0,0,0,0,0,0,0,0,0,0,0
734,0,0,0,0,0,0,0,1,0,0,0,0,0,0,0,0,0,0,0,0,0
736,0,0,0,0,0,0,0,1,0,0,0,0,0,0,0,0,0,0,0,0,0
738,1,1,1,0,0,0,0,1,1,1,0,0,0,0,1,1,0,1,0,0,0
739,1,1,0,0,0,0,1,1,1,0,0,0,0,1,1,1,0,0,0,0,1
740,1,1,0,0,0,0,1,1,1,1,0,0,0,0,1,1,1,0,0,0,0
741,1,1,0,0,0,0,1,1,1,0,0,0,0,1,1,1,0,1,0,0,0
742,1,1,0,0,0,0,1,1,1,1,0,0,0,0,1,1,0,0,0,0,1
743,1,1,0,1,0,0,0,1,1,1,0,0,0,0,1,1,1,0,0,0,0
744,1,1,1,0,0,0,0,1,1,0,0,0,0,1,1,1,0,0,0,0,1
745,1,1,1,0,0,0,0,1,1,0,0,0,0,1,1,1,1,0,0,0,0
746,1,1,0,0,0,0,1,1,1,0,0,0,0,1,1,1,1,0,0,0,0
747,1,1,1,0,0,0,0,1,1,0,0,0,0,1,1,1,0,1,0,0,0
748,1,1,0,0,1,1,0,1,1,1,0,0,0,0,1,1,1,0,0,0,0
749,1,1,0,0,0,0,1,1,1,0,0,0,0,1,0,0,0,0,0,0,0
750,1,1,1,0,0,0,0,1,1,1,0,0,0,0,1,1,0,0,0,0,1
751,1,1,0,0,0,0,1,1,1,0,1,0,0,0,1,1,0,0,0,0,1
752,1,1,0,1,0,0,0,1,1,0,1,0,0,0,1,1,0,0,0,0,1
753,1,1,0,0,0,0,1,1,1,1,0,0,0,0,1,1,0,0,0,0,1
754,1,1,0,0,0,0,1,1,1,0,0,0,0,1,1,1,1,0,0,0,0
755,1,1,0,0,0,0,1,1,1,0,0,1,1,0,1,1,0,0,1,1,0
756,1,1,1,0,0,0,0,1,1,0,0,0,0,1,1,1,0,0,0,0,1
757,1,1,0,0,0,0,1,1,1,1,0,0,0,0,2,2,0,0,0,0,2
758,0,0,0,0,0,0,0,0,0,0,0,0,0,0,1,0,0,0,0,0,0
759,1,0,0,0,0,0,0,1,0,0,0,0,0,0,1,0,0,0,0,0,0
760,1,1,0,0,0,0,1,1,1,0,0,0,0,1,1,1,1,0,0,0,0
761,1,1,0,0,0,0,1,1,1,0,0,0,0,1,1,1,1,0,0,0,0
762,1,1,0,0,0,0,1,1,1,0,0,1,1,0,1,1,0,0,1,1,0
763,1,1,0,1,0,0,0,1,1,1,0,0,0,0,1,1,1,0,0,0,0
764,1,1,0,0,0,0,1,1,1,0,0,0,0,1,2,2,0,0,0,0,2
765,1,1,0,1,0,0,0,1,1,0,1,0,0,0,1,1,0,0,1,1,0
766,1,1,1,0,0,0,0,1,1,1,0,0,0,0,1,1,0,0,0,0,1
767,1,1,0,0,0,0,1,0,0,0,0,0,0,0,1,1,0,0,0,0,1
768,1,0,0,0,0,0,0,1,0,0,0,0,0,0,1,1,0,0,0,0,1
769,1,0,0,0,0,0,0,1,0,0,0,0,0,0,1,0,0,0,0,0,0
770,3,0,0,0,0,0,0,2,0,0,0,0,0,0,3,3,1,0,0,0,2
771,1,0,0,0,0,0,0,0,0,0,0,0,0,0,1,1,0,0,0,0,1
772,1,1,0,0,0,0,1,1,1,1,0,0,0,0,1,1,0,0,1,1,0
773,1,1,0,0,0,0,1,1,1,0,0,0,0,1,2,2,0,0,0,0,2
774,1,1,0,0,0,0,1,1,1,0,0,0,0,1,1,1,0,0,0,0,1
775,1,1,1,0,0,0,0,1,1,0,0,0,0,1,1,1,0,0,0,0,1
776,1,1,0,0,0,0,1,1,1,0,0,0,0,1,1,1,0,0,0,0,1
777,2,2,1,1,0,0,0,2,2,1,0,0,0,1,2,2,0,0,0,0,2
778,1,1,0,0,0,0,1,1,0,0,0,0,0,0,1,1,0,0,0,0,1
779,1,1,0,0,0,0,1,1,1,0,0,0,0,1,1,1,0,1,0,0,0
780,2,1,0,0,0,0,1,2,1,0,0,0,0,1,2,1,0,0,0,0,1
781,1,1,0,1,0,0,0,1,1,0,0,0,0,1,1,1,0,0,0,0,1
782,1,1,0,0,0,0,1,2,1,0,0,0,0,1,1,1,0,0,0,0,1
783,1,1,0,0,0,0,1,1,1,0,0,0,0,1,1,1,0,0,0,0,1
784,1,1,0,0,0,0,1,1,1,0,0,0,0,1,1,1,1,0,0,0,0
785,1,1,0,1,0,0,0,1,1,0,0,0,0,1,1,1,0,0,0,0,1
786,1,1,0,0,0,0,1,1,1,0,0,0,0,1,1,1,0,0,0,0,1
787,1,0,0,0,0,0,0,1,0,0,0,0,0,0,1,1,0,0,0,0,1
788,1,1,0,0,0,0,1,1,1,0,0,0,0,1,2,1,0,0,0,0,1
789,1,1,0,0,0,0,1,1,1,1,0,0,0,0,1,1,0,0,0,0,1
790,1,1,0,1,0,0,0,1,1,0,1,0,0,0,1,1,0,0,1,1,0
791,1,1,0,0,0,0,1,1,1,0,1,0,0,0,1,1,1,0,0,0,0
792,1,1,0,0,0,0,1,1,1,0,0,0,0,1,1,1,0,0,0,0,1
793,1,1,0,0,0,0,1,1,1,0,0,0,0,1,1,1,0,0,0,0,1
794,2,2,2,0,0,0,0,2,2,1,0,0,0,1,2,2,0,1,0,0,1
795,1,1,0,0,0,0,1,1,1,1,0,0,0,0,1,1,1,0,0,0,0
796,1,0,0,0,0,0,0,1,0,0,0,0,0,0,1,0,0,0,0,0,0
797,1,1,1,0,0,0,0,1,1,1,0,0,0,0,1,1,0,1,0,0,0
798,1,1,0,0,0,0,1,1,1,1,0,0,0,0,1,1,0,0,0,0,1
799,1,1,0,0,0,0,1,1,1,0,1,0,0,0,1,1,0,0,0,0,1
800,2,2,0,1,0,0,1,2,1,0,1,0,0,0,1,1,0,0,0,0,1
801,1,1,0,0,0,0,1,1,1,0,1,0,0,0,1,1,0,1,0,0,0
802,1,1,0,0,0,0,1,1,1,0,0,0,0,1,1,1,0,0,0,0,1
803,1,1,1,0,0,0,0,1,1,0,0,0,0,1,1,1,0,0,0,0,1
804,1,0,0,0,0,0,0,0,0,0,0,0,0,0,0,0,0,0,0,0,0
805,1,1,0,0,0,0,1,1,1,0,0,0,0,1,1,1,1,0,0,0,0
806,1,0,0,0,0,0,0,1,0,0,0,0,0,0,1,0,0,0,0,0,0
807,1,1,0,0,0,0,1,1,1,0,0,0,0,1,1,1,0,0,0,0,1
808,1,1,0,0,0,0,1,1,1,0,0,0,0,1,1,1,0,0,0,0,1
809,1,1,1,0,0,0,0,1,1,0,0,0,0,1,1,1,0,0,0,0,1
810,1,1,1,0,0,0,0,1,1,0,0,1,1,0,1,1,0,0,1,1,0
811,1,1,1,0,0,0,0,1,1,0,1,0,0,0,1,1,0,0,0,0,1
812,1,1,1,0,0,0,0,1,1,1,0,0,0,0,1,1,0,0,1,1,0
813,1,1,1,0,0,0,0,1,1,0,0,0,0,1,1,1,0,1,0,0,0
814,1,1,0,1,0,0,0,1,1,0,0,0,0,1,1,1,0,0,0,0,1
815,1,1,0,0,0,0,1,1,1,0,0,0,0,1,1,1,0,0,0,0,1
816,1,1,1,0,0,0,0,1,1,0,0,0,0,1,1,1,0,0,0,0,1
817,1,1,0,0,0,0,1,1,1,0,1,0,0,0,1,1,1,0,0,0,0
818,1,1,0,1,0,0,0,1,1,1,0,0,0,0,1,1,1,0,0,0,0
819,1,1,0,1,0,0,0,1,1,0,1,0,0,0,1,1,0,0,0,0,1
820,0,0,0,0,0,0,0,0,0,0,0,0,0,0,1,0,0,0,0,0,0
821,1,1,0,0,0,0,1,1,1,0,0,0,0,1,1,1,0,0,0,0,1
822,1,0,0,0,0,0,0,1,0,0,0,0,0,0,1,0,0,0,0,0,0
823,1,1,0,0,0,0,1,1,1,1,0,0,0,0,1,1,0,0,0,0,1
824,1,1,0,0,1,1,0,1,1,0,0,1,1,0,1,1,0,0,0,0,1
825,1,1,0,0,0,0,1,1,1,0,0,0,0,1,1,1,0,1,0,0,0
826,1,1,0,0,0,0,1,1,1,0,0,0,0,1,1,1,0,0,0,0,1
827,1,1,1,0,0,0,0,1,1,0,0,0,0,1,1,1,0,0,0,0,1
828,1,1,0,1,0,0,0,1,1,0,1,0,0,0,1,1,0,0,0,0,1
829,1,1,0,1,0,0,0,1,1,0,1,0,0,0,1,1,0,1,0,0,0
830,1,1,0,0,0,0,1,1,1,0,0,0,0,1,1,1,0,0,0,0,1
831,2,2,2,0,0,0,0,2,2,1,1,0,0,0,4,3,0,0,0,0,3
832,1,1,0,1,0,0,0,1,1,0,1,0,0,0,1,1,1,0,0,0,0
833,1,1,0,0,0,0,1,1,1,1,0,0,0,0,2,2,0,0,1,1,1
834,1,1,0,0,0,0,1,1,1,0,0,0,0,1,1,1,0,0,0,0,1
835,1,1,0,0,0,0,1,2,2,0,0,0,0,2,1,1,0,0,0,0,1
836,1,1,0,0,1,1,0,1,1,0,0,1,1,0,1,1,0,1,0,0,0
837,2,2,1,1,0,0,0,2,2,1,0,1,1,0,2,2,0,0,0,0,2
838,1,0,0,0,0,0,0,1,0,0,0,0,0,0,1,0,0,0,0,0,0
839,1,1,0,1,0,0,0,1,1,0,1,0,0,0,0,0,0,0,0,0,0
840,1,1,0,0,0,0,1,1,1,1,0,0,0,0,1,1,0,1,0,0,0
841,1,1,0,0,0,0,1,1,1,0,0,0,0,1,1,1,1,0,0,0,0
842,1,1,0,0,0,0,1,1,1,0,0,0,0,1,1,1,0,0,0,0,1
843,1,1,0,1,0,0,0,1,1,1,0,0,0,0,1,1,1,0,0,0,0
844,2,2,2,0,0,0,0,1,1,1,0,0,0,0,1,1,0,1,0,0,0
845,1,1,0,0,0,0,1,1,1,0,0,0,0,1,1,1,0,0,0,0,1
846,1,1,1,0,0,0,0,1,1,1,0,0,0,0,1,1,1,0,0,0,0
847,1,1,1,0,0,0,0,1,1,0,0,0,0,1,1,1,0,0,0,0,1
848,1,1,1,0,0,0,0,1,1,1,0,0,0,0,1,1,0,0,0,0,1
849,1,1,0,0,0,0,1,1,1,1,0,0,0,0,1,1,0,0,0,0,1
850,1,1,0,0,1,1,0,1,1,1,0,0,0,0,1,1,0,1,0,0,0
851,1,1,0,0,0,0,1,1,0,0,0,0,0,0,1,1,0,0,0,0,1
852,1,1,0,0,0,0,1,1,1,0,0,0,0,1,1,1,0,0,0,0,1
853,1,1,0,0,0,0,1,1,0,0,0,0,0,0,1,0,0,0,0,0,0
854,1,1,0,0,0,0,1,1,1,0,1,0,0,0,1,1,0,0,0,0,1
855,1,1,0,0,0,0,1,1,1,0,0,0,0,1,1,1,0,1,0,0,0
856,1,1,0,0,0,0,1,1,1,0,0,1,1,0,1,1,0,0,0,0,1
857,1,1,0,0,0,0,1,2,1,0,0,0,0,1,1,1,0,1,0,0,0
858,1,1,0,0,0,0,1,1,1,0,0,0,0,1,1,1,0,0,0,0,1
859,1,1,0,0,0,0,1,1,1,0,0,0,0,1,1,1,0,1,0,0,0
860,1,1,0,0,0,0,1,1,1,0,1,0,0,0,1,1,0,0,0,0,1
861,1,1,0,0,0,0,1,1,1,0,0,0,0,1,1,1,0,0,0,0,1
862,1,1,0,0,0,0,1,1,1,0,0,0,0,1,1,1,0,0,0,0,1
863,1,1,0,0,1,1,0,1,1,0,0,1,1,0,1,1,0,0,1,1,0
864,1,1,0,0,0,0,1,1,1,1,0,0,0,0,1,1,0,0,0,0,1
865,1,1,1,0,0,0,0,1,1,0,0,1,1,0,1,1,0,0,0,0,1
866,1,1,1,0,0,0,0,1,1,1,0,0,0,0,1,1,0,0,0,0,1
867,1,1,0,0,1,1,0,1,1,1,0,0,0,0,1,1,0,0,0,0,1
868,1,1,0,0,0,0,1,1,1,0,0,0,0,1,1,1,0,0,0,0,1
869,1,1,0,0,0,0,1,1,1,0,0,0,0,1,0,0,0,0,0,0,0
870,1,1,0,0,0,0,1,1,1,0,0,0,0,1,1,1,0,0,0,0,1
871,1,1,0,0,0,0,1,1,1,1,0,0,0,0,1,1,0,0,0,0,1
872,1,1,0,0,0,0,1,1,1,0,0,0,0,1,1,1,0,0,0,0,1
873,1,1,0,0,0,0,1,1,1,0,0,0,0,1,1,1,0,0,0,0,1
874,1,1,1,0,0,0,0,1,1,1,0,0,0,0,1,1,0,0,0,0,1
875,1,1,0,0,0,0,1,1,1,0,0,0,0,1,1,1,0,0,1,1,0
876,1,0,0,0,0,0,0,1,0,0,0,0,0,0,1,0,0,0,0,0,0
877,0,0,0,0,0,0,0,1,0,0,0,0,0,0,0,0,0,0,0,0,0
878,1,1,0,1,0,0,0,1,1,0,0,0,0,1,1,1,0,0,0,0,1
879,1,1,0,0,0,0,1,1,1,0,0,0,0,1,1,1,0,1,0,0,0
880,2,1,1,0,0,0,0,2,1,0,0,0,0,1,1,1,0,0,0,0,1
881,1,1,0,0,0,0,1,1,1,0,0,0,0,1,1,1,0,0,0,0,1
882,1,1,0,0,1,1,0,1,1,1,0,0,0,0,1,1,0,0,0,0,1
883,1,1,0,0,0,0,1,1,1,0,0,0,0,1,1,1,0,0,0,0,1
884,1,0,0,0,0,0,0,1,1,0,0,0,0,1,1,1,0,0,0,0,1
885,1,1,0,0,0,0,1,1,1,0,0,0,0,1,1,1,0,0,0,0,1
886,1,1,1,0,0,0,0,1,1,0,1,0,0,0,1,1,0,0,0,0,1
887,2,2,1,0,0,0,1,2,2,0,0,0,0,2,1,1,0,0,0,0,1
888,1,1,1,0,0,0,0,1,1,1,0,0,0,0,1,1,1,0,0,0,0
889,1,1,0,1,0,0,0,1,1,0,1,0,0,0,1,1,0,1,0,0,0
890,3,0,0,0,0,0,0,2,0,0,0,0,0,0,1,0,0,0,0,0,0
891,1,1,0,0,0,0,1,1,1,1,0,0,0,0,1,1,0,0,1,1,0
892,1,1,0,0,0,0,1,1,1,1,0,0,0,0,1,1,0,0,0,0,1
893,1,0,0,0,0,0,0,1,0,0,0,0,0,0,1,1,0,0,0,0,1
894,1,1,1,0,0,0,0,1,1,1,0,0,0,0,1,1,0,0,0,0,1
895,1,1,1,0,0,0,0,1,1,1,0,0,0,0,1,1,1,0,0,0,0
896,1,1,0,0,0,0,1,1,1,1,0,0,0,0,0,0,0,0,0,0,0
897,1,1,1,0,0,0,0,1,1,0,0,0,0,1,1,1,0,0,0,0,1
898,3,2,0,2,0,0,0,1,1,0,1,0,0,0,2,1,0,0,0,0,1
899,1,1,0,0,0,0,1,1,1,1,0,0,0,0,1,1,0,0,0,0,1
900,1,1,0,0,1,1,0,2,0,0,0,0,0,0,1,1,0,0,0,0,1
901,2,2,1,0,1,1,0,4,4,3,0,0,0,1,1,1,0,1,0,0,0
902,1,1,0,0,0,0,1,1,1,0,1,0,0,0,1,1,0,0,0,0,1
903,1,1,0,0,0,0,1,1,1,1,0,0,0,0,1,1,1,0,0,0,0
904,1,0,0,0,0,0,0,1,0,0,0,0,0,0,1,1,0,0,0,0,1
905,1,1,0,0,1,1,0,1,1,0,1,0,0,0,1,1,1,0,0,0,0
906,1,1,0,0,0,0,1,1,1,1,0,0,0,0,1,1,0,0,0,0,1
907,1,1,1,0,0,0,0,1,1,1,0,0,0,0,1,1,0,0,1,1,0
908,1,1,0,1,0,0,0,1,1,0,0,0,0,1,1,1,0,0,0,0,1
909,1,1,0,0,0,0,1,1,1,1,0,0,0,0,1,1,0,0,0,0,1
910,1,1,0,0,0,0,1,1,1,1,0,0,0,0,1,1,1,0,0,0,0
911,1,1,0,1,0,0,0,1,1,0,0,0,0,1,1,1,0,0,0,0,1
912,1,1,0,0,0,0,1,1,1,0,0,0,0,1,0,0,0,0,0,0,0
913,1,1,1,0,0,0,0,1,1,1,0,0,0,0,1,1,0,1,0,0,0
914,1,1,0,1,0,0,0,1,1,0,1,0,0,0,1,1,0,0,1,1,0
915,1,1,0,0,0,0,1,1,1,0,1,0,0,0,1,1,1,0,0,0,0
916,1,1,0,0,0,0,1,1,1,0,0,0,0,1,1,1,0,0,0,0,1
917,1,1,0,0,1,1,0,2,1,0,0,0,0,1,1,1,0,0,0,0,1
918,1,1,0,0,0,0,1,1,1,1,0,0,0,0,1,1,0,1,0,0,0
919,1,1,0,0,0,0,1,1,1,0,0,0,0,1,1,1,0,0,0,0,1
920,1,1,0,0,0,0,1,1,1,0,0,0,0,1,2,1,0,0,0,0,1
921,1,1,0,1,0,0,0,1,1,0,0,0,0,1,1,1,0,0,0,0,1
923,1,0,0,0,0,0,0,1,0,0,0,0,0,0,0,0,0,0,0,0,0
924,1,1,1,0,0,0,0,2,2,0,0,0,0,2,1,1,1,0,0,0,0
925,1,1,0,0,0,0,1,1,1,0,1,0,0,0,1,1,0,0,1,1,0
926,1,1,0,0,0,0,1,1,1,1,0,0,0,0,1,1,0,0,0,0,1
927,1,1,1,0,0,0,0,1,1,0,0,0,0,1,1,1,0,0,0,0,1
928,1,0,0,0,0,0,0,1,1,0,0,0,0,1,2,1,0,0,0,0,1
929,1,1,0,1,0,0,0,1,1,0,0,0,0,1,1,1,0,0,0,0,1
930,1,1,0,0,0,0,1,1,1,0,0,0,0,1,1,1,0,0,0,0,1
931,2,2,0,0,0,0,2,3,2,1,0,0,0,1,2,1,0,0,0,0,1
932,1,0,0,0,0,0,0,1,0,0,0,0,0,0,1,0,0,0,0,0,0
933,1,1,0,0,0,0,1,1,1,0,1,0,0,0,1,1,1,0,0,0,0
934,1,1,0,0,0,0,1,1,1,1,0,0,0,0,1,1,0,0,0,0,1
935,1,1,0,0,0,0,1,1,1,0,0,0,0,1,1,1,0,0,0,0,1
936,1,1,0,1,0,0,0,1,1,0,1,0,0,0,1,1,0,0,0,0,1
937,1,1,0,1,0,0,0,1,1,1,0,0,0,0,1,1,0,0,0,0,1
938,1,1,0,1,0,0,0,1,1,0,1,0,0,0,1,1,0,0,0,0,1
939,1,1,0,0,0,0,1,1,1,0,0,0,0,1,1,1,0,0,0,0,1
940,1,1,0,1,0,0,0,1,1,1,0,0,0,0,2,2,1,1,0,0,0
941,1,1,0,0,1,1,0,1,1,0,0,1,1,0,1,1,0,0,0,0,1
942,2,1,0,0,1,1,0,2,2,1,0,1,1,0,2,1,1,0,0,0,0
943,1,1,0,0,0,0,1,1,1,0,0,0,0,1,1,1,0,0,0,0,1
944,1,1,0,0,0,0,1,1,1,0,0,0,0,1,1,1,0,0,0,0,1
945,1,1,0,0,0,0,1,2,1,0,0,0,0,1,1,1,0,0,0,0,1
946,1,1,0,0,0,0,1,1,1,0,0,0,0,1,1,1,0,1,0,0,0
947,1,0,0,0,0,0,0,1,1,0,0,0,0,1,1,1,0,0,0,0,1
948,1,1,0,1,0,0,0,1,1,0,1,0,0,0,1,1,0,1,0,0,0
949,1,1,0,0,0,0,1,1,1,0,0,0,0,1,0,0,0,0,0,0,0
950,1,1,0,1,0,0,0,1,1,0,0,1,1,0,1,1,0,1,0,0,0
951,1,1,0,0,0,0,1,1,1,0,0,0,0,1,1,1,0,0,0,0,1
952,1,1,0,0,0,0,1,1,1,1,0,0,0,0,1,1,0,0,0,0,1
953,1,1,0,0,0,0,1,1,1,0,0,0,0,1,1,1,0,0,0,0,1
954,1,1,0,0,0,0,1,1,1,0,0,0,0,1,1,1,0,0,0,0,1
955,1,1,0,0,0,0,1,1,1,0,0,0,0,1,1,1,0,1,0,0,0
956,1,1,0,0,0,0,1,1,1,0,0,0,0,1,1,1,0,0,0,0,1
957,4,2,1,0,0,0,1,4,1,1,0,0,0,0,2,1,0,0,0,0,1
958,1,1,0,0,0,0,1,1,1,0,0,0,0,1,1,1,0,0,0,0,1
959,1,1,0,0,0,0,1,1,1,0,0,0,0,1,1,1,0,0,0,0,1
960,1,1,0,0,0,0,1,1,1,0,0,0,0,1,1,1,1,0,0,0,0
961,1,1,0,1,0,0,0,2,1,0,1,0,0,0,1,1,0,1,0,0,0
962,1,1,0,1,0,0,0,1,1,0,1,0,0,0,1,1,0,0,1,1,0
963,1,1,0,1,0,0,0,1,1,0,1,0,0,0,1,1,0,0,1,1,0
964,1,1,0,1,0,0,0,1,1,0,1,0,0,0,1,1,0,0,1,1,0
965,1,1,0,0,0,0,1,1,1,0,0,0,0,1,1,1,0,0,0,0,1
966,1,1,1,0,0,0,0,1,1,0,0,1,1,0,2,2,1,1,0,0,0
967,1,1,0,0,0,0,1,1,1,0,0,0,0,1,1,1,0,0,0,0,1
968,1,1,0,0,1,1,0,1,1,0,0,0,0,1,1,1,0,0,0,0,1
969,1,1,0,0,0,0,1,1,1,0,0,0,0,1,1,1,0,0,0,0,1
970,1,1,0,0,0,0,1,1,1,0,1,0,0,0,1,1,0,0,0,0,1
971,1,1,0,0,0,0,1,1,1,0,0,0,0,1,1,1,1,0,0,0,0
972,1,1,1,0,0,0,0,1,1,0,0,0,0,1,1,1,0,0,0,0,1
973,2,1,0,0,0,0,1,2,1,0,0,0,0,1,1,0,0,0,0,0,0
974,2,2,0,0,0,0,2,2,1,0,0,0,0,1,1,1,1,0,0,0,0
975,1,1,0,0,0,0,1,1,0,0,0,0,0,0,1,0,0,0,0,0,0
976,1,1,1,0,0,0,0,1,1,0,0,0,0,1,1,1,0,0,1,1,0
977,3,3,1,2,0,0,0,3,3,0,0,3,3,0,2,2,1,1,0,0,0
978,1,1,0,1,0,0,0,1,1,0,0,0,0,1,1,1,0,1,0,0,0
979,1,1,0,0,0,0,1,1,1,0,1,0,0,0,1,1,0,0,0,0,1
980,1,1,1,0,0,0,0,1,1,0,0,0,0,1,1,1,0,0,0,0,1
981,1,1,0,0,0,0,1,1,1,0,0,0,0,1,1,1,0,0,0,0,1
982,1,1,0,1,0,0,0,1,1,0,0,0,0,1,1,1,0,0,0,0,1
983,1,1,1,0,0,0,0,2,2,1,0,0,0,1,1,1,0,0,1,1,0
984,1,1,0,0,0,0,1,1,1,0,0,0,0,1,1,1,1,0,0,0,0
985,1,1,0,0,0,0,1,1,1,0,0,0,0,1,1,1,0,0,0,0,1
986,1,1,0,0,0,0,1,1,1,0,0,0,0,1,1,1,0,0,0,0,1
987,1,1,0,0,0,0,1,1,1,0,0,0,0,1,1,1,0,0,0,0,1
988,1,1,0,0,0,0,1,1,1,0,0,0,0,1,1,1,0,0,0,0,1
989,1,1,0,0,1,1,0,1,1,0,1,0,0,0,1,1,0,0,0,0,1
990,1,1,0,1,0,0,0,1,1,0,1,0,0,0,1,1,0,0,0,0,1
991,1,1,0,0,0,0,1,1,1,1,0,0,0,0,1,1,0,1,0,0,0
992,1,1,0,0,1,1,0,1,1,1,0,0,0,0,1,1,0,0,1,1,0
993,1,1,0,1,0,0,0,1,1,0,1,0,0,0,1,1,1,0,0,0,0
994,1,1,0,0,0,0,1,1,1,1,0,0,0,0,1,1,0,0,0,0,1
995,1,1,0,1,0,0,0,1,1,0,0,0,0,1,1,1,1,0,0,0,0
996,1,1,0,1,0,0,0,1,1,0,1,0,0,0,1,1,0,0,0,0,1
997,2,2,0,2,0,0,0,2,2,0,0,0,0,2,2,2,0,0,0,0,2
998,1,1,0,1,0,0,0,1,1,0,0,0,0,1,0,0,0,0,0,0,0
999,1,1,0,0,0,0,1,1,1,0,0,0,0,1,1,1,0,0,0,0,1
1000,1,1,0,0,1,1,0,1,1,1,0,0,0,0,1,1,0,0,1,1,0
1001,1,1,0,0,0,0,1,1,1,0,0,0,0,1,1,1,0,0,0,0,1
1002,1,1,0,0,0,0,1,1,1,0,0,0,0,1,1,1,0,0,0,0,1
1003,1,1,0,0,0,0,1,1,1,0,0,0,0,1,1,1,0,0,0,0,1
1004,1,1,0,1,0,0,0,1,1,0,1,0,0,0,1,1,0,1,0,0,0
1005,1,1,0,1,0,0,0,1,1,0,0,1,1,0,1,1,0,0,0,0,1
1006,1,1,0,0,0,0,1,1,1,1,0,0,0,0,1,1,0,0,0,0,1
1007,1,1,0,1,0,0,0,1,1,1,0,0,0,0,1,1,0,0,0,0,1
1008,1,1,0,1,0,0,0,1,1,0,1,0,0,0,2,2,0,0,0,0,2
1009,1,1,0,0,0,0,1,1,1,0,0,0,0,1,1,1,0,0,1,1,0
1010,1,1,0,0,0,0,1,1,1,1,0,0,0,0,2,2,0,1,0,0,1
1011,1,1,0,0,0,0,1,1,1,0,0,0,0,1,1,1,0,0,0,0,1
1012,1,1,0,0,0,0,1,1,1,0,0,0,0,1,1,1,0,0,0,0,1
1013,1,1,1,0,0,0,0,1,1,0,0,1,1,0,1,1,0,0,1,1,0
1014,1,1,0,0,0,0,1,1,1,0,0,0,0,1,1,1,0,0,0,0,1
1015,1,1,0,0,0,0,1,1,1,1,0,0,0,0,1,1,0,0,0,0,1
1016,1,1,0,0,0,0,1,1,1,0,0,0,0,1,1,1,0,0,0,0,1
1017,1,1,0,0,0,0,1,1,1,0,0,0,0,1,1,1,1,0,0,0,0
1018,1,1,1,0,0,0,0,1,1,0,0,0,0,1,1,1,0,1,0,0,0
1019,1,1,0,0,0,0,1,1,1,0,0,1,1,0,1,1,0,0,0,0,1
1020,1,1,1,0,0,0,0,1,1,1,0,0,0,0,1,1,1,0,0,0,0
1021,1,1,0,0,0,0,1,1,1,0,0,0,0,1,1,1,0,0,0,0,1
1022,1,1,0,0,0,0,1,1,1,0,0,0,0,1,1,1,0,1,0,0,0
1023,1,1,0,1,0,0,0,1,1,0,0,1,1,0,1,1,1,0,0,0,0
1024,1,1,0,1,0,0,0,1,1,0,0,1,1,0,1,1,0,1,0,0,0
1025,1,1,0,0,0,0,1,1,1,0,0,0,0,1,1,1,0,0,1,1,0
1026,1,1,0,0,0,0,1,1,1,0,0,0,0,1,1,1,0,0,0,0,1
1027,1,1,0,0,0,0,1,1,1,0,0,0,0,1,1,1,1,0,0,0,0
1028,1,1,0,1,0,0,0,1,1,0,1,0,0,0,1,1,0,0,0,0,1
1029,1,1,1,0,0,0,0,1,1,1,0,0,0,0,1,1,0,0,1,1,0
1030,1,1,0,1,0,0,0,1,1,0,0,0,0,1,1,1,0,0,0,0,1
1031,1,1,0,0,0,0,1,1,1,0,1,0,0,0,1,1,1,0,0,0,0
1032,1,1,0,0,0,0,1,1,1,1,0,0,0,0,1,1,0,0,1,1,0
1033,1,1,0,0,0,0,1,2,2,1,0,0,0,1,3,3,0,2,0,0,1
1034,1,1,0,0,0,0,1,1,1,0,0,1,1,0,1,1,0,0,1,1,0
1035,1,1,0,1,0,0,0,1,1,0,1,0,0,0,1,1,0,0,1,1,0
1036,1,1,0,0,0,0,1,1,1,1,0,0,0,0,1,1,0,0,1,1,0
1037,1,1,1,0,0,0,0,1,1,0,0,0,0,1,1,1,1,0,0,0,0
1038,1,1,0,0,0,0,1,1,1,0,0,0,0,1,1,1,0,0,0,0,1
1039,1,0,0,0,0,0,0,0,0,0,0,0,0,0,1,0,0,0,0,0,0
1040,1,1,1,0,0,0,0,1,1,1,0,0,0,0,1,1,0,0,0,0,1
1041,1,1,0,1,0,0,0,1,1,0,0,0,0,1,1,1,0,0,0,0,1
1042,2,1,0,1,0,0,0,2,1,0,1,0,0,0,2,1,1,0,0,0,0
1043,1,1,0,1,0,0,0,1,1,0,1,0,0,0,1,1,0,1,0,0,0
1044,1,0,0,0,0,0,0,1,0,0,0,0,0,0,1,0,0,0,0,0,0
1045,1,0,0,0,0,0,0,1,0,0,0,0,0,0,1,0,0,0,0,0,0
1046,1,0,0,0,0,0,0,1,0,0,0,0,0,0,1,0,0,0,0,0,0
1047,1,1,1,0,0,0,0,1,1,0,0,0,0,1,0,0,0,0,0,0,0
1048,1,1,0,0,1,1,0,1,1,1,0,0,0,0,1,1,0,0,0,0,1
1049,1,1,0,0,0,0,1,1,1,0,0,0,0,1,1,1,0,0,0,0,1
1050,1,1,0,0,0,0,1,1,1,0,0,0,0,1,1,0,0,0,0,0,0
1051,1,1,0,0,0,0,1,1,1,0,0,0,0,1,0,0,0,0,0,0,0
1052,1,1,0,1,0,0,0,1,1,0,1,0,0,0,1,1,0,1,0,0,0
1053,1,1,0,0,0,0,1,1,1,0,0,0,0,1,1,1,0,1,0,0,0
1054,1,1,0,0,1,1,0,1,1,0,0,0,0,1,1,1,0,0,0,0,1
1055,1,1,1,0,0,0,0,1,1,1,0,0,0,0,1,1,1,0,0,0,0
1056,1,1,0,0,0,0,1,1,1,0,1,0,0,0,1,1,0,0,0,0,1
1057,1,1,0,0,0,0,1,1,1,0,0,0,0,1,0,0,0,0,0,0,0
1058,1,1,0,0,0,0,1,1,1,0,0,0,0,1,1,1,0,0,0,0,1
1059,1,1,0,0,0,0,1,1,1,0,1,0,0,0,1,1,0,1,0,0,0
1060,1,1,0,0,0,0,1,1,1,0,0,0,0,1,1,1,0,0,0,0,1
1061,1,1,0,0,0,0,1,1,1,0,0,1,1,0,2,2,0,0,0,0,2
1062,1,1,0,0,0,0,1,1,1,0,0,0,0,1,1,1,0,0,0,0,1
1063,2,1,0,0,0,0,1,2,1,1,0,0,0,0,2,1,1,0,0,0,0
1064,1,1,0,0,0,0,1,1,1,0,0,0,0,1,0,0,0,0,0,0,0
1065,1,1,0,1,0,0,0,1,1,0,0,0,0,1,1,1,0,0,0,0,1
1066,1,1,0,1,0,0,0,1,1,0,0,1,1,0,1,1,0,0,0,0,1
1067,1,1,0,0,1,1,0,1,1,0,0,1,1,0,1,1,0,0,1,1,0
1068,1,1,0,0,0,0,1,1,1,1,0,0,0,0,1,1,1,0,0,0,0
1069,1,1,0,0,0,0,1,1,1,0,0,0,0,1,0,0,0,0,0,0,0
1070,2,2,1,0,0,0,1,3,3,0,0,0,0,3,2,2,0,0,0,0,2
1071,1,1,0,1,0,0,0,1,1,1,0,0,0,0,1,1,0,0,0,0,1
1072,2,0,0,0,0,0,0,1,0,0,0,0,0,0,1,0,0,0,0,0,0
1073,0,0,0,0,0,0,0,1,0,0,0,0,0,0,1,0,0,0,0,0,0
1074,1,0,0,0,0,0,0,1,0,0,0,0,0,0,0,0,0,0,0,0,0
1075,1,1,0,0,0,0,1,1,1,1,0,0,0,0,1,1,0,0,0,0,1
1076,1,0,0,0,0,0,0,1,0,0,0,0,0,0,1,0,0,0,0,0,0
1077,1,1,0,0,0,0,1,1,1,0,0,0,0,1,1,1,1,0,0,0,0
1078,3,3,1,0,0,0,2,3,2,1,0,0,0,1,3,2,0,1,0,0,1
1079,1,1,0,1,0,0,0,1,1,1,0,0,0,0,1,1,0,0,0,0,1
1080,1,1,1,0,0,0,0,1,1,0,0,0,0,1,1,1,0,0,0,0,1
1081,1,1,0,1,0,0,0,1,1,0,0,1,1,0,1,1,0,0,1,1,0
1082,1,1,1,0,0,0,0,1,1,0,1,0,0,0,1,1,0,1,0,0,0
1083,2,1,0,0,0,0,1,2,1,1,0,0,0,0,2,1,0,0,0,0,1
1084,1,1,0,0,0,0,1,1,1,0,0,0,0,1,1,1,1,0,0,0,0
1085,1,1,0,1,0,0,0,1,1,0,0,0,0,1,1,1,0,0,0,0,1
1086,1,1,0,0,0,0,1,1,1,0,0,0,0,1,1,1,0,0,0,0,1
1087,1,1,1,0,0,0,0,1,1,1,0,0,0,0,1,1,0,0,0,0,1
1088,1,1,0,0,0,0,1,1,1,1,0,0,0,0,1,1,0,0,0,0,1
1089,1,1,0,0,0,0,1,1,1,0,0,0,0,1,1,0,0,0,0,0,0
1090,1,1,0,1,0,0,0,1,1,0,0,0,0,1,1,1,0,0,0,0,1
1091,1,1,0,0,0,0,1,1,1,0,0,0,0,1,1,1,0,0,0,0,1
1092,1,1,0,0,1,1,0,1,1,1,0,0,0,0,1,1,1,0,0,0,0
1093,2,2,0,1,0,0,1,2,2,0,1,0,0,1,2,2,0,0,0,0,2
1094,1,0,0,0,0,0,0,0,0,0,0,0,0,0,1,0,0,0,0,0,0
1095,1,1,0,0,1,1,0,1,1,0,0,0,0,1,1,1,0,0,0,0,1
1096,1,1,0,0,0,0,1,1,1,0,0,0,0,1,1,1,0,0,0,0,1
1097,1,1,0,0,0,0,1,1,1,1,0,0,0,0,1,1,0,0,0,0,1
1098,1,1,1,0,0,0,0,1,1,0,0,1,1,0,1,1,0,0,1,1,0
1099,1,1,1,0,0,0,0,1,1,1,0,0,0,0,1,1,0,0,0,0,1
1100,1,0,0,0,0,0,0,1,0,0,0,0,0,0,0,0,0,0,0,0,0
1102,1,1,0,1,0,0,0,1,1,0,0,0,0,1,1,1,0,0,1,1,0
1103,1,1,0,0,0,0,1,1,1,1,0,0,0,0,1,1,0,1,0,0,0
1104,1,1,1,0,0,0,0,1,1,0,0,0,0,1,1,1,0,0,0,0,1
1105,1,1,0,0,0,0,1,1,0,0,0,0,0,0,1,0,0,0,0,0,0
1106,1,1,1,0,0,0,0,1,1,0,0,1,1,0,1,1,1,0,0,0,0
1108,1,1,1,0,0,0,0,1,1,1,0,0,0,0,1,1,0,0,1,1,0
1109,1,1,0,0,0,0,1,1,1,0,0,0,0,1,1,1,0,0,0,0,1
1110,1,1,0,0,0,0,1,1,1,1,0,0,0,0,1,1,0,0,0,0,1
1111,1,1,0,0,0,0,1,1,1,0,0,0,0,1,1,1,1,0,0,0,0
1112,1,1,0,1,0,0,0,2,2,0,1,0,0,1,2,1,0,1,0,0,0
1113,1,1,0,0,0,0,1,1,1,0,0,0,0,1,1,1,0,0,0,0,1
1114,1,1,0,0,0,0,1,1,1,0,0,0,0,1,1,1,1,0,0,0,0
1115,1,1,0,0,0,0,1,1,1,0,1,0,0,0,1,1,0,0,0,0,1
1116,1,1,0,0,0,0,1,1,1,0,0,0,0,1,1,1,0,0,0,0,1
1117,1,1,0,1,0,0,0,1,1,0,0,0,0,1,2,2,0,0,0,0,2
1118,1,1,0,0,0,0,1,1,1,0,0,0,0,1,1,1,0,0,0,0,1
1119,1,1,0,1,0,0,0,1,1,0,0,1,1,0,1,1,0,1,0,0,0
1120,1,1,1,0,0,0,0,1,1,1,0,0,0,0,1,1,0,0,0,0,1
1121,1,1,0,0,0,0,1,2,1,1,0,0,0,0,2,2,0,0,0,0,2
1122,1,1,0,0,0,0,1,1,1,0,0,0,0,1,1,1,0,1,0,0,0
1123,1,1,1,0,0,0,0,1,1,0,0,0,0,1,1,1,0,0,0,0,1
1124,1,1,1,0,0,0,0,1,1,1,0,0,0,0,2,1,0,0,1,1,0
1126,1,1,0,0,0,0,1,1,1,1,0,0,0,0,1,1,0,0,0,0,1
1127,1,1,1,0,0,0,0,1,1,1,0,0,0,0,1,1,0,0,1,1,0
1128,1,1,0,0,1,1,0,1,1,1,0,0,0,0,1,1,0,0,1,1,0
1129,1,1,0,0,0,0,1,1,1,0,0,0,0,1,1,1,0,0,0,0,1
1130,1,0,0,0,0,0,0,2,0,0,0,0,0,0,1,1,0,0,0,0,1
1131,1,1,0,0,0,0,1,1,1,0,0,0,0,1,1,1,0,0,0,0,1
1132,1,1,0,0,0,0,1,1,1,0,0,0,0,1,1,1,1,0,0,0,0
1133,1,1,0,1,0,0,0,1,1,0,0,1,1,0,2,2,0,2,0,0,0
1134,1,1,0,1,0,0,0,1,1,0,1,0,0,0,1,1,1,0,0,0,0
1135,1,1,0,0,0,0,1,1,1,0,0,0,0,1,1,1,0,1,0,0,0
1136,1,1,0,1,0,0,0,1,1,0,1,0,0,0,1,1,0,0,0,0,1
1137,1,1,0,0,0,0,1,1,1,0,0,0,0,1,1,1,0,1,0,0,0
1138,1,1,0,0,0,0,1,1,1,0,0,0,0,1,1,1,0,0,0,0,1
1139,1,1,0,0,0,0,1,1,1,1,0,0,0,0,1,1,0,0,0,0,1
1140,1,1,0,1,0,0,0,1,1,0,0,0,0,1,1,1,0,0,0,0,1
1141,1,1,0,0,0,0,1,1,1,0,0,0,0,1,1,1,0,0,0,0,1
1142,1,1,1,0,0,0,0,1,1,1,0,0,0,0,1,1,1,0,0,0,0
1143,6,2,0,0,0,0,2,7,3,0,0,0,0,3,8,4,1,0,0,0,3
1144,1,0,0,0,0,0,0,1,0,0,0,0,0,0,0,0,0,0,0,0,0
1145,1,1,0,0,0,0,1,1,1,0,0,0,0,1,0,0,0,0,0,0,0
1146,2,2,1,0,0,0,1,3,3,2,0,0,0,1,2,2,0,0,0,0,2
1147,2,2,1,0,0,0,1,1,1,0,0,0,0,1,2,1,0,0,0,0,1
1148,1,1,0,0,0,0,1,1,1,0,0,0,0,1,1,1,0,0,0,0,1
1150,1,0,0,0,0,0,0,0,0,0,0,0,0,0,2,0,0,0,0,0,0
1151,1,1,0,0,0,0,1,1,1,0,0,0,0,1,1,1,0,0,0,0,1
1152,1,0,0,0,0,0,0,1,0,0,0,0,0,0,0,0,0,0,0,0,0
1153,0,0,0,0,0,0,0,0,0,0,0,0,0,0,1,0,0,0,0,0,0
1154,1,1,0,1,0,0,0,1,1,0,1,0,0,0,1,1,1,0,0,0,0
1155,1,1,0,1,0,0,0,1,1,0,1,0,0,0,1,1,1,0,0,0,0
1156,1,1,0,0,0,0,1,1,1,1,0,0,0,0,1,1,1,0,0,0,0
1157,1,1,1,0,0,0,0,1,1,1,0,0,0,0,1,1,0,0,1,1,0
1158,1,1,0,0,0,0,1,1,1,0,0,0,0,1,1,1,0,0,0,0,1
1159,1,1,1,0,0,0,0,1,1,1,0,0,0,0,1,1,0,0,0,0,1
1160,2,1,0,0,0,0,1,1,1,0,0,0,0,1,2,2,1,0,0,0,1
1161,1,1,0,1,0,0,0,1,1,0,0,0,0,1,1,1,0,1,0,0,0
1162,1,1,1,0,0,0,0,1,1,1,0,0,0,0,1,1,1,0,0,0,0
1163,1,1,1,0,0,0,0,1,1,1,0,0,0,0,1,1,0,0,0,0,1
1164,1,1,1,0,0,0,0,1,1,1,0,0,0,0,1,1,1,0,0,0,0
1165,2,1,0,1,0,0,0,2,2,0,1,0,0,1,1,1,0,0,0,0,1
1166,1,1,0,0,0,0,1,1,1,0,0,0,0,1,1,1,1,0,0,0,0
1167,1,1,0,1,0,0,0,1,1,0,1,0,0,0,1,1,1,0,0,0,0
1168,2,2,0,0,1,1,1,2,2,0,0,1,1,1,2,2,0,0,1,1,1
1169,1,1,1,0,0,0,0,1,1,0,0,1,1,0,1,1,0,0,1,1,0
1170,1,1,0,0,1,1,0,1,1,0,0,0,0,1,1,1,0,1,0,0,0
1171,1,1,0,0,0,0,1,1,1,0,0,0,0,1,1,1,0,0,0,0,1
1172,1,1,0,0,0,0,1,1,1,1,0,0,0,0,1,1,1,0,0,0,0
1173,1,1,1,0,0,0,0,1,1,1,0,0,0,0,1,1,0,0,0,0,1
1174,1,1,0,0,0,0,1,1,1,0,0,0,0,1,1,1,0,0,0,0,1
1175,2,2,1,0,0,0,1,2,2,1,0,0,0,1,2,2,0,0,1,1,1
1176,1,1,0,1,0,0,0,1,1,0,0,0,0,1,1,1,0,0,0,0,1
1177,1,1,0,0,0,0,1,1,1,1,0,0,0,0,1,1,0,0,0,0,1
1178,1,1,0,0,0,0,1,1,1,0,0,0,0,1,1,1,0,0,0,0,1
1179,1,1,0,0,0,0,1,1,1,0,0,0,0,1,1,1,0,0,0,0,1
1180,1,1,0,0,1,1,0,2,2,2,0,0,0,0,3,2,0,1,0,0,1
1181,1,1,0,0,0,0,1,2,2,0,1,0,0,1,1,1,0,0,0,0,1
1182,1,1,0,0,0,0,1,2,2,0,0,0,0,2,0,0,0,0,0,0,0
1183,2,1,0,0,0,0,1,3,2,0,0,0,0,2,1,1,0,0,0,0,1
1184,1,1,0,0,0,0,1,1,1,0,0,0,0,1,0,0,0,0,0,0,0
1185,1,1,0,0,0,0,1,1,1,0,1,0,0,0,1,1,0,0,0,0,1
1186,1,1,0,0,0,0,1,1,1,0,0,1,1,0,2,2,1,0,0,0,1
1187,1,1,0,0,1,1,0,1,1,1,0,0,0,0,1,1,1,0,0,0,0
1188,1,1,1,0,0,0,0,1,1,1,0,0,0,0,1,1,0,0,0,0,1
1189,1,1,0,0,0,0,1,1,1,0,0,0,0,1,1,1,0,0,0,0,1
1190,1,1,0,0,0,0,1,1,1,0,0,0,0,1,1,1,0,0,0,0,1
1191,1,1,1,0,0,0,0,1,1,1,0,0,0,0,2,2,0,1,0,0,1
1192,1,1,0,0,0,0,1,1,1,0,0,0,0,1,2,1,0,0,0,0,1
1193,1,1,0,0,0,0,1,1,1,0,0,1,1,0,1,1,1,0,0,0,0
1194,1,1,0,0,0,0,1,1,1,0,0,1,1,0,1,1,0,0,0,0,1
1195,1,1,0,0,0,0,1,1,1,0,0,0,0,1,1,1,0,0,0,0,1
1196,1,1,0,0,0,0,1,1,1,1,0,0,0,0,1,1,0,0,0,0,1
1197,1,0,0,0,0,0,0,1,0,0,0,0,0,0,1,0,0,0,0,0,0
1198,1,1,0,0,0,0,1,1,1,1,0,0,0,0,1,1,1,0,0,0,0
1199,2,2,2,0,0,0,0,1,1,1,0,0,0,0,1,1,0,0,1,1,0
1200,1,1,0,0,0,0,1,1,1,0,1,0,0,0,1,1,0,0,0,0,1
1201,1,1,0,1,0,0,0,1,1,0,1,0,0,0,1,1,0,1,0,0,0
1202,1,1,0,0,0,0,1,1,1,0,0,0,0,1,1,1,0,0,0,0,1
1203,2,2,0,0,0,0,2,2,2,2,0,0,0,0,2,2,0,0,0,0,2
1204,1,1,0,0,0,0,1,1,1,0,0,0,0,1,1,1,0,0,0,0,1
1205,1,1,0,1,0,0,0,1,1,0,1,0,0,0,3,1,1,0,0,0,0
1206,1,1,0,0,0,0,1,1,1,0,0,0,0,1,1,1,0,1,0,0,0
1207,1,1,0,1,0,0,0,1,1,0,0,0,0,1,1,1,0,1,0,0,0
1208,1,1,1,0,0,0,0,1,1,0,0,0,0,1,1,1,0,0,0,0,1
1209,1,0,0,0,0,0,0,1,0,0,0,0,0,0,2,1,0,0,0,0,1
1210,1,1,0,0,0,0,1,1,1,0,0,0,0,1,1,1,0,0,0,0,1
1211,1,1,1,0,0,0,0,1,1,1,0,0,0,0,1,1,0,0,0,0,1
1212,1,1,0,0,0,0,1,1,1,0,0,0,0,1,1,1,0,0,0,0,1
1213,1,1,0,1,0,0,0,1,1,0,1,0,0,0,1,1,0,0,0,0,1
1214,1,1,1,0,0,0,0,1,1,0,1,0,0,0,1,1,0,0,0,0,1
1215,1,1,0,1,0,0,0,1,1,0,1,0,0,0,1,1,0,0,0,0,1
1216,1,1,0,0,1,1,0,1,1,0,0,1,1,0,1,1,1,0,0,0,0
1217,1,1,0,0,0,0,1,1,1,0,0,0,0,1,1,1,0,0,0,0,1
1218,1,1,0,0,1,1,0,1,1,0,0,1,1,0,1,1,0,0,1,1,0
1219,6,2,1,0,0,0,1,4,3,0,2,0,0,1,5,3,0,0,0,0,3
1220,1,1,0,0,0,0,1,1,1,0,0,0,0,1,1,1,0,0,0,0,1
1221,1,1,1,0,0,0,0,1,1,1,0,0,0,0,1,1,0,0,0,0,1
1222,2,2,0,0,0,0,2,2,2,1,0,0,0,1,2,2,0,0,0,0,2
1223,1,1,0,1,0,0,0,1,1,0,1,0,0,0,0,0,0,0,0,0,0
1224,1,1,0,0,1,1,0,1,1,0,0,0,0,1,1,1,0,1,0,0,0
1225,1,1,0,0,0,0,1,1,1,0,0,0,0,1,1,1,1,0,0,0,0
1226,1,1,0,0,0,0,1,1,1,1,0,0,0,0,1,1,1,0,0,0,0
1227,1,1,0,0,1,1,0,1,1,0,0,1,1,0,1,1,1,0,0,0,0
1228,1,1,0,0,0,0,1,1,1,0,1,0,0,0,1,1,0,0,0,0,1
1229,1,1,0,0,0,0,1,1,1,0,1,0,0,0,1,1,0,0,0,0,1
1230,1,1,0,1,0,0,0,1,1,1,0,0,0,0,1,1,0,1,0,0,0
1231,1,1,0,0,1,1,0,1,1,0,0,1,1,0,1,1,1,0,0,0,0
1232,1,1,0,1,0,0,0,1,1,0,0,0,0,1,1,1,1,0,0,0,0
1233,1,1,0,1,0,0,0,1,1,0,0,0,0,1,1,1,1,0,0,0,0
1234,1,1,1,0,0,0,0,1,1,1,0,0,0,0,0,0,0,0,0,0,0
1235,1,1,0,1,0,0,0,1,1,0,1,0,0,0,1,1,1,0,0,0,0
1236,1,1,0,0,0,0,1,2,2,0,0,0,0,2,2,1,0,0,0,0,1
1237,2,2,0,0,0,0,2,2,2,1,0,0,0,1,2,1,0,0,0,0,1
1238,1,1,0,1,0,0,0,1,1,0,1,0,0,0,1,1,1,0,0,0,0
1239,1,1,0,1,0,0,0,1,1,0,1,0,0,0,1,1,0,1,0,0,0
1240,1,1,0,1,0,0,0,1,1,0,1,0,0,0,2,2,0,0,0,0,2
1241,1,1,0,0,1,1,0,1,1,0,0,0,0,1,1,1,1,0,0,0,0
1242,1,1,0,0,0,0,1,1,1,1,0,0,0,0,2,2,1,0,0,0,1
1243,1,1,0,0,0,0,1,1,1,0,0,0,0,1,1,1,0,0,0,0,1
1244,1,0,0,0,0,0,0,1,0,0,0,0,0,0,0,0,0,0,0,0,0
1245,1,1,0,0,0,0,1,1,1,1,0,0,0,0,1,1,0,0,0,0,1
1246,1,1,0,0,0,0,1,1,1,0,0,0,0,1,1,1,0,0,0,0,1
1247,1,1,0,0,0,0,1,2,2,1,0,0,0,1,1,1,0,1,0,0,0
1248,1,1,0,0,0,0,1,1,1,0,0,0,0,1,1,1,1,0,0,0,0
1249,1,1,0,0,0,0,1,1,1,0,0,0,0,1,1,1,0,0,0,0,1
1250,1,1,0,0,0,0,1,1,1,0,0,0,0,1,1,1,0,0,0,0,1
1251,1,1,1,0,0,0,0,1,1,0,0,0,0,1,1,1,0,1,0,0,0
1252,2,2,0,0,0,0,2,2,2,1,0,0,0,1,3,3,1,0,0,0,2
1253,2,2,1,0,0,0,1,2,2,0,0,0,0,2,1,1,0,0,0,0,1
1254,1,1,0,0,0,0,1,1,1,0,0,0,0,1,1,1,0,0,0,0,1
1255,1,1,0,0,0,0,1,1,1,1,0,0,0,0,0,0,0,0,0,0,0
1256,1,1,0,0,0,0,1,1,1,0,1,0,0,0,1,1,0,0,0,0,1
1257,3,3,0,0,0,0,3,3,2,1,0,0,0,1,0,0,0,0,0,0,0
1258,1,1,0,0,0,0,1,1,1,0,0,0,0,1,1,1,0,0,1,1,0
1259,1,1,0,0,0,0,1,1,1,0,0,0,0,1,1,1,0,0,0,0,1
1260,1,1,0,1,0,0,0,1,1,0,0,1,1,0,0,0,0,0,0,0,0
1261,1,1,0,0,0,0,1,1,1,0,0,0,0,1,1,1,0,0,0,0,1
1262,2,2,1,0,0,0,1,1,1,0,0,0,0,1,1,1,1,0,0,0,0
1263,1,1,0,0,0,0,1,1,1,0,0,0,0,1,1,1,0,0,0,0,1
1264,1,1,0,0,0,0,1,1,1,0,1,0,0,0,1,1,0,0,0,0,1
1265,1,1,0,1,0,0,0,1,1,0,1,0,0,0,1,1,0,0,0,0,1
1266,3,2,1,0,0,0,1,2,2,0,1,0,0,1,2,2,1,1,0,0,0
1267,1,1,0,0,0,0,1,1,1,0,1,0,0,0,1,1,0,0,0,0,1
1268,1,0,0,0,0,0,0,1,0,0,0,0,0,0,1,0,0,0,0,0,0
1269,1,1,0,0,0,0,1,1,0,0,0,0,0,0,1,0,0,0,0,0,0
1270,1,0,0,0,0,0,0,1,0,0,0,0,0,0,0,0,0,0,0,0,0
1271,2,2,1,0,0,0,1,2,2,2,0,0,0,0,2,2,0,0,0,0,2
1274,1,0,0,0,0,0,0,0,0,0,0,0,0,0,1,0,0,0,0,0,0
1276,1,1,0,0,0,0,1,1,1,1,0,0,0,0,1,1,0,0,0,0,1
1277,1,1,0,0,0,0,1,1,0,0,0,0,0,0,1,1,0,0,0,0,1
1278,1,1,0,0,1,1,0,1,1,0,1,0,0,0,1,1,0,1,0,0,0
1279,1,1,0,0,0,0,1,1,1,0,0,0,0,1,1,1,0,0,0,0,1
1280,1,1,0,1,0,0,0,1,1,0,1,0,0,0,1,1,0,0,0,0,1
1281,1,1,1,0,0,0,0,1,1,0,0,0,0,1,1,1,1,0,0,0,0
1282,1,1,0,1,0,0,0,1,1,0,0,0,0,1,1,1,0,0,0,0,1
1283,1,1,0,0,0,0,1,1,1,0,0,0,0,1,1,1,0,0,0,0,1
1284,1,1,1,0,0,0,0,1,1,1,0,0,0,0,2,2,0,0,0,0,2
1285,1,1,0,0,0,0,1,1,1,1,0,0,0,0,1,1,1,0,0,0,0
1286,1,1,0,1,0,0,0,1,0,0,0,0,0,0,0,0,0,0,0,0,0
1287,1,1,0,0,0,0,1,1,1,0,0,0,0,1,1,1,0,0,0,0,1
1288,1,1,0,1,0,0,0,1,1,0,0,0,0,1,1,1,0,0,0,0,1
1289,1,1,0,0,0,0,1,1,0,0,0,0,0,0,1,1,0,0,0,0,1
1290,1,0,0,0,0,0,0,1,0,0,0,0,0,0,0,0,0,0,0,0,0
1291,1,1,0,0,0,0,1,1,0,0,0,0,0,0,1,0,0,0,0,0,0
1292,1,1,0,0,0,0,1,1,1,0,0,0,0,1,1,1,0,0,0,0,1
1293,1,1,0,0,0,0,1,1,1,0,0,0,0,1,1,1,0,0,0,0,1
1294,1,1,1,0,0,0,0,1,1,1,0,0,0,0,1,1,0,1,0,0,0
1295,1,1,1,0,0,0,0,1,1,0,0,0,0,1,1,1,1,0,0,0,0
1296,1,1,0,0,1,1,0,1,1,0,0,0,0,1,2,2,0,0,0,0,2
1297,1,1,0,0,0,0,1,1,1,0,0,0,0,1,1,1,1,0,0,0,0
1298,1,1,0,0,0,0,1,1,1,1,0,0,0,0,1,1,0,0,0,0,1
1299,1,1,0,1,0,0,0,1,1,0,1,0,0,0,1,0,0,0,0,0,0
1300,2,2,0,0,0,0,2,1,1,0,0,1,1,0,2,2,0,0,0,0,2
1301,2,2,0,1,0,0,1,2,2,0,1,0,0,1,3,3,1,1,0,0,1
1302,1,1,0,1,0,0,0,1,1,0,1,0,0,0,1,1,0,0,0,0,1
1303,1,1,0,0,0,0,1,1,1,0,0,1,1,0,1,1,0,0,0,0,1
1304,1,1,0,1,0,0,0,1,1,0,0,1,1,0,1,1,1,0,0,0,0
1305,1,1,0,0,1,1,0,1,1,0,0,1,1,0,1,1,1,0,0,0,0
1306,1,1,0,0,1,1,0,1,1,0,0,1,1,0,1,1,0,0,1,1,0
1307,1,1,0,0,0,0,1,1,1,0,0,0,0,1,1,1,0,1,0,0,0
1309,1,1,0,0,0,0,1,1,1,0,0,0,0,1,1,1,0,0,0,0,1
1310,1,1,0,0,0,0,1,1,1,0,0,0,0,1,1,1,1,0,0,0,0
1311,1,1,0,0,0,0,1,1,1,0,0,0,0,1,1,1,0,0,0,0,1
1312,2,2,0,0,0,0,2,2,2,1,0,0,0,1,2,2,1,0,0,0,1
1313,1,1,0,0,1,1,0,1,1,0,1,0,0,0,1,1,0,1,0,0,0
1314,1,1,1,0,0,0,0,1,1,1,0,0,0,0,1,1,0,1,0,0,0
1315,1,1,0,0,0,0,1,1,1,0,0,0,0,1,1,1,0,0,0,0,1
1316,1,1,0,0,0,0,1,1,1,0,0,0,0,1,1,1,0,0,0,0,1
1317,2,2,1,0,0,0,1,2,2,0,0,0,0,2,2,2,0,0,0,0,2
1318,1,1,0,1,0,0,0,1,1,1,0,0,0,0,1,1,0,1,0,0,0
1319,1,1,0,1,0,0,0,1,1,0,1,0,0,0,1,1,0,1,0,0,0
1320,1,1,0,0,0,0,1,1,1,0,0,0,0,1,1,1,0,0,0,0,1
1321,1,1,0,0,0,0,1,1,1,1,0,0,0,0,1,1,1,0,0,0,0
1322,1,1,0,0,1,1,0,1,1,0,1,0,0,0,1,1,1,0,0,0,0
1323,2,2,0,2,0,0,0,1,1,0,1,0,0,0,1,1,0,0,0,0,1
1324,1,1,0,1,0,0,0,1,1,0,1,0,0,0,1,1,0,0,0,0,1
1325,1,1,0,1,0,0,0,1,1,0,1,0,0,0,1,1,0,0,0,0,1
1326,1,1,0,0,0,0,1,1,1,0,0,0,0,1,1,1,0,0,0,0,1
1327,1,1,0,0,0,0,1,1,1,0,0,0,0,1,0,0,0,0,0,0,0
1328,2,2,1,0,0,0,1,2,2,0,0,0,0,2,4,3,1,0,0,0,2
1329,1,1,0,0,0,0,1,1,1,0,0,0,0,1,1,1,0,1,0,0,0
1330,1,1,0,0,0,0,1,1,1,0,0,0,0,1,1,1,0,0,0,0,1
1331,1,1,0,0,0,0,1,1,1,0,0,0,0,1,1,1,0,0,0,0,1
1332,1,0,0,0,0,0,0,1,1,0,0,0,0,1,1,0,0,0,0,0,0
1333,1,1,0,1,0,0,0,2,1,0,0,0,0,1,1,1,0,0,0,0,1
1334,2,2,0,0,0,0,2,2,2,1,0,0,0,1,1,1,0,0,0,0,1
1335,1,1,0,0,0,0,1,1,1,0,1,0,0,0,1,1,0,0,0,0,1
1336,1,1,1,0,0,0,0,1,1,0,1,0,0,0,1,1,0,0,0,0,1
1337,1,1,1,0,0,0,0,1,1,1,0,0,0,0,1,1,1,0,0,0,0
1338,1,1,0,0,0,0,1,1,1,0,0,0,0,1,1,1,1,0,0,0,0
1339,1,0,0,0,0,0,0,1,0,0,0,0,0,0,1,0,0,0,0,0,0
1340,1,1,0,1,0,0,0,1,1,1,0,0,0,0,1,1,0,0,0,0,1
1341,1,1,1,0,0,0,0,1,1,1,0,0,0,0,1,1,0,0,0,0,1
1342,1,0,0,0,0,0,0,1,0,0,0,0,0,0,1,0,0,0,0,0,0
1343,1,1,0,0,0,0,1,1,1,1,0,0,0,0,2,1,0,0,0,0,1
1344,1,1,0,0,0,0,1,1,1,1,0,0,0,0,1,1,0,0,0,0,1
1345,1,1,1,0,0,0,0,1,1,0,0,0,0,1,1,1,0,0,0,0,1
1346,1,1,0,1,0,0,0,1,1,0,0,0,0,1,1,1,1,0,0,0,0
1347,1,1,0,0,0,0,1,1,1,0,0,0,0,1,1,1,1,0,0,0,0
1348,1,1,0,0,0,0,1,1,1,0,0,0,0,1,1,1,0,0,0,0,1
1349,1,1,0,1,0,0,0,1,1,0,1,0,0,0,1,1,0,0,1,1,0
1350,1,1,0,1,0,0,0,1,1,0,0,0,0,1,1,1,0,1,0,0,0
1351,1,1,0,0,0,0,1,1,1,0,0,0,0,1,1,1,0,0,0,0,1
1352,1,1,0,1,0,0,0,1,1,0,1,0,0,0,1,1,0,0,0,0,1
1353,1,1,0,0,0,0,1,1,1,0,0,0,0,1,1,1,0,0,0,0,1
1354,1,1,0,0,0,0,1,1,1,0,0,0,0,1,1,1,0,0,0,0,1
1355,1,0,0,0,0,0,0,1,0,0,0,0,0,0,1,0,0,0,0,0,0
1356,1,1,0,0,0,0,1,1,1,0,0,0,0,1,1,1,0,0,0,0,1
1357,1,1,1,0,0,0,0,1,1,1,0,0,0,0,1,1,0,1,0,0,0
1358,1,0,0,0,0,0,0,1,0,0,0,0,0,0,1,0,0,0,0,0,0
1359,2,2,1,0,0,0,1,2,2,1,1,0,0,0,2,2,1,0,0,0,1
1360,2,2,1,0,0,0,1,2,2,1,1,0,0,0,2,2,0,0,0,0,2
1361,1,1,0,1,0,0,0,1,1,0,1,0,0,0,1,1,1,0,0,0,0
1362,3,2,0,1,0,0,1,3,1,0,1,0,0,0,2,1,0,0,0,0,1
1363,2,1,0,1,0,0,0,2,1,0,1,0,0,0,1,1,0,0,0,0,1
1364,1,1,0,0,0,0,1,1,1,0,0,0,0,1,1,1,0,1,0,0,0
1365,2,2,2,0,0,0,0,2,2,1,0,1,1,0,2,2,0,0,0,0,2
1367,1,0,0,0,0,0,0,1,1,0,0,0,0,1,0,0,0,0,0,0,0
1368,1,0,0,0,0,0,0,1,1,0,1,0,0,0,0,0,0,0,0,0,0
1369,1,0,0,0,0,0,0,0,0,0,0,0,0,0,0,0,0,0,0,0,0
1370,1,1,0,0,0,0,1,1,1,1,0,0,0,0,1,1,0,0,0,0,1
1371,1,1,1,0,0,0,0,1,1,1,0,0,0,0,1,1,0,0,0,0,1
1372,1,1,1,0,0,0,0,1,1,0,0,1,1,0,1,1,1,0,0,0,0
1373,1,1,0,0,1,1,0,1,1,0,0,0,0,1,1,1,0,0,0,0,1
1374,1,1,0,0,0,0,1,1,1,0,1,0,0,0,1,1,0,0,1,1,0
1375,1,1,1,0,0,0,0,1,1,0,0,0,0,1,1,1,0,0,0,0,1
1376,1,1,0,0,0,0,1,1,1,0,0,0,0,1,1,1,0,0,0,0,1
1377,1,1,0,0,0,0,1,1,1,0,0,0,0,1,1,1,0,0,0,0,1
1378,1,1,0,1,0,0,0,1,1,1,0,0,0,0,2,2,0,1,0,0,1
1379,1,1,0,0,0,0,1,1,1,0,0,0,0,1,1,1,0,0,0,0,1
1380,1,1,0,1,0,0,0,1,1,0,1,0,0,0,1,1,0,0,0,0,1
1381,1,1,1,0,0,0,0,1,1,1,0,0,0,0,1,1,0,1,0,0,0
1382,1,1,0,0,0,0,1,1,1,0,0,0,0,1,1,1,0,0,0,0,1
1383,4,3,0,1,0,0,2,3,3,1,1,0,0,1,3,3,0,0,0,0,3
1384,1,1,1,0,0,0,0,1,1,1,0,0,0,0,1,1,1,0,0,0,0
1385,1,1,0,1,0,0,0,1,1,1,0,0,0,0,1,1,0,1,0,0,0
1386,1,1,1,0,0,0,0,1,1,1,0,0,0,0,1,1,0,0,1,1,0
1387,1,1,0,1,0,0,0,3,1,0,1,0,0,0,1,1,0,0,0,0,1
1388,1,1,0,0,0,0,1,1,1,0,0,0,0,1,1,1,0,0,0,0,1
1389,2,2,2,0,0,0,0,1,1,1,0,0,0,0,1,1,0,0,1,1,0
1390,1,1,0,0,0,0,1,1,1,1,0,0,0,0,1,1,0,0,0,0,1
1391,1,1,0,0,0,0,1,1,1,0,0,0,0,1,1,1,0,0,0,0,1
1392,1,1,0,0,0,0,1,1,1,0,0,0,0,1,1,1,0,0,0,0,1
1393,1,1,0,0,0,0,1,1,1,0,0,0,0,1,1,1,0,0,0,0,1
1394,1,1,1,0,0,0,0,1,1,1,0,0,0,0,1,1,1,0,0,0,0
1395,1,1,1,0,0,0,0,1,1,0,0,0,0,1,1,1,0,1,0,0,0
1396,1,1,0,0,0,0,1,1,1,0,0,0,0,1,1,1,1,0,0,0,0
1397,1,1,0,0,0,0,1,1,1,0,0,0,0,1,1,1,0,0,0,0,1
1398,1,1,0,1,0,0,0,1,1,0,0,1,1,0,1,1,0,1,0,0,0
1399,1,1,0,1,0,0,0,1,1,0,1,0,0,0,1,1,1,0,0,0,0
1400,1,1,1,0,0,0,0,1,1,0,0,0,0,1,1,1,0,0,0,0,1
1401,1,1,1,0,0,0,0,1,1,0,0,0,0,1,1,1,1,0,0,0,0
1402,1,1,0,1,0,0,0,1,1,0,0,1,1,0,1,1,1,0,0,0,0
1403,1,1,0,0,0,0,1,1,1,0,0,0,0,1,1,1,0,0,0,0,1
1404,1,1,1,0,0,0,0,1,1,1,0,0,0,0,1,1,0,0,0,0,1
1405,1,1,0,0,0,0,1,1,1,0,1,0,0,0,1,1,0,0,0,0,1
1406,1,1,1,0,0,0,0,2,2,0,0,0,0,2,1,1,0,0,0,0,1
1407,1,1,0,0,0,0,1,1,1,0,0,0,0,1,1,1,0,1,0,0,0
1408,2,2,1,0,0,0,1,2,2,0,0,0,0,2,2,2,2,0,0,0,0
1409,1,1,0,0,0,0,1,1,1,0,0,0,0,1,1,1,0,0,0,0,1
1410,1,1,0,0,0,0,1,1,1,0,0,0,0,1,1,1,0,0,0,0,1
1411,1,1,0,0,0,0,1,1,1,0,1,0,0,0,1,1,1,0,0,0,0
1412,1,1,0,0,0,0,1,1,0,0,0,0,0,0,0,0,0,0,0,0,0
1413,1,1,0,1,0,0,0,1,1,0,1,0,0,0,1,1,1,0,0,0,0
1414,1,1,0,0,0,0,1,1,1,0,0,0,0,1,1,1,0,0,0,0,1
1415,1,1,0,0,1,1,0,1,1,1,0,0,0,0,1,1,1,0,0,0,0
1416,1,1,0,0,0,0,1,1,1,0,0,0,0,1,1,1,0,0,0,0,1
1417,1,1,0,0,0,0,1,1,1,0,0,0,0,1,1,1,0,0,0,0,1
1418,1,1,0,0,0,0,1,1,1,1,0,0,0,0,1,1,0,0,0,0,1
1419,1,1,0,0,0,0,1,1,1,0,0,0,0,1,1,1,0,0,0,0,1
1420,1,1,1,0,0,0,0,1,1,0,0,1,1,0,1,1,1,0,0,0,0
1421,1,0,0,0,0,0,0,1,0,0,0,0,0,0,1,0,0,0,0,0,0
1422,1,1,0,0,0,0,1,1,1,0,0,0,0,1,1,0,0,0,0,0,0
1423,1,1,0,0,0,0,1,1,1,0,0,0,0,1,1,1,1,0,0,0,0
1424,1,1,1,0,0,0,0,1,1,1,0,0,0,0,1,1,0,0,0,0,1
1425,4,2,0,0,0,0,2,5,1,0,1,0,0,0,4,2,0,0,0,0,2
1426,1,1,0,0,0,0,1,1,1,1,0,0,0,0,1,1,0,0,0,0,1
1427,1,0,0,0,0,0,0,1,0,0,0,0,0,0,0,0,0,0,0,0,0
1428,1,1,1,0,0,0,0,1,1,0,0,0,0,1,1,1,0,0,0,0,1
1429,2,2,0,0,0,0,2,2,1,0,0,0,0,1,2,1,0,0,0,0,1
1430,1,1,0,0,0,0,1,1,1,0,0,0,0,1,1,1,0,0,0,0,1
1431,1,1,0,0,0,0,1,1,1,0,0,0,0,1,1,0,0,0,0,0,0
1432,1,1,0,0,0,0,1,1,1,1,0,0,0,0,1,1,0,0,0,0,1
1433,1,1,0,0,0,0,1,1,1,0,0,0,0,1,1,1,0,0,0,0,1
1434,1,1,0,0,0,0,1,1,1,1,0,0,0,0,1,1,0,0,0,0,1
1435,1,1,0,0,0,0,1,1,1,1,0,0,0,0,1,1,0,1,0,0,0
1436,1,1,0,0,0,0,1,1,1,0,1,0,0,0,1,1,0,0,0,0,1
1437,1,1,1,0,0,0,0,1,1,1,0,0,0,0,1,1,0,0,0,0,1
1438,1,1,0,0,0,0,1,1,1,1,0,0,0,0,1,1,0,0,0,0,1
1439,1,1,0,1,0,0,0,1,1,0,0,1,1,0,1,1,0,0,1,1,0
1440,1,1,0,0,0,0,1,1,1,0,0,1,1,0,1,1,0,1,0,0,0
1441,1,1,1,0,0,0,0,1,1,0,0,0,0,1,1,1,1,0,0,0,0
1442,1,1,0,1,0,0,0,1,1,1,0,0,0,0,1,1,0,0,0,0,1
1443,1,1,0,0,0,0,1,1,1,1,0,0,0,0,1,1,1,0,0,0,0
1444,1,1,0,1,0,0,0,2,2,0,1,1,1,0,1,1,0,0,1,1,0
1445,1,1,0,0,0,0,1,1,1,0,1,0,0,0,1,1,1,0,0,0,0
1446,2,2,0,0,2,2,0,1,1,0,0,1,1,0,1,1,0,0,1,1,0
1447,1,1,0,1,0,0,0,1,1,1,0,0,0,0,1,1,0,0,0,0,1
1448,1,1,0,0,0,0,1,1,1,0,0,0,0,1,1,0,0,0,0,0,0
1449,1,1,0,0,0,0,1,1,1,1,0,0,0,0,1,1,0,0,0,0,1
1450,1,1,0,0,0,0,1,1,0,0,0,0,0,0,1,0,0,0,0,0,0
1451,1,1,0,0,0,0,1,1,1,0,0,0,0,1,1,0,0,0,0,0,0
1452,1,1,0,1,0,0,0,1,1,0,1,0,0,0,1,1,0,0,0,0,1
1453,1,1,0,1,0,0,0,1,1,0,1,0,0,0,1,1,0,0,0,0,1
1454,1,1,0,0,1,1,0,1,1,1,0,0,0,0,1,1,1,0,0,0,0
1455,1,1,0,0,0,0,1,1,1,0,0,0,0,1,1,1,1,0,0,0,0
1456,1,1,0,0,1,1,0,1,1,0,0,1,1,0,2,2,0,0,0,0,2
1457,1,1,0,0,0,0,1,1,1,0,0,0,0,1,1,1,0,0,0,0,1
1458,1,1,0,0,0,0,1,1,1,0,0,0,0,1,1,1,1,0,0,0,0
1459,1,1,0,0,0,0,1,1,1,1,0,0,0,0,1,1,1,0,0,0,0
1460,1,1,0,0,0,0,1,1,1,1,0,0,0,0,1,1,1,0,0,0,0
1461,1,1,0,1,0,0,0,1,1,0,1,0,0,0,1,1,0,0,0,0,1
1462,1,1,0,1,0,0,0,1,1,0,1,0,0,0,1,1,0,1,0,0,0
1463,1,1,1,0,0,0,0,1,1,0,0,0,0,1,1,1,0,0,0,0,1
1464,1,1,1,0,0,0,0,1,1,0,1,0,0,0,1,1,0,0,0,0,1
1465,1,1,0,0,0,0,1,1,1,0,0,0,0,1,1,1,0,0,0,0,1
1466,1,1,0,0,0,0,1,1,1,1,0,0,0,0,1,1,0,0,0,0,1
1467,1,1,0,0,0,0,1,1,1,0,0,0,0,1,1,1,0,1,0,0,0
1468,1,1,0,1,0,0,0,1,1,0,0,1,1,0,1,1,1,0,0,0,0
1469,2,1,0,0,0,0,1,1,0,0,0,0,0,0,1,1,0,0,0,0,1
1470,1,0,0,0,0,0,0,1,0,0,0,0,0,0,1,0,0,0,0,0,0
1471,1,1,0,1,0,0,0,1,1,0,1,0,0,0,1,1,1,0,0,0,0
1472,1,1,0,0,0,0,1,1,1,0,0,0,0,1,1,1,1,0,0,0,0
1473,1,1,0,0,0,0,1,1,1,0,0,0,0,1,1,1,0,0,0,0,1
1474,1,1,0,0,1,1,0,3,3,2,0,1,1,0,2,2,0,1,1,1,0
1475,1,1,0,0,0,0,1,1,1,0,0,0,0,1,1,1,0,0,0,0,1
1476,1,1,0,1,0,0,0,1,1,0,0,0,0,1,1,1,0,1,0,0,0
1477,1,1,0,0,0,0,1,1,1,0,1,0,0,0,1,1,0,0,0,0,1
1478,1,1,0,0,0,0,1,1,1,0,0,0,0,1,0,0,0,0,0,0,0
1479,1,1,0,0,0,0,1,1,1,0,1,0,0,0,1,1,0,0,0,0,1
1480,1,1,0,0,0,0,1,1,1,1,0,0,0,0,1,1,0,0,0,0,1
1481,2,0,0,0,0,0,0,1,0,0,0,0,0,0,2,0,0,0,0,0,0
1482,1,1,0,0,0,0,1,1,0,0,0,0,0,0,1,0,0,0,0,0,0
1483,1,1,0,0,0,0,1,1,1,0,0,0,0,1,1,1,0,0,0,0,1
1484,1,1,0,1,0,0,0,1,1,0,0,0,0,1,1,1,0,0,0,0,1
1485,1,1,0,1,0,0,0,2,2,0,2,0,0,0,1,1,1,0,0,0,0
1486,1,1,0,1,0,0,0,1,1,0,0,0,0,1,1,1,0,0,0,0,1
1487,1,1,0,0,0,0,1,1,1,0,0,0,0,1,1,1,0,0,0,0,1
1488,1,0,0,0,0,0,0,0,0,0,0,0,0,0,1,0,0,0,0,0,0
1489,1,1,0,0,1,1,0,1,1,0,0,1,1,0,1,1,1,0,0,0,0
1490,1,1,0,0,0,0,1,1,1,1,0,0,0,0,1,1,0,0,0,0,1
1491,1,1,0,0,0,0,1,1,1,0,0,0,0,1,1,1,0,0,0,0,1
1492,1,1,0,1,0,0,0,1,1,0,0,0,0,1,1,1,0,0,0,0,1
1493,1,1,0,0,0,0,1,1,1,0,0,0,0,1,1,1,0,0,0,0,1
1494,1,1,0,0,0,0,1,1,1,0,0,0,0,1,1,1,0,0,0,0,1
1495,1,1,0,1,0,0,0,1,1,0,1,0,0,0,1,1,0,0,0,0,1
1496,1,1,0,1,0,0,0,1,1,0,1,0,0,0,1,1,1,0,0,0,0
1497,1,1,1,0,0,0,0,1,1,0,1,0,0,0,1,1,0,0,0,0,1
1498,1,1,1,0,0,0,0,1,1,1,0,0,0,0,1,1,1,0,0,0,0
1499,1,1,1,0,0,0,0,1,1,0,0,0,0,1,1,1,0,0,0,0,1
1500,1,1,0,0,0,0,1,1,1,0,0,0,0,1,1,1,0,0,0,0,1
1501,1,1,0,0,0,0,1,1,1,0,0,0,0,1,1,1,0,0,0,0,1
1502,1,1,0,1,0,0,0,1,1,0,0,0,0,1,1,1,0,0,0,0,1
1503,1,1,1,0,0,0,0,1,1,0,0,0,0,1,1,1,0,0,1,1,0
1504,1,1,1,0,0,0,0,1,1,1,0,0,0,0,0,0,0,0,0,0,0
1505,1,1,0,0,0,0,1,1,1,1,0,0,0,0,1,1,0,0,0,0,1
1506,1,1,0,0,0,0,1,1,1,0,1,0,0,0,1,1,0,0,0,0,1
1507,1,0,0,0,0,0,0,1,0,0,0,0,0,0,1,0,0,0,0,0,0
1508,1,0,0,0,0,0,0,1,0,0,0,0,0,0,0,0,0,0,0,0,0
1509,1,1,0,1,0,0,0,1,1,0,1,0,0,0,0,0,0,0,0,0,0
1510,1,1,0,0,0,0,1,1,1,0,0,0,0,1,1,1,0,0,0,0,1
1511,1,1,0,1,0,0,0,1,1,0,1,0,0,0,1,1,0,0,0,0,1
1512,1,0,0,0,0,0,0,1,0,0,0,0,0,0,1,0,0,0,0,0,0
1513,1,1,0,1,0,0,0,1,1,0,0,0,0,1,0,0,0,0,0,0,0
1514,1,1,0,1,0,0,0,1,1,0,1,0,0,0,1,1,0,1,0,0,0
1515,1,1,0,1,0,0,0,1,1,0,1,0,0,0,1,1,0,0,1,1,0
1516,1,1,0,0,0,0,1,1,1,0,0,0,0,1,1,1,0,0,0,0,1
1517,2,2,1,0,0,0,1,2,2,1,0,0,0,1,2,2,0,0,0,0,2
1518,1,1,0,0,0,0,1,1,1,0,1,0,0,0,1,1,0,0,0,0,1
1519,1,1,0,1,0,0,0,1,1,0,0,0,0,1,1,1,0,0,0,0,1
1520,1,1,0,0,0,0,1,1,1,0,1,0,0,0,1,1,0,0,0,0,1
1521,1,1,0,0,0,0,1,1,1,1,0,0,0,0,1,1,0,0,0,0,1
1522,1,1,0,0,0,0,1,1,1,1,0,0,0,0,1,1,0,1,0,0,0
1523,1,1,0,0,0,0,1,1,1,0,0,0,0,1,1,1,0,0,0,0,1
1524,1,1,0,1,0,0,0,1,1,0,1,0,0,0,1,1,1,0,0,0,0
1525,2,1,1,0,0,0,0,1,1,1,0,0,0,0,1,1,0,0,0,0,1
1526,1,1,0,0,0,0,1,1,1,0,0,0,0,1,1,1,0,0,0,0,1
1527,1,1,1,0,0,0,0,1,1,0,0,0,0,1,1,1,0,0,0,0,1
1528,1,1,0,0,0,0,1,1,1,0,1,0,0,0,1,1,0,0,0,0,1
1529,1,1,0,1,0,0,0,1,1,0,0,0,0,1,1,1,0,0,0,0,1
1530,1,1,0,1,0,0,0,1,1,0,0,1,1,0,1,1,1,0,0,0,0
1531,1,1,0,1,0,0,0,1,1,0,0,0,0,1,1,1,0,0,1,1,0
1532,1,0,0,0,0,0,0,2,1,0,0,0,0,1,1,1,0,0,0,0,1
1533,1,1,0,0,0,0,1,1,1,0,1,0,0,0,1,1,1,0,0,0,0
1534,1,1,0,1,0,0,0,1,1,0,1,0,0,0,1,1,1,0,0,0,0
1535,1,1,0,0,0,0,1,1,1,0,0,0,0,1,2,1,0,0,1,1,0
1536,1,1,0,0,0,0,1,1,1,0,0,0,0,1,1,1,0,0,0,0,1
1537,1,1,0,0,0,0,1,1,1,0,0,0,0,1,1,1,0,0,0,0,1
1538,1,1,0,0,0,0,1,1,1,0,0,0,0,1,1,1,0,0,0,0,1
1539,1,1,1,0,0,0,0,1,1,1,0,0,0,0,1,1,0,0,0,0,1
1540,1,1,1,0,0,0,0,1,1,0,0,0,0,1,1,1,0,0,0,0,1
1541,1,1,0,0,0,0,1,1,1,1,0,0,0,0,1,1,0,1,0,0,0
1542,1,1,0,0,0,0,1,1,1,1,0,0,0,0,1,1,0,0,0,0,1
1543,1,1,1,0,0,0,0,1,1,0,0,0,0,1,1,1,1,0,0,0,0
1544,1,1,0,1,0,0,0,1,1,1,0,0,0,0,1,1,0,0,0,0,1
1545,0,0,0,0,0,0,0,0,0,0,0,0,0,0,1,0,0,0,0,0,0
1546,1,1,0,0,0,0,1,1,1,0,0,0,0,1,1,1,0,0,0,0,1
1547,1,1,1,0,0,0,0,1,1,1,0,0,0,0,1,1,0,0,0,0,1
1548,1,1,0,0,0,0,1,1,1,0,0,0,0,1,1,1,0,0,0,0,1
1549,1,1,0,1,0,0,0,1,1,0,1,0,0,0,1,1,0,0,0,0,1
1550,1,1,0,0,0,0,1,1,1,0,0,0,0,1,2,2,0,0,0,0,2
1551,2,2,0,1,0,0,1,2,2,0,0,0,0,2,1,1,0,0,0,0,1
1552,1,1,0,0,0,0,1,1,1,1,0,0,0,0,1,1,1,0,0,0,0
1553,2,2,0,0,0,0,2,2,2,0,1,0,0,1,2,2,0,0,0,0,2
1554,1,1,0,0,0,0,1,1,1,0,0,0,0,1,1,1,0,0,0,0,1
1555,1,1,0,0,0,0,1,1,1,0,0,0,0,1,1,1,0,0,0,0,1
1556,1,1,0,0,0,0,1,1,1,0,0,0,0,1,1,1,0,0,0,0,1
1557,0,0,0,0,0,0,0,1,0,0,0,0,0,0,0,0,0,0,0,0,0
1558,1,1,1,0,0,0,0,1,1,1,0,0,0,0,1,1,1,0,0,0,0
1560,1,0,0,0,0,0,0,1,1,0,0,0,0,1,0,0,0,0,0,0,0
1561,1,1,0,1,0,0,0,1,1,0,0,0,0,1,1,1,0,0,0,0,1
1562,1,1,0,0,0,0,1,1,1,0,0,0,0,1,1,1,0,0,0,0,1
1563,1,1,0,0,0,0,1,1,1,0,0,0,0,1,0,0,0,0,0,0,0
1564,2,2,0,1,0,0,1,2,2,0,1,0,0,1,2,2,0,0,0,0,2
1565,1,1,1,0,0,0,0,1,1,0,0,0,0,1,1,1,0,1,0,0,0
1566,1,1,0,0,0,0,1,1,1,1,0,0,0,0,1,1,1,0,0,0,0
1567,1,1,0,1,0,0,0,1,1,0,1,0,0,0,1,1,0,0,0,0,1
1568,1,1,0,0,0,0,1,1,1,0,0,0,0,1,1,1,1,0,0,0,0
1569,1,1,0,1,0,0,0,1,1,0,0,0,0,1,1,1,0,0,0,0,1
1570,1,0,0,0,0,0,0,1,0,0,0,0,0,0,0,0,0,0,0,0,0
1571,1,1,0,0,0,0,1,1,1,0,0,0,0,1,1,1,0,0,0,0,1
1572,1,1,1,0,0,0,0,1,1,0,0,0,0,1,1,1,0,0,0,0,1
1573,3,3,0,3,0,0,0,3,3,0,3,0,0,0,2,2,0,2,0,0,0
1574,1,0,0,0,0,0,0,1,0,0,0,0,0,0,0,0,0,0,0,0,0
1575,1,1,0,0,0,0,1,1,1,1,0,0,0,0,1,1,0,0,0,0,1
1576,1,1,0,1,0,0,0,1,1,0,1,0,0,0,1,1,1,0,0,0,0
1577,1,1,1,0,0,0,0,1,1,0,0,0,0,1,2,1,0,0,0,0,1
1578,1,1,0,1,0,0,0,1,1,1,0,0,0,0,1,1,0,0,0,0,1
1579,1,1,0,0,1,1,0,1,1,0,0,1,1,0,1,1,0,0,0,0,1
1580,1,1,0,0,0,0,1,2,2,0,0,0,0,2,1,1,0,0,0,0,1
1581,1,1,0,0,0,0,1,1,1,0,0,0,0,1,1,1,0,0,0,0,1
1582,1,0,0,0,0,0,0,1,0,0,0,0,0,0,1,0,0,0,0,0,0
1583,1,0,0,0,0,0,0,1,0,0,0,0,0,0,0,0,0,0,0,0,0
1584,1,1,0,0,0,0,1,1,1,1,0,0,0,0,1,1,0,0,0,0,1
1585,2,1,0,1,0,0,0,1,1,0,1,0,0,0,1,1,0,0,1,1,0
1586,1,1,0,0,0,0,1,1,1,1,0,0,0,0,1,1,0,0,0,0,1
1587,1,1,0,0,0,0,1,1,1,0,1,0,0,0,1,1,0,0,0,0,1
1588,1,0,0,0,0,0,0,0,0,0,0,0,0,0,0,0,0,0,0,0,0
1589,1,1,0,0,0,0,1,1,1,0,0,0,0,1,1,1,1,0,0,0,0
1590,1,1,0,0,0,0,1,1,1,0,0,0,0,1,1,1,0,0,0,0,1
1591,1,1,0,1,0,0,0,1,1,0,1,0,0,0,1,1,0,1,0,0,0
1592,1,1,0,1,0,0,0,1,1,1,0,0,0,0,1,1,0,1,0,0,0
1593,1,1,0,0,1,1,0,1,1,1,0,0,0,0,1,1,0,0,0,0,1
1594,1,1,0,1,0,0,0,1,1,0,0,0,0,1,1,1,0,0,0,0,1
1595,1,1,0,0,0,0,1,1,1,1,0,0,0,0,1,1,0,0,0,0,1
1596,1,0,0,0,0,0,0,1,1,0,0,0,0,1,1,1,0,0,0,0,1
1597,5,3,0,1,0,0,2,4,2,0,1,0,0,1,7,4,0,0,0,0,4
1598,1,0,0,0,0,0,0,1,0,0,0,0,0,0,1,1,0,0,0,0,1
1600,1,1,0,0,0,0,1,1,1,0,0,0,0,1,1,1,1,0,0,0,0
1601,1,1,0,0,0,0,1,1,1,0,0,0,0,1,1,1,1,0,0,0,0
1602,1,1,1,0,0,0,0,1,1,0,0,0,0,1,1,1,1,0,0,0,0
1603,2,1,0,0,0,0,1,2,1,0,1,0,0,0,1,1,0,0,0,0,1
1604,1,1,0,0,0,0,1,1,1,0,0,0,0,1,1,1,1,0,0,0,0
1605,1,1,0,0,0,0,1,1,1,0,0,0,0,1,1,1,0,0,0,0,1
1606,1,1,0,0,0,0,1,1,1,1,0,0,0,0,1,1,0,1,0,0,0
1607,0,0,0,0,0,0,0,1,0,0,0,0,0,0,1,0,0,0,0,0,0
1608,1,1,0,0,0,0,1,1,1,0,0,0,0,1,1,1,1,0,0,0,0
1609,1,0,0,0,0,0,0,1,0,0,0,0,0,0,1,0,0,0,0,0,0
1610,1,1,1,0,0,0,0,1,1,1,0,0,0,0,1,1,1,0,0,0,0
1611,1,1,0,1,0,0,0,1,1,0,1,0,0,0,1,1,0,0,0,0,1
1612,1,1,0,1,0,0,0,1,1,0,1,0,0,0,1,1,0,0,1,1,0
1613,1,1,0,0,0,0,1,1,1,0,0,0,0,1,1,1,0,0,0,0,1
1614,1,1,0,1,0,0,0,1,1,0,1,0,0,0,1,1,0,1,0,0,0
1615,1,1,0,0,1,1,0,1,1,0,0,0,0,1,1,1,0,0,0,0,1
1616,2,1,1,0,0,0,0,1,0,0,0,0,0,0,1,0,0,0,0,0,0
1617,1,1,0,0,0,0,1,1,1,0,0,0,0,1,1,1,0,0,0,0,1
1618,1,1,0,0,0,0,1,1,1,0,0,0,0,1,1,1,0,0,0,0,1
1619,1,1,0,0,0,0,1,1,1,0,0,0,0,1,1,1,0,0,0,0,1
1620,1,1,0,0,0,0,1,1,1,0,0,0,0,1,2,1,0,0,1,1,0
1621,1,1,0,1,0,0,0,1,1,0,0,0,0,1,1,1,1,0,0,0,0
1622,1,0,0,0,0,0,0,1,0,0,0,0,0,0,1,0,0,0,0,0,0
1623,1,1,0,1,0,0,0,1,1,0,1,0,0,0,1,1,1,0,0,0,0
1624,3,1,0,0,0,0,1,2,1,1,0,0,0,0,2,1,0,0,0,0,1
1625,1,1,0,1,0,0,0,1,1,0,1,0,0,0,1,1,0,0,0,0,1
1626,1,1,0,0,0,0,1,1,1,0,0,0,0,1,2,2,0,0,0,0,2
1627,1,1,0,0,0,0,1,1,1,0,0,0,0,1,1,1,0,1,0,0,0
1628,1,1,0,0,0,0,1,1,1,0,0,0,0,1,1,1,0,0,0,0,1
1629,1,1,0,0,0,0,1,1,1,0,0,0,0,1,1,1,1,0,0,0,0
1630,1,1,1,0,0,0,0,1,1,1,0,0,0,0,1,1,0,1,0,0,0
1631,1,1,1,0,0,0,0,1,1,0,0,0,0,1,1,1,0,0,0,0,1
1632,1,1,0,1,0,0,0,1,1,0,0,0,0,1,1,1,0,0,0,0,1
1633,1,1,0,0,0,0,1,1,1,0,1,0,0,0,1,1,0,0,0,0,1
1634,1,1,0,1,0,0,0,1,1,0,0,0,0,1,1,1,0,0,0,0,1
1635,2,2,0,0,0,0,2,2,2,0,0,0,0,2,2,2,0,0,0,0,2
1636,1,1,0,0,0,0,1,1,1,0,0,0,0,1,1,1,0,1,0,0,0
1637,1,1,0,0,0,0,1,1,1,1,0,0,0,0,1,1,0,0,0,0,1
1638,1,1,0,1,0,0,0,1,1,0,0,1,1,0,1,1,1,0,0,0,0
1639,1,1,0,1,0,0,0,1,1,0,0,1,1,0,1,1,1,0,0,0,0
1640,1,1,0,1,0,0,0,1,1,0,1,0,0,0,1,1,0,0,0,0,1
1641,1,1,0,1,0,0,0,1,1,0,1,0,0,0,1,1,0,0,0,0,1
1642,1,1,0,0,0,0,1,1,1,0,0,0,0,1,1,1,0,0,0,0,1
1643,1,1,0,0,0,0,1,1,1,0,0,0,0,1,1,1,0,0,0,0,1
1644,1,1,0,0,0,0,1,1,1,0,0,0,0,1,1,1,0,1,0,0,0
1645,1,1,0,0,0,0,1,1,1,0,0,0,0,1,1,1,1,0,0,0,0
1646,1,1,0,0,0,0,1,1,1,1,0,0,0,0,1,1,0,0,0,0,1
1647,1,1,0,1,0,0,0,1,1,1,0,0,0,0,1,1,0,0,1,1,0
1648,1,1,0,0,0,0,1,1,1,0,1,0,0,0,1,1,0,0,0,0,1
1649,1,1,0,0,1,1,0,1,1,0,1,0,0,0,0,0,0,0,0,0,0
1650,1,1,0,1,0,0,0,1,1,0,1,0,0,0,1,1,0,1,0,0,0
1651,1,1,0,1,0,0,0,1,1,0,0,0,0,1,1,1,0,0,0,0,1
1652,1,1,0,0,0,0,1,1,1,0,0,0,0,1,1,1,0,1,0,0,0
1653,1,1,0,1,0,0,0,1,1,0,0,0,0,1,1,1,0,0,0,0,1
1654,1,1,0,0,0,0,1,1,1,0,0,0,0,1,1,1,0,0,0,0,1
1655,1,1,0,1,0,0,0,1,1,0,1,0,0,0,1,1,0,0,0,0,1
1656,1,1,0,0,1,1,0,1,1,0,1,0,0,0,1,1,0,1,0,0,0
1657,1,1,0,0,0,0,1,1,1,0,1,0,0,0,1,1,1,0,0,0,0
1658,1,1,1,0,0,0,0,1,1,1,0,0,0,0,1,1,0,1,0,0,0
1659,1,1,1,0,0,0,0,1,1,1,0,0,0,0,1,1,0,1,0,0,0
1660,1,1,0,0,0,0,1,1,1,0,0,0,0,1,1,1,0,0,0,0,1
1661,2,0,0,0,0,0,0,1,0,0,0,0,0,0,1,0,0,0,0,0,0
1662,1,1,0,1,0,0,0,1,1,0,0,0,0,1,1,1,0,0,0,0,1
1663,1,1,0,0,0,0,1,2,2,0,1,0,0,1,1,1,0,1,0,0,0
1664,1,1,0,0,0,0,1,1,1,0,0,0,0,1,1,1,0,0,1,1,0
1665,1,0,0,0,0,0,0,1,0,0,0,0,0,0,1,1,0,0,0,0,1
1666,1,1,0,1,0,0,0,1,1,0,0,1,1,0,1,1,0,0,0,0,1
1667,1,1,0,0,0,0,1,1,1,0,0,0,0,1,1,1,0,0,0,0,1
1668,1,1,0,0,0,0,1,1,1,1,0,0,0,0,1,1,1,0,0,0,0
1669,1,1,0,1,0,0,0,1,1,1,0,0,0,0,2,2,2,0,0,0,0
1670,1,1,0,0,0,0,1,1,1,0,1,0,0,0,1,1,0,0,0,0,1
1671,1,1,0,0,0,0,1,1,1,0,0,0,0,1,1,1,0,0,0,0,1
1672,1,1,0,0,0,0,1,1,1,0,0,0,0,1,1,1,0,1,0,0,0
1673,1,1,0,0,0,0,1,1,1,1,0,0,0,0,1,1,0,1,0,0,0
1674,1,1,0,0,0,0,1,1,1,0,0,0,0,1,1,1,0,0,0,0,1
1675,1,1,0,0,0,0,1,1,1,1,0,0,0,0,1,1,0,0,0,0,1
1676,1,1,0,0,0,0,1,1,1,1,0,0,0,0,1,1,0,0,0,0,1
1677,1,1,1,0,0,0,0,1,1,0,0,0,0,1,1,1,0,0,1,1,0
1678,1,1,0,0,0,0,1,1,1,0,0,0,0,1,1,1,0,1,0,0,0
1679,2,2,1,0,0,0,1,2,2,2,0,0,0,0,2,2,0,0,1,1,1
1680,0,0,0,0,0,0,0,0,0,0,0,0,0,0,1,0,0,0,0,0,0
1681,6,2,1,0,0,0,1,5,3,0,0,0,0,3,2,1,0,1,0,0,0
1682,1,1,0,0,0,0,1,1,1,1,0,0,0,0,1,1,0,0,0,0,1
1683,1,1,0,0,0,0,1,1,1,1,0,0,0,0,1,1,0,1,0,0,0
1684,1,1,0,0,0,0,1,1,1,1,0,0,0,0,1,1,1,0,0,0,0
1685,2,2,0,0,1,1,1,2,2,0,0,0,0,2,1,1,1,0,0,0,0
1686,1,1,0,1,0,0,0,1,1,0,0,0,0,1,1,1,1,0,0,0,0
1687,1,1,0,1,0,0,0,1,1,0,0,0,0,1,1,1,1,0,0,0,0
1688,2,1,0,0,1,1,0,2,1,0,0,1,1,0,1,1,0,0,0,0,1
1689,1,1,0,0,0,0,1,1,1,1,0,0,0,0,1,1,0,0,1,1,0
1690,2,2,1,0,0,0,1,2,2,2,0,0,0,0,2,2,1,0,0,0,1
1691,1,1,0,0,0,0,1,1,1,1,0,0,0,0,1,0,0,0,0,0,0
1692,1,0,0,0,0,0,0,1,0,0,0,0,0,0,1,1,0,0,0,0,1
1693,1,1,0,0,0,0,1,1,1,0,0,0,0,1,1,1,0,0,0,0,1
1694,1,1,0,0,0,0,1,1,1,0,1,0,0,0,2,2,0,0,1,1,1
1695,1,0,0,0,0,0,0,1,0,0,0,0,0,0,1,0,0,0,0,0,0
1696,1,1,0,0,0,0,1,1,1,1,0,0,0,0,1,1,0,0,0,0,1
1697,1,1,0,0,0,0,1,1,1,0,1,0,0,0,1,1,0,0,0,0,1
1698,1,1,0,0,0,0,1,1,1,1,0,0,0,0,1,1,0,0,0,0,1
1699,1,1,0,1,0,0,0,1,1,0,0,0,0,1,1,1,1,0,0,0,0
1700,1,1,0,0,0,0,1,1,1,0,0,0,0,1,1,1,0,1,0,0,0
1701,3,3,0,0,0,0,3,2,2,1,0,0,0,1,2,2,0,0,0,0,2
1702,1,1,0,1,0,0,0,1,1,0,1,0,0,0,1,1,0,1,0,0,0
1703,1,1,0,0,0,0,1,1,1,0,0,0,0,1,1,1,0,0,0,0,1
1704,1,1,0,0,1,1,0,1,1,1,0,0,0,0,1,1,1,0,0,0,0
1705,1,1,0,0,0,0,1,1,1,0,0,0,0,1,1,1,1,0,0,0,0
1706,1,1,0,0,0,0,1,1,1,0,0,0,0,1,1,1,1,0,0,0,0
1707,1,1,1,0,0,0,0,1,1,0,0,0,0,1,2,1,0,1,0,0,0
1708,1,1,0,0,0,0,1,1,1,1,0,0,0,0,1,1,0,0,0,0,1
1709,1,1,1,0,0,0,0,1,1,1,0,0,0,0,1,1,0,0,0,0,1
1710,1,1,0,0,0,0,1,1,1,0,0,1,1,0,1,1,0,0,0,0,1
1711,1,1,0,0,0,0,1,1,0,0,0,0,0,0,1,1,0,0,0,0,1
1712,2,1,0,0,0,0,1,2,1,0,0,0,0,1,1,0,0,0,0,0,0
1713,1,1,0,0,0,0,1,1,1,0,0,0,0,1,1,1,0,0,0,0,1
1714,1,1,0,1,0,0,0,1,1,0,0,1,1,0,1,1,1,0,0,0,0
1715,1,1,0,0,0,0,1,1,1,0,0,0,0,1,1,1,0,0,0,0,1
1716,1,1,0,0,0,0,1,1,1,0,0,0,0,1,1,1,0,0,0,0,1
1717,1,1,0,0,1,1,0,1,1,1,0,0,0,0,1,1,0,1,0,0,0
1718,2,1,0,0,0,0,1,2,1,0,0,1,1,0,1,1,0,0,0,0,1
1719,1,1,1,0,0,0,0,2,2,0,0,1,1,1,1,1,0,0,0,0,1
1720,0,0,0,0,0,0,0,1,0,0,0,0,0,0,1,0,0,0,0,0,0
1721,1,1,1,0,0,0,0,2,2,2,0,0,0,0,1,1,0,1,0,0,0
1722,1,1,0,1,0,0,0,1,1,1,0,0,0,0,1,1,0,1,0,0,0
1723,1,1,0,1,0,0,0,1,1,0,1,0,0,0,1,1,1,0,0,0,0
1724,1,1,0,1,0,0,0,1,1,0,0,1,1,0,1,1,0,1,0,0,0
1725,1,1,0,0,0,0,1,1,1,0,0,0,0,1,1,1,0,0,0,0,1
1726,1,1,0,0,0,0,1,1,0,0,0,0,0,0,1,0,0,0,0,0,0
1727,1,1,0,0,0,0,1,1,1,0,1,0,0,0,1,0,0,0,0,0,0
1728,1,1,0,0,0,0,1,1,1,0,1,0,0,0,1,1,0,0,0,0,1
1729,1,1,0,1,0,0,0,1,1,0,1,0,0,0,1,1,0,1,0,0,0
1730,1,1,1,0,0,0,0,1,1,1,0,0,0,0,1,1,0,0,0,0,1
1731,1,1,0,0,0,0,1,1,1,0,0,0,0,1,1,1,0,0,0,0,1
1732,1,1,1,0,0,0,0,1,1,1,0,0,0,0,1,1,0,0,0,0,1
1733,2,2,0,1,0,0,1,2,2,0,1,0,0,1,2,2,0,1,0,0,1
1734,1,1,0,0,0,0,1,1,1,0,1,0,0,0,1,1,0,0,0,0,1
1735,1,1,1,0,0,0,0,1,1,0,0,0,0,1,1,1,0,0,0,0,1
1736,1,1,0,0,0,0,1,1,1,0,0,0,0,1,1,1,0,0,0,0,1
1737,1,1,0,0,0,0,1,1,1,0,0,0,0,1,1,0,0,0,0,0,0
1738,1,1,0,1,0,0,0,1,1,0,0,0,0,1,1,1,0,0,0,0,1
1739,1,1,0,0,0,0,1,1,1,0,0,0,0,1,1,1,0,1,0,0,0
1740,1,1,0,1,0,0,0,1,1,1,0,0,0,0,1,1,0,0,0,0,1
1741,1,1,1,0,0,0,0,1,1,1,0,0,0,0,1,1,1,0,0,0,0
1742,1,1,0,0,0,0,1,1,1,1,0,0,0,0,1,1,0,0,0,0,1
1743,1,1,0,1,0,0,0,1,1,0,0,0,0,1,1,1,0,0,0,0,1
1744,1,1,0,1,0,0,0,1,1,1,0,0,0,0,1,1,1,0,0,0,0
1745,1,1,0,0,0,0,1,1,0,0,0,0,0,0,1,1,0,0,0,0,1
1746,1,1,1,0,0,0,0,1,1,0,0,0,0,1,1,1,1,0,0,0,0
1747,1,1,0,0,0,0,1,1,1,0,1,0,0,0,1,1,0,0,0,0,1
1748,1,1,0,0,0,0,1,2,2,1,0,0,0,1,2,1,0,0,0,0,1
1749,1,1,0,0,0,0,1,2,1,1,0,0,0,0,1,1,1,0,0,0,0
1750,1,1,0,0,0,0,1,1,1,1,0,0,0,0,1,1,0,0,0,0,1
1751,1,1,0,0,0,0,1,1,1,0,0,0,0,1,1,1,0,1,0,0,0
1752,1,1,1,0,0,0,0,1,1,1,0,0,0,0,1,1,0,1,0,0,0
1753,1,1,0,0,0,0,1,1,1,0,0,0,0,1,1,1,1,0,0,0,0
1754,1,1,0,1,0,0,0,1,1,0,1,0,0,0,1,1,0,0,0,0,1
1755,1,1,0,1,0,0,0,1,1,1,0,0,0,0,1,1,0,0,0,0,1
1756,1,1,0,1,0,0,0,1,1,0,1,0,0,0,1,1,0,0,0,0,1
1757,1,1,1,0,0,0,0,1,1,1,0,0,0,0,1,1,0,1,0,0,0
1758,1,1,0,1,0,0,0,1,1,0,0,0,0,1,1,1,0,1,0,0,0
1759,1,1,0,1,0,0,0,1,1,0,0,0,0,1,1,1,0,0,0,0,1
1760,1,1,0,0,0,0,1,1,1,0,0,0,0,1,1,1,1,0,0,0,0
1761,1,1,0,0,0,0,1,1,1,0,0,0,0,1,1,1,0,0,0,0,1
1762,0,0,0,0,0,0,0,0,0,0,0,0,0,0,1,0,0,0,0,0,0
1763,1,1,1,0,0,0,0,1,1,1,0,0,0,0,1,1,0,0,0,0,1
1764,1,1,0,0,0,0,1,2,2,0,1,0,0,1,2,2,1,0,0,0,1
1765,1,1,1,0,0,0,0,1,1,0,0,0,0,1,1,1,0,1,0,0,0
1766,1,1,0,0,0,0,1,1,1,0,0,0,0,1,1,1,0,0,0,0,1
1767,1,1,1,0,0,0,0,1,1,0,1,0,0,0,1,1,1,0,0,0,0
1768,1,1,0,1,0,0,0,1,1,1,0,0,0,0,1,1,0,0,0,0,1
1769,1,1,1,0,0,0,0,1,1,0,0,0,0,1,1,1,0,0,0,0,1
1770,1,1,0,0,0,0,1,1,1,0,0,0,0,1,1,1,0,0,0,0,1
1771,1,1,0,0,0,0,1,1,1,0,0,0,0,1,1,1,0,0,0,0,1
1772,1,1,0,0,0,0,1,1,1,0,1,0,0,0,1,1,0,0,0,0,1
1773,2,2,0,0,0,0,2,1,1,0,1,0,0,0,0,0,0,0,0,0,0
1774,1,0,0,0,0,0,0,1,0,0,0,0,0,0,1,0,0,0,0,0,0
1775,1,1,0,1,0,0,0,1,1,0,0,0,0,1,1,1,0,0,0,0,1
1776,1,1,1,0,0,0,0,2,2,1,0,0,0,1,1,1,0,0,0,0,1
1777,1,1,0,0,0,0,1,1,1,0,1,0,0,0,1,1,0,0,0,0,1
1778,1,1,0,1,0,0,0,1,1,0,0,1,1,0,1,1,1,0,0,0,0
1779,1,1,0,0,0,0,1,1,1,1,0,0,0,0,1,1,0,1,0,0,0
1780,1,1,0,0,0,0,1,1,1,1,0,0,0,0,1,1,1,0,0,0,0
1781,1,1,0,0,0,0,1,1,1,0,0,0,0,1,1,1,0,0,0,0,1
1782,1,1,0,0,0,0,1,1,1,0,0,0,0,1,1,1,0,0,0,0,1
1784,1,1,0,0,0,0,1,1,1,0,0,0,0,1,1,1,0,0,0,0,1
1785,1,1,0,0,0,0,1,1,1,0,0,0,0,1,1,1,0,0,0,0,1
1786,1,1,1,0,0,0,0,1,1,1,0,0,0,0,1,1,1,0,0,0,0
1787,1,1,0,0,0,0,1,1,1,0,0,0,0,1,1,1,0,0,0,0,1
1788,1,1,0,0,0,0,1,1,1,0,0,0,0,1,1,0,0,0,0,0,0
1789,1,1,0,1,0,0,0,1,1,0,0,1,1,0,1,1,1,0,0,0,0
1790,1,1,0,0,0,0,1,1,1,0,0,0,0,1,1,1,0,0,0,0,1
1791,1,0,0,0,0,0,0,1,0,0,0,0,0,0,1,0,0,0,0,0,0
1792,1,1,0,0,0,0,1,1,1,1,0,0,0,0,1,1,0,0,0,0,1
1793,2,1,0,0,1,1,0,1,1,1,0,0,0,0,1,1,0,1,0,0,0
1794,1,1,1,0,0,0,0,1,0,0,0,0,0,0,1,0,0,0,0,0,0
1795,1,1,0,0,0,0,1,1,1,1,0,0,0,0,1,1,0,0,0,0,1
1796,2,2,1,0,0,0,1,2,2,0,0,1,1,1,2,2,0,0,0,0,2
1797,1,1,0,0,0,0,1,1,1,0,0,0,0,1,1,1,0,1,0,0,0
1798,1,1,0,0,0,0,1,1,1,0,0,0,0,1,1,1,0,0,0,0,1
1799,1,1,1,0,0,0,0,1,1,0,0,0,0,1,1,1,0,1,0,0,0
1800,1,1,0,0,0,0,1,1,1,1,0,0,0,0,1,1,0,0,0,0,1
1801,1,1,0,0,0,0,1,1,1,0,0,0,0,1,1,1,0,1,0,0,0
1802,1,1,0,0,0,0,1,1,1,0,1,0,0,0,1,0,0,0,0,0,0
1803,1,1,0,0,0,0,1,1,1,0,0,0,0,1,1,1,0,0,0,0,1
1804,1,1,0,0,0,0,1,1,1,0,0,0,0,1,1,1,0,0,0,0,1
1805,1,1,0,0,0,0,1,1,1,1,0,0,0,0,1,1,1,0,0,0,0
1806,1,1,0,0,0,0,1,1,1,0,0,0,0,1,1,1,0,0,0,0,1
1807,1,1,0,0,0,0,1,1,1,0,0,0,0,1,1,1,0,0,0,0,1
1808,1,1,0,0,0,0,1,1,1,0,0,0,0,1,1,1,0,0,0,0,1
1809,1,1,0,0,0,0,1,1,1,0,0,0,0,1,1,1,0,0,0,0,1
1810,1,1,0,0,0,0,1,1,1,0,0,0,0,1,1,1,0,0,0,0,1
1811,1,1,0,0,0,0,1,1,1,0,0,0,0,1,1,1,0,0,0,0,1
1812,1,1,0,0,0,0,1,1,1,0,0,0,0,1,1,1,0,0,0,0,1
1813,1,1,1,0,0,0,0,1,1,1,0,0,0,0,1,1,1,0,0,0,0
1814,2,2,0,1,0,0,1,2,2,0,0,0,0,2,2,2,0,0,0,0,2
1815,1,1,0,0,0,0,1,1,1,0,0,0,0,1,1,1,0,0,0,0,1
1816,1,1,0,0,0,0,1,1,1,0,0,0,0,1,1,1,0,0,0,0,1
1817,1,1,1,0,0,0,0,1,1,0,0,0,0,1,1,1,0,0,0,0,1
1818,1,1,0,0,0,0,1,1,1,1,0,0,0,0,1,1,0,0,0,0,1
1819,1,1,0,0,0,0,1,1,1,1,0,0,0,0,1,1,0,0,0,0,1
1820,1,1,0,1,0,0,0,1,1,0,1,0,0,0,1,1,0,1,0,0,0
1821,2,2,1,0,1,1,0,1,1,0,0,1,1,0,2,2,0,1,1,1,0
1822,1,1,0,0,0,0,1,1,1,0,0,0,0,1,1,1,0,0,0,0,1
1823,1,1,0,0,1,1,0,1,1,1,0,0,0,0,1,1,0,0,0,0,1
1824,1,1,0,0,0,0,1,1,1,1,0,0,0,0,1,1,1,0,0,0,0
1825,2,2,0,0,1,1,1,1,1,0,0,1,1,0,1,1,1,0,0,0,0
1826,1,1,1,0,0,0,0,1,1,0,0,0,0,1,1,1,0,0,0,0,1
1827,1,1,0,1,0,0,0,1,1,0,0,0,0,1,1,1,0,0,0,0,1
1828,1,1,0,0,0,0,1,1,1,0,0,0,0,1,1,1,0,0,0,0,1
1829,1,1,0,1,0,0,0,1,1,0,0,0,0,1,1,1,0,0,0,0,1
1830,1,1,0,0,0,0,1,1,1,0,0,0,0,1,1,1,0,0,0,0,1
1831,1,1,0,0,0,0,1,1,1,0,0,0,0,1,1,1,0,0,0,0,1
1832,1,1,0,0,0,0,1,2,2,1,0,0,0,1,1,1,0,0,0,0,1
1833,1,1,0,0,0,0,1,1,1,0,1,0,0,0,1,1,1,0,0,0,0
1834,1,1,0,0,0,0,1,1,1,0,1,0,0,0,1,1,0,0,0,0,1
1835,1,1,0,1,0,0,0,1,1,0,0,0,0,1,1,1,0,1,0,0,0
1836,2,2,1,1,0,0,0,2,2,0,0,2,2,0,2,2,0,0,0,0,2
1837,2,2,1,0,0,0,1,2,2,1,0,0,0,1,1,1,0,1,0,0,0
1838,1,1,0,0,0,0,1,1,1,0,0,0,0,1,1,1,0,0,0,0,1
1839,1,1,1,0,0,0,0,1,1,1,0,0,0,0,1,1,0,0,0,0,1
1840,1,1,0,0,0,0,1,1,1,0,0,0,0,1,0,0,0,0,0,0,0
1841,1,1,1,0,0,0,0,1,1,0,0,0,0,1,1,1,1,0,0,0,0
1842,1,1,0,0,0,0,1,1,1,0,0,0,0,1,1,1,0,0,0,0,1
1843,2,2,1,0,0,0,1,2,2,0,0,0,0,2,3,2,1,1,0,0,0
1844,1,1,1,0,0,0,0,1,1,1,0,0,0,0,1,1,0,0,1,1,0
1845,1,1,0,1,0,0,0,1,1,0,1,0,0,0,1,1,0,0,0,0,1
1846,1,1,0,0,0,0,1,1,1,0,0,0,0,1,1,1,0,0,0,0,1
1847,1,1,0,0,1,1,0,1,1,0,0,1,1,0,1,1,0,1,0,0,0
1848,1,1,0,0,0,0,1,1,1,0,0,1,1,0,1,1,0,0,0,0,1
1849,1,0,0,0,0,0,0,1,0,0,0,0,0,0,0,0,0,0,0,0,0
1850,1,1,0,0,0,0,1,1,1,0,0,0,0,1,1,1,0,0,0,0,1
1851,1,1,0,0,0,0,1,1,1,0,0,0,0,1,1,1,0,0,0,0,1
1852,1,1,0,0,0,0,1,1,0,0,0,0,0,0,1,1,1,0,0,0,0
1853,2,2,0,0,0,0,2,2,1,0,0,0,0,1,0,0,0,0,0,0,0
1854,1,1,0,0,0,0,1,1,1,0,0,0,0,1,1,1,1,0,0,0,0
1855,1,1,1,0,0,0,0,1,1,1,0,0,0,0,1,1,0,0,0,0,1
1856,1,1,0,0,0,0,1,1,1,0,0,0,0,1,1,1,0,0,0,0,1
1857,1,1,0,1,0,0,0,1,1,1,0,0,0,0,1,1,0,0,0,0,1
1858,1,1,0,1,0,0,0,1,1,1,0,0,0,0,1,1,0,0,0,0,1
1859,1,1,0,0,0,0,1,1,1,1,0,0,0,0,1,1,0,0,1,1,0
1860,1,1,0,1,0,0,0,1,1,0,0,0,0,1,1,1,0,0,0,0,1
1861,1,1,0,0,0,0,1,1,1,0,0,1,1,0,2,2,1,0,0,0,1
1862,1,1,1,0,0,0,0,1,1,0,0,0,0,1,1,1,1,0,0,0,0
1863,1,1,0,0,0,0,1,1,1,0,0,0,0,1,1,1,0,0,0,0,1
1864,1,1,0,1,0,0,0,1,1,0,1,0,0,0,1,1,1,0,0,0,0
1865,1,1,0,0,0,0,1,1,1,0,0,0,0,1,1,1,0,0,0,0,1
1866,1,0,0,0,0,0,0,0,0,0,0,0,0,0,0,0,0,0,0,0,0
1867,1,0,0,0,0,0,0,1,1,0,0,0,0,1,1,0,0,0,0,0,0
1868,1,1,0,1,0,0,0,1,1,0,1,0,0,0,1,1,0,0,0,0,1
1869,1,1,0,0,0,0,1,1,1,1,0,0,0,0,1,1,1,0,0,0,0
1870,1,1,0,0,0,0,1,1,1,1,0,0,0,0,1,1,0,0,0,0,1
1871,1,1,0,0,0,0,1,1,1,0,0,0,0,1,1,1,0,0,0,0,1
1872,1,1,1,0,0,0,0,1,1,1,0,0,0,0,1,1,0,0,0,0,1
1873,1,1,0,0,0,0,1,1,1,0,1,0,0,0,1,1,0,0,0,0,1
1874,1,1,0,0,0,0,1,2,1,0,0,0,0,1,2,1,0,0,0,0,1
1875,1,1,1,0,0,0,0,2,1,0,0,0,0,1,1,1,0,0,0,0,1
1876,1,1,0,1,0,0,0,1,1,0,1,0,0,0,1,1,0,1,0,0,0
1877,1,1,0,0,0,0,1,1,1,0,0,0,0,1,1,1,1,0,0,0,0
1878,2,2,0,0,0,0,2,2,2,0,1,0,0,1,2,1,0,1,0,0,0
1879,1,1,1,0,0,0,0,1,1,1,0,0,0,0,1,1,0,0,0,0,1
1880,1,0,0,0,0,0,0,1,0,0,0,0,0,0,1,1,0,0,0,0,1
1881,2,1,0,0,0,0,1,1,1,1,0,0,0,0,1,0,0,0,0,0,0
1882,2,2,0,0,0,0,2,2,2,0,0,0,0,2,1,1,0,1,0,0,0
1883,1,1,0,0,0,0,1,1,1,0,0,0,0,1,1,1,1,0,0,0,0
1884,1,1,0,0,0,0,1,1,1,1,0,0,0,0,1,0,0,0,0,0,0
1885,1,1,0,0,0,0,1,1,1,0,1,0,0,0,1,1,1,0,0,0,0
1886,1,1,0,0,0,0,1,1,1,1,0,0,0,0,1,1,0,0,0,0,1
1887,1,1,0,1,0,0,0,1,1,0,1,0,0,0,1,1,1,0,0,0,0
1888,1,1,0,0,0,0,1,1,1,0,0,0,0,1,1,1,1,0,0,0,0
1889,1,1,0,0,0,0,1,1,1,0,1,0,0,0,1,1,0,0,0,0,1
1890,1,1,1,0,0,0,0,1,1,1,0,0,0,0,1,1,0,0,0,0,1
1891,1,1,0,0,0,0,1,1,1,0,0,0,0,1,1,1,0,0,0,0,1
1892,1,1,1,0,0,0,0,1,1,1,0,0,0,0,1,1,1,0,0,0,0
1893,1,1,0,0,0,0,1,1,1,0,0,0,0,1,1,1,1,0,0,0,0
1894,1,1,1,0,0,0,0,1,1,0,0,0,0,1,0,0,0,0,0,0,0
1895,1,1,0,0,0,0,1,2,2,1,0,0,0,1,1,1,0,0,0,0,1
1896,1,1,1,0,0,0,0,1,1,0,0,0,0,1,1,1,1,0,0,0,0
1897,0,0,0,0,0,0,0,0,0,0,0,0,0,0,1,0,0,0,0,0,0
1898,1,1,0,1,0,0,0,1,1,0,0,0,0,1,1,1,0,0,0,0,1
1899,1,1,0,1,0,0,0,1,1,0,1,0,0,0,1,1,0,1,0,0,0
1900,1,1,0,1,0,0,0,1,1,0,1,0,0,0,1,1,0,0,1,1,0
1901,1,1,0,0,0,0,1,1,1,1,0,0,0,0,2,2,1,0,0,0,1
1902,1,0,0,0,0,0,0,2,0,0,0,0,0,0,1,0,0,0,0,0,0
1903,1,1,0,1,0,0,0,1,1,0,1,0,0,0,2,2,0,1,0,0,1
1904,1,0,0,0,0,0,0,1,0,0,0,0,0,0,0,0,0,0,0,0,0
1905,1,1,0,1,0,0,0,1,1,0,1,0,0,0,1,1,0,1,0,0,0
1906,1,1,0,0,0,0,1,1,1,0,1,0,0,0,1,1,0,0,0,0,1
1907,1,1,0,0,0,0,1,1,1,1,0,0,0,0,2,1,1,0,0,0,0
1908,1,1,0,0,0,0,1,1,1,0,1,0,0,0,1,1,0,0,0,0,1
1909,4,1,0,0,0,0,1,4,2,1,0,0,0,1,3,2,0,0,0,0,2
1910,1,1,0,0,0,0,1,1,1,1,0,0,0,0,1,1,1,0,0,0,0
1911,1,1,0,0,0,0,1,1,1,0,1,0,0,0,1,1,0,0,0,0,1
1912,1,1,0,0,0,0,1,1,1,0,1,0,0,0,1,1,0,0,0,0,1
1913,1,1,0,0,0,0,1,1,1,0,0,0,0,1,1,1,0,0,1,1,0
1914,1,1,0,0,0,0,1,1,1,1,0,0,0,0,1,1,1,0,0,0,0
1915,1,1,0,0,0,0,1,1,1,0,0,0,0,1,1,1,0,0,0,0,1
1916,2,1,0,0,0,0,1,1,1,0,0,0,0,1,1,1,0,0,0,0,1
1917,3,1,0,1,0,0,0,2,2,0,0,1,1,1,1,1,1,0,0,0,0
1918,1,1,0,1,0,0,0,1,1,1,0,0,0,0,1,1,1,0,0,0,0
1919,1,1,0,1,0,0,0,1,1,0,0,0,0,1,1,1,0,0,0,0,1
1920,1,1,0,1,0,0,0,1,1,0,1,0,0,0,1,1,1,0,0,0,0
1921,1,1,0,0,0,0,1,1,1,0,0,1,1,0,5,4,1,0,1,1,2
1922,1,1,0,1,0,0,0,1,1,0,0,0,0,1,1,1,0,0,0,0,1
1924,1,0,0,0,0,0,0,0,0,0,0,0,0,0,0,0,0,0,0,0,0
1925,1,1,0,0,0,0,1,1,1,0,0,0,0,1,1,1,1,0,0,0,0
1926,2,2,0,0,0,0,2,2,1,0,0,0,0,1,1,1,0,0,0,0,1
1927,1,1,0,1,0,0,0,1,1,0,0,0,0,1,1,1,0,0,0,0,1
1928,0,0,0,0,0,0,0,1,0,0,0,0,0,0,0,0,0,0,0,0,0
1929,2,2,0,0,0,0,2,1,1,0,0,0,0,1,1,1,0,1,0,0,0
1930,1,1,0,1,0,0,0,1,1,0,0,0,0,1,1,1,0,0,0,0,1
1931,1,1,0,0,0,0,1,1,1,0,0,0,0,1,1,1,0,0,0,0,1
1932,1,1,0,0,0,0,1,1,1,0,0,0,0,1,1,1,0,0,0,0,1
1933,1,1,0,0,0,0,1,1,0,0,0,0,0,0,1,1,0,0,0,0,1
1934,1,1,0,0,0,0,1,1,1,0,1,0,0,0,1,1,1,0,0,0,0
1935,1,1,0,0,0,0,1,1,1,0,1,0,0,0,1,1,0,0,0,0,1
1936,1,1,0,1,0,0,0,1,1,1,0,0,0,0,1,1,0,0,0,0,1
1937,1,1,0,1,0,0,0,1,1,0,0,0,0,1,1,1,0,1,0,0,0
1938,2,1,0,0,0,0,1,2,1,0,0,0,0,1,1,1,0,1,0,0,0
1939,1,1,1,0,0,0,0,1,1,1,0,0,0,0,1,1,0,1,0,0,0
1940,1,1,0,0,0,0,1,1,1,1,0,0,0,0,2,2,0,0,0,0,2
1941,1,1,0,1,0,0,0,1,1,0,0,1,1,0,1,1,0,0,0,0,1
1942,1,1,0,0,1,1,0,1,1,0,0,0,0,1,1,1,1,0,0,0,0
1943,2,2,0,0,0,0,2,2,2,1,0,0,0,1,2,2,0,0,0,0,2
1944,1,0,0,0,0,0,0,1,0,0,0,0,0,0,1,0,0,0,0,0,0
1945,4,2,1,0,0,0,1,1,1,0,0,1,1,0,1,1,0,1,0,0,0
1946,1,1,0,0,0,0,1,1,1,1,0,0,0,0,1,1,1,0,0,0,0
1947,1,1,1,0,0,0,0,1,1,0,0,0,0,1,1,1,0,0,0,0,1
1948,1,0,0,0,0,0,0,1,0,0,0,0,0,0,1,0,0,0,0,0,0
1949,1,1,1,0,0,0,0,1,1,0,0,0,0,1,1,1,0,0,0,0,1
1950,1,1,0,0,0,0,1,1,1,0,0,0,0,1,1,1,0,0,0,0,1
1951,2,1,1,0,0,0,0,1,1,0,0,0,0,1,1,1,1,0,0,0,0
1952,1,1,0,1,0,0,0,1,1,0,1,0,0,0,1,1,0,0,0,0,1
1953,1,1,1,0,0,0,0,1,1,1,0,0,0,0,1,1,0,0,0,0,1
1954,1,1,0,1,0,0,0,1,1,0,0,0,0,1,1,1,0,0,0,0,1
1955,1,1,0,1,0,0,0,1,1,0,0,0,0,1,1,1,0,0,0,0,1
1956,1,1,1,0,0,0,0,1,1,0,0,0,0,1,1,1,0,0,0,0,1
1957,2,2,0,0,0,0,2,1,1,1,0,0,0,0,1,1,0,0,0,0,1
1958,1,1,1,0,0,0,0,1,1,0,1,0,0,0,1,1,0,1,0,0,0
1959,1,1,0,0,0,0,1,1,1,0,0,0,0,1,1,1,0,0,0,0,1
1960,1,0,0,0,0,0,0,1,0,0,0,0,0,0,0,0,0,0,0,0,0
1961,1,1,0,0,0,0,1,2,2,1,0,0,0,1,2,1,0,0,0,0,1
1962,1,1,1,0,0,0,0,1,1,1,0,0,0,0,1,1,0,0,0,0,1
1963,1,1,0,0,0,0,1,1,1,1,0,0,0,0,1,1,0,0,0,0,1
1964,1,1,0,0,0,0,1,1,1,0,0,0,0,1,1,1,0,0,0,0,1
1965,2,1,1,0,0,0,0,1,1,1,0,0,0,0,1,1,0,1,0,0,0
1966,1,1,0,0,0,0,1,1,1,0,1,0,0,0,1,1,0,0,0,0,1
1967,0,0,0,0,0,0,0,1,0,0,0,0,0,0,2,1,0,0,0,0,1
1968,1,1,0,0,0,0,1,1,1,1,0,0,0,0,1,1,0,0,0,0,1
1969,1,1,0,0,0,0,1,1,1,0,0,1,1,0,1,1,0,1,0,0,0
1970,1,1,0,0,0,0,1,1,1,1,0,0,0,0,1,1,0,0,0,0,1
1971,1,1,1,0,0,0,0,1,1,0,0,0,0,1,1,1,1,0,0,0,0
1972,1,1,0,0,0,0,1,1,1,0,0,0,0,1,1,1,0,1,0,0,0
1973,1,1,1,0,0,0,0,1,1,1,0,0,0,0,1,1,0,0,0,0,1
1974,1,1,1,0,0,0,0,1,1,1,0,0,0,0,1,1,1,0,0,0,0
1975,1,0,0,0,0,0,0,1,0,0,0,0,0,0,0,0,0,0,0,0,0
1976,1,1,0,0,0,0,1,1,1,0,0,1,1,0,1,1,0,1,0,0,0
1977,1,1,1,0,0,0,0,1,1,1,0,0,0,0,1,1,0,0,1,1,0
1978,2,2,1,0,0,0,1,1,1,0,0,0,0,1,1,1,0,0,0,0,1
1979,1,1,1,0,0,0,0,1,1,1,0,0,0,0,1,1,0,0,0,0,1
1980,1,0,0,0,0,0,0,0,0,0,0,0,0,0,1,0,0,0,0,0,0
1981,2,2,0,0,0,0,2,1,1,1,0,0,0,0,2,2,1,1,0,0,0
1982,2,2,0,0,0,0,2,2,2,2,0,0,0,0,2,2,0,0,0,0,2
1983,1,1,1,0,0,0,0,1,1,1,0,0,0,0,1,1,0,1,0,0,0
1984,1,1,0,0,0,0,1,1,1,0,0,0,0,1,1,1,0,0,0,0,1
1985,1,1,1,0,0,0,0,1,1,0,0,0,0,1,1,1,1,0,0,0,0
1986,1,1,1,0,0,0,0,1,1,0,0,0,0,1,1,1,0,0,1,1,0
1987,1,1,1,0,0,0,0,1,1,1,0,0,0,0,1,1,1,0,0,0,0
1988,1,1,0,0,0,0,1,1,1,0,0,0,0,1,1,1,1,0,0,0,0
1989,1,1,0,0,1,1,0,1,1,0,0,1,1,0,1,1,0,0,0,0,1
1990,1,1,1,0,0,0,0,1,1,1,0,0,0,0,1,1,1,0,0,0,0
1991,1,1,1,0,0,0,0,1,1,0,0,0,0,1,0,0,0,0,0,0,0
1992,1,1,1,0,0,0,0,1,1,1,0,0,0,0,1,1,1,0,0,0,0
1993,1,1,0,0,1,1,0,1,1,1,0,0,0,0,0,0,0,0,0,0,0
1994,1,1,0,0,0,0,1,1,1,1,0,0,0,0,1,1,0,0,0,0,1
1995,1,1,0,0,0,0,1,1,1,0,1,0,0,0,0,0,0,0,0,0,0
1996,0,0,0,0,0,0,0,0,0,0,0,0,0,0,1,0,0,0,0,0,0
1997,1,0,0,0,0,0,0,1,0,0,0,0,0,0,1,0,0,0,0,0,0
1998,1,1,0,0,0,0,1,1,1,0,0,0,0,1,1,1,0,0,0,0,1
1999,1,1,0,0,0,0,1,1,1,0,0,0,0,1,1,1,0,0,0,0,1
2000,1,1,1,0,0,0,0,1,1,1,0,0,0,0,1,1,0,0,0,0,1
2001,1,1,1,0,0,0,0,1,1,1,0,0,0,0,1,1,0,0,0,0,1
2002,1,1,1,0,0,0,0,1,1,1,0,0,0,0,1,1,0,0,0,0,1
2003,1,1,0,0,0,0,1,1,1,0,0,0,0,1,3,3,0,0,0,0,3
2004,1,1,0,0,0,0,1,1,1,0,0,0,0,1,1,1,0,0,0,0,1
2005,1,1,0,0,0,0,1,1,1,1,0,0,0,0,1,1,0,0,0,0,1
2006,1,1,0,0,0,0,1,1,1,0,1,0,0,0,1,1,1,0,0,0,0
2007,2,2,0,0,1,1,1,2,2,0,0,0,0,2,1,1,0,0,0,0,1
2008,1,1,0,0,0,0,1,1,1,0,0,0,0,1,1,1,0,0,0,0,1
2009,1,1,0,0,0,0,1,1,1,0,1,0,0,0,1,1,0,0,0,0,1
2010,1,1,0,1,0,0,0,1,1,0,1,0,0,0,1,1,0,1,0,0,0
2011,1,1,1,0,0,0,0,1,1,0,1,0,0,0,1,1,0,0,0,0,1
2012,2,1,1,0,0,0,0,3,1,1,0,0,0,0,1,1,0,0,0,0,1
2013,1,1,0,0,0,0,1,1,1,1,0,0,0,0,1,1,0,0,0,0,1
2014,1,1,0,0,0,0,1,1,1,1,0,0,0,0,2,1,0,1,0,0,0
2015,1,1,1,0,0,0,0,1,1,1,0,0,0,0,1,1,0,0,0,0,1
2016,1,1,0,1,0,0,0,1,1,0,1,0,0,0,1,1,0,0,0,0,1
2017,1,1,0,1,0,0,0,1,1,0,0,0,0,1,2,1,0,0,1,1,0
2018,1,1,0,0,0,0,1,1,1,0,0,0,0,1,1,1,0,0,0,0,1
2019,1,1,0,0,0,0,1,1,1,1,0,0,0,0,0,0,0,0,0,0,0
2020,1,1,1,0,0,0,0,1,1,0,1,0,0,0,1,1,0,1,0,0,0
2021,1,1,0,1,0,0,0,1,1,1,0,0,0,0,1,1,0,0,0,0,1
2022,1,1,0,0,1,1,0,1,1,0,0,1,1,0,0,0,0,0,0,0,0
2023,1,1,0,0,0,0,1,1,1,0,0,0,0,1,1,1,0,0,0,0,1
2024,1,1,0,1,0,0,0,1,1,0,0,0,0,1,1,1,0,1,0,0,0
2025,1,1,0,0,0,0,1,1,1,0,0,0,0,1,1,1,1,0,0,0,0
2026,1,1,0,1,0,0,0,1,1,0,0,1,1,0,1,1,0,0,0,0,1
2027,1,1,1,0,0,0,0,1,1,1,0,0,0,0,1,1,0,0,0,0,1
2028,1,1,0,0,0,0,1,1,1,0,0,0,0,1,1,1,1,0,0,0,0
2029,1,1,0,0,0,0,1,2,1,0,0,0,0,1,1,1,1,0,0,0,0
2030,1,1,0,0,0,0,1,1,1,0,0,0,0,1,1,1,0,1,0,0,0
2031,1,1,0,0,0,0,1,1,1,0,0,0,0,1,1,1,0,0,0,0,1
2032,1,0,0,0,0,0,0,1,0,0,0,0,0,0,1,0,0,0,0,0,0
2033,1,1,0,0,0,0,1,1,1,0,1,0,0,0,1,1,1,0,0,0,0
2034,1,1,0,0,0,0,1,1,1,0,0,0,0,1,1,1,0,0,0,0,1
2035,1,1,0,0,0,0,1,1,1,1,0,0,0,0,1,1,0,0,0,0,1
2036,1,1,1,0,0,0,0,1,1,0,0,0,0,1,1,1,0,1,0,0,0
2037,1,1,0,0,0,0,1,1,1,0,0,0,0,1,1,1,0,0,0,0,1
2038,3,3,0,1,0,0,2,1,1,0,1,0,0,0,1,1,0,0,0,0,1
2039,1,1,0,1,0,0,0,1,1,0,0,0,0,1,1,1,0,0,0,0,1
2040,2,2,0,1,0,0,1,1,1,0,0,1,1,0,1,1,1,0,0,0,0
2041,1,1,0,0,0,0,1,1,1,0,0,0,0,1,1,1,0,1,0,0,0
2042,1,1,1,0,0,0,0,1,1,1,0,0,0,0,1,1,0,0,1,1,0
2043,1,1,1,0,0,0,0,1,1,0,0,0,0,1,1,1,0,0,0,0,1
2044,1,1,0,1,0,0,0,1,1,0,0,1,1,0,1,1,1,0,0,0,0
2045,1,1,0,0,0,0,1,1,1,0,0,0,0,1,1,1,0,0,0,0,1
2046,0,0,0,0,0,0,0,1,0,0,0,0,0,0,1,0,0,0,0,0,0
2047,1,0,0,0,0,0,0,1,0,0,0,0,0,0,1,0,0,0,0,0,0
2048,1,0,0,0,0,0,0,2,0,0,0,0,0,0,1,1,0,0,0,0,1
2049,1,1,0,0,0,0,1,1,1,0,0,0,0,1,2,0,0,0,0,0,0
2050,1,0,0,0,0,0,0,1,0,0,0,0,0,0,1,0,0,0,0,0,0
2051,1,1,0,0,0,0,1,1,0,0,0,0,0,0,1,0,0,0,0,0,0
2052,1,0,0,0,0,0,0,2,0,0,0,0,0,0,1,0,0,0,0,0,0
2053,1,1,0,0,0,0,1,1,1,0,0,0,0,1,1,1,1,0,0,0,0
2054,0,0,0,0,0,0,0,1,0,0,0,0,0,0,1,0,0,0,0,0,0
2056,1,0,0,0,0,0,0,1,0,0,0,0,0,0,1,1,0,0,0,0,1
2057,2,0,0,0,0,0,0,2,0,0,0,0,0,0,2,0,0,0,0,0,0
2058,1,1,1,0,0,0,0,1,1,0,0,0,0,1,1,1,0,0,0,0,1
2059,1,1,0,0,0,0,1,1,1,0,0,0,0,1,1,1,0,0,0,0,1
2060,1,1,0,1,0,0,0,1,1,0,0,0,0,1,1,1,0,0,1,1,0
2061,1,1,0,0,0,0,1,1,1,0,0,0,0,1,1,1,0,0,0,0,1
2062,1,1,0,1,0,0,0,1,1,0,1,0,0,0,1,1,0,0,1,1,0
2063,1,1,0,0,0,0,1,1,1,0,0,0,0,1,1,1,0,0,0,0,1
2064,1,1,0,0,0,0,1,1,1,1,0,0,0,0,1,1,0,0,0,0,1
2065,1,1,1,0,0,0,0,1,1,0,0,0,0,1,1,1,0,0,0,0,1
2066,1,1,0,0,1,1,0,1,1,0,0,1,1,0,1,1,0,0,0,0,1
2067,1,1,0,0,0,0,1,1,1,0,0,0,0,1,1,1,1,0,0,0,0
2068,3,3,0,0,0,0,3,3,3,0,1,0,0,2,3,2,0,1,0,0,1
2069,1,1,1,0,0,0,0,1,1,0,0,0,0,1,1,1,0,0,0,0,1
2070,1,1,0,0,0,0,1,1,1,0,0,1,1,0,1,1,0,1,0,0,0
2071,1,1,0,1,0,0,0,1,1,1,0,0,0,0,1,1,1,0,0,0,0
2072,1,1,0,0,0,0,1,1,1,1,0,0,0,0,0,0,0,0,0,0,0
2073,1,1,0,0,0,0,1,1,1,0,0,0,0,1,1,1,0,0,0,0,1
2074,1,1,0,0,0,0,1,1,1,1,0,0,0,0,1,1,0,0,0,0,1
2075,1,1,1,0,0,0,0,1,1,1,0,0,0,0,1,1,1,0,0,0,0
2076,1,1,0,1,0,0,0,1,1,0,0,0,0,1,1,1,1,0,0,0,0
2077,1,1,1,0,0,0,0,1,1,1,0,0,0,0,1,1,0,1,0,0,0
2078,1,1,0,0,0,0,1,1,1,0,0,0,0,1,1,1,1,0,0,0,0
2079,1,1,0,1,0,0,0,1,1,0,0,1,1,0,1,1,0,0,1,1,0
2080,1,1,0,0,1,1,0,1,1,0,1,0,0,0,1,1,0,0,0,0,1
2081,1,1,0,1,0,0,0,1,1,0,0,0,0,1,0,0,0,0,0,0,0
2082,1,1,0,1,0,0,0,1,1,0,1,0,0,0,1,1,0,0,0,0,1
2083,1,1,0,0,0,0,1,1,1,0,0,0,0,1,1,1,0,0,0,0,1
2084,2,2,0,0,0,0,2,3,2,0,1,0,0,1,4,3,0,0,0,0,3
2085,1,1,0,0,0,0,1,1,1,0,0,0,0,1,1,1,0,0,0,0,1
2086,1,1,1,0,0,0,0,1,1,0,1,0,0,0,1,1,0,1,0,0,0
2087,1,1,0,0,0,0,1,1,1,0,0,0,0,1,1,1,0,0,0,0,1
2088,1,1,1,0,0,0,0,1,1,1,0,0,0,0,1,1,1,0,0,0,0
2089,1,1,0,0,0,0,1,1,1,0,0,0,0,1,1,1,0,1,0,0,0
2090,1,1,1,0,0,0,0,1,1,1,0,0,0,0,1,1,0,0,0,0,1
2091,1,1,0,1,0,0,0,1,1,0,1,0,0,0,1,1,0,0,0,0,1
2092,1,1,0,0,0,0,1,1,1,0,0,0,0,1,1,1,0,1,0,0,0
2093,1,1,0,1,0,0,0,1,1,0,0,0,0,1,1,1,0,0,0,0,1
2094,1,1,1,0,0,0,0,1,1,0,0,0,0,1,1,1,0,0,0,0,1
2095,1,1,1,0,0,0,0,1,1,0,0,0,0,1,1,1,1,0,0,0,0
2096,1,1,1,0,0,0,0,1,1,1,0,0,0,0,1,1,1,0,0,0,0
2097,1,1,1,0,0,0,0,1,1,1,0,0,0,0,1,1,1,0,0,0,0
2098,1,1,0,1,0,0,0,1,1,0,0,0,0,1,1,1,0,0,0,0,1
2099,1,1,0,1,0,0,0,1,1,0,0,0,0,1,1,1,1,0,0,0,0
2100,1,1,1,0,0,0,0,1,1,1,0,0,0,0,1,1,1,0,0,0,0
2101,1,1,0,0,0,0,1,1,1,0,0,0,0,1,1,1,0,0,0,0,1
2102,1,1,1,0,0,0,0,1,1,0,0,0,0,1,1,1,0,0,0,0,1
2103,1,1,1,0,0,0,0,2,1,0,0,0,0,1,1,1,0,0,0,0,1
2104,1,1,0,1,0,0,0,1,1,0,0,0,0,1,1,1,1,0,0,0,0
2105,1,1,0,1,0,0,0,1,1,0,1,0,0,0,1,1,0,1,0,0,0
2106,1,1,0,0,0,0,1,1,1,0,0,0,0,1,1,1,1,0,0,0,0
2107,1,1,0,0,0,0,1,1,1,0,0,0,0,1,0,0,0,0,0,0,0
2108,1,1,0,0,0,0,1,1,1,1,0,0,0,0,1,1,0,0,0,0,1
2109,1,1,0,1,0,0,0,1,1,0,0,0,0,1,1,1,0,1,0,0,0
2110,1,1,0,0,0,0,1,1,1,0,0,0,0,1,1,1,1,0,0,0,0
2111,2,0,0,0,0,0,0,2,1,0,1,0,0,0,3,2,0,0,0,0,2
2112,1,1,1,0,0,0,0,1,1,0,1,0,0,0,1,1,1,0,0,0,0
2113,4,4,0,2,0,0,2,4,2,1,0,0,0,1,3,1,0,0,0,0,1
2114,1,1,0,0,0,0,1,1,1,0,0,0,0,1,1,1,0,0,0,0,1
2115,1,1,0,1,0,0,0,1,1,0,0,0,0,1,1,1,0,0,0,0,1
2116,1,1,0,0,0,0,1,1,1,0,0,1,1,0,1,1,1,0,0,0,0
2117,1,1,0,0,0,0,1,2,1,0,0,0,0,1,1,1,0,0,0,0,1
2118,1,1,0,0,0,0,1,1,1,1,0,0,0,0,1,1,0,0,0,0,1
2119,2,2,1,0,0,0,1,1,1,1,0,0,0,0,1,1,0,0,1,1,0
2120,1,1,0,0,1,1,0,1,1,0,0,1,1,0,1,1,0,0,1,1,0
2121,1,1,0,0,0,0,1,1,1,0,0,0,0,1,1,1,0,0,0,0,1
2122,1,0,0,0,0,0,0,1,1,0,0,0,0,1,1,1,0,0,0,0,1
2123,1,1,0,0,0,0,1,1,1,1,0,0,0,0,2,1,0,0,0,0,1
2124,1,1,0,1,0,0,0,1,1,1,0,0,0,0,0,0,0,0,0,0,0
2125,2,1,0,1,0,0,0,2,1,0,1,0,0,0,2,1,0,0,0,0,1
2126,1,1,0,0,0,0,1,1,1,1,0,0,0,0,1,1,0,1,0,0,0
2127,1,1,0,0,0,0,1,1,1,0,0,0,0,1,1,1,0,0,0,0,1
2128,1,1,0,1,0,0,0,1,1,0,0,0,0,1,1,1,1,0,0,0,0
2129,1,1,0,0,0,0,1,1,1,0,1,0,0,0,1,1,0,0,0,0,1
2130,1,1,0,0,0,0,1,1,1,0,0,0,0,1,1,1,0,0,0,0,1
2131,2,2,1,0,0,0,1,1,1,0,0,1,1,0,3,1,1,0,0,0,0
2132,2,2,1,0,0,0,1,2,2,0,0,0,0,2,2,2,1,0,0,0,1
2133,1,1,0,1,0,0,0,2,1,0,1,0,0,0,3,3,1,0,0,0,2
2134,1,1,0,0,0,0,1,1,1,1,0,0,0,0,1,1,0,0,0,0,1
2135,1,1,0,0,0,0,1,1,1,1,0,0,0,0,1,1,0,0,0,0,1
2136,1,1,0,1,0,0,0,1,1,0,0,0,0,1,1,1,0,1,0,0,0
2137,1,1,1,0,0,0,0,1,1,0,0,0,0,1,1,1,0,0,0,0,1
2138,1,1,0,0,0,0,1,1,1,0,0,0,0,1,1,1,1,0,0,0,0
2139,1,1,0,0,0,0,1,1,1,0,1,0,0,0,1,1,0,0,0,0,1
2140,1,1,0,1,0,0,0,1,1,0,1,0,0,0,1,1,0,0,0,0,1
2141,1,1,1,0,0,0,0,1,1,1,0,0,0,0,1,1,0,0,0,0,1
2142,1,1,0,1,0,0,0,1,1,0,0,0,0,1,1,1,0,1,0,0,0
2143,1,1,0,0,1,1,0,1,1,0,1,0,0,0,1,1,0,1,0,0,0
2144,1,1,0,0,0,0,1,1,1,0,0,0,0,1,1,1,0,0,0,0,1
2145,1,1,0,1,0,0,0,1,1,0,0,0,0,1,1,1,0,0,0,0,1
2146,1,1,0,1,0,0,0,1,1,0,0,0,0,1,1,1,0,0,0,0,1
2147,2,2,0,1,0,0,1,3,3,0,2,0,0,1,1,1,0,0,0,0,1
2148,1,1,0,1,0,0,0,1,1,0,0,0,0,1,1,1,0,0,0,0,1
2149,1,1,0,1,0,0,0,1,1,0,0,0,0,1,1,1,0,0,1,1,0
2150,1,1,0,0,0,0,1,1,1,0,0,1,1,0,1,1,0,0,1,1,0
2151,1,0,0,0,0,0,0,1,0,0,0,0,0,0,1,0,0,0,0,0,0
2152,0,0,0,0,0,0,0,1,0,0,0,0,0,0,1,0,0,0,0,0,0
2153,1,1,0,0,0,0,1,1,1,0,1,0,0,0,1,1,1,0,0,0,0
2154,1,1,0,0,0,0,1,1,1,0,0,0,0,1,1,1,0,1,0,0,0
2155,2,2,2,0,0,0,0,2,2,1,0,0,0,1,2,2,0,1,0,0,1
2156,1,1,1,0,0,0,0,1,1,1,0,0,0,0,0,0,0,0,0,0,0
2157,1,1,0,1,0,0,0,1,1,0,1,0,0,0,2,1,0,0,1,1,0
2158,1,1,1,0,0,0,0,1,1,1,0,0,0,0,1,1,1,0,0,0,0
2159,1,1,1,0,0,0,0,1,1,0,0,0,0,1,1,1,1,0,0,0,0
2160,1,1,0,1,0,0,0,1,1,1,0,0,0,0,1,1,1,0,0,0,0
2161,1,1,0,0,0,0,1,1,1,0,0,0,0,1,2,2,0,0,0,0,2
2162,1,1,0,0,0,0,1,1,1,0,1,0,0,0,1,1,1,0,0,0,0
2163,1,1,0,0,0,0,1,1,1,0,0,0,0,1,1,1,0,0,0,0,1
2164,1,1,0,0,0,0,1,1,1,0,0,0,0,1,1,1,0,0,0,0,1
2165,1,1,0,0,0,0,1,1,1,0,0,0,0,1,1,1,0,0,0,0,1
2166,1,1,0,1,0,0,0,1,1,0,0,1,1,0,1,1,0,1,0,0,0
2167,1,1,1,0,0,0,0,1,1,0,0,0,0,1,1,1,0,1,0,0,0
2168,1,1,0,1,0,0,0,1,1,0,0,0,0,1,1,1,0,0,0,0,1
2169,2,1,0,0,0,0,1,3,2,0,0,0,0,2,1,1,0,0,0,0,1
2170,1,1,0,1,0,0,0,1,1,0,1,0,0,0,1,1,0,1,0,0,0
2171,1,1,1,0,0,0,0,1,1,1,0,0,0,0,1,1,0,1,0,0,0
2172,1,1,0,0,0,0,1,1,1,0,0,0,0,1,2,2,0,0,0,0,2
2173,1,1,0,1,0,0,0,1,1,0,0,0,0,1,2,2,0,0,0,0,2
2174,1,1,0,1,0,0,0,1,1,0,0,0,0,1,2,2,0,2,0,0,0
2175,1,1,0,0,0,0,1,1,1,0,0,0,0,1,1,1,1,0,0,0,0
2176,1,1,0,0,0,0,1,1,1,1,0,0,0,0,1,0,0,0,0,0,0
2177,1,1,0,0,0,0,1,1,1,0,1,0,0,0,1,1,0,0,0,0,1
2178,1,1,0,1,0,0,0,1,0,0,0,0,0,0,1,1,0,0,0,0,1
2179,1,1,0,1,0,0,0,1,1,0,0,0,0,1,1,1,0,1,0,0,0
2180,1,1,0,0,0,0,1,1,1,1,0,0,0,0,1,1,1,0,0,0,0
2181,1,1,0,0,0,0,1,1,1,0,0,0,0,1,1,1,0,0,0,0,1
2182,1,1,1,0,0,0,0,1,1,1,0,0,0,0,1,1,1,0,0,0,0
2183,1,1,1,0,0,0,0,1,1,1,0,0,0,0,1,1,0,1,0,0,0
2184,1,1,0,1,0,0,0,1,1,0,1,0,0,0,1,1,0,0,0,0,1
2185,2,1,0,1,0,0,0,2,2,0,1,0,0,1,1,1,0,0,0,0,1
2186,1,1,0,0,0,0,1,1,1,0,0,0,0,1,1,1,0,0,0,0,1
2187,1,1,0,1,0,0,0,1,1,0,0,0,0,1,1,1,0,0,0,0,1
2188,1,1,0,0,0,0,1,1,1,0,0,0,0,1,1,1,0,0,0,0,1
2189,1,1,0,0,0,0,1,1,1,1,0,0,0,0,1,1,0,0,0,0,1
2190,1,1,1,0,0,0,0,1,1,1,0,0,0,0,0,0,0,0,0,0,0
2191,2,2,0,2,0,0,0,1,1,0,0,0,0,1,1,0,0,0,0,0,0
2192,1,1,0,0,0,0,1,1,1,1,0,0,0,0,1,1,0,1,0,0,0
2193,1,1,0,0,0,0,1,1,1,1,0,0,0,0,1,1,0,0,0,0,1
2194,1,1,0,0,0,0,1,1,1,0,0,0,0,1,1,1,1,0,0,0,0
2195,1,1,0,1,0,0,0,1,1,0,1,0,0,0,2,2,0,0,0,0,2
2196,1,1,0,0,0,0,1,1,1,1,0,0,0,0,0,0,0,0,0,0,0
2197,1,1,1,0,0,0,0,1,1,0,0,0,0,1,1,1,0,0,0,0,1
2198,1,1,0,0,0,0,1,1,1,0,0,0,0,1,1,1,0,0,0,0,1
2199,1,1,0,0,0,0,1,1,1,0,0,0,0,1,1,1,0,0,0,0,1
2200,1,1,0,0,0,0,1,1,1,0,0,0,0,1,1,1,0,0,0,0,1
2201,1,1,0,0,0,0,1,1,1,0,0,0,0,1,1,1,0,0,0,0,1
2202,1,1,1,0,0,0,0,1,1,1,0,0,0,0,1,1,0,0,0,0,1
2203,1,1,0,0,0,0,1,1,1,0,0,1,1,0,1,1,0,0,0,0,1
2204,1,1,0,0,0,0,1,1,1,0,0,0,0,1,1,1,1,0,0,0,0
2205,1,1,0,1,0,0,0,1,1,0,0,1,1,0,1,1,0,0,0,0,1
2206,1,1,0,1,0,0,0,1,1,0,0,0,0,1,1,1,0,0,0,0,1
2207,1,1,0,0,0,0,1,1,1,0,0,0,0,1,1,1,1,0,0,0,0
2208,0,0,0,0,0,0,0,1,0,0,0,0,0,0,1,0,0,0,0,0,0
2209,1,1,0,0,0,0,1,1,1,0,0,1,1,0,1,1,0,0,1,1,0
2210,1,1,1,0,0,0,0,1,1,0,0,1,1,0,1,1,1,0,0,0,0
2211,1,1,1,0,0,0,0,1,1,0,0,1,1,0,1,1,0,0,0,0,1
2212,1,1,0,1,0,0,0,1,1,0,0,0,0,1,1,1,0,0,0,0,1
2213,1,1,0,0,0,0,1,1,1,0,1,0,0,0,1,1,0,0,0,0,1
2214,1,1,1,0,0,0,0,1,1,1,0,0,0,0,2,1,0,0,0,0,1
2215,1,1,0,0,0,0,1,1,1,1,0,0,0,0,1,1,0,0,0,0,1
2216,1,1,0,0,0,0,1,1,1,0,1,0,0,0,1,1,0,0,0,0,1
2217,1,1,0,1,0,0,0,1,1,1,0,0,0,0,1,1,0,1,0,0,0
2218,1,1,0,0,0,0,1,1,1,1,0,0,0,0,1,1,1,0,0,0,0
2219,1,1,0,0,0,0,1,1,1,0,0,0,0,1,1,1,0,0,0,0,1
2220,1,1,0,1,0,0,0,1,1,1,0,0,0,0,1,1,0,0,1,1,0
2221,2,2,0,2,0,0,0,2,2,0,2,0,0,0,1,1,1,0,0,0,0
2222,1,1,0,0,0,0,1,1,1,0,1,0,0,0,1,1,0,0,0,0,1
2223,1,1,1,0,0,0,0,1,1,0,0,0,0,1,1,1,0,0,0,0,1
2224,1,1,0,0,0,0,1,1,1,1,0,0,0,0,1,1,0,1,0,0,0
2225,1,1,0,1,0,0,0,1,1,1,0,0,0,0,1,1,0,1,0,0,0
2226,1,1,0,1,0,0,0,1,1,0,0,1,1,0,1,1,0,0,0,0,1
2227,1,1,0,0,0,0,1,1,1,1,0,0,0,0,1,1,1,0,0,0,0
2228,1,1,1,0,0,0,0,1,1,1,0,0,0,0,1,1,1,0,0,0,0
2229,1,1,0,0,0,0,1,1,1,0,0,0,0,1,1,1,0,0,0,0,1
2230,1,1,1,0,0,0,0,1,1,1,0,0,0,0,1,1,0,0,0,0,1
2231,1,1,1,0,0,0,0,1,1,0,1,0,0,0,1,1,0,1,0,0,0
2232,1,1,1,0,0,0,0,1,1,0,1,0,0,0,1,1,1,0,0,0,0
2233,1,1,0,1,0,0,0,1,1,0,0,0,0,1,1,1,0,0,0,0,1
2234,1,1,0,0,0,0,1,1,1,0,0,0,0,1,1,1,1,0,0,0,0
2235,1,1,0,1,0,0,0,1,1,1,0,0,0,0,1,1,1,0,0,0,0
2236,1,1,0,1,0,0,0,1,1,0,1,0,0,0,1,1,0,0,0,0,1
2237,1,1,0,0,0,0,1,1,1,0,0,0,0,1,0,0,0,0,0,0,0
2238,1,1,1,0,0,0,0,1,1,1,0,0,0,0,1,1,1,0,0,0,0
2239,1,1,0,0,1,1,0,1,1,0,1,0,0,0,1,1,0,0,0,0,1
2240,1,1,0,1,0,0,0,1,1,0,0,1,1,0,1,1,1,0,0,0,0
2241,2,2,1,0,0,0,1,1,1,0,0,1,1,0,1,1,1,0,0,0,0
2242,1,1,0,0,0,0,1,1,1,0,0,1,1,0,1,1,0,1,0,0,0
2243,1,1,1,0,0,0,0,1,1,0,0,0,0,1,1,1,0,1,0,0,0
2244,1,1,0,1,0,0,0,1,1,1,0,0,0,0,1,1,0,0,0,0,1
2245,1,1,0,0,0,0,1,1,1,0,1,0,0,0,1,1,1,0,0,0,0
2246,1,1,0,1,0,0,0,1,1,1,0,0,0,0,1,1,1,0,0,0,0
2247,1,1,1,0,0,0,0,1,1,0,0,0,0,1,1,1,0,0,0,0,1
2248,1,1,0,0,1,1,0,1,1,0,0,1,1,0,1,1,0,0,0,0,1
2249,1,1,0,0,0,0,1,1,1,1,0,0,0,0,1,1,0,0,0,0,1
2250,1,1,0,0,1,1,0,1,1,0,1,0,0,0,2,2,0,0,1,1,1
2251,1,1,1,0,0,0,0,1,1,0,0,0,0,1,1,1,0,0,0,0,1
2252,2,2,0,0,1,1,1,2,2,0,0,0,0,2,2,2,1,0,0,0,1
2253,1,1,0,0,1,1,0,1,1,1,0,0,0,0,1,1,0,0,0,0,1
2254,1,1,0,0,0,0,1,1,1,0,0,0,0,1,1,1,0,0,0,0,1
2255,1,1,1,0,0,0,0,1,1,1,0,0,0,0,1,1,0,0,0,0,1
2256,1,1,0,0,0,0,1,1,1,0,0,0,0,1,1,1,0,0,0,0,1
2257,1,1,0,0,0,0,1,1,1,0,1,0,0,0,1,1,1,0,0,0,0
2258,1,1,0,0,0,0,1,1,1,0,0,0,0,1,1,1,0,1,0,0,0
2259,2,1,0,1,0,0,0,1,1,0,1,0,0,0,2,1,1,0,0,0,0
2260,1,1,0,0,0,0,1,1,1,0,0,0,0,1,1,1,0,0,0,0,1
2261,2,2,1,1,0,0,0,1,1,1,0,0,0,0,1,1,1,0,0,0,0
2262,1,1,0,0,0,0,1,1,1,0,0,0,0,1,1,1,0,0,0,0,1
2263,1,1,0,1,0,0,0,1,1,1,0,0,0,0,1,1,0,0,0,0,1
2264,1,1,0,1,0,0,0,1,1,0,1,0,0,0,1,1,1,0,0,0,0
2265,1,1,0,1,0,0,0,1,1,0,1,0,0,0,1,1,0,0,0,0,1
2266,1,1,0,0,0,0,1,1,1,1,0,0,0,0,1,1,0,1,0,0,0
2267,1,1,0,0,0,0,1,1,1,0,1,0,0,0,1,1,0,1,0,0,0
2268,1,1,0,1,0,0,0,1,1,0,0,1,1,0,1,1,1,0,0,0,0
2269,1,1,0,0,0,0,1,1,1,0,0,0,0,1,1,1,1,0,0,0,0
2270,1,1,0,0,1,1,0,1,1,0,0,1,1,0,1,1,0,0,0,0,1
2271,1,1,1,0,0,0,0,1,1,1,0,0,0,0,1,1,1,0,0,0,0
2272,1,1,0,0,0,0,1,1,1,1,0,0,0,0,1,1,0,0,0,0,1
2273,1,1,0,1,0,0,0,1,1,0,1,0,0,0,1,1,1,0,0,0,0
2274,1,1,0,0,0,0,1,1,1,0,0,0,0,1,1,1,1,0,0,0,0
2275,2,1,0,0,0,0,1,2,1,0,0,0,0,1,1,1,0,0,0,0,1
2276,1,1,0,1,0,0,0,1,1,0,0,0,0,1,1,1,0,0,0,0,1
2277,1,1,0,0,0,0,1,1,1,0,0,0,0,1,1,1,0,0,0,0,1
2278,1,1,0,0,0,0,1,1,1,0,0,0,0,1,1,1,0,0,0,0,1
2279,1,1,0,0,0,0,1,1,1,0,0,0,0,1,1,1,0,0,0,0,1
2280,1,1,1,0,0,0,0,1,1,0,0,0,0,1,1,1,0,0,0,0,1
2281,1,0,0,0,0,0,0,1,0,0,0,0,0,0,1,0,0,0,0,0,0
2282,1,1,1,0,0,0,0,1,1,0,0,0,0,1,1,1,0,0,0,0,1
2283,1,1,0,0,0,0,1,1,1,0,0,0,0,1,1,1,0,0,0,0,1
2284,1,1,0,0,0,0,1,1,1,1,0,0,0,0,1,1,1,0,0,0,0
2285,1,1,0,0,0,0,1,1,1,0,0,0,0,1,1,1,0,0,0,0,1
2286,1,1,0,0,0,0,1,1,1,1,0,0,0,0,1,1,0,0,0,0,1
2287,1,1,1,0,0,0,0,1,1,0,0,0,0,1,0,0,0,0,0,0,0
2288,2,2,0,2,0,0,0,2,2,0,0,1,1,1,2,2,0,0,0,0,2
2289,1,1,0,1,0,0,0,1,1,0,0,1,1,0,1,1,1,0,0,0,0
2290,1,1,0,0,0,0,1,1,1,0,0,1,1,0,1,1,0,0,0,0,1
2291,1,1,0,0,0,0,1,1,1,0,0,0,0,1,1,1,0,0,0,0,1
2292,1,1,0,0,0,0,1,1,1,1,0,0,0,0,1,1,0,0,0,0,1
2293,1,1,1,0,0,0,0,1,1,1,0,0,0,0,1,1,1,0,0,0,0
2294,1,1,0,0,0,0,1,1,1,0,0,0,0,1,0,0,0,0,0,0,0
2295,1,1,0,0,0,0,1,1,1,1,0,0,0,0,1,1,0,1,0,0,0
2296,1,1,1,0,0,0,0,1,1,0,0,0,0,1,1,1,0,0,0,0,1
2297,1,1,0,0,0,0,1,1,1,0,0,0,0,1,1,1,0,0,0,0,1
2298,1,1,0,0,0,0,1,1,1,0,0,0,0,1,1,1,0,0,0,0,1
2299,1,1,0,0,0,0,1,1,1,0,0,1,1,0,1,1,1,0,0,0,0
2300,1,1,0,0,0,0,1,1,1,0,0,0,0,1,1,1,0,0,0,0,1
2301,1,1,0,1,0,0,0,1,1,0,1,0,0,0,1,1,0,1,0,0,0
2302,1,1,0,1,0,0,0,1,1,0,1,0,0,0,0,0,0,0,0,0,0
2303,1,1,0,1,0,0,0,1,1,1,0,0,0,0,1,1,0,0,1,1,0
2304,1,1,0,1,0,0,0,1,1,0,1,0,0,0,0,0,0,0,0,0,0
2305,1,1,1,0,0,0,0,1,1,1,0,0,0,0,1,1,0,0,0,0,1
2306,1,0,0,0,0,0,0,1,0,0,0,0,0,0,0,0,0,0,0,0,0
2307,1,1,0,0,0,0,1,1,1,0,0,0,0,1,1,1,0,0,0,0,1
2308,1,1,0,0,0,0,1,1,1,0,0,0,0,1,2,2,0,0,0,0,2
2309,1,1,0,0,0,0,1,1,1,0,0,0,0,1,1,1,0,0,0,0,1
2310,1,1,0,1,0,0,0,1,1,0,0,1,1,0,1,1,0,0,0,0,1
2311,1,1,0,1,0,0,0,1,1,0,1,0,0,0,1,1,0,0,0,0,1
2312,1,1,0,0,1,1,0,1,1,1,0,0,0,0,1,1,1,0,0,0,0
2313,1,1,1,0,0,0,0,2,2,0,0,1,1,1,1,1,1,0,0,0,0
2314,1,1,0,1,0,0,0,1,1,0,0,1,1,0,1,1,1,0,0,0,0
2315,1,1,1,0,0,0,0,1,1,1,0,0,0,0,2,2,0,0,0,0,2
2316,1,1,0,1,0,0,0,1,1,0,1,0,0,0,1,1,0,0,0,0,1
2317,3,2,0,0,0,0,2,3,2,1,0,0,0,1,4,1,0,0,0,0,1
2318,1,1,1,0,0,0,0,1,1,1,0,0,0,0,2,2,0,0,0,0,2
2319,1,1,0,0,0,0,1,1,1,0,0,0,0,1,1,1,1,0,0,0,0
2320,1,1,1,0,0,0,0,1,1,1,0,0,0,0,1,1,0,0,0,0,1
2321,1,1,0,0,0,0,1,1,1,0,0,0,0,1,1,1,0,0,0,0,1
2322,1,1,0,0,0,0,1,1,1,1,0,0,0,0,1,1,0,0,0,0,1
2323,1,0,0,0,0,0,0,1,0,0,0,0,0,0,0,0,0,0,0,0,0
2324,1,0,0,0,0,0,0,1,0,0,0,0,0,0,1,0,0,0,0,0,0
2325,1,1,0,1,0,0,0,1,1,0,1,0,0,0,1,1,0,0,0,0,1
2326,1,1,0,0,0,0,1,1,1,0,0,1,1,0,1,1,0,0,0,0,1
2327,2,2,0,1,1,1,0,3,3,0,1,0,0,2,0,0,0,0,0,0,0
2328,2,2,2,0,0,0,0,1,1,1,0,0,0,0,1,1,0,0,0,0,1
2329,1,1,0,0,0,0,1,1,1,0,1,0,0,0,1,1,0,0,0,0,1
2330,1,1,1,0,0,0,0,1,1,0,0,1,1,0,1,1,0,0,1,1,0
2331,1,1,1,0,0,0,0,1,1,1,0,0,0,0,1,1,1,0,0,0,0
2332,1,1,0,0,0,0,1,1,1,0,0,0,0,1,1,1,0,0,0,0,1
2333,1,1,1,0,0,0,0,1,1,0,0,0,0,1,1,1,1,0,0,0,0
2334,2,1,0,0,0,0,1,2,1,1,0,0,0,0,1,1,1,0,0,0,0
2335,1,1,1,0,0,0,0,1,1,0,0,0,0,1,1,1,0,0,1,1,0
2336,1,0,0,0,0,0,0,0,0,0,0,0,0,0,0,0,0,0,0,0,0
2337,2,2,0,0,0,0,2,2,2,1,0,1,1,0,1,1,0,1,0,0,0
2338,1,0,0,0,0,0,0,1,0,0,0,0,0,0,0,0,0,0,0,0,0
2339,1,0,0,0,0,0,0,1,1,0,0,0,0,1,0,0,0,0,0,0,0
2340,1,1,0,0,0,0,1,1,1,0,0,0,0,1,1,1,0,0,0,0,1
2341,1,1,1,0,0,0,0,1,1,1,0,0,0,0,1,1,0,0,0,0,1
2342,2,2,1,0,0,0,1,2,2,0,0,0,0,2,2,1,0,0,0,0,1
2343,1,1,0,1,0,0,0,1,1,0,0,0,0,1,3,3,0,2,0,0,1
2344,1,1,0,0,0,0,1,1,1,1,0,0,0,0,1,1,1,0,0,0,0
2345,1,1,0,0,0,0,1,1,1,0,0,0,0,1,1,1,0,0,0,0,1
2346,1,1,0,0,0,0,1,1,1,0,0,0,0,1,1,1,0,0,0,0,1
2347,1,1,1,0,0,0,0,1,1,1,0,0,0,0,1,1,0,1,0,0,0
2348,1,1,0,0,0,0,1,1,1,0,0,0,0,1,0,0,0,0,0,0,0
2349,1,1,0,0,0,0,1,1,1,0,0,0,0,1,1,1,0,0,0,0,1
2350,1,1,0,0,0,0,1,1,1,0,0,0,0,1,1,1,0,0,0,0,1
2351,1,1,0,0,0,0,1,1,1,1,0,0,0,0,1,1,0,0,0,0,1
2352,1,1,0,0,0,0,1,1,1,0,0,0,0,1,1,1,0,0,0,0,1
2353,1,1,1,0,0,0,0,1,1,1,0,0,0,0,1,1,0,0,0,0,1
2354,1,1,0,1,0,0,0,1,1,0,1,0,0,0,1,1,0,1,0,0,0
2355,1,1,0,1,0,0,0,1,1,0,0,0,0,1,1,1,0,0,0,0,1
2356,1,1,0,0,0,0,1,1,1,0,1,0,0,0,1,1,0,0,1,1,0
2357,1,1,0,0,0,0,1,1,1,1,0,0,0,0,1,1,0,0,0,0,1
2358,1,1,0,1,0,0,0,1,1,0,1,0,0,0,1,1,1,0,0,0,0
2359,1,1,0,1,0,0,0,1,1,0,1,0,0,0,1,1,1,0,0,0,0
2360,1,1,0,0,0,0,1,1,1,1,0,0,0,0,1,1,0,0,0,0,1
2361,1,1,1,0,0,0,0,1,1,1,0,0,0,0,1,1,0,1,0,0,0
2362,1,1,0,0,0,0,1,1,1,1,0,0,0,0,1,1,0,0,0,0,1
2363,1,1,1,0,0,0,0,1,1,1,0,0,0,0,1,1,1,0,0,0,0
2364,1,1,0,1,0,0,0,1,1,0,1,0,0,0,1,1,1,0,0,0,0
2365,1,1,0,0,0,0,1,1,1,1,0,0,0,0,1,1,1,0,0,0,0
2366,1,1,1,0,0,0,0,2,2,2,0,0,0,0,2,2,0,0,0,0,2
2367,1,1,0,0,0,0,1,1,1,1,0,0,0,0,1,1,1,0,0,0,0
2368,1,1,1,0,0,0,0,1,1,1,0,0,0,0,1,1,0,0,0,0,1
2369,1,1,0,0,0,0,1,1,1,1,0,0,0,0,1,1,0,1,0,0,0
2370,1,1,0,1,0,0,0,1,1,0,0,0,0,1,1,1,0,0,0,0,1
2371,1,1,0,0,0,0,1,1,1,0,0,0,0,1,1,1,0,0,0,0,1
2372,1,1,0,0,0,0,1,1,1,0,0,0,0,1,1,1,0,0,0,0,1
2373,1,1,0,0,0,0,1,1,1,1,0,0,0,0,1,1,1,0,0,0,0
2374,1,1,1,0,0,0,0,1,1,0,0,1,1,0,1,1,1,0,0,0,0
2375,1,0,0,0,0,0,0,1,0,0,0,0,0,0,0,0,0,0,0,0,0
2376,1,0,0,0,0,0,0,1,1,0,0,0,0,1,0,0,0,0,0,0,0
2377,1,1,1,0,0,0,0,1,1,0,1,0,0,0,1,1,0,0,0,0,1
2378,1,0,0,0,0,0,0,1,0,0,0,0,0,0,1,0,0,0,0,0,0
2379,1,0,0,0,0,0,0,1,0,0,0,0,0,0,1,0,0,0,0,0,0
2381,1,1,1,0,0,0,0,1,1,1,0,0,0,0,1,1,0,0,0,0,1
2382,1,1,0,0,0,0,1,1,1,0,0,0,0,1,1,1,0,0,0,0,1
2383,1,1,0,1,0,0,0,1,1,0,1,0,0,0,0,0,0,0,0,0,0
2384,1,1,1,0,0,0,0,1,1,1,0,0,0,0,1,1,1,0,0,0,0
2385,2,2,0,1,0,0,1,3,2,0,0,0,0,2,1,1,0,0,0,0,1
2386,1,0,0,0,0,0,0,0,0,0,0,0,0,0,1,0,0,0,0,0,0
2387,1,0,0,0,0,0,0,1,1,0,0,0,0,1,1,0,0,0,0,0,0
2388,1,0,0,0,0,0,0,1,0,0,0,0,0,0,1,0,0,0,0,0,0
2389,2,1,0,1,0,0,0,1,0,0,0,0,0,0,0,0,0,0,0,0,0
2390,1,1,0,0,0,0,1,1,1,0,0,0,0,1,1,1,0,0,0,0,1
2391,1,1,0,0,0,0,1,1,1,0,0,0,0,1,1,1,1,0,0,0,0
2392,1,1,0,1,0,0,0,1,1,0,1,0,0,0,1,1,0,1,0,0,0
2393,1,1,0,0,0,0,1,1,1,1,0,0,0,0,1,1,0,0,0,0,1
2394,2,2,0,1,0,0,1,2,2,0,2,0,0,0,1,1,0,1,0,0,0
2395,1,1,0,0,0,0,1,1,1,0,0,0,0,1,1,1,0,0,0,0,1
2396,1,1,0,0,0,0,1,1,1,0,0,0,0,1,1,1,0,0,0,0,1
2397,1,1,0,1,0,0,0,1,1,0,0,0,0,1,1,1,0,0,0,0,1
2398,1,1,1,0,0,0,0,1,1,1,0,0,0,0,1,1,0,0,0,0,1
2399,1,1,0,0,0,0,1,1,1,1,0,0,0,0,1,1,0,0,0,0,1
2400,1,0,0,0,0,0,0,1,1,0,0,0,0,1,0,0,0,0,0,0,0
2402,1,1,0,0,0,0,1,1,1,0,0,0,0,1,1,1,1,0,0,0,0
2403,1,1,1,0,0,0,0,1,1,0,0,0,0,1,1,1,1,0,0,0,0
2404,1,0,0,0,0,0,0,1,0,0,0,0,0,0,1,0,0,0,0,0,0
2405,1,0,0,0,0,0,0,1,0,0,0,0,0,0,0,0,0,0,0,0,0
2406,0,0,0,0,0,0,0,0,0,0,0,0,0,0,1,0,0,0,0,0,0
2407,1,1,0,1,0,0,0,1,1,0,1,0,0,0,1,1,0,0,0,0,1
2408,1,0,0,0,0,0,0,1,1,0,0,0,0,1,1,1,1,0,0,0,0
2409,1,1,1,0,0,0,0,1,1,1,0,0,0,0,1,1,1,0,0,0,0
2410,1,1,1,0,0,0,0,1,1,1,0,0,0,0,1,1,1,0,0,0,0
2411,1,1,0,0,1,1,0,1,1,1,0,0,0,0,1,1,0,1,0,0,0
2412,1,1,0,0,0,0,1,1,1,0,0,0,0,1,1,1,0,0,0,0,1
2413,1,1,0,1,0,0,0,1,1,1,0,0,0,0,1,1,0,0,0,0,1
2414,1,1,0,0,1,1,0,1,1,1,0,0,0,0,1,1,0,0,0,0,1
2415,1,1,0,0,0,0,1,1,1,0,0,0,0,1,1,1,0,0,0,0,1
2416,1,1,0,0,0,0,1,1,1,0,0,0,0,1,1,1,0,0,0,0,1
2417,1,1,0,0,0,0,1,1,1,0,0,0,0,1,1,1,0,0,0,0,1
2418,1,1,1,0,0,0,0,1,1,1,0,0,0,0,1,1,0,0,0,0,1
2419,1,1,0,1,0,0,0,1,1,0,1,0,0,0,1,1,1,0,0,0,0
2420,1,1,0,0,0,0,1,1,1,0,0,0,0,1,1,1,0,0,0,0,1
2421,1,0,0,0,0,0,0,0,0,0,0,0,0,0,1,0,0,0,0,0,0
2422,1,0,0,0,0,0,0,1,0,0,0,0,0,0,1,0,0,0,0,0,0
2423,1,1,0,0,0,0,1,1,1,1,0,0,0,0,1,1,0,0,0,0,1
2424,1,1,1,0,0,0,0,1,1,1,0,0,0,0,1,1,0,0,1,1,0
2425,1,1,0,0,0,0,1,1,1,1,0,0,0,0,1,1,0,0,0,0,1
2426,1,1,0,0,0,0,1,1,1,0,0,0,0,1,1,1,1,0,0,0,0
2427,3,1,0,1,0,0,0,3,1,0,0,0,0,1,3,1,0,0,0,0,1
2428,1,1,0,1,0,0,0,1,1,0,1,0,0,0,1,1,0,0,0,0,1
2429,1,1,0,0,0,0,1,1,1,0,0,0,0,1,1,1,0,0,0,0,1
2430,1,1,0,1,0,0,0,1,1,0,1,0,0,0,1,1,0,0,0,0,1
2431,1,1,0,1,0,0,0,1,1,1,0,0,0,0,2,1,1,0,0,0,0
2432,1,1,0,0,0,0,1,1,1,0,0,1,1,0,1,1,0,0,0,0,1
2433,1,1,0,0,0,0,1,1,1,0,0,1,1,0,1,1,1,0,0,0,0
2434,1,1,0,0,0,0,1,1,1,0,0,1,1,0,1,1,1,0,0,0,0
2435,1,1,0,0,0,0,1,1,1,0,0,0,0,1,1,1,0,0,0,0,1
2436,1,1,0,1,0,0,0,1,1,0,0,0,0,1,1,1,1,0,0,0,0
2437,1,1,0,0,0,0,1,1,1,0,0,0,0,1,1,1,0,0,0,0,1
2438,1,1,0,1,0,0,0,1,1,0,1,0,0,0,1,1,1,0,0,0,0
2439,1,1,1,0,0,0,0,1,1,1,0,0,0,0,1,1,1,0,0,0,0
2440,1,1,1,0,0,0,0,1,1,0,0,0,0,1,1,1,0,0,0,0,1
2441,1,1,1,0,0,0,0,1,1,1,0,0,0,0,1,1,0,0,1,1,0
2442,1,1,0,0,0,0,1,1,1,0,0,0,0,1,1,1,0,0,0,0,1
2443,1,1,0,0,0,0,1,1,1,0,0,0,0,1,1,1,0,0,0,0,1
2444,1,1,0,0,0,0,1,1,1,0,1,0,0,0,1,1,1,0,0,0,0
2445,1,1,0,0,0,0,1,1,1,1,0,0,0,0,1,1,0,1,0,0,0
2446,1,1,0,1,0,0,0,1,1,0,1,0,0,0,1,1,0,0,0,0,1
2447,1,0,0,0,0,0,0,1,0,0,0,0,0,0,1,0,0,0,0,0,0
2448,1,1,0,0,0,0,1,2,1,0,0,0,0,1,2,1,0,0,0,0,1
2449,1,1,1,0,0,0,0,2,2,1,0,0,0,1,2,1,1,0,0,0,0
2450,1,1,0,0,0,0,1,1,1,1,0,0,0,0,1,1,0,0,1,1,0
2451,1,1,0,0,0,0,1,1,1,0,0,0,0,1,1,1,0,0,0,0,1
2452,1,1,0,1,0,0,0,1,1,0,1,0,0,0,1,1,0,0,1,1,0
2453,1,1,0,0,0,0,1,1,1,0,0,0,0,1,1,1,0,0,0,0,1
2454,1,0,0,0,0,0,0,1,0,0,0,0,0,0,1,0,0,0,0,0,0
2455,1,1,0,0,0,0,1,1,1,0,0,0,0,1,1,1,0,0,0,0,1
2456,1,1,0,0,0,0,1,1,1,0,0,0,0,1,1,1,1,0,0,0,0
2457,1,1,0,0,0,0,1,1,1,0,1,0,0,0,1,1,1,0,0,0,0
2458,0,0,0,0,0,0,0,0,0,0,0,0,0,0,1,0,0,0,0,0,0
2459,1,1,1,0,0,0,0,1,1,1,0,0,0,0,1,1,0,0,0,0,1
2460,0,0,0,0,0,0,0,1,0,0,0,0,0,0,1,0,0,0,0,0,0
2461,0,0,0,0,0,0,0,1,0,0,0,0,0,0,2,0,0,0,0,0,0
2462,0,0,0,0,0,0,0,1,0,0,0,0,0,0,1,0,0,0,0,0,0
2465,1,0,0,0,0,0,0,0,0,0,0,0,0,0,1,0,0,0,0,0,0
2466,1,1,0,0,0,0,1,1,1,0,0,0,0,1,1,1,0,0,0,0,1
2467,1,0,0,0,0,0,0,1,0,0,0,0,0,0,0,0,0,0,0,0,0
2468,1,0,0,0,0,0,0,1,0,0,0,0,0,0,0,0,0,0,0,0,0
2469,0,0,0,0,0,0,0,0,0,0,0,0,0,0,1,0,0,0,0,0,0
2470,1,1,1,0,0,0,0,1,1,0,0,0,0,1,1,1,1,0,0,0,0
2471,1,1,1,0,0,0,0,2,2,1,0,0,0,1,1,1,1,0,0,0,0
2472,0,0,0,0,0,0,0,1,0,0,0,0,0,0,1,0,0,0,0,0,0
2473,0,0,0,0,0,0,0,1,0,0,0,0,0,0,0,0,0,0,0,0,0
2474,1,1,0,1,0,0,0,1,1,0,1,0,0,0,1,0,0,0,0,0,0
2475,1,1,1,0,0,0,0,1,1,1,0,0,0,0,1,1,0,0,0,0,1
2476,0,0,0,0,0,0,0,1,0,0,0,0,0,0,1,0,0,0,0,0,0
2477,1,1,1,0,0,0,0,1,1,1,0,0,0,0,1,1,0,0,0,0,1
2478,1,0,0,0,0,0,0,1,0,0,0,0,0,0,0,0,0,0,0,0,0
2479,1,1,0,1,0,0,0,1,1,1,0,0,0,0,1,1,0,0,0,0,1
2480,1,0,0,0,0,0,0,1,0,0,0,0,0,0,1,0,0,0,0,0,0
2481,1,1,1,0,0,0,0,1,1,0,1,0,0,0,1,1,0,0,0,0,1
2483,0,0,0,0,0,0,0,0,0,0,0,0,0,0,1,0,0,0,0,0,0
2484,1,0,0,0,0,0,0,1,0,0,0,0,0,0,0,0,0,0,0,0,0
2485,1,1,0,0,0,0,1,1,1,1,0,0,0,0,1,1,0,0,0,0,1
2486,1,1,0,0,0,0,1,1,1,0,0,0,0,1,1,1,0,0,0,0,1
2487,1,1,0,0,0,0,1,1,1,1,0,0,0,0,1,1,0,0,0,0,1
2488,1,0,0,0,0,0,0,1,1,0,0,0,0,1,0,0,0,0,0,0,0
2489,0,0,0,0,0,0,0,1,0,0,0,0,0,0,0,0,0,0,0,0,0
2491,1,0,0,0,0,0,0,1,0,0,0,0,0,0,1,0,0,0,0,0,0
2492,0,0,0,0,0,0,0,0,0,0,0,0,0,0,1,0,0,0,0,0,0
2493,1,1,0,0,0,0,1,1,1,1,0,0,0,0,1,1,0,0,0,0,1
2494,1,1,0,0,0,0,1,1,1,0,0,0,0,1,0,0,0,0,0,0,0
2495,1,1,0,0,0,0,1,1,1,0,0,0,0,1,1,0,0,0,0,0,0
2496,1,1,0,0,0,0,1,1,1,0,0,0,0,1,1,1,0,0,0,0,1
2497,1,1,0,0,0,0,1,1,1,1,0,0,0,0,0,0,0,0,0,0,0
2498,1,1,1,0,0,0,0,1,1,0,0,0,0,1,1,1,1,0,0,0,0
2499,0,0,0,0,0,0,0,0,0,0,0,0,0,0,1,0,0,0,0,0,0
2500,3,3,0,1,0,0,2,2,2,0,2,0,0,0,4,3,0,1,0,0,2
2501,1,1,0,0,0,0,1,1,1,0,0,0,0,1,1,1,0,0,0,0,1
2502,1,0,0,0,0,0,0,1,0,0,0,0,0,0,1,0,0,0,0,0,0
2503,1,0,0,0,0,0,0,1,0,0,0,0,0,0,0,0,0,0,0,0,0
2504,1,1,0,0,0,0,1,1,1,1,0,0,0,0,1,0,0,0,0,0,0
2505,1,0,0,0,0,0,0,1,0,0,0,0,0,0,0,0,0,0,0,0,0
2506,1,0,0,0,0,0,0,1,0,0,0,0,0,0,1,0,0,0,0,0,0
2507,1,0,0,0,0,0,0,1,0,0,0,0,0,0,1,0,0,0,0,0,0
2508,0,0,0,0,0,0,0,0,0,0,0,0,0,0,1,0,0,0,0,0,0
2509,0,0,0,0,0,0,0,0,0,0,0,0,0,0,1,0,0,0,0,0,0
2510,0,0,0,0,0,0,0,0,0,0,0,0,0,0,1,0,0,0,0,0,0
2511,1,1,0,0,0,0,1,1,1,0,0,0,0,1,1,1,0,0,0,0,1
2512,1,1,1,0,0,0,0,1,1,0,1,0,0,0,2,2,2,0,0,0,0
2513,2,1,0,0,0,0,1,2,1,0,0,0,0,1,0,0,0,0,0,0,0
2514,1,1,0,0,0,0,1,1,1,0,0,1,1,0,1,1,0,1,0,0,0
2515,1,0,0,0,0,0,0,1,0,0,0,0,0,0,1,0,0,0,0,0,0
2516,1,1,0,0,0,0,1,1,1,0,0,0,0,1,3,2,0,0,0,0,2
2517,1,1,0,1,0,0,0,1,1,0,0,0,0,1,1,1,0,1,0,0,0
2518,1,1,0,0,0,0,1,1,1,0,1,0,0,0,1,1,0,0,0,0,1
2519,1,1,0,0,0,0,1,1,1,0,0,0,0,1,1,1,0,0,0,0,1
2520,1,1,0,1,0,0,0,1,1,0,1,0,0,0,1,1,0,0,0,0,1
2521,4,1,0,0,0,0,1,2,1,0,0,1,1,0,4,1,0,1,0,0,0
2522,1,1,0,0,0,0,1,1,1,0,0,0,0,1,1,1,0,0,0,0,1
2523,1,1,0,1,0,0,0,1,1,0,1,0,0,0,1,1,0,1,0,0,0
2524,2,2,0,0,0,0,2,2,2,1,0,0,0,1,2,2,0,0,0,0,2
2525,1,1,0,1,0,0,0,1,1,0,0,0,0,1,1,1,0,0,0,0,1
2526,1,0,0,0,0,0,0,2,1,0,0,0,0,1,0,0,0,0,0,0,0
2527,1,1,0,1,0,0,0,1,1,0,1,0,0,0,1,1,1,0,0,0,0
2528,1,1,0,0,0,0,1,1,1,0,0,0,0,1,1,1,0,0,0,0,1
2529,3,3,0,0,0,0,3,1,1,1,0,0,0,0,1,1,0,0,1,1,0
2530,1,1,0,0,0,0,1,1,1,0,0,1,1,0,1,1,1,0,0,0,0
2531,1,1,1,0,0,0,0,1,1,1,0,0,0,0,1,1,0,0,0,0,1
2532,1,1,0,0,0,0,1,1,1,0,0,0,0,1,1,1,0,0,0,0,1
2533,1,0,0,0,0,0,0,1,0,0,0,0,0,0,1,0,0,0,0,0,0
2534,1,1,1,0,0,0,0,1,1,0,0,0,0,1,1,1,0,0,0,0,1
2535,2,1,0,0,0,0,1,2,1,0,0,0,0,1,2,1,0,0,0,0,1
2536,1,1,0,0,0,0,1,1,1,0,0,0,0,1,1,1,0,1,0,0,0
2537,1,1,0,0,0,0,1,1,1,0,0,0,0,1,1,1,0,0,0,0,1
2538,1,0,0,0,0,0,0,1,0,0,0,0,0,0,1,1,0,0,0,0,1
2539,1,1,0,1,0,0,0,1,1,0,0,0,0,1,1,1,0,0,0,0,1
2540,1,1,0,0,1,1,0,1,1,0,1,0,0,0,1,1,0,0,0,0,1
2541,1,1,0,0,0,0,1,1,1,0,0,0,0,1,1,1,0,0,0,0,1
2542,1,1,0,0,0,0,1,1,1,0,1,0,0,0,1,1,0,0,0,0,1
2543,1,1,0,0,0,0,1,1,1,0,0,0,0,1,1,1,0,0,0,0,1
2544,1,1,0,0,0,0,1,1,1,0,0,0,0,1,1,1,0,0,0,0,1
2545,1,1,0,0,0,0,1,1,1,0,0,0,0,1,1,1,0,0,0,0,1
2546,1,1,0,0,0,0,1,1,1,0,0,0,0,1,1,1,0,0,0,0,1
2547,1,1,0,0,0,0,1,1,1,1,0,0,0,0,1,1,0,0,0,0,1
2548,1,1,0,0,0,0,1,1,1,0,0,0,0,1,1,1,0,0,0,0,1
2549,1,1,0,0,0,0,1,1,1,1,0,0,0,0,1,1,0,0,0,0,1
2550,1,1,0,0,0,0,1,1,1,0,0,0,0,1,1,1,0,0,0,0,1
2551,1,1,0,0,0,0,1,1,1,1,0,0,0,0,1,1,0,0,0,0,1
2552,1,1,0,0,0,0,1,1,1,0,0,0,0,1,1,1,1,0,0,0,0
2553,1,1,0,0,0,0,1,1,1,1,0,0,0,0,1,1,1,0,0,0,0
2554,1,1,0,1,0,0,0,1,1,0,1,0,0,0,1,1,0,0,0,0,1
2555,1,1,0,1,0,0,0,1,1,0,0,0,0,1,1,1,0,1,0,0,0
2556,3,1,0,0,0,0,1,1,1,0,0,0,0,1,1,1,1,0,0,0,0
2557,1,0,0,0,0,0,0,2,0,0,0,0,0,0,1,0,0,0,0,0,0
2558,1,1,1,0,0,0,0,1,1,1,0,0,0,0,2,1,1,0,0,0,0
2559,1,1,0,0,0,0,1,1,1,0,0,0,0,1,1,1,0,0,0,0,1
2560,1,1,0,1,0,0,0,1,1,0,0,0,0,1,1,1,0,1,0,0,0
2561,2,2,0,1,0,0,1,2,2,0,1,0,0,1,2,2,0,0,0,0,2
2562,1,1,0,1,0,0,0,1,1,0,1,0,0,0,1,1,0,0,0,0,1
2563,1,0,0,0,0,0,0,0,0,0,0,0,0,0,1,1,0,0,0,0,1
2564,1,1,0,1,0,0,0,1,1,0,1,0,0,0,1,1,1,0,0,0,0
2565,1,1,1,0,0,0,0,1,1,0,0,0,0,1,1,1,0,0,1,1,0
2566,1,1,0,1,0,0,0,1,1,0,1,0,0,0,1,1,0,1,0,0,0
2567,1,0,0,0,0,0,0,0,0,0,0,0,0,0,1,0,0,0,0,0,0
2568,1,1,1,0,0,0,0,1,1,1,0,0,0,0,1,1,1,0,0,0,0
2569,1,1,0,1,0,0,0,1,1,0,0,0,0,1,1,1,0,0,0,0,1
2570,1,1,0,0,1,1,0,1,1,1,0,0,0,0,1,1,0,1,0,0,0
2571,1,1,0,0,0,0,1,1,1,1,0,0,0,0,1,1,1,0,0,0,0
2572,1,1,0,0,0,0,1,1,1,1,0,0,0,0,1,1,0,0,0,0,1
2573,2,2,1,0,0,0,1,2,2,0,1,0,0,1,2,2,1,0,0,0,1
2574,1,1,0,1,0,0,0,1,1,0,0,0,0,1,1,1,0,0,0,0,1
2575,1,1,0,0,0,0,1,1,1,0,1,0,0,0,1,1,0,0,0,0,1
2576,1,1,0,0,0,0,1,1,0,0,0,0,0,0,1,0,0,0,0,0,0
2577,3,3,0,0,0,0,3,2,2,1,0,0,0,1,1,1,1,0,0,0,0
2578,3,3,0,0,0,0,3,1,1,0,1,0,0,0,1,1,0,0,0,0,1
2579,2,1,0,0,0,0,1,1,1,0,1,0,0,0,1,1,0,0,0,0,1
2580,1,1,0,0,0,0,1,1,1,0,0,0,0,1,1,1,1,0,0,0,0
2581,1,0,0,0,0,0,0,1,0,0,0,0,0,0,1,0,0,0,0,0,0
2582,1,0,0,0,0,0,0,1,1,0,0,0,0,1,0,0,0,0,0,0,0
2583,0,0,0,0,0,0,0,1,0,0,0,0,0,0,0,0,0,0,0,0,0
2584,1,0,0,0,0,0,0,1,0,0,0,0,0,0,0,0,0,0,0,0,0
2585,1,0,0,0,0,0,0,0,0,0,0,0,0,0,0,0,0,0,0,0,0
2586,1,0,0,0,0,0,0,1,1,0,0,0,0,1,1,0,0,0,0,0,0
2587,1,1,0,0,0,0,1,1,1,1,0,0,0,0,1,1,1,0,0,0,0
2588,2,2,1,0,0,0,1,2,1,1,0,0,0,0,1,1,0,1,0,0,0
2589,1,1,0,0,0,0,1,1,1,0,0,0,0,1,0,0,0,0,0,0,0
2590,2,0,0,0,0,0,0,1,0,0,0,0,0,0,0,0,0,0,0,0,0
2591,1,1,0,1,0,0,0,1,1,0,0,0,0,1,1,1,0,1,0,0,0
2592,1,0,0,0,0,0,0,1,0,0,0,0,0,0,0,0,0,0,0,0,0
2593,1,1,0,0,0,0,1,1,1,0,0,0,0,1,0,0,0,0,0,0,0
2594,1,0,0,0,0,0,0,1,1,0,0,0,0,1,1,1,0,0,0,0,1
2595,1,1,0,1,0,0,0,1,1,0,0,1,1,0,2,2,0,0,0,0,2
2596,1,1,0,0,1,1,0,1,1,0,1,0,0,0,1,1,0,1,0,0,0
2597,1,1,0,1,0,0,0,1,1,0,0,0,0,1,1,1,0,1,0,0,0
2598,1,0,0,0,0,0,0,0,0,0,0,0,0,0,0,0,0,0,0,0,0
2599,1,0,0,0,0,0,0,1,0,0,0,0,0,0,1,0,0,0,0,0,0
2600,1,0,0,0,0,0,0,0,0,0,0,0,0,0,0,0,0,0,0,0,0
2601,1,0,0,0,0,0,0,1,0,0,0,0,0,0,1,0,0,0,0,0,0
2603,1,1,0,0,0,0,1,1,1,0,0,0,0,1,1,1,0,0,0,0,1
2604,1,0,0,0,0,0,0,1,0,0,0,0,0,0,1,0,0,0,0,0,0
2605,1,1,0,1,0,0,0,2,1,0,1,0,0,0,1,1,0,0,0,0,1
2606,0,0,0,0,0,0,0,1,0,0,0,0,0,0,1,0,0,0,0,0,0
2607,1,0,0,0,0,0,0,1,0,0,0,0,0,0,1,0,0,0,0,0,0
2608,1,0,0,0,0,0,0,1,0,0,0,0,0,0,0,0,0,0,0,0,0
2609,1,0,0,0,0,0,0,1,0,0,0,0,0,0,0,0,0,0,0,0,0
2610,1,1,0,0,0,0,1,1,1,0,0,0,0,1,1,0,0,0,0,0,0
2611,1,1,1,0,0,0,0,1,1,0,0,0,0,1,1,1,1,0,0,0,0
2612,1,1,0,0,0,0,1,1,1,0,0,0,0,1,1,1,1,0,0,0,0
2613,1,1,0,0,0,0,1,1,1,0,0,0,0,1,1,1,0,1,0,0,0
2614,1,1,0,0,1,1,0,1,1,0,0,0,0,1,1,1,1,0,0,0,0
2615,1,1,0,0,0,0,1,1,1,0,0,0,0,1,1,0,0,0,0,0,0
2616,2,1,0,0,0,0,1,2,1,0,0,0,0,1,2,2,0,0,0,0,2
2617,1,1,0,0,0,0,1,1,1,0,0,0,0,1,1,1,1,0,0,0,0
2618,2,2,0,1,0,0,1,1,1,0,1,0,0,0,1,1,0,0,0,0,1
2619,1,0,0,0,0,0,0,1,0,0,0,0,0,0,1,1,0,0,0,0,1
2620,1,1,0,0,0,0,1,1,1,0,0,0,0,1,1,1,0,0,0,0,1
2621,3,1,1,0,0,0,0,2,2,1,0,0,0,1,0,0,0,0,0,0,0
2622,1,1,0,0,0,0,1,1,1,0,0,0,0,1,1,1,0,0,0,0,1
2623,1,1,0,0,0,0,1,1,1,0,0,0,0,1,1,1,0,0,0,0,1
2624,1,1,0,0,0,0,1,1,1,0,0,0,0,1,1,1,1,0,0,0,0
2625,1,0,0,0,0,0,0,1,0,0,0,0,0,0,1,0,0,0,0,0,0
2626,1,1,1,0,0,0,0,1,1,1,0,0,0,0,1,1,0,0,0,0,1
2627,1,0,0,0,0,0,0,1,0,0,0,0,0,0,0,0,0,0,0,0,0
2629,1,0,0,0,0,0,0,1,0,0,0,0,0,0,1,0,0,0,0,0,0
2632,1,0,0,0,0,0,0,1,0,0,0,0,0,0,0,0,0,0,0,0,0
2633,1,0,0,0,0,0,0,1,0,0,0,0,0,0,0,0,0,0,0,0,0
2634,1,0,0,0,0,0,0,1,0,0,0,0,0,0,0,0,0,0,0,0,0
2635,1,1,0,0,0,0,1,1,1,0,1,0,0,0,1,1,0,0,0,0,1
2636,1,1,1,0,0,0,0,1,1,1,0,0,0,0,1,1,1,0,0,0,0
2637,1,1,0,1,0,0,0,1,1,0,0,0,0,1,1,1,0,0,0,0,1
2638,1,1,1,0,0,0,0,1,1,1,0,0,0,0,1,1,0,0,0,0,1
2639,1,1,0,0,0,0,1,1,1,1,0,0,0,0,1,1,0,0,0,0,1
2640,1,1,0,0,0,0,1,1,1,1,0,0,0,0,1,1,0,0,0,0,1
2641,1,1,1,0,0,0,0,1,1,0,0,0,0,1,1,1,1,0,0,0,0
2642,1,1,0,0,0,0,1,1,1,0,0,0,0,1,1,1,0,0,0,0,1
2643,1,1,0,1,0,0,0,1,1,0,0,0,0,1,1,1,0,1,0,0,0
2644,0,0,0,0,0,0,0,0,0,0,0,0,0,0,1,0,0,0,0,0,0
2646,1,1,0,0,0,0,1,1,1,0,0,0,0,1,1,1,0,0,0,0,1
2647,1,0,0,0,0,0,0,1,0,0,0,0,0,0,1,0,0,0,0,0,0
2648,1,1,0,0,0,0,1,1,1,0,0,0,0,1,1,1,0,0,0,0,1
2649,1,1,0,0,0,0,1,1,1,0,0,0,0,1,1,0,0,0,0,0,0
2650,1,1,0,0,0,0,1,1,1,0,0,0,0,1,1,1,0,0,0,0,1
2651,1,0,0,0,0,0,0,0,0,0,0,0,0,0,0,0,0,0,0,0,0
2652,0,0,0,0,0,0,0,1,0,0,0,0,0,0,0,0,0,0,0,0,0
2653,1,0,0,0,0,0,0,1,0,0,0,0,0,0,0,0,0,0,0,0,0
2654,1,1,0,0,0,0,1,1,1,0,0,0,0,1,0,0,0,0,0,0,0
2655,1,0,0,0,0,0,0,1,0,0,0,0,0,0,1,0,0,0,0,0,0
2656,1,1,0,1,0,0,0,1,1,0,0,0,0,1,1,1,0,0,0,0,1
2657,1,1,1,0,0,0,0,1,1,0,0,0,0,1,1,1,0,0,0,0,1
2659,1,1,0,0,1,1,0,3,2,1,1,0,0,0,3,3,0,2,0,0,1
2660,1,0,0,0,0,0,0,1,1,0,0,0,0,1,1,0,0,0,0,0,0
2661,1,0,0,0,0,0,0,1,0,0,0,0,0,0,0,0,0,0,0,0,0
2662,1,0,0,0,0,0,0,0,0,0,0,0,0,0,0,0,0,0,0,0,0
2663,1,0,0,0,0,0,0,1,0,0,0,0,0,0,0,0,0,0,0,0,0
2664,1,0,0,0,0,0,0,0,0,0,0,0,0,0,0,0,0,0,0,0,0
2665,1,1,0,0,0,0,1,1,1,1,0,0,0,0,1,1,0,0,0,0,1
2666,1,1,0,0,0,0,1,1,1,0,0,0,0,1,1,1,0,0,0,0,1
2667,1,1,0,1,0,0,0,1,1,1,0,0,0,0,1,1,0,0,0,0,1
2668,1,1,0,0,0,0,1,1,1,1,0,0,0,0,1,1,0,0,0,0,1
2669,1,1,0,0,0,0,1,1,1,0,1,0,0,0,1,1,0,1,0,0,0
2670,1,1,0,0,0,0,1,1,1,0,0,0,0,1,1,1,0,0,0,0,1
2671,1,1,0,1,0,0,0,1,1,0,1,0,0,0,2,1,0,0,0,0,1
2672,1,0,0,0,0,0,0,1,0,0,0,0,0,0,1,0,0,0,0,0,0
2673,1,1,0,0,0,0,1,1,1,0,1,0,0,0,1,1,0,0,1,1,0
2674,1,1,1,0,0,0,0,1,1,0,0,0,0,1,1,1,0,0,0,0,1
2675,1,1,0,0,0,0,1,1,1,0,0,0,0,1,1,1,1,0,0,0,0
2676,1,1,0,1,0,0,0,1,1,0,1,0,0,0,1,1,1,0,0,0,0
2677,1,1,0,0,0,0,1,1,1,1,0,0,0,0,1,1,0,0,0,0,1
2678,1,1,0,1,0,0,0,1,1,0,1,0,0,0,1,1,0,0,0,0,1
2679,1,1,0,0,0,0,1,1,1,0,0,0,0,1,1,1,0,0,0,0,1
2680,1,1,0,0,0,0,1,1,1,1,0,0,0,0,1,0,0,0,0,0,0
2681,1,1,1,0,0,0,0,1,1,1,0,0,0,0,1,1,0,0,0,0,1
2682,1,1,0,0,0,0,1,1,1,1,0,0,0,0,1,1,1,0,0,0,0
2683,1,1,0,0,1,1,0,1,1,0,1,0,0,0,1,1,0,0,0,0,1
2684,1,1,0,0,0,0,1,1,1,0,1,0,0,0,1,1,1,0,0,0,0
2685,1,0,0,0,0,0,0,1,0,0,0,0,0,0,1,0,0,0,0,0,0
2686,2,2,0,0,0,0,2,1,1,0,0,0,0,1,3,1,0,0,0,0,1
2687,1,1,1,0,0,0,0,1,1,1,0,0,0,0,1,1,0,1,0,0,0
2688,1,0,0,0,0,0,0,0,0,0,0,0,0,0,1,0,0,0,0,0,0
2689,1,1,0,0,0,0,1,1,0,0,0,0,0,0,1,1,0,0,0,0,1
2690,1,1,0,0,0,0,1,1,1,1,0,0,0,0,1,1,1,0,0,0,0
2693,1,1,0,0,0,0,1,1,1,0,0,0,0,1,1,1,0,0,0,0,1
2694,1,1,0,0,0,0,1,1,1,0,0,0,0,1,1,1,0,0,0,0,1
2695,1,1,0,1,0,0,0,1,1,0,1,0,0,0,1,1,0,0,1,1,0
2696,2,2,0,1,0,0,1,2,1,0,1,0,0,0,2,2,0,0,1,1,1
2697,1,1,0,1,0,0,0,1,1,0,0,1,1,0,1,1,0,0,1,1,0
2698,1,1,0,1,0,0,0,2,2,0,0,1,1,1,1,1,1,0,0,0,0
2699,5,4,3,0,0,0,1,4,2,1,0,0,0,1,3,2,0,0,0,0,2
2700,1,1,0,1,0,0,0,1,1,0,1,0,0,0,1,1,1,0,0,0,0
2701,1,1,0,0,0,0,1,1,1,0,0,0,0,1,1,1,0,0,0,0,1
2702,1,1,0,1,0,0,0,1,1,0,1,0,0,0,1,1,1,0,0,0,0
2703,1,1,0,0,0,0,1,1,1,0,0,0,0,1,1,1,0,0,0,0,1
2704,1,1,0,0,0,0,1,2,1,0,0,0,0,1,1,1,0,1,0,0,0
2705,1,1,0,0,0,0,1,1,1,0,0,0,0,1,1,1,0,1,0,0,0
2706,1,1,1,0,0,0,0,1,1,1,0,0,0,0,1,1,1,0,0,0,0
2707,1,1,1,0,0,0,0,1,1,1,0,0,0,0,1,1,1,0,0,0,0
2708,1,1,0,0,0,0,1,1,1,1,0,0,0,0,1,1,0,0,0,0,1
2709,1,1,0,0,0,0,1,1,1,0,0,0,0,1,1,1,0,1,0,0,0
2710,1,1,0,0,0,0,1,1,1,0,0,0,0,1,1,1,1,0,0,0,0
2711,1,0,0,0,0,0,0,1,0,0,0,0,0,0,1,0,0,0,0,0,0
2712,1,1,0,0,0,0,1,2,2,0,0,0,0,2,2,2,0,0,1,1,1
2713,1,1,0,0,0,0,1,1,1,1,0,0,0,0,1,1,1,0,0,0,0
2714,1,1,0,1,0,0,0,1,1,0,0,0,0,1,1,1,0,0,0,0,1
2715,1,1,0,1,0,0,0,1,1,0,0,1,1,0,1,1,0,1,0,0,0
2716,1,1,0,0,1,1,0,1,1,0,0,0,0,1,1,1,0,0,0,0,1
2717,1,1,0,0,0,0,1,1,1,0,0,0,0,1,1,1,0,0,0,0,1
2718,1,1,0,0,0,0,1,1,1,0,0,0,0,1,1,0,0,0,0,0,0
2719,1,1,0,0,0,0,1,1,1,0,1,0,0,0,1,1,0,0,0,0,1
2720,1,1,0,0,0,0,1,1,1,0,0,0,0,1,1,1,0,0,0,0,1
2721,1,1,0,1,0,0,0,1,1,0,1,0,0,0,1,1,1,0,0,0,0
2722,1,1,0,0,0,0,1,1,1,0,0,0,0,1,1,1,0,0,0,0,1
2723,1,1,0,1,0,0,0,1,1,0,0,1,1,0,1,1,0,1,0,0,0
2724,1,1,0,0,0,0,1,1,1,0,0,0,0,1,1,1,0,0,0,0,1
2725,1,1,0,1,0,0,0,1,1,0,1,0,0,0,1,1,0,1,0,0,0
2726,1,1,0,0,1,1,0,1,1,0,1,0,0,0,1,1,0,0,1,1,0
2727,1,1,0,0,0,0,1,1,1,0,0,0,0,1,1,1,0,0,0,0,1
2728,1,1,0,0,0,0,1,1,1,0,0,0,0,1,0,0,0,0,0,0,0
2729,1,0,0,0,0,0,0,1,0,0,0,0,0,0,1,1,0,0,0,0,1
2730,1,1,0,1,0,0,0,1,1,0,0,1,1,0,1,1,1,0,0,0,0
2731,1,1,0,0,0,0,1,1,0,0,0,0,0,0,0,0,0,0,0,0,0
2732,1,1,1,0,0,0,0,1,1,0,0,1,1,0,1,1,0,0,1,1,0
2733,1,1,0,0,0,0,1,1,1,0,0,0,0,1,1,1,0,1,0,0,0
2734,1,1,0,1,0,0,0,1,1,0,0,1,1,0,1,1,0,0,0,0,1
2735,1,1,0,0,1,1,0,1,1,0,0,0,0,1,1,1,0,1,0,0,0
2736,1,1,0,1,0,0,0,1,1,0,0,0,0,1,1,1,0,0,1,1,0
2737,3,2,0,1,0,0,1,3,1,0,1,0,0,0,3,3,1,0,0,0,2
2738,1,1,0,0,0,0,1,1,1,0,1,0,0,0,1,1,1,0,0,0,0
2739,1,1,0,0,0,0,1,1,1,1,0,0,0,0,1,1,0,0,0,0,1
2740,1,1,0,0,0,0,1,1,1,0,1,0,0,0,1,1,0,0,0,0,1
2741,1,1,0,0,0,0,1,1,1,0,0,0,0,1,1,1,0,0,0,0,1
2742,1,1,1,0,0,0,0,1,1,0,0,1,1,0,1,1,1,0,0,0,0
2743,1,1,1,0,0,0,0,1,1,0,0,0,0,1,1,1,0,0,1,1,0
2744,1,1,0,1,0,0,0,1,1,0,1,0,0,0,1,1,0,0,0,0,1
2745,2,2,1,0,0,0,1,2,2,1,0,0,0,1,2,2,0,0,0,0,2
2746,1,1,0,0,0,0,1,1,1,0,0,0,0,1,1,1,0,0,0,0,1
2747,1,1,0,1,0,0,0,1,1,0,1,0,0,0,1,1,0,0,0,0,1
2748,1,1,0,1,0,0,0,1,1,1,0,0,0,0,1,1,0,0,0,0,1
2749,1,0,0,0,0,0,0,1,1,0,0,0,0,1,1,1,1,0,0,0,0
2750,1,1,0,0,0,0,1,1,0,0,0,0,0,0,1,0,0,0,0,0,0
2751,1,1,0,1,0,0,0,2,1,0,0,0,0,1,1,1,0,0,0,0,1
2752,1,1,1,0,0,0,0,1,1,0,0,0,0,1,1,1,0,0,0,0,1
2753,1,1,0,0,0,0,1,1,1,1,0,0,0,0,1,1,1,0,0,0,0
2754,1,1,0,0,0,0,1,1,1,0,1,0,0,0,1,1,0,1,0,0,0
2755,1,1,0,0,0,0,1,1,1,0,0,0,0,1,1,1,0,0,0,0,1
2756,1,1,0,0,0,0,1,1,1,1,0,0,0,0,2,2,0,2,0,0,0
2757,1,1,0,0,0,0,1,1,0,0,0,0,0,0,1,1,0,0,0,0,1
2758,1,1,0,0,0,0,1,1,1,0,0,0,0,1,1,1,1,0,0,0,0
2759,1,1,0,0,0,0,1,1,1,0,0,0,0,1,1,1,0,0,0,0,1
2760,1,1,0,1,0,0,0,1,1,0,0,0,0,1,1,1,0,0,0,0,1
2761,1,1,1,0,0,0,0,1,1,0,0,0,0,1,1,1,0,0,0,0,1
2762,0,0,0,0,0,0,0,1,0,0,0,0,0,0,1,0,0,0,0,0,0
2763,1,1,0,1,0,0,0,1,1,0,1,0,0,0,1,1,0,0,0,0,1
2764,1,1,0,0,0,0,1,1,1,1,0,0,0,0,1,1,0,1,0,0,0
2765,1,1,0,0,0,0,1,1,1,1,0,0,0,0,1,1,0,0,0,0,1
2766,1,1,0,0,0,0,1,1,1,0,0,0,0,1,1,1,0,0,0,0,1
2767,1,1,0,0,0,0,1,1,1,0,0,0,0,1,2,1,0,1,0,0,0
2768,1,0,0,0,0,0,0,1,0,0,0,0,0,0,0,0,0,0,0,0,0
2769,1,1,1,0,0,0,0,1,1,1,0,0,0,0,1,1,0,1,0,0,0
2770,1,1,0,1,0,0,0,1,1,1,0,0,0,0,1,1,1,0,0,0,0
2771,1,1,1,0,0,0,0,1,1,1,0,0,0,0,1,1,0,0,0,0,1
2772,1,1,0,0,0,0,1,1,1,0,0,0,0,1,1,1,0,0,0,0,1
2773,1,0,0,0,0,0,0,1,0,0,0,0,0,0,1,0,0,0,0,0,0
2774,1,0,0,0,0,0,0,0,0,0,0,0,0,0,0,0,0,0,0,0,0
2775,1,1,0,0,0,0,1,1,1,0,0,0,0,1,1,0,0,0,0,0,0
2776,1,0,0,0,0,0,0,1,0,0,0,0,0,0,0,0,0,0,0,0,0
2777,1,1,1,0,0,0,0,1,1,1,0,0,0,0,1,1,0,0,1,1,0
2778,1,0,0,0,0,0,0,0,0,0,0,0,0,0,0,0,0,0,0,0,0
2779,1,0,0,0,0,0,0,1,0,0,0,0,0,0,0,0,0,0,0,0,0
2780,1,1,0,0,0,0,1,1,1,1,0,0,0,0,1,1,0,1,0,0,0
2781,1,1,0,0,0,0,1,1,1,0,0,0,0,1,1,1,0,0,0,0,1
2782,1,1,0,0,0,0,1,1,1,0,1,0,0,0,1,1,0,0,0,0,1
2783,1,1,0,0,0,0,1,1,1,0,1,0,0,0,1,1,0,1,0,0,0
2784,1,0,0,0,0,0,0,0,0,0,0,0,0,0,1,0,0,0,0,0,0
2785,1,1,1,0,0,0,0,1,1,1,0,0,0,0,1,1,0,0,0,0,1
2786,1,0,0,0,0,0,0,0,0,0,0,0,0,0,0,0,0,0,0,0,0
2787,0,0,0,0,0,0,0,1,0,0,0,0,0,0,0,0,0,0,0,0,0
2789,1,0,0,0,0,0,0,1,0,0,0,0,0,0,1,0,0,0,0,0,0
2790,0,0,0,0,0,0,0,0,0,0,0,0,0,0,1,0,0,0,0,0,0
2791,1,1,0,0,0,0,1,1,1,0,1,0,0,0,1,1,0,0,0,0,1
2792,1,0,0,0,0,0,0,1,0,0,0,0,0,0,8,3,0,0,0,0,3
2793,1,1,0,1,0,0,0,2,2,0,1,0,0,1,4,4,2,2,0,0,0
2794,1,1,0,0,0,0,1,1,1,1,0,0,0,0,1,1,0,0,1,1,0
2795,1,1,0,1,0,0,0,1,1,0,1,0,0,0,1,1,1,0,0,0,0
2796,1,1,0,0,0,0,1,1,1,0,0,0,0,1,1,1,0,0,0,0,1
2797,1,1,0,0,0,0,1,1,1,0,1,0,0,0,1,0,0,0,0,0,0
2798,1,1,0,0,0,0,1,1,1,1,0,0,0,0,1,1,0,0,0,0,1
2799,1,1,0,0,0,0,1,1,1,0,0,0,0,1,1,1,0,0,0,0,1
2800,1,1,0,0,0,0,1,1,1,0,0,0,0,1,0,0,0,0,0,0,0
2801,1,0,0,0,0,0,0,1,0,0,0,0,0,0,0,0,0,0,0,0,0
2802,1,1,0,1,0,0,0,1,1,0,1,0,0,0,0,0,0,0,0,0,0
2803,1,1,0,0,0,0,1,1,1,0,0,1,1,0,1,1,0,0,0,0,1
2804,1,1,1,0,0,0,0,1,1,1,0,0,0,0,1,1,0,0,0,0,1
2805,1,1,0,0,0,0,1,1,1,0,0,1,1,0,1,1,1,0,0,0,0
2806,1,1,0,0,0,0,1,1,1,0,0,0,0,1,1,1,0,0,0,0,1
2807,1,1,1,0,0,0,0,1,1,0,1,0,0,0,1,1,0,0,0,0,1
2808,1,1,1,0,0,0,0,1,1,0,0,0,0,1,1,1,1,0,0,0,0
2809,1,1,0,0,0,0,1,1,1,0,1,0,0,0,1,1,0,0,0,0,1
2810,1,1,0,0,0,0,1,1,1,0,1,0,0,0,1,1,0,0,0,0,1
2811,1,1,0,0,0,0,1,1,1,0,0,0,0,1,1,1,0,0,0,0,1
2812,1,1,0,0,0,0,1,1,1,0,1,0,0,0,1,1,0,0,0,0,1
2813,1,1,0,0,0,0,1,1,1,0,0,0,0,1,2,1,0,0,0,0,1
2814,1,1,0,0,0,0,1,1,1,0,0,0,0,1,1,1,0,0,0,0,1
2815,1,1,0,0,0,0,1,1,1,0,1,0,0,0,0,0,0,0,0,0,0
2816,1,1,0,0,0,0,1,1,1,0,0,0,0,1,1,1,0,0,0,0,1
2817,1,1,0,0,0,0,1,1,1,0,0,0,0,1,1,1,0,0,0,0,1
2818,1,0,0,0,0,0,0,1,0,0,0,0,0,0,0,0,0,0,0,0,0
2819,1,1,0,0,0,0,1,1,1,0,0,0,0,1,1,1,0,0,0,0,1
2820,1,1,1,0,0,0,0,1,1,0,0,0,0,1,1,1,1,0,0,0,0
2821,1,1,0,0,0,0,1,1,1,0,0,0,0,1,1,1,1,0,0,0,0
2822,1,1,0,1,0,0,0,1,1,0,1,0,0,0,1,1,1,0,0,0,0
2823,1,0,0,0,0,0,0,1,1,0,0,0,0,1,0,0,0,0,0,0,0
2824,1,0,0,0,0,0,0,1,0,0,0,0,0,0,1,0,0,0,0,0,0
2825,1,1,0,0,0,0,1,1,1,0,0,0,0,1,1,1,0,0,0,0,1
2826,2,2,0,0,0,0,2,2,2,0,0,0,0,2,2,2,0,0,0,0,2
2827,1,1,1,0,0,0,0,1,1,0,0,0,0,1,0,0,0,0,0,0,0
2828,1,1,0,1,0,0,0,1,1,0,1,0,0,0,1,1,0,1,0,0,0
2829,1,1,0,1,0,0,0,1,1,0,1,0,0,0,1,1,0,1,0,0,0
2830,1,1,0,0,0,0,1,1,1,0,0,0,0,1,0,0,0,0,0,0,0
2831,1,1,0,1,0,0,0,1,1,0,1,0,0,0,1,1,1,0,0,0,0
2832,1,1,0,0,0,0,1,1,1,0,0,1,1,0,1,1,0,0,1,1,0
2833,1,0,0,0,0,0,0,0,0,0,0,0,0,0,0,0,0,0,0,0,0
2834,1,1,0,0,0,0,1,1,1,0,0,0,0,1,1,1,0,0,0,0,1
2835,1,1,0,1,0,0,0,1,1,1,0,0,0,0,1,1,0,0,0,0,1
2836,1,1,0,1,0,0,0,1,1,0,0,0,0,1,1,1,0,0,0,0,1
2837,1,1,0,1,0,0,0,1,1,1,0,0,0,0,1,1,1,0,0,0,0
2838,1,1,0,0,0,0,1,1,1,0,0,1,1,0,1,1,0,0,0,0,1
2839,1,1,0,1,0,0,0,1,1,0,1,0,0,0,1,1,0,1,0,0,0
2840,1,1,0,1,0,0,0,1,1,0,0,0,0,1,1,1,0,0,0,0,1
2841,1,1,0,0,0,0,1,1,1,0,0,0,0,1,0,0,0,0,0,0,0
2842,1,1,0,1,0,0,0,1,1,0,0,0,0,1,1,1,0,0,0,0,1
2843,1,0,0,0,0,0,0,1,0,0,0,0,0,0,1,0,0,0,0,0,0
2844,1,1,1,0,0,0,0,1,1,0,0,0,0,1,1,1,0,0,0,0,1
2845,1,1,1,0,0,0,0,1,1,1,0,0,0,0,2,2,0,0,0,0,2
2846,1,1,0,1,0,0,0,2,1,0,1,0,0,0,1,1,1,0,0,0,0
2847,1,1,0,0,0,0,1,1,1,0,0,0,0,1,1,1,0,0,0,0,1
2848,1,1,0,0,0,0,1,1,1,0,0,0,0,1,1,1,0,0,0,0,1
2849,1,1,0,1,0,0,0,1,1,0,0,1,1,0,1,1,1,0,0,0,0
2850,1,1,0,0,0,0,1,1,1,1,0,0,0,0,1,1,1,0,0,0,0
2851,1,1,0,0,0,0,1,1,1,0,0,0,0,1,1,1,1,0,0,0,0
2852,1,1,0,1,0,0,0,1,1,1,0,0,0,0,1,1,1,0,0,0,0
2853,1,1,0,1,0,0,0,1,1,0,0,1,1,0,1,1,0,0,0,0,1
2854,1,1,0,0,0,0,1,1,1,0,0,0,0,1,1,1,0,0,0,0,1
2855,2,1,0,0,0,0,1,3,1,0,0,0,0,1,3,1,0,0,0,0,1
2856,1,1,0,0,0,0,1,1,1,0,1,0,0,0,1,1,0,0,0,0,1
2857,1,1,0,1,0,0,0,1,1,0,0,0,0,1,1,1,0,1,0,0,0
2858,1,0,0,0,0,0,0,1,0,0,0,0,0,0,0,0,0,0,0,0,0
2859,7,5,0,3,0,0,2,7,7,2,2,1,1,2,6,5,0,1,1,1,3
2860,1,1,1,0,0,0,0,1,1,1,0,0,0,0,1,1,1,0,0,0,0
2861,1,1,0,0,0,0,1,1,1,0,0,0,0,1,1,0,0,0,0,0,0
2862,1,1,0,0,0,0,1,1,1,1,0,0,0,0,1,1,0,0,0,0,1
2863,1,1,0,0,0,0,1,1,1,0,0,0,0,1,1,1,0,0,0,0,1
2864,2,2,2,0,0,0,0,1,1,1,0,0,0,0,0,0,0,0,0,0,0
2865,1,1,0,0,0,0,1,1,1,0,0,0,0,1,1,1,1,0,0,0,0
2866,1,1,0,0,1,1,0,2,1,0,0,1,1,0,1,1,1,0,0,0,0
2867,1,1,0,0,0,0,1,1,1,1,0,0,0,0,1,1,0,0,0,0,1
2868,1,1,1,0,0,0,0,1,1,0,0,0,0,1,1,1,1,0,0,0,0
2869,1,1,1,0,0,0,0,1,1,1,0,0,0,0,1,1,0,0,0,0,1
2870,1,1,0,0,0,0,1,1,1,0,0,0,0,1,1,1,0,0,1,1,0
2871,1,1,0,0,0,0,1,1,1,0,0,0,0,1,1,1,0,0,0,0,1
2872,1,1,1,0,0,0,0,1,1,1,0,0,0,0,1,1,0,0,0,0,1
2873,1,0,0,0,0,0,0,1,0,0,0,0,0,0,1,0,0,0,0,0,0
2874,1,1,0,0,0,0,1,1,1,1,0,0,0,0,1,1,0,0,0,0,1
2875,1,1,0,0,0,0,1,1,1,1,0,0,0,0,1,1,0,0,0,0,1
2876,1,1,0,0,0,0,1,1,1,0,1,0,0,0,1,1,0,0,0,0,1
2877,1,1,0,0,0,0,1,1,1,0,0,0,0,1,1,1,1,0,0,0,0
2878,1,1,1,0,0,0,0,1,1,1,0,0,0,0,0,0,0,0,0,0,0
2879,1,1,1,0,0,0,0,1,1,0,0,0,0,1,0,0,0,0,0,0,0
2880,1,1,0,0,0,0,1,1,1,0,1,0,0,0,0,0,0,0,0,0,0
2881,1,0,0,0,0,0,0,1,0,0,0,0,0,0,1,0,0,0,0,0,0
2882,1,1,0,0,0,0,1,1,1,0,0,0,0,1,1,1,0,0,0,0,1
2883,1,1,0,0,0,0,1,1,1,1,0,0,0,0,1,1,1,0,0,0,0
2884,1,1,1,0,0,0,0,1,1,1,0,0,0,0,1,1,0,0,1,1,0
2885,2,0,0,0,0,0,0,1,0,0,0,0,0,0,1,0,0,0,0,0,0
2886,2,1,0,0,0,0,1,2,2,1,0,1,1,0,1,1,0,0,0,0,1
2887,1,1,1,0,0,0,0,1,1,0,0,0,0,1,1,1,0,0,0,0,1
2888,1,1,0,1,0,0,0,1,1,0,1,0,0,0,1,1,0,1,0,0,0
2889,1,1,0,0,1,1,0,1,1,0,1,0,0,0,0,0,0,0,0,0,0
2890,1,1,0,1,0,0,0,1,1,0,1,0,0,0,1,1,0,0,0,0,1
2891,1,0,0,0,0,0,0,1,0,0,0,0,0,0,1,0,0,0,0,0,0
2892,1,1,0,1,0,0,0,1,1,0,1,0,0,0,1,1,0,0,0,0,1
2893,1,1,0,1,0,0,0,1,1,0,1,0,0,0,1,1,0,1,0,0,0
2894,2,2,1,1,0,0,0,2,2,1,1,0,0,0,1,1,0,0,0,0,1
2895,1,1,1,0,0,0,0,1,1,1,0,0,0,0,0,0,0,0,0,0,0
2896,1,1,1,0,0,0,0,1,1,0,0,1,1,0,0,0,0,0,0,0,0
2897,1,0,0,0,0,0,0,1,0,0,0,0,0,0,1,0,0,0,0,0,0
2898,1,1,0,0,0,0,1,1,0,0,0,0,0,0,0,0,0,0,0,0,0
2899,1,1,1,0,0,0,0,1,1,0,0,0,0,1,1,1,1,0,0,0,0
2900,1,1,0,0,0,0,1,1,1,1,0,0,0,0,1,1,0,0,0,0,1
2901,1,0,0,0,0,0,0,1,0,0,0,0,0,0,1,0,0,0,0,0,0
2902,1,1,1,0,0,0,0,1,1,0,0,0,0,1,1,1,1,0,0,0,0
2903,1,1,0,1,0,0,0,1,1,0,1,0,0,0,1,1,0,1,0,0,0
2904,1,1,0,1,0,0,0,1,1,0,1,0,0,0,1,1,0,0,0,0,1
2905,1,0,0,0,0,0,0,1,0,0,0,0,0,0,0,0,0,0,0,0,0
2906,1,1,0,1,0,0,0,1,1,0,0,0,0,1,1,1,0,0,0,0,1
2907,1,1,0,0,0,0,1,1,1,0,0,0,0,1,1,0,0,0,0,0,0
2908,1,0,0,0,0,0,0,0,0,0,0,0,0,0,0,0,0,0,0,0,0
2909,1,1,0,0,0,0,1,1,0,0,0,0,0,0,0,0,0,0,0,0,0
2910,1,1,0,1,0,0,0,1,1,1,0,0,0,0,1,1,1,0,0,0,0
2911,4,0,0,0,0,0,0,3,0,0,0,0,0,0,1,0,0,0,0,0,0
2912,2,2,0,0,0,0,2,2,1,0,0,0,0,1,1,1,0,0,0,0,1
2913,1,0,0,0,0,0,0,1,0,0,0,0,0,0,1,0,0,0,0,0,0
2914,1,1,1,0,0,0,0,1,1,1,0,0,0,0,1,1,0,0,1,1,0
2915,1,0,0,0,0,0,0,1,1,1,0,0,0,0,0,0,0,0,0,0,0
2916,1,1,0,0,0,0,1,2,2,1,0,0,0,1,1,1,0,0,0,0,1
2917,1,1,0,0,1,1,0,1,1,0,0,1,1,0,1,1,0,0,0,0,1
2918,2,2,0,1,0,0,1,2,2,0,1,0,0,1,2,2,0,0,1,1,1
2919,1,0,0,0,0,0,0,1,0,0,0,0,0,0,0,0,0,0,0,0,0
2920,3,1,0,0,0,0,1,4,2,0,0,0,0,2,3,2,0,0,0,0,2
2921,1,0,0,0,0,0,0,1,0,0,0,0,0,0,0,0,0,0,0,0,0
2922,1,1,0,0,0,0,1,3,1,0,0,0,0,1,1,1,0,0,0,0,1
2923,1,1,1,0,0,0,0,1,1,1,0,0,0,0,1,1,0,1,0,0,0
2924,1,1,0,0,0,0,1,1,1,0,0,0,0,1,1,1,1,0,0,0,0
2925,2,2,0,0,0,0,2,2,2,1,0,0,0,1,2,2,0,0,0,0,2
2926,1,1,0,1,0,0,0,1,1,0,1,0,0,0,1,1,1,0,0,0,0
2927,1,1,1,0,0,0,0,1,1,0,0,0,0,1,1,1,1,0,0,0,0
2928,1,1,0,0,0,0,1,1,1,0,0,0,0,1,3,1,0,0,0,0,1
2929,1,0,0,0,0,0,0,1,1,0,0,0,0,1,0,0,0,0,0,0,0
2930,1,1,0,0,0,0,1,1,1,1,0,0,0,0,1,1,0,0,0,0,1
2931,1,1,0,1,0,0,0,1,1,0,0,0,0,1,1,1,0,0,0,0,1
2932,1,1,0,0,1,1,0,1,1,0,0,1,1,0,1,1,1,0,0,0,0
2933,1,1,0,0,0,0,1,1,1,0,0,0,0,1,1,1,0,1,0,0,0
2934,0,0,0,0,0,0,0,1,0,0,0,0,0,0,0,0,0,0,0,0,0
2935,1,1,0,1,0,0,0,1,1,0,1,0,0,0,1,1,1,0,0,0,0
2936,1,1,0,0,0,0,1,1,1,0,0,0,0,1,1,1,0,0,0,0,1
2937,1,1,0,0,0,0,1,1,1,1,0,0,0,0,1,1,1,0,0,0,0
2938,1,1,1,0,0,0,0,1,1,1,0,0,0,0,1,1,0,0,1,1,0
2939,1,1,0,0,0,0,1,1,1,0,0,0,0,1,1,1,0,0,1,1,0
2940,1,1,0,1,0,0,0,1,1,0,0,1,1,0,1,1,0,0,0,0,1
2941,1,1,0,1,0,0,0,1,1,0,1,0,0,0,1,1,0,0,0,0,1
2942,1,1,0,0,0,0,1,1,1,1,0,0,0,0,1,1,0,0,0,0,1
2943,1,1,0,0,0,0,1,1,1,0,0,0,0,1,1,1,1,0,0,0,0
2944,2,2,0,0,0,0,2,2,1,1,0,0,0,0,1,1,0,0,0,0,1
2945,2,2,0,1,0,0,1,2,2,0,0,1,1,1,1,1,0,0,1,1,0
2946,1,1,0,1,0,0,0,1,1,0,0,1,1,0,0,0,0,0,0,0,0
2947,1,1,0,1,0,0,0,1,1,0,0,1,1,0,1,1,0,0,0,0,1
2948,1,1,1,0,0,0,0,1,1,0,0,1,1,0,1,1,0,0,1,1,0
2949,1,1,0,0,0,0,1,1,1,0,0,0,0,1,1,1,1,0,0,0,0
2950,1,1,1,0,0,0,0,1,1,0,1,0,0,0,1,1,0,0,1,1,0
2951,1,0,0,0,0,0,0,1,0,0,0,0,0,0,0,0,0,0,0,0,0
2952,1,0,0,0,0,0,0,0,0,0,0,0,0,0,0,0,0,0,0,0,0
2953,1,0,0,0,0,0,0,1,0,0,0,0,0,0,0,0,0,0,0,0,0
2954,1,0,0,0,0,0,0,1,0,0,0,0,0,0,0,0,0,0,0,0,0
2955,1,1,1,0,0,0,0,1,1,1,0,0,0,0,1,1,0,0,0,0,1
2956,1,1,0,0,0,0,1,1,1,0,1,0,0,0,1,1,1,0,0,0,0
2957,1,0,0,0,0,0,0,1,1,0,0,0,0,1,0,0,0,0,0,0,0
2958,1,1,0,0,0,0,1,1,1,0,0,0,0,1,0,0,0,0,0,0,0
2959,1,1,0,0,0,0,1,1,1,0,0,0,0,1,1,1,0,1,0,0,0
2960,1,1,1,0,0,0,0,1,1,0,0,0,0,1,1,1,0,0,0,0,1
2961,1,0,0,0,0,0,0,1,0,0,0,0,0,0,0,0,0,0,0,0,0
2962,1,0,0,0,0,0,0,1,0,0,0,0,0,0,0,0,0,0,0,0,0
2963,1,0,0,0,0,0,0,2,1,0,0,0,0,1,2,0,0,0,0,0,0
2964,1,1,1,0,0,0,0,1,1,0,0,0,0,1,1,1,0,0,0,0,1
2965,1,1,1,0,0,0,0,1,1,0,0,0,0,1,0,0,0,0,0,0,0
2966,1,1,0,0,0,0,1,1,1,0,0,0,0,1,1,1,1,0,0,0,0
2967,1,1,0,0,0,0,1,1,1,0,0,0,0,1,1,1,0,1,0,0,0
2968,1,1,0,1,0,0,0,1,1,0,0,1,1,0,1,1,0,0,0,0,1
2969,1,1,0,1,0,0,0,1,1,0,0,0,0,1,1,1,0,0,0,0,1
2970,1,1,0,1,0,0,0,1,1,0,0,0,0,1,1,1,0,1,0,0,0
2971,1,1,0,0,1,1,0,1,1,0,1,0,0,0,1,1,0,0,0,0,1
2972,1,0,0,0,0,0,0,1,0,0,0,0,0,0,0,0,0,0,0,0,0
2973,1,1,1,0,0,0,0,1,1,1,0,0,0,0,1,1,0,0,0,0,1
2974,1,1,1,0,0,0,0,1,1,0,0,0,0,1,1,1,0,0,0,0,1
2975,1,1,0,0,0,0,1,1,1,1,0,0,0,0,1,1,0,1,0,0,0
2976,1,0,0,0,0,0,0,1,1,0,0,0,0,1,0,0,0,0,0,0,0
2977,1,1,0,0,0,0,1,1,1,1,0,0,0,0,0,0,0,0,0,0,0
2978,1,1,0,1,0,0,0,1,1,0,0,0,0,1,1,1,0,0,0,0,1
2979,1,1,0,1,0,0,0,1,1,0,0,0,0,1,1,1,0,0,0,0,1
2980,1,1,0,0,1,1,0,1,1,0,0,0,0,1,1,1,0,0,0,0,1
2981,3,2,1,0,0,0,1,3,3,2,0,0,0,1,2,2,0,1,0,0,1
2982,1,1,0,1,0,0,0,1,1,0,0,1,1,0,1,1,0,0,0,0,1
2983,1,1,0,0,0,0,1,1,1,0,1,0,0,0,1,1,0,0,0,0,1
2984,1,1,0,0,0,0,1,1,1,0,0,0,0,1,1,0,0,0,0,0,0
2985,2,1,0,0,0,0,1,2,2,1,1,0,0,0,2,2,1,0,0,0,1
2986,1,1,0,1,0,0,0,1,1,0,1,0,0,0,1,1,0,1,0,0,0
2987,1,1,0,1,0,0,0,1,1,0,1,0,0,0,1,1,0,0,0,0,1
2988,1,1,0,0,0,0,1,1,1,0,1,0,0,0,1,1,0,0,0,0,1
2989,1,1,0,0,0,0,1,1,1,1,0,0,0,0,1,1,1,0,0,0,0
2990,1,0,0,0,0,0,0,1,0,0,0,0,0,0,1,0,0,0,0,0,0
2991,1,1,0,0,0,0,1,1,1,0,0,0,0,1,1,1,0,0,0,0,1
2992,1,1,0,0,0,0,1,1,1,0,0,0,0,1,0,0,0,0,0,0,0
2993,1,1,0,1,0,0,0,1,1,0,0,0,0,1,1,1,0,0,1,1,0
2994,1,1,0,0,0,0,1,1,1,0,0,0,0,1,1,1,0,0,0,0,1
2995,1,1,0,0,0,0,1,1,1,1,0,0,0,0,1,1,1,0,0,0,0
2996,1,1,0,0,0,0,1,1,1,0,0,0,0,1,1,1,0,1,0,0,0
2997,1,1,0,0,0,0,1,1,1,0,0,1,1,0,1,1,1,0,0,0,0
2998,1,1,0,0,1,1,0,1,1,1,0,0,0,0,1,1,1,0,0,0,0
2999,1,1,0,0,0,0,1,1,1,0,1,0,0,0,1,1,0,0,0,0,1
3000,1,1,0,1,0,0,0,1,1,0,0,0,0,1,1,1,0,1,0,0,0
3001,1,1,1,0,0,0,0,1,1,0,0,0,0,1,0,0,0,0,0,0,0
3002,1,1,0,0,0,0,1,1,1,1,0,0,0,0,0,0,0,0,0,0,0
3003,1,1,0,0,0,0,1,1,1,0,1,0,0,0,1,1,0,1,0,0,0
3004,1,0,0,0,0,0,0,0,0,0,0,0,0,0,0,0,0,0,0,0,0
3005,1,1,0,0,0,0,1,1,1,0,1,0,0,0,1,1,1,0,0,0,0
3006,1,1,0,0,0,0,1,1,1,0,0,0,0,1,1,1,0,1,0,0,0
3007,1,0,0,0,0,0,0,1,0,0,0,0,0,0,5,1,0,0,0,0,1
3008,1,1,0,0,0,0,1,1,1,1,0,0,0,0,1,1,1,0,0,0,0
3009,1,1,1,0,0,0,0,1,1,1,0,0,0,0,1,0,0,0,0,0,0
3010,1,1,1,0,0,0,0,1,1,0,0,1,1,0,1,1,1,0,0,0,0
3011,1,1,0,0,0,0,1,1,1,0,1,0,0,0,1,1,0,0,0,0,1
3012,1,1,0,0,0,0,1,1,1,0,0,0,0,1,1,1,0,0,0,0,1
3013,1,1,0,1,0,0,0,1,1,0,0,1,1,0,1,1,0,0,1,1,0
3014,1,1,1,0,0,0,0,1,1,0,0,0,0,1,1,1,0,0,0,0,1
3015,1,1,0,0,0,0,1,1,1,1,0,0,0,0,1,0,0,0,0,0,0
3016,1,1,0,0,0,0,1,1,0,0,0,0,0,0,0,0,0,0,0,0,0
3017,1,0,0,0,0,0,0,1,0,0,0,0,0,0,0,0,0,0,0,0,0
3018,1,0,0,0,0,0,0,1,0,0,0,0,0,0,1,1,0,0,0,0,1
3019,1,0,0,0,0,0,0,1,0,0,0,0,0,0,1,0,0,0,0,0,0
3020,1,0,0,0,0,0,0,0,0,0,0,0,0,0,1,0,0,0,0,0,0
3021,1,0,0,0,0,0,0,1,0,0,0,0,0,0,1,0,0,0,0,0,0
3022,1,0,0,0,0,0,0,0,0,0,0,0,0,0,0,0,0,0,0,0,0
3023,2,1,0,0,0,0,1,1,1,0,0,0,0,1,1,0,0,0,0,0,0
3024,1,0,0,0,0,0,0,1,0,0,0,0,0,0,1,0,0,0,0,0,0
3025,1,1,0,1,0,0,0,1,1,1,0,0,0,0,1,1,0,1,0,0,0
3026,1,0,0,0,0,0,0,1,0,0,0,0,0,0,1,1,0,1,0,0,0
3027,0,0,0,0,0,0,0,1,0,0,0,0,0,0,1,0,0,0,0,0,0
3028,1,1,0,0,0,0,1,1,1,1,0,0,0,0,0,0,0,0,0,0,0
3029,1,1,0,1,0,0,0,1,1,0,0,0,0,1,1,1,0,1,0,0,0
3030,1,1,0,0,0,0,1,1,1,1,0,0,0,0,1,1,0,0,0,0,1
3031,1,1,0,1,0,0,0,1,1,1,0,0,0,0,1,1,0,0,0,0,1
3032,1,1,0,0,1,1,0,1,1,0,0,0,0,1,1,1,0,0,0,0,1
3033,1,1,0,0,0,0,1,1,1,0,0,0,0,1,1,1,0,0,0,0,1
3034,1,0,0,0,0,0,0,1,1,0,0,0,0,1,0,0,0,0,0,0,0
3035,1,1,0,0,0,0,1,1,1,0,1,0,0,0,1,1,0,1,0,0,0
3036,1,1,0,0,0,0,1,1,1,0,0,0,0,1,1,1,0,0,0,0,1
3037,1,1,1,0,0,0,0,1,1,1,0,0,0,0,1,1,0,0,1,1,0
3038,1,1,0,0,0,0,1,1,1,0,1,0,0,0,1,1,1,0,0,0,0
3039,2,1,0,0,0,0,1,2,1,0,0,0,0,1,1,1,0,0,0,0,1
3040,2,2,0,0,0,0,2,5,2,1,1,0,0,0,2,2,0,1,0,0,1
3041,1,1,0,0,0,0,1,1,1,0,0,1,1,0,1,1,1,0,0,0,0
3042,1,1,0,1,0,0,0,1,1,0,1,0,0,0,1,1,0,1,0,0,0
3043,1,1,0,0,0,0,1,1,1,0,0,0,0,1,0,0,0,0,0,0,0
3044,1,1,0,0,1,1,0,1,1,0,0,0,0,1,1,1,0,1,0,0,0
3045,1,1,0,0,0,0,1,1,1,1,0,0,0,0,1,1,0,0,0,0,1
3046,1,1,0,0,1,1,0,1,1,0,0,0,0,1,1,1,0,0,0,0,1
3047,1,1,0,0,0,0,1,1,1,0,0,0,0,1,1,1,0,0,0,0,1
3048,1,1,0,0,0,0,1,1,1,1,0,0,0,0,1,1,0,0,0,0,1
3049,1,1,0,0,0,0,1,1,1,0,0,0,0,1,1,1,0,0,0,0,1
3050,1,0,0,0,0,0,0,1,0,0,0,0,0,0,0,0,0,0,0,0,0
3051,1,0,0,0,0,0,0,1,0,0,0,0,0,0,1,0,0,0,0,0,0
3052,1,0,0,0,0,0,0,1,0,0,0,0,0,0,0,0,0,0,0,0,0
3053,1,0,0,0,0,0,0,1,0,0,0,0,0,0,0,0,0,0,0,0,0
3054,1,1,0,0,0,0,1,1,0,0,0,0,0,0,0,0,0,0,0,0,0
3055,1,1,0,1,0,0,0,1,1,0,1,0,0,0,1,1,0,0,0,0,1
3056,1,1,0,0,0,0,1,1,0,0,0,0,0,0,0,0,0,0,0,0,0
3057,2,2,0,1,0,0,1,2,2,0,2,0,0,0,1,1,0,0,0,0,1
3058,1,1,0,0,0,0,1,1,1,0,1,0,0,0,1,1,0,0,0,0,1
3059,1,1,0,0,0,0,1,1,1,0,0,0,0,1,1,1,1,0,0,0,0
3060,1,0,0,0,0,0,0,0,0,0,0,0,0,0,1,0,0,0,0,0,0
3061,1,1,0,0,0,0,1,1,1,0,0,0,0,1,1,1,0,0,0,0,1
3062,1,0,0,0,0,0,0,1,0,0,0,0,0,0,0,0,0,0,0,0,0
3063,1,1,0,0,0,0,1,1,1,1,0,0,0,0,1,1,0,0,0,0,1
3064,1,1,0,0,1,1,0,1,1,0,0,0,0,1,1,1,0,0,0,0,1
3065,1,1,0,1,0,0,0,1,1,0,1,0,0,0,1,1,0,0,1,1,0
3066,1,1,0,1,0,0,0,1,1,0,0,0,0,1,1,1,0,1,0,0,0
3067,1,1,0,0,0,0,1,1,1,1,0,0,0,0,1,1,0,0,0,0,1
3068,1,0,0,0,0,0,0,1,0,0,0,0,0,0,1,0,0,0,0,0,0
3069,1,1,0,0,1,1,0,2,1,0,0,1,1,0,1,1,1,0,0,0,0
3070,2,2,0,1,0,0,1,2,2,1,0,0,0,1,2,2,0,1,0,0,1
3071,1,1,0,1,0,0,0,1,1,0,1,0,0,0,1,1,1,0,0,0,0
3072,1,1,0,0,0,0,1,1,1,0,1,0,0,0,1,1,0,0,0,0,1
3073,1,1,0,1,0,0,0,1,1,0,1,0,0,0,1,1,0,0,0,0,1
3074,1,1,0,0,0,0,1,1,1,1,0,0,0,0,1,1,0,0,1,1,0
3075,1,1,1,0,0,0,0,1,1,0,1,0,0,0,1,1,0,1,0,0,0
3076,1,1,0,0,0,0,1,1,1,0,1,0,0,0,1,1,0,0,1,1,0
3077,0,0,0,0,0,0,0,1,0,0,0,0,0,0,1,0,0,0,0,0,0
3078,1,0,0,0,0,0,0,1,0,0,0,0,0,0,1,0,0,0,0,0,0
3079,1,0,0,0,0,0,0,0,0,0,0,0,0,0,1,0,0,0,0,0,0
3080,1,1,0,0,0,0,1,1,1,0,0,0,0,1,1,1,1,0,0,0,0
3081,1,1,0,0,0,0,1,1,1,0,0,0,0,1,1,0,0,0,0,0,0
3082,1,1,1,0,0,0,0,1,1,0,0,0,0,1,1,1,0,0,0,0,1
3083,1,1,0,1,0,0,0,1,1,0,1,0,0,0,1,1,1,0,0,0,0
3084,1,1,0,0,0,0,1,1,1,0,0,0,0,1,1,1,0,0,0,0,1
3085,1,1,0,0,0,0,1,1,1,1,0,0,0,0,1,1,0,0,0,0,1
3086,1,1,0,0,0,0,1,4,3,1,0,0,0,2,1,1,0,1,0,0,0
3087,1,1,1,0,0,0,0,1,1,1,0,0,0,0,1,1,1,0,0,0,0
3088,1,1,0,0,0,0,1,1,1,0,0,0,0,1,1,1,0,0,0,0,1
3089,1,1,0,0,0,0,1,1,1,0,0,0,0,1,1,1,0,0,0,0,1
3090,1,0,0,0,0,0,0,1,1,0,0,0,0,1,1,0,0,0,0,0,0
3091,1,1,1,0,0,0,0,1,1,0,1,0,0,0,1,1,0,0,0,0,1
3092,2,2,0,1,0,0,1,2,1,0,1,0,0,0,2,2,1,0,0,0,1
3093,1,1,1,0,0,0,0,1,1,0,0,1,1,0,1,1,0,0,0,0,1
3094,1,1,0,0,0,0,1,1,1,0,1,0,0,0,1,1,0,0,1,1,0
3095,1,1,0,1,0,0,0,1,1,0,1,0,0,0,1,1,0,0,0,0,1
3096,1,1,0,0,1,1,0,1,1,0,0,1,1,0,1,1,1,0,0,0,0
3097,1,1,0,0,1,1,0,1,1,0,0,1,1,0,1,1,0,0,0,0,1
3098,1,1,0,1,0,0,0,1,1,0,1,0,0,0,1,1,0,0,0,0,1
3099,1,1,0,0,0,0,1,1,1,0,0,0,0,1,1,1,0,0,0,0,1
3100,1,0,0,0,0,0,0,1,0,0,0,0,0,0,0,0,0,0,0,0,0
3101,2,2,1,0,0,0,1,2,2,2,0,0,0,0,3,3,1,0,0,0,2
3102,1,1,0,0,0,0,1,1,1,0,1,0,0,0,1,1,0,0,0,0,1
3103,1,1,1,0,0,0,0,1,1,0,0,0,0,1,1,1,1,0,0,0,0
3104,1,0,0,0,0,0,0,1,0,0,0,0,0,0,1,0,0,0,0,0,0
3105,1,0,0,0,0,0,0,0,0,0,0,0,0,0,0,0,0,0,0,0,0
3106,4,0,0,0,0,0,0,2,0,0,0,0,0,0,0,0,0,0,0,0,0
3107,1,0,0,0,0,0,0,1,0,0,0,0,0,0,1,1,0,1,0,0,0
3109,1,0,0,0,0,0,0,1,0,0,0,0,0,0,1,0,0,0,0,0,0
3111,1,0,0,0,0,0,0,0,0,0,0,0,0,0,1,0,0,0,0,0,0
3112,1,1,0,0,0,0,1,1,0,0,0,0,0,0,0,0,0,0,0,0,0
3113,1,1,0,1,0,0,0,1,1,1,0,0,0,0,0,0,0,0,0,0,0
3114,1,0,0,0,0,0,0,1,1,1,0,0,0,0,0,0,0,0,0,0,0
3115,1,1,1,0,0,0,0,1,1,0,0,0,0,1,1,1,0,0,0,0,1
3116,1,1,0,0,0,0,1,1,1,0,0,0,0,1,1,1,0,0,0,0,1
3117,3,2,1,1,0,0,0,3,2,0,1,0,0,1,4,3,1,0,0,0,2
3118,1,1,0,0,0,0,1,1,1,1,0,0,0,0,1,1,0,0,0,0,1
3119,1,1,1,0,0,0,0,1,1,0,1,0,0,0,1,1,0,1,0,0,0
3120,1,1,1,0,0,0,0,1,1,1,0,0,0,0,1,1,0,1,0,0,0
3121,1,1,0,0,0,0,1,1,1,0,1,0,0,0,0,0,0,0,0,0,0
3122,1,0,0,0,0,0,0,1,0,0,0,0,0,0,1,0,0,0,0,0,0
3123,1,1,0,0,0,0,1,1,1,0,0,1,1,0,1,1,0,0,0,0,1
3124,1,1,1,0,0,0,0,1,1,1,0,0,0,0,1,1,1,0,0,0,0
3125,1,1,0,0,0,0,1,1,1,1,0,0,0,0,1,1,0,0,0,0,1
3126,1,1,1,0,0,0,0,1,1,1,0,0,0,0,1,1,0,1,0,0,0
3127,1,1,0,0,0,0,1,1,1,0,0,0,0,1,1,0,0,0,0,0,0
3128,1,1,0,0,1,1,0,1,1,0,0,0,0,1,1,1,0,0,0,0,1
3129,1,1,0,0,0,0,1,1,1,0,0,0,0,1,1,1,0,0,0,0,1
3130,1,1,0,0,0,0,1,1,1,0,0,0,0,1,1,1,0,0,0,0,1
3131,1,1,0,0,0,0,1,1,1,0,0,0,0,1,0,0,0,0,0,0,0
3132,1,1,0,0,0,0,1,1,1,0,0,0,0,1,1,1,0,0,0,0,1
3133,1,0,0,0,0,0,0,1,0,0,0,0,0,0,1,0,0,0,0,0,0
3134,1,1,0,0,0,0,1,1,1,0,1,0,0,0,1,0,0,0,0,0,0
3135,2,2,0,2,0,0,0,2,2,0,2,0,0,0,2,1,0,1,0,0,0
3136,1,1,0,0,0,0,1,1,1,0,0,0,0,1,1,1,0,0,0,0,1
3137,1,1,0,0,0,0,1,1,1,0,0,0,0,1,1,1,0,0,0,0,1
3138,1,1,1,0,0,0,0,1,1,0,0,1,1,0,1,1,0,0,0,0,1
3139,1,1,1,0,0,0,0,1,1,0,0,0,0,1,1,1,0,0,0,0,1
3140,1,0,0,0,0,0,0,1,0,0,0,0,0,0,0,0,0,0,0,0,0
3141,1,0,0,0,0,0,0,1,0,0,0,0,0,0,1,0,0,0,0,0,0
3142,1,0,0,0,0,0,0,1,0,0,0,0,0,0,1,0,0,0,0,0,0
3143,1,0,0,0,0,0,0,1,0,0,0,0,0,0,1,1,0,0,0,0,1
3144,1,0,0,0,0,0,0,1,0,0,0,0,0,0,0,0,0,0,0,0,0
3145,1,1,1,0,0,0,0,1,1,1,0,0,0,0,1,1,0,1,0,0,0
3146,1,1,0,1,0,0,0,1,1,0,0,0,0,1,1,1,1,0,0,0,0
3147,5,3,0,0,0,0,3,4,2,0,0,0,0,2,2,1,0,1,0,0,0
3148,1,1,0,1,0,0,0,1,1,0,0,0,0,1,1,1,1,0,0,0,0
3149,1,1,0,1,0,0,0,1,1,0,1,0,0,0,1,1,0,0,0,0,1
3150,1,1,0,0,0,0,1,1,1,0,0,0,0,1,1,1,0,0,0,0,1
3151,1,1,0,0,0,0,1,1,1,0,0,0,0,1,1,1,0,0,0,0,1
3152,1,1,0,1,0,0,0,1,1,0,1,0,0,0,1,1,0,0,0,0,1
3153,1,1,0,0,0,0,1,1,1,1,0,0,0,0,1,1,1,0,0,0,0
3154,1,0,0,0,0,0,0,1,1,0,0,0,0,1,0,0,0,0,0,0,0
3155,1,1,0,0,0,0,1,1,1,1,0,0,0,0,1,1,1,0,0,0,0
3156,1,1,0,1,0,0,0,1,1,0,1,0,0,0,1,1,0,0,1,1,0
3157,1,1,0,0,0,0,1,1,1,0,0,0,0,1,1,1,0,0,0,0,1
3158,1,0,0,0,0,0,0,0,0,0,0,0,0,0,1,0,0,0,0,0,0
3159,1,0,0,0,0,0,0,0,0,0,0,0,0,0,0,0,0,0,0,0,0
3161,1,0,0,0,0,0,0,1,0,0,0,0,0,0,0,0,0,0,0,0,0
3162,1,1,0,0,0,0,1,1,1,0,1,0,0,0,1,1,0,1,0,0,0
3163,1,1,1,0,0,0,0,1,0,0,0,0,0,0,1,1,0,0,0,0,1
3164,2,2,0,0,0,0,2,1,1,0,1,0,0,0,1,1,0,0,0,0,1
3165,1,1,0,0,0,0,1,1,1,0,0,0,0,1,1,1,0,0,0,0,1
3166,1,1,1,0,0,0,0,1,1,1,0,0,0,0,1,1,0,0,0,0,1
3167,1,1,0,0,0,0,1,1,1,0,0,0,0,1,1,1,0,0,0,0,1
3168,1,1,0,1,0,0,0,2,1,0,1,0,0,0,2,2,1,0,0,0,1
3169,1,1,1,0,0,0,0,1,1,0,1,0,0,0,1,1,0,0,0,0,1
3170,1,0,0,0,0,0,0,1,0,0,0,0,0,0,0,0,0,0,0,0,0
3171,1,1,0,0,0,0,1,1,1,0,1,0,0,0,1,1,0,0,0,0,1
3172,1,0,0,0,0,0,0,1,0,0,0,0,0,0,0,0,0,0,0,0,0
3173,1,1,0,0,1,1,0,1,1,0,0,1,1,0,1,1,0,0,0,0,1
3174,1,1,0,0,0,0,1,1,1,0,1,0,0,0,1,1,0,0,0,0,1
3175,1,1,0,0,0,0,1,1,1,0,0,0,0,1,1,1,0,0,0,0,1
3176,1,1,0,0,0,0,1,1,1,0,0,0,0,1,1,1,0,0,0,0,1
3177,4,2,0,0,0,0,2,2,2,0,0,1,1,1,0,0,0,0,0,0,0
3178,1,1,0,0,0,0,1,1,1,0,0,0,0,1,1,1,1,0,0,0,0
3179,1,1,0,0,0,0,1,1,1,0,0,0,0,1,1,1,1,0,0,0,0
3180,1,1,0,0,0,0,1,1,1,0,0,1,1,0,0,0,0,0,0,0,0
3181,1,0,0,0,0,0,0,1,0,0,0,0,0,0,1,0,0,0,0,0,0
3182,1,1,0,0,1,1,0,1,1,0,0,1,1,0,1,1,0,0,0,0,1
3183,1,0,0,0,0,0,0,1,0,0,0,0,0,0,0,0,0,0,0,0,0
3184,1,0,0,0,0,0,0,0,0,0,0,0,0,0,0,0,0,0,0,0,0
3185,2,0,0,0,0,0,0,2,0,0,0,0,0,0,2,0,0,0,0,0,0
3186,1,1,0,1,0,0,0,1,1,0,1,0,0,0,1,1,0,0,1,1,0
3187,2,2,1,0,0,0,1,2,2,1,0,1,1,0,2,2,1,0,1,1,0
3188,1,1,0,0,0,0,1,1,1,0,0,0,0,1,1,1,0,0,0,0,1
3189,1,1,0,0,0,0,1,1,1,0,1,0,0,0,1,1,0,1,0,0,0
3190,1,1,0,0,0,0,1,1,1,0,0,0,0,1,1,1,0,0,0,0,1
3191,1,1,0,0,0,0,1,1,1,1,0,0,0,0,1,1,0,0,0,0,1
3192,1,1,0,0,0,0,1,1,1,0,0,0,0,1,1,1,0,0,0,0,1
3193,1,1,0,0,0,0,1,1,1,0,0,0,0,1,1,1,1,0,0,0,0
3194,1,1,0,0,0,0,1,1,1,1,0,0,0,0,1,1,0,0,0,0,1
3195,1,1,0,0,0,0,1,1,1,0,1,0,0,0,1,1,0,0,0,0,1
3196,1,1,0,0,0,0,1,1,1,0,0,0,0,1,1,1,0,0,0,0,1
3197,1,1,0,0,0,0,1,1,1,0,0,0,0,1,1,1,1,0,0,0,0
3198,1,1,1,0,0,0,0,1,1,0,0,0,0,1,0,0,0,0,0,0,0
3199,1,1,0,0,0,0,1,1,1,0,0,1,1,0,1,1,0,0,0,0,1
3200,1,1,0,0,0,0,1,1,1,0,1,0,0,0,1,1,0,0,0,0,1
3201,1,1,0,0,0,0,1,1,1,0,0,0,0,1,1,1,0,0,0,0,1
3202,1,0,0,0,0,0,0,1,0,0,0,0,0,0,0,0,0,0,0,0,0
3203,1,0,0,0,0,0,0,1,1,0,0,0,0,1,1,0,0,0,0,0,0
3204,1,1,0,0,0,0,1,1,1,0,0,0,0,1,1,1,0,0,0,0,1
3205,2,2,0,1,1,1,0,1,1,0,1,0,0,0,0,0,0,0,0,0,0
3206,1,1,0,0,0,0,1,1,1,0,1,0,0,0,1,1,0,0,0,0,1
3207,1,1,0,0,0,0,1,1,1,0,0,0,0,1,1,1,0,1,0,0,0
3208,1,1,0,0,0,0,1,1,0,0,0,0,0,0,0,0,0,0,0,0,0
3209,1,1,0,0,0,0,1,1,1,0,0,0,0,1,1,1,0,0,0,0,1
3210,1,1,0,0,0,0,1,1,1,1,0,0,0,0,1,1,1,0,0,0,0
3211,1,1,0,0,0,0,1,1,1,1,0,0,0,0,1,1,0,0,0,0,1
3212,1,1,0,1,0,0,0,1,1,0,1,0,0,0,1,1,1,0,0,0,0
3213,1,1,0,1,0,0,0,1,1,0,0,0,0,1,0,0,0,0,0,0,0
3214,1,1,0,1,0,0,0,1,1,1,0,0,0,0,1,1,0,0,1,1,0
3215,1,1,0,0,0,0,1,1,1,0,0,0,0,1,1,1,0,0,0,0,1
3216,1,1,0,0,0,0,1,1,1,1,0,0,0,0,1,1,1,0,0,0,0
3217,1,1,1,0,0,0,0,1,1,1,0,0,0,0,1,1,0,0,0,0,1
3218,1,1,0,0,0,0,1,1,1,0,1,0,0,0,1,1,0,1,0,0,0
3219,2,1,0,0,0,0,1,1,1,0,1,0,0,0,2,1,0,0,0,0,1
3220,2,2,0,0,0,0,2,2,1,0,0,0,0,1,2,2,1,0,0,0,1
3221,1,1,0,0,0,0,1,1,1,0,0,0,0,1,1,1,1,0,0,0,0
3222,1,0,0,0,0,0,0,1,0,0,0,0,0,0,1,0,0,0,0,0,0
3223,1,0,0,0,0,0,0,0,0,0,0,0,0,0,0,0,0,0,0,0,0
3224,1,1,1,0,0,0,0,1,1,1,0,0,0,0,1,1,0,0,0,0,1
3225,1,1,0,1,0,0,0,1,1,0,1,0,0,0,1,1,1,0,0,0,0
3226,1,0,0,0,0,0,0,1,0,0,0,0,0,0,1,0,0,0,0,0,0
3227,1,0,0,0,0,0,0,1,0,0,0,0,0,0,0,0,0,0,0,0,0
3228,1,1,0,1,0,0,0,1,1,0,1,0,0,0,1,1,1,0,0,0,0
3229,1,1,0,1,0,0,0,2,1,0,1,0,0,0,2,1,0,0,1,1,0
3230,1,1,0,1,0,0,0,1,1,0,0,0,0,1,1,1,0,0,0,0,1
3231,1,1,1,0,0,0,0,1,1,0,0,0,0,1,1,1,1,0,0,0,0
3232,1,1,0,1,0,0,0,1,1,0,1,0,0,0,1,1,0,0,0,0,1
3233,1,1,0,0,0,0,1,1,1,0,0,0,0,1,1,1,0,0,0,0,1
3234,1,1,1,0,0,0,0,1,1,1,0,0,0,0,1,1,0,0,0,0,1
3235,1,1,1,0,0,0,0,1,1,1,0,0,0,0,1,1,0,0,0,0,1
3236,1,1,0,0,0,0,1,1,1,0,0,0,0,1,1,1,0,0,0,0,1
3237,1,1,0,0,0,0,1,1,1,1,0,0,0,0,1,1,0,0,0,0,1
3238,1,1,0,0,1,1,0,1,1,1,0,0,0,0,1,1,0,0,0,0,1
3239,1,0,0,0,0,0,0,1,0,0,0,0,0,0,1,0,0,0,0,0,0
3240,1,1,0,0,0,0,1,1,1,0,0,0,0,1,1,1,1,0,0,0,0
3241,1,1,0,0,0,0,1,1,1,0,0,0,0,1,1,1,1,0,0,0,0
3242,1,1,0,1,0,0,0,1,1,0,1,0,0,0,1,1,0,0,0,0,1
3243,1,1,0,0,1,1,0,1,1,0,0,1,1,0,1,1,1,0,0,0,0
3244,1,1,0,0,0,0,1,1,1,0,0,1,1,0,1,1,1,0,0,0,0
3245,1,0,0,0,0,0,0,1,0,0,0,0,0,0,1,0,0,0,0,0,0
3246,2,2,1,0,0,0,1,2,2,0,0,0,0,2,1,1,0,0,0,0,1
3247,1,1,0,0,0,0,1,1,1,1,0,0,0,0,1,1,0,0,0,0,1
3248,1,1,0,0,0,0,1,1,1,0,0,0,0,1,1,1,0,0,0,0,1
3249,1,1,1,0,0,0,0,1,1,0,0,0,0,1,1,1,1,0,0,0,0
3250,1,1,0,0,0,0,1,1,0,0,0,0,0,0,0,0,0,0,0,0,0
3251,1,1,0,0,0,0,1,1,1,1,0,0,0,0,1,1,0,0,0,0,1
3252,1,1,0,1,0,0,0,1,1,0,1,0,0,0,0,0,0,0,0,0,0
3253,1,1,0,1,0,0,0,1,1,1,0,0,0,0,1,1,1,0,0,0,0
3254,1,0,0,0,0,0,0,1,0,0,0,0,0,0,0,0,0,0,0,0,0
3255,3,2,0,2,0,0,0,2,2,0,1,0,0,1,2,2,0,0,0,0,2
3256,1,0,0,0,0,0,0,1,0,0,0,0,0,0,0,0,0,0,0,0,0
3257,1,0,0,0,0,0,0,1,0,0,0,0,0,0,1,0,0,0,0,0,0
3258,1,1,1,0,0,0,0,1,1,1,0,0,0,0,1,1,1,0,0,0,0
3259,1,1,0,0,0,0,1,1,0,0,0,0,0,0,1,1,0,0,0,0,1
3260,1,1,0,1,0,0,0,1,1,0,1,0,0,0,1,1,0,0,0,0,1
3261,1,1,0,0,1,1,0,1,1,1,0,0,0,0,1,1,0,0,0,0,1
3262,1,1,0,1,0,0,0,1,1,0,0,1,1,0,1,1,0,1,0,0,0
3263,1,1,0,1,0,0,0,1,1,0,0,1,1,0,1,1,0,0,0,0,1
3264,1,1,0,0,0,0,1,1,1,0,0,0,0,1,1,1,0,1,0,0,0
3265,1,1,1,0,0,0,0,1,1,0,0,0,0,1,1,1,0,0,0,0,1
3266,1,1,1,0,0,0,0,1,1,0,1,0,0,0,1,1,0,1,0,0,0
3267,1,1,1,0,0,0,0,1,1,0,0,0,0,1,1,1,0,0,0,0,1
3268,1,1,0,0,0,0,1,1,1,0,0,0,0,1,1,1,0,1,0,0,0
3269,1,1,0,0,0,0,1,1,1,0,0,0,0,1,1,1,0,0,0,0,1
3270,1,1,1,0,0,0,0,1,1,1,0,0,0,0,1,1,1,0,0,0,0
3271,1,1,0,0,0,0,1,1,1,0,0,0,0,1,1,1,0,0,1,1,0
3272,1,1,1,0,0,0,0,1,1,0,1,0,0,0,1,1,0,0,0,0,1
3273,1,1,0,0,0,0,1,1,1,0,0,0,0,1,1,1,0,0,0,0,1
3274,1,1,0,0,0,0,1,1,1,0,0,0,0,1,1,1,0,0,0,0,1
3275,1,1,0,0,0,0,1,1,1,0,1,0,0,0,1,1,0,0,0,0,1
3276,1,1,0,0,0,0,1,1,1,0,0,0,0,1,0,0,0,0,0,0,0
3277,1,1,0,0,0,0,1,1,1,1,0,0,0,0,2,2,0,0,0,0,2
3278,1,1,0,0,0,0,1,1,1,0,0,0,0,1,1,1,0,0,0,0,1
3279,1,0,0,0,0,0,0,1,0,0,0,0,0,0,1,0,0,0,0,0,0
3280,1,1,0,0,0,0,1,1,1,0,1,0,0,0,1,1,0,0,0,0,1
3281,1,1,0,0,0,0,1,1,1,0,0,1,1,0,1,1,1,0,0,0,0
3282,1,1,0,0,0,0,1,1,1,0,0,0,0,1,1,1,1,0,0,0,0
3283,1,0,0,0,0,0,0,1,0,0,0,0,0,0,0,0,0,0,0,0,0
3284,1,0,0,0,0,0,0,1,0,0,0,0,0,0,1,1,0,0,0,0,1
3285,1,1,0,1,0,0,0,1,1,1,0,0,0,0,1,1,1,0,0,0,0
3286,1,1,0,0,0,0,1,1,1,0,0,0,0,1,1,1,0,0,0,0,1
3287,1,0,0,0,0,0,0,1,0,0,0,0,0,0,1,0,0,0,0,0,0
3288,0,0,0,0,0,0,0,0,0,0,0,0,0,0,1,0,0,0,0,0,0
3289,1,1,1,0,0,0,0,1,1,1,0,0,0,0,1,1,0,0,0,0,1
3290,1,0,0,0,0,0,0,1,1,0,0,0,0,1,1,1,0,0,0,0,1
3291,2,2,0,1,0,0,1,2,1,0,1,0,0,0,2,2,0,0,2,2,0
3292,1,0,0,0,0,0,0,1,0,0,0,0,0,0,1,0,0,0,0,0,0
3293,2,1,0,0,0,0,1,3,2,1,0,0,0,1,1,1,0,0,0,0,1
3294,1,1,0,1,0,0,0,1,1,0,0,1,1,0,1,1,0,0,0,0,1
3295,0,0,0,0,0,0,0,1,0,0,0,0,0,0,1,0,0,0,0,0,0
3296,1,1,0,0,0,0,1,1,1,0,1,0,0,0,1,1,0,1,0,0,0
3297,1,1,0,1,0,0,0,1,1,0,0,0,0,1,1,1,0,1,0,0,0
3298,0,0,0,0,0,0,0,1,0,0,0,0,0,0,0,0,0,0,0,0,0
3299,1,1,0,0,0,0,1,1,1,0,0,0,0,1,1,1,0,0,0,0,1
3300,1,1,0,0,0,0,1,1,1,1,0,0,0,0,1,0,0,0,0,0,0
3301,2,2,1,0,0,0,1,2,1,1,0,0,0,0,1,1,1,0,0,0,0
3302,1,1,0,1,0,0,0,1,1,0,1,0,0,0,1,1,1,0,0,0,0
3303,1,1,0,0,0,0,1,1,1,0,0,0,0,1,1,1,0,0,0,0,1
3304,1,1,0,0,0,0,1,1,1,0,0,0,0,1,1,1,0,0,0,0,1
3305,1,1,1,0,0,0,0,1,1,0,0,0,0,1,0,0,0,0,0,0,0
3306,1,1,0,0,0,0,1,1,1,0,1,0,0,0,1,1,0,0,0,0,1
3307,1,1,0,0,0,0,1,1,1,1,0,0,0,0,1,1,0,0,0,0,1
3308,1,1,1,0,0,0,0,1,1,0,0,0,0,1,1,1,1,0,0,0,0
3309,1,1,1,0,0,0,0,1,1,1,0,0,0,0,1,1,0,0,0,0,1
3310,1,0,0,0,0,0,0,0,0,0,0,0,0,0,0,0,0,0,0,0,0
3311,1,1,1,0,0,0,0,1,1,0,1,0,0,0,1,1,0,1,0,0,0
3312,1,1,0,0,0,0,1,1,1,0,0,0,0,1,1,1,1,0,0,0,0
3313,1,1,0,0,0,0,1,1,1,0,0,0,0,1,1,1,1,0,0,0,0
3314,1,1,0,0,0,0,1,1,1,0,1,0,0,0,1,1,1,0,0,0,0
3315,1,1,0,0,0,0,1,1,1,1,0,0,0,0,1,1,1,0,0,0,0
3316,1,1,0,0,0,0,1,1,1,1,0,0,0,0,1,1,0,0,0,0,1
3317,1,1,0,0,0,0,1,1,1,0,0,0,0,1,1,1,0,1,0,0,0
3318,2,1,0,0,0,0,1,1,1,1,0,0,0,0,2,2,0,0,0,0,2
3319,1,1,0,0,0,0,1,1,1,0,0,0,0,1,1,1,0,0,0,0,1
3320,1,0,0,0,0,0,0,1,0,0,0,0,0,0,0,0,0,0,0,0,0
3321,1,1,1,0,0,0,0,1,1,1,0,0,0,0,1,1,0,0,0,0,1
3322,1,1,0,0,0,0,1,2,1,0,0,0,0,1,1,1,0,1,0,0,0
3323,1,1,1,0,0,0,0,1,1,1,0,0,0,0,1,1,0,0,0,0,1
3324,1,0,0,0,0,0,0,1,0,0,0,0,0,0,1,1,0,0,0,0,1
3325,1,1,1,0,0,0,0,1,1,0,0,0,0,1,1,1,0,0,1,1,0
3326,1,1,0,0,0,0,1,1,1,0,0,0,0,1,1,1,0,0,0,0,1
3327,1,1,0,0,0,0,1,1,1,1,0,0,0,0,1,1,0,0,0,0,1
3328,1,1,0,0,0,0,1,3,2,0,0,0,0,2,1,1,1,0,0,0,0
3329,1,1,0,0,0,0,1,1,1,0,0,0,0,1,1,1,0,0,0,0,1
3330,1,1,1,0,0,0,0,1,1,1,0,0,0,0,3,2,1,0,0,0,1
3331,1,0,0,0,0,0,0,1,0,0,0,0,0,0,0,0,0,0,0,0,0
3332,1,1,0,0,0,0,1,1,1,0,0,0,0,1,0,0,0,0,0,0,0
3333,1,1,0,0,0,0,1,1,1,1,0,0,0,0,1,1,0,0,0,0,1
3334,1,0,0,0,0,0,0,0,0,0,0,0,0,0,1,0,0,0,0,0,0
3335,1,1,0,0,0,0,1,1,1,0,0,0,0,1,0,0,0,0,0,0,0
3336,1,1,0,0,0,0,1,1,1,0,0,1,1,0,1,1,0,1,0,0,0
3337,1,0,0,0,0,0,0,1,0,0,0,0,0,0,1,1,0,0,0,0,1
3338,1,1,0,1,0,0,0,1,1,0,0,0,0,1,2,1,0,0,0,0,1
3339,1,0,0,0,0,0,0,1,0,0,0,0,0,0,0,0,0,0,0,0,0
3340,1,1,1,0,0,0,0,1,1,1,0,0,0,0,0,0,0,0,0,0,0
3341,2,2,0,2,0,0,0,2,2,0,2,0,0,0,3,3,1,0,1,1,1
3342,1,1,0,0,0,0,1,1,1,0,1,0,0,0,1,1,0,1,0,0,0
3343,0,0,0,0,0,0,0,0,0,0,0,0,0,0,1,1,0,0,0,0,1
3344,1,0,0,0,0,0,0,1,0,0,0,0,0,0,1,0,0,0,0,0,0
3345,1,1,0,0,0,0,1,1,1,0,0,0,0,1,1,1,0,0,0,0,1
3346,1,1,0,0,0,0,1,1,1,0,0,0,0,1,0,0,0,0,0,0,0
3347,1,1,0,1,0,0,0,1,1,0,0,0,0,1,1,1,0,0,0,0,1
3348,1,0,0,0,0,0,0,1,0,0,0,0,0,0,1,0,0,0,0,0,0
3349,1,1,0,0,0,0,1,1,0,0,0,0,0,0,0,0,0,0,0,0,0
3350,1,0,0,0,0,0,0,1,0,0,0,0,0,0,0,0,0,0,0,0,0
3351,1,0,0,0,0,0,0,1,0,0,0,0,0,0,1,0,0,0,0,0,0
3352,1,0,0,0,0,0,0,2,0,0,0,0,0,0,0,0,0,0,0,0,0
3353,1,1,0,1,0,0,0,1,1,0,1,0,0,0,1,1,1,0,0,0,0
3354,1,1,0,0,0,0,1,1,1,0,0,0,0,1,1,1,1,0,0,0,0
3355,1,1,1,0,0,0,0,1,1,0,0,0,0,1,1,1,0,0,0,0,1
3356,1,1,0,0,0,0,1,1,1,1,0,0,0,0,2,1,0,1,0,0,0
3357,1,1,0,0,0,0,1,1,1,0,0,0,0,1,1,1,1,0,0,0,0
3358,1,0,0,0,0,0,0,1,0,0,0,0,0,0,1,1,0,0,0,0,1
3359,1,1,0,0,0,0,1,1,1,1,0,0,0,0,0,0,0,0,0,0,0
3360,2,1,0,0,0,0,1,1,1,0,0,0,0,1,2,1,0,0,0,0,1
3362,1,1,0,0,0,0,1,1,1,1,0,0,0,0,1,1,0,0,0,0,1
3363,2,2,0,1,0,0,1,1,1,0,1,0,0,0,1,1,1,0,0,0,0
3364,2,2,0,0,0,0,2,3,3,0,1,0,0,2,1,1,0,0,0,0,1
3365,2,2,1,0,0,0,1,2,2,0,1,0,0,1,2,2,1,0,0,0,1
3366,1,1,0,0,0,0,1,1,1,1,0,0,0,0,1,1,0,0,0,0,1
3367,1,1,0,0,0,0,1,1,1,0,0,0,0,1,1,0,0,0,0,0,0
3368,1,1,0,0,0,0,1,1,1,1,0,0,0,0,1,1,1,0,0,0,0
3369,1,1,0,0,0,0,1,1,1,0,1,0,0,0,1,1,0,0,0,0,1
3370,1,1,0,0,0,0,1,1,1,0,0,0,0,1,1,1,0,0,0,0,1
3371,1,1,0,0,0,0,1,1,1,0,1,0,0,0,1,1,0,0,0,0,1
3372,1,1,1,0,0,0,0,1,1,1,0,0,0,0,1,1,0,0,0,0,1
3373,1,1,0,0,1,1,0,1,1,1,0,0,0,0,1,1,0,0,0,0,1
3374,1,1,0,0,0,0,1,1,1,1,0,0,0,0,1,1,0,0,0,0,1
3375,1,1,1,0,0,0,0,1,1,0,0,1,1,0,1,1,0,1,0,0,0
3376,1,1,0,0,0,0,1,1,1,0,0,0,0,1,0,0,0,0,0,0,0
3377,1,0,0,0,0,0,0,1,0,0,0,0,0,0,1,0,0,0,0,0,0
3378,1,1,0,0,0,0,1,1,0,0,0,0,0,0,1,1,0,0,0,0,1
3379,0,0,0,0,0,0,0,1,0,0,0,0,0,0,0,0,0,0,0,0,0
3380,1,0,0,0,0,0,0,1,0,0,0,0,0,0,1,0,0,0,0,0,0
3381,1,1,0,1,0,0,0,1,1,0,1,0,0,0,0,0,0,0,0,0,0
3382,1,0,0,0,0,0,0,0,0,0,0,0,0,0,1,0,0,0,0,0,0
3383,1,1,0,0,0,0,1,1,1,0,0,0,0,1,1,1,0,0,0,0,1
3384,1,1,0,1,0,0,0,1,1,0,1,0,0,0,1,1,0,1,0,0,0
3385,2,1,0,1,0,0,0,2,1,0,1,0,0,0,2,1,0,0,0,0,1
3386,1,0,0,0,0,0,0,1,0,0,0,0,0,0,0,0,0,0,0,0,0
3387,1,1,0,0,0,0,1,1,1,0,0,0,0,1,1,1,0,0,0,0,1
3388,1,1,1,0,0,0,0,1,1,0,0,0,0,1,1,1,0,0,0,0,1
3389,1,1,0,1,0,0,0,1,1,1,0,0,0,0,1,1,0,0,0,0,1
3390,1,0,0,0,0,0,0,1,1,1,0,0,0,0,0,0,0,0,0,0,0
3391,1,0,0,0,0,0,0,1,0,0,0,0,0,0,1,0,0,0,0,0,0
3393,1,0,0,0,0,0,0,1,1,0,0,0,0,1,1,0,0,0,0,0,0
3394,1,1,0,1,0,0,0,1,1,0,0,0,0,1,1,1,1,0,0,0,0
3395,1,1,0,0,0,0,1,1,1,0,0,0,0,1,1,1,1,0,0,0,0
3396,1,0,0,0,0,0,0,1,0,0,0,0,0,0,1,0,0,0,0,0,0
3397,1,1,0,0,0,0,1,1,1,1,0,0,0,0,1,1,0,0,0,0,1
3398,1,1,0,0,0,0,1,1,1,1,0,0,0,0,1,1,0,0,0,0,1
3399,1,1,1,0,0,0,0,1,1,0,1,0,0,0,1,1,0,0,0,0,1
3400,1,0,0,0,0,0,0,1,0,0,0,0,0,0,1,1,0,0,0,0,1
3401,1,1,0,0,0,0,1,1,1,0,1,0,0,0,1,1,1,0,0,0,0
3402,2,2,0,0,0,0,2,2,1,0,0,0,0,1,1,1,0,0,0,0,1
3403,1,1,1,0,0,0,0,1,1,0,0,0,0,1,1,1,1,0,0,0,0
3404,2,1,0,0,0,0,1,2,1,0,0,0,0,1,2,0,0,0,0,0,0
3405,1,1,0,0,0,0,1,1,1,0,0,0,0,1,1,1,1,0,0,0,0
3406,1,1,0,0,0,0,1,1,1,0,1,0,0,0,1,1,1,0,0,0,0
3407,1,1,0,0,0,0,1,1,1,0,0,0,0,1,0,0,0,0,0,0,0
3408,1,1,0,0,0,0,1,1,1,0,0,0,0,1,1,1,0,0,0,0,1
3409,1,0,0,0,0,0,0,1,1,0,0,0,0,1,0,0,0,0,0,0,0
3410,1,1,1,0,0,0,0,1,1,1,0,0,0,0,1,1,1,0,0,0,0
3411,1,0,0,0,0,0,0,1,0,0,0,0,0,0,1,1,0,0,0,0,1
3412,0,0,0,0,0,0,0,2,1,0,0,0,0,1,1,1,0,0,0,0,1
3413,1,1,0,0,0,0,1,1,1,0,0,0,0,1,1,1,0,0,0,0,1
3414,1,1,0,0,0,0,1,1,1,1,0,0,0,0,1,1,0,0,1,1,0
3415,1,1,0,1,0,0,0,2,1,0,0,0,0,1,2,2,0,0,0,0,2
3416,1,1,0,0,0,0,1,1,1,0,1,0,0,0,1,1,0,0,0,0,1
3417,1,1,0,0,0,0,1,1,0,0,0,0,0,0,1,0,0,0,0,0,0
3418,1,1,0,0,0,0,1,1,1,0,0,0,0,1,1,1,1,0,0,0,0
3419,1,1,0,0,0,0,1,1,1,0,0,0,0,1,1,1,1,0,0,0,0
3420,1,1,0,0,0,0,1,1,1,0,0,0,0,1,1,1,0,0,0,0,1
3421,2,1,0,0,0,0,1,2,1,0,0,0,0,1,2,2,1,0,0,0,1
3422,1,1,0,0,0,0,1,1,1,0,0,0,0,1,1,1,1,0,0,0,0
3423,2,2,0,2,0,0,0,2,2,0,2,0,0,0,1,1,1,0,0,0,0
3424,1,1,1,0,0,0,0,1,1,1,0,0,0,0,1,1,1,0,0,0,0
3425,1,1,0,0,0,0,1,1,1,0,0,0,0,1,1,1,0,0,0,0,1
3426,1,1,0,0,0,0,1,1,1,1,0,0,0,0,1,1,0,0,0,0,1
3427,1,1,0,0,0,0,1,1,1,0,0,0,0,1,1,1,1,0,0,0,0
3428,1,1,0,0,0,0,1,1,1,0,1,0,0,0,1,1,0,0,0,0,1
3429,1,1,0,1,0,0,0,1,1,0,0,0,0,1,0,0,0,0,0,0,0
3430,1,1,0,0,0,0,1,1,1,0,0,0,0,1,1,1,0,1,0,0,0
3431,1,1,0,0,0,0,1,1,1,0,0,0,0,1,0,0,0,0,0,0,0
3432,1,1,0,0,0,0,1,1,1,0,0,0,0,1,1,1,0,0,0,0,1
3433,1,1,1,0,0,0,0,1,1,0,0,0,0,1,1,1,0,0,0,0,1
3434,1,1,1,0,0,0,0,1,1,1,0,0,0,0,1,1,1,0,0,0,0
3435,1,1,0,0,0,0,1,1,1,0,0,0,0,1,1,1,0,0,0,0,1
3436,1,1,0,0,0,0,1,1,1,0,0,0,0,1,1,1,1,0,0,0,0
3437,1,1,0,1,0,0,0,1,1,1,0,0,0,0,1,1,0,0,0,0,1
3438,2,2,0,0,2,2,0,2,2,0,0,1,1,1,2,2,1,0,0,0,1
3439,1,1,0,1,0,0,0,1,1,0,0,0,0,1,1,1,0,0,0,0,1
3440,1,1,0,0,0,0,1,1,1,1,0,0,0,0,1,1,1,0,0,0,0
3441,1,1,0,0,0,0,1,1,1,0,0,0,0,1,1,1,1,0,0,0,0
3442,1,1,0,0,0,0,1,1,1,0,0,0,0,1,1,1,0,1,0,0,0
3443,1,1,0,0,0,0,1,1,1,1,0,0,0,0,1,1,0,0,0,0,1
3444,1,1,1,0,0,0,0,1,1,1,0,0,0,0,1,1,0,1,0,0,0
3445,0,0,0,0,0,0,0,1,0,0,0,0,0,0,0,0,0,0,0,0,0
3446,1,0,0,0,0,0,0,1,0,0,0,0,0,0,1,1,0,0,0,0,1
3447,1,1,1,0,0,0,0,2,2,0,1,0,0,1,2,2,1,1,0,0,0
3448,1,0,0,0,0,0,0,1,0,0,0,0,0,0,1,1,0,0,0,0,1
3449,1,1,1,0,0,0,0,1,1,0,1,0,0,0,1,1,0,0,1,1,0
3450,1,1,0,0,0,0,1,1,1,0,1,0,0,0,1,1,1,0,0,0,0
3451,1,0,0,0,0,0,0,1,0,0,0,0,0,0,0,0,0,0,0,0,0
3452,1,1,0,1,0,0,0,1,1,0,0,0,0,1,1,1,0,1,0,0,0
3453,1,1,0,0,0,0,1,1,1,0,0,1,1,0,1,1,0,0,0,0,1
3454,1,1,0,1,0,0,0,1,1,1,0,0,0,0,1,1,0,0,0,0,1
3455,1,1,0,0,0,0,1,1,1,0,0,0,0,1,1,1,0,1,0,0,0
3456,1,1,0,0,0,0,1,1,1,0,0,0,0,1,1,1,1,0,0,0,0
3457,1,1,0,0,0,0,1,1,1,0,0,0,0,1,1,1,1,0,0,0,0
3458,1,1,0,0,0,0,1,2,2,0,0,0,0,2,1,1,0,0,0,0,1
3459,1,0,0,0,0,0,0,1,0,0,0,0,0,0,0,0,0,0,0,0,0
3460,0,0,0,0,0,0,0,1,0,0,0,0,0,0,0,0,0,0,0,0,0
3461,1,0,0,0,0,0,0,2,0,0,0,0,0,0,0,0,0,0,0,0,0
3462,1,1,0,0,0,0,1,1,1,0,0,0,0,1,1,1,1,0,0,0,0
3463,1,1,0,1,0,0,0,1,1,1,0,0,0,0,1,1,0,0,0,0,1
3464,1,1,0,0,0,0,1,1,1,0,0,0,0,1,0,0,0,0,0,0,0
3465,1,1,0,0,0,0,1,1,1,0,0,0,0,1,1,1,0,0,0,0,1
3466,1,1,1,0,0,0,0,1,1,0,0,1,1,0,1,1,0,0,0,0,1
3467,1,1,0,1,0,0,0,1,1,0,1,0,0,0,1,0,0,0,0,0,0
3468,1,1,0,0,0,0,1,1,1,0,0,0,0,1,1,1,0,1,0,0,0
3469,1,1,0,0,0,0,1,1,1,0,0,0,0,1,1,1,0,0,0,0,1
3470,2,2,1,0,0,0,1,3,3,1,0,0,0,2,2,2,1,0,1,1,0
3471,1,1,0,0,1,1,0,1,1,1,0,0,0,0,1,1,0,0,1,1,0
3472,1,1,0,0,0,0,1,1,1,0,0,1,1,0,1,1,0,0,1,1,0
3473,1,1,0,1,0,0,0,1,1,0,0,0,0,1,1,1,0,0,0,0,1
3474,1,1,1,0,0,0,0,1,1,0,0,0,0,1,2,2,0,0,0,0,2
3475,1,1,0,1,0,0,0,1,0,0,0,0,0,0,0,0,0,0,0,0,0
3476,1,0,0,0,0,0,0,1,0,0,0,0,0,0,0,0,0,0,0,0,0
3477,1,0,0,0,0,0,0,1,0,0,0,0,0,0,0,0,0,0,0,0,0
3478,0,0,0,0,0,0,0,1,0,0,0,0,0,0,0,0,0,0,0,0,0
3479,1,0,0,0,0,0,0,1,0,0,0,0,0,0,1,1,0,0,0,0,1
3480,1,1,0,0,0,0,1,1,0,0,0,0,0,0,0,0,0,0,0,0,0
3482,1,0,0,0,0,0,0,1,1,0,0,0,0,1,1,0,0,0,0,0,0
3483,1,1,0,1,0,0,0,1,1,1,0,0,0,0,1,1,0,0,0,0,1
3484,1,1,1,0,0,0,0,1,1,0,0,0,0,1,1,1,1,0,0,0,0
3485,1,1,0,0,1,1,0,1,1,0,0,1,1,0,1,1,1,0,0,0,0
3486,1,1,1,0,0,0,0,1,1,1,0,0,0,0,1,1,1,0,0,0,0
3487,1,1,0,0,0,0,1,1,1,0,0,0,0,1,1,1,0,0,0,0,1
3488,1,1,0,0,1,1,0,1,1,1,0,0,0,0,1,1,0,0,1,1,0
3489,1,0,0,0,0,0,0,0,0,0,0,0,0,0,0,0,0,0,0,0,0
3490,1,1,0,0,0,0,1,1,1,0,0,0,0,1,0,0,0,0,0,0,0
3491,1,1,0,0,0,0,1,1,1,0,1,0,0,0,1,1,1,0,0,0,0
3492,1,0,0,0,0,0,0,0,0,0,0,0,0,0,0,0,0,0,0,0,0
3493,1,1,0,0,0,0,1,1,1,0,0,0,0,1,1,1,0,1,0,0,0
3494,1,1,0,0,0,0,1,1,1,0,0,0,0,1,1,0,0,0,0,0,0
3495,1,1,0,1,0,0,0,1,1,1,0,0,0,0,1,1,0,1,0,0,0
3496,1,1,0,0,0,0,1,1,1,0,0,0,0,1,1,0,0,0,0,0,0
3497,1,1,0,0,0,0,1,1,1,1,0,0,0,0,1,1,0,0,0,0,1
3498,1,1,0,0,0,0,1,1,1,0,0,0,0,1,0,0,0,0,0,0,0
3499,2,0,0,0,0,0,0,0,0,0,0,0,0,0,2,0,0,0,0,0,0
3500,2,1,0,0,0,0,1,2,2,1,0,0,0,1,1,1,0,1,0,0,0
3501,1,1,0,0,0,0,1,1,1,0,0,0,0,1,2,2,0,0,0,0,2
3502,1,1,0,0,0,0,1,1,1,0,1,0,0,0,1,1,0,0,0,0,1
3503,1,1,0,0,0,0,1,1,1,1,0,0,0,0,4,3,0,1,0,0,2
3504,1,1,0,0,0,0,1,1,1,0,0,0,0,1,1,1,0,0,0,0,1
3505,1,1,0,0,0,0,1,1,1,0,0,0,0,1,1,1,1,0,0,0,0
3506,1,1,0,0,0,0,1,2,1,0,1,0,0,0,1,1,1,0,0,0,0
3507,1,1,0,0,0,0,1,1,1,0,1,0,0,0,0,0,0,0,0,0,0
3508,1,1,0,0,1,1,0,1,1,0,0,0,0,1,1,1,0,0,0,0,1
3509,1,1,0,1,0,0,0,1,1,1,0,0,0,0,1,1,0,0,0,0,1
3510,1,1,0,0,0,0,1,1,0,0,0,0,0,0,1,0,0,0,0,0,0
3512,1,0,0,0,0,0,0,1,0,0,0,0,0,0,1,1,0,0,0,0,1
3513,1,1,1,0,0,0,0,1,1,1,0,0,0,0,1,1,1,0,0,0,0
3514,1,1,0,0,0,0,1,1,1,0,0,0,0,1,1,0,0,0,0,0,0
3515,1,1,0,1,0,0,0,1,1,1,0,0,0,0,1,1,0,0,0,0,1
3516,1,1,0,1,0,0,0,1,1,0,0,0,0,1,1,1,0,0,0,0,1
3517,2,2,0,1,0,0,1,2,2,0,0,0,0,2,2,2,0,1,0,0,1
3518,1,1,0,0,0,0,1,1,1,0,0,0,0,1,1,1,0,0,0,0,1
3519,1,1,0,0,0,0,1,1,1,0,0,0,0,1,1,1,0,0,0,0,1
3520,1,1,0,1,0,0,0,1,1,0,0,0,0,1,1,1,0,0,0,0,1
3521,1,1,0,0,0,0,1,1,1,0,0,0,0,1,1,1,0,0,0,0,1
3522,1,1,0,0,0,0,1,1,1,0,0,0,0,1,1,1,0,0,0,0,1
3523,1,1,0,0,0,0,1,1,1,0,0,0,0,1,1,1,0,0,0,0,1
3524,1,1,0,0,0,0,1,1,1,0,0,0,0,1,1,1,0,0,0,0,1
3525,1,1,1,0,0,0,0,1,1,1,0,0,0,0,1,1,0,0,0,0,1
3526,2,2,0,1,0,0,1,2,2,0,0,0,0,2,2,2,1,0,0,0,1
3527,1,1,0,0,0,0,1,1,1,1,0,0,0,0,1,1,0,0,0,0,1
3528,1,1,0,0,0,0,1,1,1,0,0,0,0,1,1,0,0,0,0,0,0
3529,1,1,0,0,0,0,1,1,1,0,0,0,0,1,1,1,0,0,0,0,1
3530,1,1,0,1,0,0,0,1,1,0,0,1,1,0,1,1,1,0,0,0,0
3531,1,1,0,0,0,0,1,1,1,0,0,0,0,1,1,1,0,0,0,0,1
3532,1,0,0,0,0,0,0,1,0,0,0,0,0,0,0,0,0,0,0,0,0
3533,1,0,0,0,0,0,0,1,0,0,0,0,0,0,1,0,0,0,0,0,0
3534,1,1,0,0,0,0,1,1,1,0,0,0,0,1,1,1,1,0,0,0,0
3535,1,1,0,0,0,0,1,1,1,0,0,0,0,1,1,1,0,0,0,0,1
3536,1,1,0,0,0,0,1,1,1,0,0,0,0,1,1,1,0,0,0,0,1
3537,1,1,0,0,0,0,1,1,1,0,0,0,0,1,0,0,0,0,0,0,0
3538,1,1,0,0,0,0,1,1,0,0,0,0,0,0,1,0,0,0,0,0,0
3539,1,0,0,0,0,0,0,1,0,0,0,0,0,0,1,0,0,0,0,0,0
3540,2,1,0,1,0,0,0,1,1,0,0,0,0,1,1,1,0,0,0,0,1
3541,1,1,0,0,0,0,1,1,1,0,0,0,0,1,1,1,0,0,0,0,1
3542,1,1,0,0,0,0,1,1,1,0,0,0,0,1,1,1,0,0,0,0,1
3543,1,1,0,0,0,0,1,1,1,0,1,0,0,0,1,1,0,0,0,0,1
3544,1,1,0,0,0,0,1,1,1,0,0,0,0,1,1,1,0,0,0,0,1
3545,1,1,0,0,0,0,1,1,1,0,1,0,0,0,1,1,0,0,0,0,1
3546,1,1,0,0,0,0,1,1,1,0,0,0,0,1,1,1,0,0,0,0,1
3547,1,1,0,0,0,0,1,1,1,0,0,0,0,1,1,1,0,0,0,0,1
3548,1,1,0,0,0,0,1,1,1,0,1,0,0,0,1,1,0,0,0,0,1
3549,1,1,0,0,0,0,1,1,1,1,0,0,0,0,2,1,0,0,0,0,1
3550,1,1,0,0,0,0,1,1,1,0,0,0,0,1,1,1,0,0,0,0,1
3551,1,1,0,0,0,0,1,1,1,0,0,0,0,1,1,1,0,0,0,0,1
3552,4,1,0,0,0,0,1,3,2,1,0,0,0,1,1,0,0,0,0,0,0
3553,2,0,0,0,0,0,0,2,1,0,0,0,0,1,1,1,0,0,0,0,1
3554,1,0,0,0,0,0,0,1,0,0,0,0,0,0,1,0,0,0,0,0,0
3555,1,1,0,0,0,0,1,1,1,0,0,0,0,1,1,1,0,0,0,0,1
3556,1,1,0,0,0,0,1,1,1,0,0,0,0,1,1,1,0,0,0,0,1
3557,1,0,0,0,0,0,0,1,1,0,0,0,0,1,0,0,0,0,0,0,0
3558,1,1,0,0,0,0,1,1,1,0,0,0,0,1,2,2,1,0,0,0,1
3559,1,1,0,0,0,0,1,1,1,0,0,1,1,0,1,1,1,0,0,0,0
3560,1,1,0,1,0,0,0,1,1,0,0,0,0,1,1,1,0,0,0,0,1
3561,1,1,0,0,0,0,1,1,1,0,0,0,0,1,1,1,0,1,0,0,0
3562,1,0,0,0,0,0,0,1,0,0,0,0,0,0,1,0,0,0,0,0,0
3563,3,1,0,0,0,0,1,1,1,1,0,0,0,0,1,1,1,0,0,0,0
3564,1,1,0,0,0,0,1,1,1,0,0,0,0,1,1,1,0,0,0,0,1
3565,1,1,1,0,0,0,0,1,1,1,0,0,0,0,1,1,0,0,1,1,0
3566,1,1,0,0,0,0,1,1,0,0,0,0,0,0,0,0,0,0,0,0,0
3567,1,0,0,0,0,0,0,1,0,0,0,0,0,0,0,0,0,0,0,0,0
3568,1,1,0,0,0,0,1,1,1,0,0,1,1,0,1,1,0,0,0,0,1
3569,1,1,1,0,0,0,0,1,1,0,1,0,0,0,1,1,0,0,1,1,0
3570,1,0,0,0,0,0,0,1,0,0,0,0,0,0,1,0,0,0,0,0,0
3571,1,1,0,0,0,0,1,1,1,0,0,1,1,0,1,1,0,0,0,0,1
3572,1,1,0,0,0,0,1,1,1,1,0,0,0,0,1,1,0,0,0,0,1
3573,1,1,0,1,0,0,0,1,1,0,0,0,0,1,1,1,0,0,0,0,1
3574,1,1,1,0,0,0,0,2,2,1,0,0,0,1,1,1,0,0,0,0,1
3575,2,1,1,0,0,0,0,1,1,0,0,0,0,1,1,1,0,0,0,0,1
3576,2,2,0,0,0,0,2,2,2,0,0,0,0,2,2,2,0,0,0,0,2
3577,1,1,0,0,0,0,1,1,1,0,0,0,0,1,1,1,0,0,0,0,1
3578,1,1,0,0,0,0,1,1,1,0,0,1,1,0,1,1,0,0,0,0,1
3579,1,1,0,1,0,0,0,1,1,0,1,0,0,0,1,1,1,0,0,0,0
3580,1,1,0,0,0,0,1,1,1,0,0,0,0,1,1,1,0,0,0,0,1
3581,1,1,0,0,0,0,1,1,1,0,0,0,0,1,0,0,0,0,0,0,0
3582,1,1,0,0,0,0,1,1,1,0,0,0,0,1,1,1,0,0,0,0,1
3583,2,2,1,0,0,0,1,2,2,0,0,1,1,1,2,2,1,0,0,0,1
3584,1,1,0,1,0,0,0,1,1,0,1,0,0,0,1,1,0,0,0,0,1
3585,1,1,0,0,0,0,1,1,1,0,0,0,0,1,1,1,0,0,0,0,1
3586,1,1,1,0,0,0,0,1,1,0,0,1,1,0,1,1,0,0,0,0,1
3587,1,0,0,0,0,0,0,1,0,0,0,0,0,0,0,0,0,0,0,0,0
3588,1,1,0,0,0,0,1,1,1,1,0,0,0,0,1,0,0,0,0,0,0
3589,1,1,0,0,0,0,1,1,1,1,0,0,0,0,1,1,0,0,0,0,1
3591,0,0,0,0,0,0,0,0,0,0,0,0,0,0,1,0,0,0,0,0,0
3592,1,0,0,0,0,0,0,0,0,0,0,0,0,0,0,0,0,0,0,0,0
3593,1,0,0,0,0,0,0,0,0,0,0,0,0,0,2,0,0,0,0,0,0
3594,1,1,1,0,0,0,0,1,1,0,0,0,0,1,1,1,0,1,0,0,0
3595,1,1,0,0,0,0,1,1,1,0,1,0,0,0,1,1,0,0,0,0,1
3596,1,0,0,0,0,0,0,1,0,0,0,0,0,0,0,0,0,0,0,0,0
3597,1,1,0,0,0,0,1,1,1,0,0,0,0,1,2,1,0,0,0,0,1
3598,1,1,0,0,0,0,1,1,1,0,0,0,0,1,1,0,0,0,0,0,0
3599,1,1,1,0,0,0,0,1,1,0,0,0,0,1,1,1,0,0,0,0,1
3600,1,1,0,0,0,0,1,1,1,1,0,0,0,0,1,1,0,1,0,0,0
3601,1,1,1,0,0,0,0,1,1,0,1,0,0,0,1,1,0,0,0,0,1
3602,1,1,0,0,0,0,1,1,1,0,1,0,0,0,1,1,1,0,0,0,0
3603,0,0,0,0,0,0,0,1,0,0,0,0,0,0,0,0,0,0,0,0,0
3604,1,1,0,0,0,0,1,1,1,0,0,0,0,1,0,0,0,0,0,0,0
3605,1,0,0,0,0,0,0,0,0,0,0,0,0,0,0,0,0,0,0,0,0
3606,1,0,0,0,0,0,0,1,0,0,0,0,0,0,0,0,0,0,0,0,0
3607,1,1,0,1,0,0,0,1,1,0,0,1,1,0,1,1,0,0,0,0,1
3608,1,1,0,0,0,0,1,1,1,0,0,0,0,1,1,1,0,0,0,0,1
3609,1,1,1,0,0,0,0,1,1,1,0,0,0,0,1,1,0,0,0,0,1
3610,1,1,0,0,0,0,1,1,1,1,0,0,0,0,0,0,0,0,0,0,0
3611,1,1,1,0,0,0,0,1,1,0,1,0,0,0,2,1,0,0,0,0,1
3612,1,1,0,0,0,0,1,1,1,1,0,0,0,0,0,0,0,0,0,0,0
3613,1,1,0,0,1,1,0,1,1,1,0,0,0,0,1,1,1,0,0,0,0
3614,1,0,0,0,0,0,0,1,0,0,0,0,0,0,1,0,0,0,0,0,0
3615,1,1,0,1,0,0,0,1,1,0,1,0,0,0,1,0,0,0,0,0,0
3616,1,1,0,0,1,1,0,1,1,0,1,0,0,0,1,1,0,0,0,0,1
3617,1,1,0,0,0,0,1,1,1,0,0,0,0,1,0,0,0,0,0,0,0
3618,1,1,0,0,0,0,1,1,1,0,0,0,0,1,1,1,0,0,0,0,1
3619,1,1,1,0,0,0,0,1,1,1,0,0,0,0,1,1,0,0,0,0,1
3620,1,1,0,0,0,0,1,1,1,0,0,0,0,1,1,1,0,0,0,0,1
3621,1,1,0,1,0,0,0,1,1,0,0,0,0,1,1,1,0,0,0,0,1
3622,1,1,0,0,0,0,1,1,1,0,0,0,0,1,1,1,0,0,0,0,1
3623,1,1,1,0,0,0,0,1,1,0,0,0,0,1,2,2,0,1,0,0,1
3624,1,1,0,0,0,0,1,1,1,0,0,0,0,1,2,1,0,0,0,0,1
3625,0,0,0,0,0,0,0,1,0,0,0,0,0,0,0,0,0,0,0,0,0
3626,0,0,0,0,0,0,0,0,0,0,0,0,0,0,2,0,0,0,0,0,0
3627,1,0,0,0,0,0,0,0,0,0,0,0,0,0,0,0,0,0,0,0,0
3629,1,0,0,0,0,0,0,1,0,0,0,0,0,0,1,0,0,0,0,0,0
3630,1,1,0,1,0,0,0,1,1,0,0,1,1,0,1,1,1,0,0,0,0
3631,1,1,0,0,0,0,1,1,1,1,0,0,0,0,1,1,0,0,1,1,0
3632,1,1,0,1,0,0,0,1,1,0,1,0,0,0,1,1,0,0,0,0,1
3633,1,1,0,1,0,0,0,1,1,0,0,1,1,0,1,1,1,0,0,0,0
3634,1,1,1,0,0,0,0,1,1,0,0,0,0,1,0,0,0,0,0,0,0
3635,1,1,0,0,0,0,1,1,1,1,0,0,0,0,1,1,0,0,0,0,1
3636,1,1,0,0,0,0,1,1,1,0,0,0,0,1,2,2,1,0,0,0,1
3637,1,0,0,0,0,0,0,1,1,0,0,0,0,1,0,0,0,0,0,0,0
3638,1,1,1,0,0,0,0,1,1,0,0,0,0,1,1,1,0,0,0,0,1
3639,2,1,0,1,0,0,0,2,1,0,1,0,0,0,1,1,0,0,0,0,1
3640,1,0,0,0,0,0,0,0,0,0,0,0,0,0,0,0,0,0,0,0,0
3641,0,0,0,0,0,0,0,1,0,0,0,0,0,0,1,0,0,0,0,0,0
3642,2,2,0,2,0,0,0,1,1,0,1,0,0,0,2,2,0,0,0,0,2
3643,1,1,0,0,0,0,1,1,1,0,0,0,0,1,1,1,0,0,0,0,1
3644,1,1,0,0,0,0,1,1,1,0,0,0,0,1,1,1,0,0,0,0,1
3645,1,1,0,0,0,0,1,1,1,1,0,0,0,0,1,1,0,1,0,0,0
3646,1,1,0,0,0,0,1,1,1,1,0,0,0,0,1,1,0,0,0,0,1
3647,1,0,0,0,0,0,0,1,0,0,0,0,0,0,1,0,0,0,0,0,0
3648,0,0,0,0,0,0,0,1,0,0,0,0,0,0,1,0,0,0,0,0,0
3649,1,0,0,0,0,0,0,1,0,0,0,0,0,0,0,0,0,0,0,0,0
3650,0,0,0,0,0,0,0,0,0,0,0,0,0,0,1,1,0,0,0,0,1
3651,0,0,0,0,0,0,0,0,0,0,0,0,0,0,1,0,0,0,0,0,0
3652,0,0,0,0,0,0,0,1,0,0,0,0,0,0,0,0,0,0,0,0,0
3653,1,1,1,0,0,0,0,1,1,1,0,0,0,0,2,2,1,0,0,0,1
3654,1,1,1,0,0,0,0,1,1,1,0,0,0,0,1,1,1,0,0,0,0
3655,1,1,1,0,0,0,0,1,1,0,0,0,0,1,1,1,0,0,0,0,1
3656,1,1,1,0,0,0,0,1,1,0,0,0,0,1,1,1,0,1,0,0,0
3657,1,1,1,0,0,0,0,1,1,0,1,0,0,0,1,1,0,0,1,1,0
3658,1,1,0,1,0,0,0,1,1,0,0,0,0,1,1,1,0,0,0,0,1
3659,1,1,1,0,0,0,0,1,1,0,0,0,0,1,1,1,1,0,0,0,0
3660,1,1,0,1,0,0,0,1,1,0,0,0,0,1,1,1,1,0,0,0,0
3661,1,1,0,1,0,0,0,1,1,0,1,0,0,0,1,1,0,1,0,0,0
3662,1,1,0,1,0,0,0,1,1,0,0,0,0,1,1,1,0,0,0,0,1
3663,1,1,0,1,0,0,0,1,1,0,1,0,0,0,1,1,0,0,0,0,1
3664,1,0,0,0,0,0,0,1,0,0,0,0,0,0,1,0,0,0,0,0,0
3665,1,1,1,0,0,0,0,1,1,1,0,0,0,0,1,1,0,0,0,0,1
3666,1,0,0,0,0,0,0,1,0,0,0,0,0,0,0,0,0,0,0,0,0
3667,1,1,0,0,0,0,1,1,0,0,0,0,0,0,1,1,1,0,0,0,0
3668,1,0,0,0,0,0,0,1,0,0,0,0,0,0,1,0,0,0,0,0,0
3669,1,0,0,0,0,0,0,1,0,0,0,0,0,0,1,1,0,0,0,0,1
3670,1,0,0,0,0,0,0,1,0,0,0,0,0,0,1,0,0,0,0,0,0
3671,1,0,0,0,0,0,0,1,1,0,0,0,0,1,0,0,0,0,0,0,0
3672,1,0,0,0,0,0,0,1,0,0,0,0,0,0,0,0,0,0,0,0,0
3673,1,1,0,0,0,0,1,1,1,0,0,0,0,1,0,0,0,0,0,0,0
3674,1,1,1,0,0,0,0,1,1,0,0,0,0,1,1,1,1,0,0,0,0
3675,1,1,1,0,0,0,0,1,1,1,0,0,0,0,1,1,1,0,0,0,0
3676,1,1,0,0,0,0,1,1,1,0,0,0,0,1,1,1,0,0,0,0,1
3677,1,1,0,0,0,0,1,1,1,0,1,0,0,0,1,1,0,0,0,0,1
3678,1,1,0,1,0,0,0,1,1,0,1,0,0,0,1,1,0,0,0,0,1
3679,1,1,0,0,0,0,1,1,1,0,0,0,0,1,0,0,0,0,0,0,0
3680,1,1,0,0,0,0,1,1,1,0,0,0,0,1,0,0,0,0,0,0,0
3681,1,1,0,0,0,0,1,1,1,0,0,0,0,1,1,1,0,0,0,0,1
3682,1,1,0,0,0,0,1,1,1,0,0,0,0,1,1,1,1,0,0,0,0
3683,1,1,0,1,0,0,0,1,1,0,1,0,0,0,1,1,1,0,0,0,0
3684,1,1,0,0,0,0,1,1,1,0,0,0,0,1,1,1,0,0,0,0,1
3685,1,1,0,0,0,0,1,1,1,0,0,0,0,1,1,1,0,0,0,0,1
3686,1,1,0,1,0,0,0,1,1,0,0,0,0,1,1,1,0,0,0,0,1
3687,1,1,0,0,0,0,1,1,1,0,0,0,0,1,1,1,0,0,0,0,1
3688,1,1,0,0,0,0,1,1,1,0,0,0,0,1,0,0,0,0,0,0,0
3689,1,1,1,0,0,0,0,1,1,1,0,0,0,0,1,1,0,0,0,0,1
3690,1,1,0,0,0,0,1,1,1,0,0,0,0,1,1,1,0,0,0,0,1
3691,1,1,0,1,0,0,0,1,1,0,1,0,0,0,1,1,0,0,0,0,1
3692,1,1,0,0,0,0,1,1,1,0,0,0,0,1,1,1,0,0,0,0,1
3693,1,1,0,0,0,0,1,1,1,0,0,0,0,1,1,1,0,0,0,0,1
3694,1,1,0,0,0,0,1,1,1,0,1,0,0,0,0,0,0,0,0,0,0
3695,1,0,0,0,0,0,0,1,0,0,0,0,0,0,0,0,0,0,0,0,0
3696,1,0,0,0,0,0,0,1,0,0,0,0,0,0,0,0,0,0,0,0,0
3697,1,0,0,0,0,0,0,0,0,0,0,0,0,0,0,0,0,0,0,0,0
3698,1,0,0,0,0,0,0,1,0,0,0,0,0,0,1,0,0,0,0,0,0
3699,2,2,0,2,0,0,0,2,2,0,1,1,1,0,2,2,0,0,0,0,2
3700,1,0,0,0,0,0,0,1,0,0,0,0,0,0,1,0,0,0,0,0,0
3701,1,1,0,0,0,0,1,1,1,0,0,0,0,1,1,1,0,1,0,0,0
3702,1,0,0,0,0,0,0,1,0,0,0,0,0,0,1,1,0,0,0,0,1
3703,1,1,1,0,0,0,0,1,1,0,0,0,0,1,1,1,0,0,0,0,1
3704,5,2,0,1,0,0,1,4,1,0,0,0,0,1,5,0,0,0,0,0,0
3705,1,0,0,0,0,0,0,1,0,0,0,0,0,0,0,0,0,0,0,0,0
3706,1,1,0,0,0,0,1,1,1,0,0,0,0,1,1,1,0,0,0,0,1
3707,1,1,0,0,0,0,1,1,1,0,0,0,0,1,1,1,0,0,0,0,1
3708,1,1,0,0,0,0,1,1,1,1,0,0,0,0,1,1,0,1,0,0,0
3709,1,0,0,0,0,0,0,1,0,0,0,0,0,0,0,0,0,0,0,0,0
3710,1,1,0,0,0,0,1,1,0,0,0,0,0,0,1,0,0,0,0,0,0
3711,1,1,0,0,0,0,1,1,1,0,0,0,0,1,1,1,0,0,0,0,1
3712,1,1,1,0,0,0,0,1,1,0,1,0,0,0,1,1,0,0,0,0,1
3713,1,1,0,0,0,0,1,1,1,1,0,0,0,0,1,1,0,0,0,0,1
3714,1,1,0,1,0,0,0,1,1,0,1,0,0,0,1,1,0,0,0,0,1
3715,1,1,0,0,0,0,1,1,1,0,0,0,0,1,1,1,0,0,1,1,0
3716,1,1,0,0,0,0,1,1,1,1,0,0,0,0,1,1,0,0,0,0,1
3717,1,1,0,1,0,0,0,1,1,0,1,0,0,0,1,1,0,0,0,0,1
3718,1,0,0,0,0,0,0,1,0,0,0,0,0,0,1,0,0,0,0,0,0
3719,1,0,0,0,0,0,0,1,0,0,0,0,0,0,1,0,0,0,0,0,0
3720,1,0,0,0,0,0,0,1,0,0,0,0,0,0,0,0,0,0,0,0,0
3721,1,1,0,0,0,0,1,1,1,0,0,0,0,1,1,1,0,0,0,0,1
3722,1,1,0,0,0,0,1,1,1,0,0,0,0,1,1,0,0,0,0,0,0
3723,1,0,0,0,0,0,0,1,1,0,0,0,0,1,1,0,0,0,0,0,0
3724,1,1,0,0,0,0,1,1,1,0,0,0,0,1,1,1,0,0,0,0,1
3725,1,1,0,1,0,0,0,1,1,0,1,0,0,0,0,0,0,0,0,0,0
3726,1,1,0,1,0,0,0,1,1,0,1,0,0,0,1,1,0,0,0,0,1
3727,2,2,0,2,0,0,0,2,2,0,2,0,0,0,0,0,0,0,0,0,0
3728,1,1,0,1,0,0,0,1,1,0,1,0,0,0,0,0,0,0,0,0,0
3729,1,1,0,1,0,0,0,1,1,0,1,0,0,0,1,1,0,0,0,0,1
3730,1,1,0,1,0,0,0,1,1,0,1,0,0,0,0,0,0,0,0,0,0
3731,1,1,0,1,0,0,0,1,1,0,1,0,0,0,1,1,1,0,0,0,0
3732,1,1,0,0,0,0,1,1,1,0,0,0,0,1,1,1,0,0,0,0,1
3733,1,1,0,0,0,0,1,1,1,0,0,0,0,1,1,1,0,0,0,0,1
3734,1,1,0,0,0,0,1,1,1,0,0,0,0,1,1,1,0,0,0,0,1
3735,1,1,0,0,0,0,1,1,1,0,0,0,0,1,1,1,0,0,0,0,1
3736,1,0,0,0,0,0,0,1,0,0,0,0,0,0,1,0,0,0,0,0,0
3737,1,1,1,0,0,0,0,1,1,1,0,0,0,0,1,1,0,0,0,0,1
3738,1,1,0,0,0,0,1,0,0,0,0,0,0,0,2,0,0,0,0,0,0
3739,1,1,0,1,0,0,0,1,0,0,0,0,0,0,0,0,0,0,0,0,0
3740,1,1,0,0,0,0,1,1,0,0,0,0,0,0,0,0,0,0,0,0,0
3741,1,1,0,0,1,1,0,1,1,1,0,0,0,0,1,1,0,0,0,0,1
3742,1,1,0,0,0,0,1,1,1,0,0,0,0,1,1,1,0,0,0,0,1
3743,1,0,0,0,0,0,0,1,0,0,0,0,0,0,1,0,0,0,0,0,0
3744,0,0,0,0,0,0,0,0,0,0,0,0,0,0,1,0,0,0,0,0,0
3745,1,1,1,0,0,0,0,1,1,0,0,0,0,1,0,0,0,0,0,0,0
3746,1,1,0,0,0,0,1,1,1,0,0,0,0,1,1,1,1,0,0,0,0
3747,1,1,0,1,0,0,0,1,1,0,0,1,1,0,1,1,0,0,0,0,1
3748,1,1,0,0,0,0,1,1,1,0,0,0,0,1,1,1,0,0,0,0,1
3749,1,1,0,0,0,0,1,1,1,1,0,0,0,0,1,1,1,0,0,0,0
3750,1,1,0,0,0,0,1,1,1,1,0,0,0,0,1,1,0,0,0,0,1
3751,1,1,0,0,0,0,1,1,1,0,1,0,0,0,1,1,0,0,0,0,1
3752,1,1,0,0,0,0,1,1,1,0,0,0,0,1,1,1,0,0,0,0,1
3753,1,1,0,0,0,0,1,1,1,0,0,0,0,1,1,1,0,0,0,0,1
3754,1,1,0,0,0,0,1,1,1,0,0,0,0,1,0,0,0,0,0,0,0
3755,1,1,0,0,0,0,1,1,1,0,0,0,0,1,1,1,0,0,0,0,1
3756,1,1,0,0,0,0,1,1,0,0,0,0,0,0,0,0,0,0,0,0,0
3757,0,0,0,0,0,0,0,1,0,0,0,0,0,0,0,0,0,0,0,0,0
3758,1,0,0,0,0,0,0,0,0,0,0,0,0,0,1,0,0,0,0,0,0
3759,1,0,0,0,0,0,0,0,0,0,0,0,0,0,0,0,0,0,0,0,0
3761,0,0,0,0,0,0,0,1,0,0,0,0,0,0,0,0,0,0,0,0,0
3762,1,0,0,0,0,0,0,1,0,0,0,0,0,0,0,0,0,0,0,0,0
3763,1,0,0,0,0,0,0,1,0,0,0,0,0,0,0,0,0,0,0,0,0
3764,1,1,0,0,0,0,1,1,1,1,0,0,0,0,1,1,0,0,1,1,0
3765,1,1,0,0,0,0,1,1,1,1,0,0,0,0,1,1,1,0,0,0,0
3766,1,1,0,0,0,0,1,1,1,1,0,0,0,0,1,1,0,0,0,0,1
3767,1,1,0,1,0,0,0,1,1,1,0,0,0,0,1,1,0,0,0,0,1
3768,1,1,0,0,0,0,1,1,1,1,0,0,0,0,1,1,0,0,0,0,1
3769,1,1,0,0,0,0,1,1,1,0,0,0,0,1,1,1,1,0,0,0,0
3770,2,2,1,1,0,0,0,2,2,0,1,0,0,1,2,2,1,0,0,0,1
3771,1,1,1,0,0,0,0,1,1,1,0,0,0,0,1,1,1,0,0,0,0
3772,1,1,1,0,0,0,0,1,1,1,0,0,0,0,1,1,0,0,0,0,1
3773,1,1,0,0,0,0,1,1,1,0,0,0,0,1,1,1,0,0,0,0,1
3774,1,1,0,1,0,0,0,1,1,0,0,0,0,1,1,1,0,0,0,0,1
3775,1,1,0,0,0,0,1,1,1,1,0,0,0,0,1,1,0,0,0,0,1
3776,1,1,0,1,0,0,0,1,1,0,1,0,0,0,1,1,0,0,0,0,1
3777,1,0,0,0,0,0,0,1,0,0,0,0,0,0,1,0,0,0,0,0,0
3778,1,1,0,1,0,0,0,1,1,0,1,0,0,0,1,1,0,0,0,0,1
3779,1,1,1,0,0,0,0,1,1,0,0,1,1,0,1,1,0,0,0,0,1
3780,1,1,0,0,0,0,1,1,1,0,0,0,0,1,1,1,1,0,0,0,0
3781,1,1,0,0,0,0,1,1,1,0,0,0,0,1,1,1,0,0,0,0,1
3782,1,1,0,0,0,0,1,1,1,0,0,0,0,1,1,1,0,0,0,0,1
3783,1,1,0,0,0,0,1,1,1,0,0,0,0,1,1,1,0,0,0,0,1
3784,1,0,0,0,0,0,0,0,0,0,0,0,0,0,2,0,0,0,0,0,0
3785,1,0,0,0,0,0,0,1,0,0,0,0,0,0,1,0,0,0,0,0,0
3786,1,1,0,0,0,0,1,1,1,0,0,0,0,1,1,1,0,0,0,0,1
3787,1,1,0,0,0,0,1,1,1,0,0,0,0,1,1,1,0,0,0,0,1
3788,1,1,0,0,0,0,1,1,1,0,0,0,0,1,1,1,0,0,0,0,1
3789,1,1,0,0,0,0,1,1,1,0,1,0,0,0,1,1,0,0,0,0,1
3790,1,1,0,1,0,0,0,1,1,0,0,0,0,1,1,1,0,0,0,0,1
3791,1,1,0,0,0,0,1,1,1,0,0,0,0,1,1,1,0,0,0,0,1
3792,1,1,0,1,0,0,0,1,1,0,0,0,0,1,1,1,0,0,0,0,1
3793,1,1,0,0,0,0,1,1,1,0,0,0,0,1,1,1,0,0,0,0,1
3794,1,1,0,0,0,0,1,1,1,1,0,0,0,0,2,2,0,0,0,0,2
3795,1,1,0,1,0,0,0,1,1,0,0,0,0,1,1,1,0,0,0,0,1
3796,1,1,1,0,0,0,0,1,1,1,0,0,0,0,1,1,0,0,0,0,1
3797,1,1,1,0,0,0,0,1,1,0,0,0,0,1,1,1,0,0,0,0,1
3798,1,1,0,0,0,0,1,1,1,0,0,0,0,1,1,1,0,0,0,0,1
3799,1,0,0,0,0,0,0,1,1,0,0,0,0,1,1,0,0,0,0,0,0
3800,1,1,0,0,0,0,1,1,1,0,1,0,0,0,0,0,0,0,0,0,0
3801,1,1,0,0,0,0,1,1,1,1,0,0,0,0,1,1,0,0,1,1,0
3802,1,1,0,0,0,0,1,1,1,0,0,0,0,1,1,1,0,0,0,0,1
3803,1,1,1,0,0,0,0,1,1,0,0,0,0,1,1,1,0,0,0,0,1
3804,1,1,0,0,0,0,1,1,1,1,0,0,0,0,1,1,0,0,0,0,1
3805,1,1,0,0,0,0,1,1,1,0,1,0,0,0,1,1,1,0,0,0,0
3806,1,1,0,0,0,0,1,1,1,0,1,0,0,0,1,1,0,0,1,1,0
3807,3,3,0,2,0,0,1,2,2,1,0,0,0,1,2,2,0,0,0,0,2
3808,1,1,0,0,0,0,1,1,1,1,0,0,0,0,1,1,0,0,0,0,1
3809,1,1,1,0,0,0,0,1,1,1,0,0,0,0,1,1,1,0,0,0,0
3810,1,1,1,0,0,0,0,1,1,1,0,0,0,0,2,2,0,0,1,1,1
3811,1,1,0,1,0,0,0,1,1,0,1,0,0,0,2,2,0,0,0,0,2
3812,1,1,0,1,0,0,0,1,1,0,1,0,0,0,0,0,0,0,0,0,0
3813,1,1,0,1,0,0,0,1,1,0,0,1,1,0,2,2,1,0,0,0,1
3814,1,1,0,1,0,0,0,1,1,0,1,0,0,0,2,2,0,0,0,0,2
3815,1,1,0,0,0,0,1,1,1,0,0,0,0,1,1,1,1,0,0,0,0
3816,1,1,0,1,0,0,0,1,1,0,1,0,0,0,1,1,0,0,0,0,1
3817,1,1,0,1,0,0,0,1,1,0,0,0,0,1,1,1,0,0,0,0,1
3818,3,3,0,1,0,0,2,3,3,0,0,0,0,3,3,3,0,0,0,0,3
3819,1,1,0,0,0,0,1,1,1,0,0,0,0,1,1,1,0,0,0,0,1
3820,1,0,0,0,0,0,0,1,0,0,0,0,0,0,0,0,0,0,0,0,0
3821,1,1,0,0,1,1,0,1,1,1,0,0,0,0,1,1,0,0,0,0,1
3822,1,0,0,0,0,0,0,1,0,0,0,0,0,0,1,1,0,0,0,0,1
3823,0,0,0,0,0,0,0,0,0,0,0,0,0,0,1,0,0,0,0,0,0
3824,0,0,0,0,0,0,0,0,0,0,0,0,0,0,1,0,0,0,0,0,0
3826,0,0,0,0,0,0,0,0,0,0,0,0,0,0,1,0,0,0,0,0,0
3827,1,0,0,0,0,0,0,0,0,0,0,0,0,0,0,0,0,0,0,0,0
3828,1,0,0,0,0,0,0,1,0,0,0,0,0,0,1,0,0,0,0,0,0
3829,1,1,0,0,0,0,1,1,1,1,0,0,0,0,1,1,0,0,0,0,1
3830,1,0,0,0,0,0,0,1,0,0,0,0,0,0,1,0,0,0,0,0,0
3831,1,0,0,0,0,0,0,0,0,0,0,0,0,0,1,0,0,0,0,0,0
3832,1,0,0,0,0,0,0,1,0,0,0,0,0,0,1,0,0,0,0,0,0
3833,1,1,0,0,0,0,1,1,1,1,0,0,0,0,1,1,1,0,0,0,0
3834,1,0,0,0,0,0,0,1,0,0,0,0,0,0,1,0,0,0,0,0,0
3835,1,0,0,0,0,0,0,1,0,0,0,0,0,0,0,0,0,0,0,0,0
3836,1,1,1,0,0,0,0,1,1,1,0,0,0,0,1,1,0,0,0,0,1
3837,1,1,0,0,0,0,1,1,1,1,0,0,0,0,1,1,0,0,0,0,1
3838,1,1,0,1,0,0,0,1,1,0,0,0,0,1,1,1,0,0,0,0,1
3839,1,1,0,1,0,0,0,1,1,0,1,0,0,0,1,1,0,0,0,0,1
3840,1,1,0,0,0,0,1,1,1,0,0,0,0,1,1,1,1,0,0,0,0
3841,1,1,0,0,0,0,1,1,1,1,0,0,0,0,1,1,0,0,0,0,1
3842,1,1,0,0,0,0,1,1,1,1,0,0,0,0,1,1,0,0,0,0,1
3843,1,1,0,0,0,0,1,1,1,1,0,0,0,0,1,1,0,1,0,0,0
3844,1,1,0,1,0,0,0,1,1,0,0,0,0,1,1,1,0,0,0,0,1
3845,1,0,0,0,0,0,0,1,0,0,0,0,0,0,0,0,0,0,0,0,0
3846,1,0,0,0,0,0,0,1,0,0,0,0,0,0,0,0,0,0,0,0,0
3847,1,0,0,0,0,0,0,1,1,0,0,0,0,1,0,0,0,0,0,0,0
3848,1,1,0,0,0,0,1,1,1,0,0,0,0,1,0,0,0,0,0,0,0
3849,1,1,0,1,0,0,0,1,1,1,0,0,0,0,1,1,0,0,0,0,1
3850,1,1,0,0,0,0,1,1,1,1,0,0,0,0,0,0,0,0,0,0,0
3851,1,0,0,0,0,0,0,1,0,0,0,0,0,0,1,0,0,0,0,0,0
3852,0,0,0,0,0,0,0,1,0,0,0,0,0,0,1,0,0,0,0,0,0
3853,1,1,0,0,0,0,1,1,1,0,1,0,0,0,0,0,0,0,0,0,0
3854,1,1,0,0,0,0,1,1,1,1,0,0,0,0,1,1,0,0,0,0,1
3855,1,1,0,0,1,1,0,1,1,0,0,0,0,1,1,1,0,0,0,0,1
3856,1,1,1,0,0,0,0,1,1,0,0,0,0,1,1,1,0,0,0,0,1
3857,1,0,0,0,0,0,0,1,0,0,0,0,0,0,0,0,0,0,0,0,0
3858,1,1,0,0,0,0,1,1,1,0,0,0,0,1,1,1,0,0,0,0,1
3859,1,1,0,0,0,0,1,1,1,1,0,0,0,0,1,1,0,0,0,0,1
3860,1,1,0,0,0,0,1,1,1,0,0,0,0,1,0,0,0,0,0,0,0
3861,1,1,1,0,0,0,0,1,1,1,0,0,0,0,1,1,0,0,0,0,1
3862,1,1,0,0,0,0,1,1,1,1,0,0,0,0,1,1,0,0,0,0,1
3863,1,1,1,0,0,0,0,1,1,0,0,1,1,0,1,1,1,0,0,0,0
3864,1,1,0,0,0,0,1,1,1,0,0,1,1,0,1,1,0,0,0,0,1
3865,1,1,0,0,0,0,1,1,1,0,0,0,0,1,0,0,0,0,0,0,0
3866,1,1,0,0,0,0,1,1,1,1,0,0,0,0,1,1,0,0,0,0,1
3867,1,1,1,0,0,0,0,1,1,0,0,0,0,1,0,0,0,0,0,0,0
3868,1,1,0,0,0,0,1,1,1,0,0,0,0,1,1,1,0,0,0,0,1
3869,1,1,0,1,0,0,0,1,1,1,0,0,0,0,1,1,0,0,0,0,1
3870,1,1,0,0,0,0,1,1,1,0,1,0,0,0,1,1,1,0,0,0,0
3871,1,1,1,0,0,0,0,1,1,0,0,0,0,1,1,1,0,0,0,0,1
3872,0,0,0,0,0,0,0,0,0,0,0,0,0,0,1,0,0,0,0,0,0
3873,1,0,0,0,0,0,0,0,0,0,0,0,0,0,1,0,0,0,0,0,0
3874,0,0,0,0,0,0,0,1,0,0,0,0,0,0,0,0,0,0,0,0,0
3875,1,1,0,0,0,0,1,1,1,0,0,0,0,1,1,1,0,0,0,0,1
3876,1,0,0,0,0,0,0,1,0,0,0,0,0,0,1,0,0,0,0,0,0
3877,1,1,0,0,0,0,1,1,1,0,0,0,0,1,2,1,1,0,0,0,0
3878,1,1,1,0,0,0,0,1,1,1,0,0,0,0,2,2,0,1,0,0,1
3879,1,1,1,0,0,0,0,1,1,1,0,0,0,0,2,1,0,0,0,0,1
3880,1,0,0,0,0,0,0,1,1,0,0,0,0,1,2,0,0,0,0,0,0
3881,1,0,0,0,0,0,0,1,0,0,0,0,0,0,2,0,0,0,0,0,0
3882,1,1,0,0,0,0,1,1,1,0,1,0,0,0,1,1,0,0,0,0,1
3883,1,1,1,0,0,0,0,1,1,1,0,0,0,0,1,1,1,0,0,0,0
3884,1,1,0,1,0,0,0,1,1,0,0,0,0,1,2,2,0,0,0,0,2
3885,1,1,0,1,0,0,0,1,1,1,0,0,0,0,1,1,0,0,0,0,1
3886,1,1,1,0,0,0,0,1,1,1,0,0,0,0,2,2,2,0,0,0,0
3887,1,1,0,1,0,0,0,1,1,0,0,0,0,1,1,1,0,0,0,0,1
3888,1,1,0,0,0,0,1,1,1,0,0,0,0,1,1,1,0,0,1,1,0
3889,1,1,0,0,0,0,1,1,1,1,0,0,0,0,1,1,0,0,0,0,1
3890,1,1,1,0,0,0,0,1,1,0,0,0,0,1,1,1,0,1,0,0,0
3891,1,1,0,0,0,0,1,1,1,1,0,0,0,0,1,1,0,0,0,0,1
3892,1,1,0,1,0,0,0,1,1,0,0,0,0,1,1,1,0,0,0,0,1
3893,1,1,0,0,0,0,1,1,1,0,1,0,0,0,1,1,0,0,0,0,1
3894,1,1,0,0,0,0,1,1,1,0,0,0,0,1,1,1,0,0,0,0,1
3895,1,1,0,0,0,0,1,1,0,0,0,0,0,0,1,0,0,0,0,0,0
3896,1,1,0,1,0,0,0,1,1,1,0,0,0,0,1,1,0,0,1,1,0
3897,1,0,0,0,0,0,0,1,1,0,0,0,0,1,0,0,0,0,0,0,0
3898,1,1,0,0,0,0,1,1,1,0,0,0,0,1,1,1,0,0,0,0,1
3899,4,1,0,0,0,0,1,4,2,1,0,0,0,1,4,3,0,0,0,0,3
3900,1,1,1,0,0,0,0,1,1,0,0,0,0,1,4,3,0,0,0,0,3
3901,1,1,0,0,0,0,1,1,1,0,1,0,0,0,3,3,1,0,0,0,2
3902,1,1,0,0,0,0,1,1,1,0,0,0,0,1,1,1,0,0,0,0,1
3903,1,1,0,0,0,0,1,1,1,0,0,0,0,1,0,0,0,0,0,0,0
3904,1,1,0,0,0,0,1,1,1,0,0,0,0,1,1,1,0,0,0,0,1
3905,1,0,0,0,0,0,0,1,0,0,0,0,0,0,0,0,0,0,0,0,0
3906,1,1,0,0,0,0,1,2,2,1,0,0,0,1,2,2,0,1,0,0,1
3907,1,1,0,0,0,0,1,1,1,0,0,0,0,1,1,1,0,0,0,0,1
3908,1,0,0,0,0,0,0,1,0,0,0,0,0,0,1,0,0,0,0,0,0
3909,1,1,0,0,0,0,1,1,1,0,0,0,0,1,1,0,0,0,0,0,0
3910,1,1,0,0,0,0,1,1,1,1,0,0,0,0,1,1,0,0,0,0,1
3911,1,1,0,0,0,0,1,1,1,0,1,0,0,0,1,1,1,0,0,0,0
3912,1,1,1,0,0,0,0,1,1,1,0,0,0,0,1,1,0,1,0,0,0
3913,2,0,0,0,0,0,0,2,0,0,0,0,0,0,0,0,0,0,0,0,0
3914,1,1,0,1,0,0,0,1,1,0,1,0,0,0,1,1,0,0,0,0,1
3915,1,1,0,1,0,0,0,1,1,0,0,0,0,1,1,0,0,0,0,0,0
3916,1,1,0,0,0,0,1,1,1,0,0,0,0,1,1,1,0,0,0,0,1
3917,1,1,1,0,0,0,0,1,1,1,0,0,0,0,1,1,1,0,0,0,0
3918,1,1,0,0,0,0,1,1,1,1,0,0,0,0,1,1,0,0,0,0,1
3919,1,1,0,0,0,0,1,1,1,0,0,0,0,1,1,1,0,0,0,0,1
3920,1,1,0,0,0,0,1,1,1,1,0,0,0,0,1,1,0,0,0,0,1
3921,1,1,0,0,0,0,1,1,1,0,0,0,0,1,1,1,0,0,0,0,1
3922,1,1,0,0,0,0,1,1,1,0,0,0,0,1,1,1,0,0,0,0,1
3923,1,1,0,0,0,0,1,1,1,0,0,0,0,1,1,1,0,0,0,0,1
3924,1,1,0,0,0,0,1,1,1,0,0,0,0,1,1,1,0,0,0,0,1
3925,1,1,0,1,0,0,0,1,1,0,0,0,0,1,1,1,0,0,0,0,1
3926,1,1,0,0,0,0,1,1,1,0,1,0,0,0,1,1,0,0,0,0,1
3927,1,1,0,0,0,0,1,1,0,0,0,0,0,0,1,0,0,0,0,0,0
3928,1,1,0,0,0,0,1,1,1,0,0,0,0,1,1,1,0,0,0,0,1
3929,1,1,0,0,0,0,1,1,1,0,0,0,0,1,1,1,0,0,0,0,1
3930,1,1,1,0,0,0,0,1,1,0,0,0,0,1,1,1,0,0,0,0,1
3931,2,2,1,0,0,0,1,2,2,2,0,0,0,0,2,2,0,0,1,1,1
3932,1,1,1,0,0,0,0,1,1,1,0,0,0,0,1,1,0,0,0,0,1
3933,1,1,0,0,0,0,1,1,1,0,0,0,0,1,0,0,0,0,0,0,0
3934,1,0,0,0,0,0,0,1,0,0,0,0,0,0,1,1,0,0,0,0,1
3935,1,1,0,0,0,0,1,1,1,0,0,0,0,1,1,1,0,0,0,0,1
3936,1,1,0,1,0,0,0,1,1,0,0,1,1,0,1,1,0,0,0,0,1
3937,1,1,0,0,0,0,1,1,1,0,0,0,0,1,1,1,1,0,0,0,0
3938,1,1,0,0,0,0,1,1,1,0,0,0,0,1,2,2,0,0,0,0,2
3939,1,1,0,0,0,0,1,1,1,0,0,0,0,1,2,2,0,0,0,0,2
3940,1,1,0,1,0,0,0,1,1,0,1,0,0,0,2,1,0,0,0,0,1
3941,1,0,0,0,0,0,0,1,0,0,0,0,0,0,1,0,0,0,0,0,0
3942,1,1,1,0,0,0,0,1,1,0,0,0,0,1,1,1,0,0,0,0,1
3943,1,1,1,0,0,0,0,1,1,1,0,0,0,0,1,1,0,0,0,0,1
3944,1,1,0,0,0,0,1,1,1,0,0,0,0,1,1,1,0,1,0,0,0
3945,1,0,0,0,0,0,0,1,0,0,0,0,0,0,1,1,0,0,0,0,1
3946,1,1,1,0,0,0,0,1,1,0,0,0,0,1,2,1,0,0,0,0,1
3947,1,1,0,0,1,1,0,1,1,0,1,0,0,0,2,2,0,0,1,1,1
3948,1,1,1,0,0,0,0,1,1,0,0,1,1,0,2,2,1,0,0,0,1
3949,1,1,0,0,0,0,1,1,1,0,0,0,0,1,2,2,0,0,0,0,2
3950,0,0,0,0,0,0,0,1,0,0,0,0,0,0,0,0,0,0,0,0,0
3951,1,1,0,1,0,0,0,1,1,0,1,0,0,0,1,1,1,0,0,0,0
3952,1,1,1,0,0,0,0,1,1,1,0,0,0,0,1,1,1,0,0,0,0
3953,1,1,0,0,0,0,1,1,1,0,0,0,0,1,1,1,0,0,0,0,1
3954,1,0,0,0,0,0,0,1,0,0,0,0,0,0,1,1,0,0,0,0,1
3955,1,1,1,0,0,0,0,1,1,1,0,0,0,0,0,0,0,0,0,0,0
3956,1,1,1,0,0,0,0,1,1,0,0,0,0,1,2,2,0,0,0,0,2
3957,1,0,0,0,0,0,0,2,0,0,0,0,0,0,1,0,0,0,0,0,0
3958,4,4,0,3,0,0,1,4,4,0,2,1,1,1,1,1,0,0,1,1,0
3959,1,1,0,0,0,0,1,1,1,0,0,0,0,1,1,1,0,1,0,0,0
3960,1,0,0,0,0,0,0,1,0,0,0,0,0,0,1,0,0,0,0,0,0
3961,1,1,0,0,0,0,1,1,1,0,0,0,0,1,1,1,1,0,0,0,0
3962,1,1,0,0,0,0,1,1,1,1,0,0,0,0,1,1,0,0,0,0,1
3963,0,0,0,0,0,0,0,1,0,0,0,0,0,0,0,0,0,0,0,0,0
3964,1,1,1,0,0,0,0,1,1,0,0,0,0,1,1,1,0,0,0,0,1
3965,1,1,0,0,1,1,0,1,1,0,1,0,0,0,1,1,0,0,1,1,0
3966,1,1,0,0,0,0,1,1,1,0,0,0,0,1,1,1,0,0,0,0,1
3967,1,1,0,0,1,1,0,1,1,1,0,0,0,0,1,1,0,1,0,0,0
3968,0,0,0,0,0,0,0,1,0,0,0,0,0,0,1,0,0,0,0,0,0
3969,1,1,0,0,0,0,1,1,1,0,0,0,0,1,1,1,0,0,0,0,1
3970,1,1,1,0,0,0,0,1,1,0,0,0,0,1,1,1,0,0,0,0,1
3971,1,1,0,0,0,0,1,1,1,1,0,0,0,0,1,1,0,0,1,1,0
3972,2,1,0,0,0,0,1,2,1,0,0,0,0,1,2,2,0,0,0,0,2
3973,1,1,0,0,0,0,1,1,1,0,0,0,0,1,1,1,0,0,0,0,1
3974,1,1,0,0,0,0,1,1,1,0,0,0,0,1,1,1,0,0,0,0,1
3975,1,1,1,0,0,0,0,1,1,0,1,0,0,0,1,1,0,0,0,0,1
3976,1,1,0,0,1,1,0,1,1,0,0,1,1,0,1,1,0,0,0,0,1
3977,1,1,0,0,0,0,1,1,1,0,1,0,0,0,1,1,0,0,0,0,1
3978,1,1,0,1,0,0,0,1,1,0,1,0,0,0,0,0,0,0,0,0,0
3979,1,1,0,0,0,0,1,1,1,1,0,0,0,0,1,1,0,1,0,0,0
3980,1,1,0,0,0,0,1,1,1,0,0,0,0,1,1,1,0,0,0,0,1
3981,1,1,0,0,0,0,1,1,1,0,0,0,0,1,1,1,1,0,0,0,0
3982,1,1,0,1,0,0,0,1,1,0,1,0,0,0,0,0,0,0,0,0,0
3983,1,1,0,1,0,0,0,1,1,0,1,0,0,0,1,1,0,0,1,1,0
3984,1,1,0,0,0,0,1,1,1,0,0,0,0,1,1,1,0,0,0,0,1
3985,1,1,1,0,0,0,0,1,1,0,0,0,0,1,1,1,0,0,0,0,1
3986,1,1,0,1,0,0,0,1,1,0,0,0,0,1,0,0,0,0,0,0,0
3987,1,1,0,0,0,0,1,1,1,0,0,0,0,1,1,1,0,0,0,0,1
3988,1,1,1,0,0,0,0,1,1,1,0,0,0,0,1,1,1,0,0,0,0
3989,1,1,0,0,0,0,1,1,1,0,1,0,0,0,1,1,0,0,0,0,1
3990,1,1,0,1,0,0,0,1,1,0,0,0,0,1,0,0,0,0,0,0,0
3991,1,1,0,0,1,1,0,1,1,1,0,0,0,0,1,1,1,0,0,0,0
3992,1,1,0,0,0,0,1,1,1,0,0,0,0,1,1,1,0,0,0,0,1
3993,1,1,0,0,0,0,1,1,1,1,0,0,0,0,1,1,0,0,0,0,1
3994,3,1,0,0,0,0,1,3,1,0,0,1,1,0,1,1,1,0,0,0,0
3995,1,1,0,0,0,0,1,1,1,0,0,0,0,1,0,0,0,0,0,0,0
3996,1,1,0,1,0,0,0,1,1,0,0,1,1,0,1,1,0,0,0,0,1
3997,1,1,0,1,0,0,0,1,1,0,0,0,0,1,1,1,1,0,0,0,0
3998,1,0,0,0,0,0,0,1,0,0,0,0,0,0,0,0,0,0,0,0,0
3999,1,1,0,0,0,0,1,1,0,0,0,0,0,0,1,0,0,0,0,0,0
4000,1,1,0,0,1,1,0,1,1,1,0,0,0,0,1,1,0,0,0,0,1
4001,1,1,0,0,1,1,0,1,1,0,0,0,0,1,1,1,0,0,0,0,1
4002,2,1,0,0,0,0,1,1,1,1,0,0,0,0,1,1,0,0,0,0,1
4003,1,1,1,0,0,0,0,1,1,1,0,0,0,0,2,2,0,1,0,0,1
4004,1,1,1,0,0,0,0,1,1,1,0,0,0,0,1,1,0,0,0,0,1
4005,1,1,0,1,0,0,0,1,1,0,0,0,0,1,1,1,0,0,0,0,1
4006,1,1,0,1,0,0,0,1,1,0,0,0,0,1,1,1,0,0,0,0,1
4007,1,1,0,1,0,0,0,1,1,0,0,0,0,1,1,1,0,0,0,0,1
4008,1,1,0,0,0,0,1,1,1,0,0,0,0,1,1,1,0,0,0,0,1
4009,1,1,0,1,0,0,0,1,1,0,1,0,0,0,1,1,1,0,0,0,0
4010,1,1,0,0,0,0,1,1,1,0,0,0,0,1,1,1,0,0,0,0,1
4011,1,1,1,0,0,0,0,1,1,0,0,0,0,1,1,1,1,0,0,0,0
4012,1,1,0,0,0,0,1,1,1,0,0,0,0,1,1,1,0,0,0,0,1
4013,1,1,0,0,0,0,1,1,1,0,0,0,0,1,1,1,0,0,0,0,1
4014,1,0,0,0,0,0,0,1,0,0,0,0,0,0,1,1,0,0,0,0,1
4015,1,1,0,0,0,0,1,1,1,1,0,0,0,0,1,1,0,0,0,0,1
4016,1,1,0,0,0,0,1,1,1,1,0,0,0,0,1,1,0,1,0,0,0
4017,1,1,0,0,0,0,1,1,1,0,0,0,0,1,1,1,0,0,0,0,1
4018,1,1,0,0,0,0,1,1,1,0,0,0,0,1,1,1,0,0,0,0,1
4019,1,1,0,0,0,0,1,1,1,0,1,0,0,0,1,1,0,0,0,0,1
4020,1,1,0,0,0,0,1,1,1,1,0,0,0,0,1,1,0,0,0,0,1
4021,1,1,0,0,0,0,1,1,1,0,0,0,0,1,0,0,0,0,0,0,0
4022,1,1,1,0,0,0,0,1,1,0,0,1,1,0,1,1,1,0,0,0,0
4024,1,1,0,0,0,0,1,1,1,0,0,0,0,1,1,1,0,0,0,0,1
4025,1,1,0,0,1,1,0,1,1,1,0,0,0,0,1,1,0,0,0,0,1
4026,1,1,1,0,0,0,0,1,1,1,0,0,0,0,1,1,0,0,0,0,1
4027,1,0,0,0,0,0,0,0,0,0,0,0,0,0,1,0,0,0,0,0,0
4028,1,1,0,0,0,0,1,1,1,0,0,0,0,1,2,2,0,0,0,0,2
4029,1,1,0,0,0,0,1,1,1,0,0,0,0,1,2,2,0,0,0,0,2
4030,1,1,0,0,0,0,1,1,1,1,0,0,0,0,1,1,1,0,0,0,0
4031,1,1,0,0,0,0,1,1,1,0,0,0,0,1,1,1,0,0,0,0,1
4032,1,1,0,0,0,0,1,1,1,0,0,0,0,1,1,1,0,0,0,0,1
4033,1,0,0,0,0,0,0,1,0,0,0,0,0,0,0,0,0,0,0,0,0
4034,1,1,0,1,0,0,0,1,1,0,0,0,0,1,1,0,0,0,0,0,0
4035,1,0,0,0,0,0,0,1,0,0,0,0,0,0,1,0,0,0,0,0,0
4036,1,1,0,0,0,0,1,1,1,0,0,0,0,1,1,1,0,0,0,0,1
4037,1,0,0,0,0,0,0,1,0,0,0,0,0,0,1,0,0,0,0,0,0
4038,1,0,0,0,0,0,0,0,0,0,0,0,0,0,0,0,0,0,0,0,0
4039,1,0,0,0,0,0,0,0,0,0,0,0,0,0,1,0,0,0,0,0,0
4040,0,0,0,0,0,0,0,1,0,0,0,0,0,0,1,0,0,0,0,0,0
4041,0,0,0,0,0,0,0,0,0,0,0,0,0,0,1,0,0,0,0,0,0
4042,1,1,0,0,0,0,1,1,1,1,0,0,0,0,3,3,0,0,0,0,3
4043,1,1,1,0,0,0,0,1,1,1,0,0,0,0,3,2,0,0,0,0,2
4044,3,3,0,1,0,0,2,3,3,0,1,1,1,1,8,7,0,2,0,0,5
4046,3,0,0,0,0,0,0,1,0,0,0,0,0,0,2,0,0,0,0,0,0
4047,1,1,0,0,0,0,1,1,1,0,0,0,0,1,1,1,0,0,0,0,1
4048,1,1,0,0,1,1,0,1,1,0,0,0,0,1,1,1,0,1,0,0,0
4049,1,0,0,0,0,0,0,1,0,0,0,0,0,0,2,0,0,0,0,0,0
4050,1,1,0,0,0,0,1,1,1,0,1,0,0,0,2,1,0,0,0,0,1
4051,1,0,0,0,0,0,0,1,0,0,0,0,0,0,0,0,0,0,0,0,0
4052,1,0,0,0,0,0,0,0,0,0,0,0,0,0,2,0,0,0,0,0,0
4053,1,0,0,0,0,0,0,0,0,0,0,0,0,0,0,0,0,0,0,0,0
4054,1,0,0,0,0,0,0,1,0,0,0,0,0,0,1,0,0,0,0,0,0
4055,0,0,0,0,0,0,0,0,0,0,0,0,0,0,1,0,0,0,0,0,0
4056,1,1,1,0,0,0,0,1,1,0,0,0,0,1,1,1,0,0,0,0,1
4057,1,1,0,0,0,0,1,1,1,1,0,0,0,0,1,1,0,0,0,0,1
4058,1,1,0,0,0,0,1,1,1,0,0,0,0,1,1,1,0,0,0,0,1
4059,3,0,0,0,0,0,0,4,0,0,0,0,0,0,2,0,0,0,0,0,0
4060,1,0,0,0,0,0,0,1,0,0,0,0,0,0,2,0,0,0,0,0,0
4061,1,0,0,0,0,0,0,1,0,0,0,0,0,0,0,0,0,0,0,0,0
4063,1,0,0,0,0,0,0,1,0,0,0,0,0,0,0,0,0,0,0,0,0
4064,1,1,0,0,0,0,1,1,1,0,0,0,0,1,1,1,0,0,0,0,1
4065,1,1,0,0,0,0,1,1,1,0,0,0,0,1,1,1,0,0,0,0,1
4066,1,1,0,0,0,0,1,1,1,0,0,0,0,1,1,0,0,0,0,0,0
4067,1,0,0,0,0,0,0,1,0,0,0,0,0,0,0,0,0,0,0,0,0
4068,1,1,0,1,0,0,0,1,1,0,1,0,0,0,1,1,0,0,0,0,1
4069,1,0,0,0,0,0,0,1,1,0,0,0,0,1,1,0,0,0,0,0,0
4070,1,0,0,0,0,0,0,0,0,0,0,0,0,0,1,0,0,0,0,0,0
4072,1,1,0,0,0,0,1,1,1,0,0,0,0,1,1,1,0,0,0,0,1
4073,2,1,0,0,0,0,1,1,1,1,0,0,0,0,1,1,1,0,0,0,0
4074,1,1,0,1,0,0,0,1,1,0,1,0,0,0,1,1,0,0,0,0,1
4075,1,0,0,0,0,0,0,0,0,0,0,0,0,0,1,0,0,0,0,0,0
4076,0,0,0,0,0,0,0,0,0,0,0,0,0,0,1,0,0,0,0,0,0
4077,1,1,1,0,0,0,0,1,1,0,0,0,0,1,1,1,0,0,0,0,1
4078,1,1,0,1,0,0,0,1,1,0,1,0,0,0,1,1,0,0,0,0,1
4079,1,1,0,1,0,0,0,1,1,0,1,0,0,0,1,1,0,1,0,0,0
4080,1,1,1,0,0,0,0,1,1,0,0,0,0,1,1,1,0,0,0,0,1
4081,1,1,0,0,0,0,1,1,1,0,0,0,0,1,1,1,0,0,0,0,1
4082,1,0,0,0,0,0,0,1,0,0,0,0,0,0,1,1,0,0,0,0,1
4083,1,0,0,0,0,0,0,0,0,0,0,0,0,0,1,0,0,0,0,0,0
4084,1,1,0,0,0,0,1,2,1,1,0,0,0,0,1,1,0,0,0,0,1
4085,1,1,1,0,0,0,0,1,1,1,0,0,0,0,1,1,0,0,0,0,1
4086,1,1,0,0,0,0,1,1,1,0,0,0,0,1,1,1,0,0,1,1,0
4087,1,1,1,0,0,0,0,1,1,0,0,1,1,0,1,1,0,0,1,1,0
4088,1,1,0,0,0,0,1,1,1,0,0,0,0,1,1,1,0,0,0,0,1
4089,1,1,0,0,0,0,1,1,1,0,0,0,0,1,1,1,0,0,0,0,1
4090,1,1,0,0,1,1,0,1,1,1,0,0,0,0,1,1,1,0,0,0,0
4091,1,1,0,0,0,0,1,1,1,1,0,0,0,0,1,1,1,0,0,0,0
4092,1,1,0,1,0,0,0,1,1,0,1,0,0,0,1,1,0,0,1,1,0
4093,2,2,0,0,0,0,2,2,2,0,1,0,0,1,2,2,0,0,1,1,1
4094,1,1,0,0,0,0,1,1,1,0,0,0,0,1,1,1,0,0,0,0,1
4095,1,1,0,1,0,0,0,1,1,0,0,0,0,1,1,1,0,0,0,0,1
4096,1,1,0,1,0,0,0,1,1,0,1,0,0,0,1,1,1,0,0,0,0
4097,1,1,0,0,0,0,1,1,1,0,0,0,0,1,1,1,0,0,0,0,1
4098,1,1,0,0,0,0,1,1,1,0,0,0,0,1,1,1,0,0,0,0,1
4099,1,1,0,0,0,0,1,1,1,0,0,0,0,1,1,1,0,0,0,0,1
4100,1,1,0,1,0,0,0,1,1,0,0,0,0,1,1,1,1,0,0,0,0
4101,1,1,0,0,0,0,1,1,1,0,0,0,0,1,0,0,0,0,0,0,0
4103,1,1,1,0,0,0,0,1,1,0,0,0,0,1,1,1,0,0,0,0,1
4104,1,1,0,0,0,0,1,1,1,1,0,0,0,0,1,1,0,0,0,0,1
4105,2,1,0,0,0,0,1,2,1,0,0,0,0,1,5,1,0,0,0,0,1
4106,1,0,0,0,0,0,0,1,0,0,0,0,0,0,1,0,0,0,0,0,0
4107,1,1,0,1,0,0,0,1,1,1,0,0,0,0,0,0,0,0,0,0,0
4108,1,1,0,0,0,0,1,1,1,1,0,0,0,0,1,1,0,0,0,0,1
4109,1,1,0,0,0,0,1,1,1,1,0,0,0,0,1,1,0,0,0,0,1
4110,1,1,0,0,0,0,1,1,1,0,0,0,0,1,1,1,0,0,0,0,1
4111,1,1,0,0,0,0,1,1,1,0,0,0,0,1,1,1,0,0,0,0,1
4112,1,1,0,0,0,0,1,1,1,0,0,0,0,1,1,1,0,0,0,0,1
4113,1,1,0,0,0,0,1,1,1,0,0,0,0,1,1,1,0,0,0,0,1
4114,1,1,0,0,0,0,1,1,1,0,0,0,0,1,1,1,0,0,0,0,1
4115,1,1,0,1,0,0,0,1,1,0,1,0,0,0,1,1,0,0,1,1,0
4116,1,1,0,0,0,0,1,1,1,1,0,0,0,0,1,1,0,1,0,0,0
4117,1,1,0,0,0,0,1,1,1,0,1,0,0,0,0,0,0,0,0,0,0
4118,1,1,0,1,0,0,0,1,1,1,0,0,0,0,1,1,0,1,0,0,0
4119,1,1,0,0,0,0,1,1,1,0,0,0,0,1,1,1,0,0,0,0,1
4120,1,1,0,0,0,0,1,1,1,1,0,0,0,0,1,1,0,0,0,0,1
4121,1,0,0,0,0,0,0,1,0,0,0,0,0,0,1,0,0,0,0,0,0
4122,1,1,0,0,0,0,1,1,1,0,0,1,1,0,1,1,1,0,0,0,0
4123,1,0,0,0,0,0,0,1,0,0,0,0,0,0,1,0,0,0,0,0,0
4124,1,1,0,0,0,0,1,1,1,0,1,0,0,0,1,1,0,0,0,0,1
4125,1,1,0,1,0,0,0,1,1,0,0,1,1,0,1,1,1,0,0,0,0
4126,1,1,0,0,0,0,1,1,1,0,0,1,1,0,1,1,1,0,0,0,0
4127,1,1,0,1,0,0,0,1,1,1,0,0,0,0,1,1,0,0,0,0,1
4128,1,1,0,0,0,0,1,1,1,0,0,0,0,1,1,1,0,0,0,0,1
4129,1,0,0,0,0,0,0,1,0,0,0,0,0,0,1,0,0,0,0,0,0
4130,1,1,0,1,0,0,0,1,1,1,0,0,0,0,1,1,0,0,0,0,1
4131,1,1,0,0,0,0,1,1,1,0,0,0,0,1,1,1,0,0,0,0,1
4132,1,1,0,0,1,1,0,1,1,1,0,0,0,0,1,1,0,0,0,0,1
4133,1,1,0,1,0,0,0,1,1,0,0,0,0,1,1,1,0,0,1,1,0
4134,1,1,0,0,0,0,1,1,1,0,0,0,0,1,1,1,1,0,0,0,0
4135,1,0,0,0,0,0,0,1,0,0,0,0,0,0,1,0,0,0,0,0,0
4136,1,1,0,1,0,0,0,1,1,0,0,0,0,1,1,1,0,0,0,0,1
4137,1,1,1,0,0,0,0,1,1,1,0,0,0,0,1,1,1,0,0,0,0
4138,1,1,0,0,0,0,1,1,1,0,0,0,0,1,1,1,0,0,0,0,1
4139,1,1,1,0,0,0,0,1,1,1,0,0,0,0,1,1,0,0,0,0,1
4140,1,1,0,0,0,0,1,1,1,0,0,0,0,1,1,1,0,0,0,0,1
4141,1,1,0,0,0,0,1,1,1,0,0,0,0,1,0,0,0,0,0,0,0
4142,1,1,0,0,0,0,1,1,1,0,0,0,0,1,1,1,0,0,0,0,1
4143,1,1,0,0,0,0,1,2,2,1,0,0,0,1,1,1,0,0,0,0,1
4144,1,1,0,0,0,0,1,1,1,0,0,0,0,1,1,1,0,0,0,0,1
4145,1,1,0,0,0,0,1,1,1,0,0,0,0,1,1,1,0,1,0,0,0
4146,1,1,0,0,0,0,1,1,1,0,0,0,0,1,1,1,0,0,0,0,1
4147,1,1,0,0,0,0,1,1,1,0,0,0,0,1,1,1,0,0,0,0,1
4148,1,1,0,0,0,0,1,1,1,0,0,0,0,1,1,1,0,0,0,0,1
4149,1,1,0,0,0,0,1,1,1,0,0,0,0,1,1,1,0,0,0,0,1
4150,1,1,0,0,0,0,1,1,1,0,0,0,0,1,1,1,1,0,0,0,0
4151,1,1,0,0,0,0,1,1,1,1,0,0,0,0,1,1,0,0,0,0,1
4152,1,1,1,0,0,0,0,1,1,0,0,0,0,1,0,0,0,0,0,0,0
4153,1,1,0,0,0,0,1,1,1,1,0,0,0,0,1,0,0,0,0,0,0
4154,1,1,0,0,0,0,1,1,1,0,1,0,0,0,1,1,0,0,0,0,1
4155,1,1,0,0,0,0,1,1,1,1,0,0,0,0,1,1,0,0,0,0,1
4156,1,1,0,0,0,0,1,1,1,0,0,0,0,1,1,1,1,0,0,0,0
4157,1,1,0,0,0,0,1,1,1,1,0,0,0,0,1,1,0,0,0,0,1
4158,1,1,0,0,0,0,1,1,1,0,0,0,0,1,1,1,0,0,0,0,1
4159,1,1,0,1,0,0,0,1,1,0,1,0,0,0,1,1,0,0,0,0,1
4160,1,1,0,1,0,0,0,1,1,0,1,0,0,0,1,1,0,0,0,0,1
4161,1,1,1,0,0,0,0,1,1,1,0,0,0,0,1,1,0,0,0,0,1
4162,1,0,0,0,0,0,0,1,0,0,0,0,0,0,0,0,0,0,0,0,0
4163,1,0,0,0,0,0,0,1,0,0,0,0,0,0,0,0,0,0,0,0,0
4164,1,0,0,0,0,0,0,1,0,0,0,0,0,0,1,1,0,0,0,0,1
4165,1,0,0,0,0,0,0,1,1,0,0,0,0,1,0,0,0,0,0,0,0
4166,1,1,0,0,0,0,1,1,1,1,0,0,0,0,0,0,0,0,0,0,0
4167,1,1,1,0,0,0,0,1,1,0,0,0,0,1,1,1,0,0,0,0,1
4168,3,3,0,0,1,1,2,2,2,2,0,0,0,0,1,1,0,1,0,0,0
4169,1,1,0,0,0,0,1,1,1,0,0,0,0,1,0,0,0,0,0,0,0
4170,1,1,0,1,0,0,0,1,1,0,1,0,0,0,1,1,0,0,0,0,1
4171,1,0,0,0,0,0,0,1,1,0,0,0,0,1,1,1,0,0,0,0,1
4172,2,1,0,0,0,0,1,2,1,0,0,0,0,1,2,2,0,0,0,0,2
4173,1,1,0,0,0,0,1,1,1,0,0,0,0,1,1,1,0,0,0,0,1
4174,1,1,0,0,0,0,1,1,1,0,0,0,0,1,1,1,0,0,0,0,1
4175,1,0,0,0,0,0,0,0,0,0,0,0,0,0,0,0,0,0,0,0,0
4176,1,1,1,0,0,0,0,1,1,0,0,0,0,1,1,1,0,0,0,0,1
4177,1,1,0,0,0,0,1,1,1,0,0,0,0,1,1,1,1,0,0,0,0
4178,1,1,0,1,0,0,0,1,1,0,0,0,0,1,1,1,0,0,1,1,0
4179,1,1,0,1,0,0,0,1,1,0,0,0,0,1,1,1,0,0,0,0,1
4180,1,1,1,0,0,0,0,1,1,0,0,0,0,1,1,1,0,0,0,0,1
4181,1,0,0,0,0,0,0,1,0,0,0,0,0,0,0,0,0,0,0,0,0
4182,1,0,0,0,0,0,0,1,0,0,0,0,0,0,1,0,0,0,0,0,0
4183,2,2,0,0,0,0,2,1,1,0,1,0,0,0,1,1,0,0,0,0,1
4184,1,0,0,0,0,0,0,1,0,0,0,0,0,0,1,0,0,0,0,0,0
4185,0,0,0,0,0,0,0,0,0,0,0,0,0,0,1,0,0,0,0,0,0
4186,1,0,0,0,0,0,0,1,0,0,0,0,0,0,0,0,0,0,0,0,0
4187,1,0,0,0,0,0,0,1,0,0,0,0,0,0,1,0,0,0,0,0,0
4188,3,0,0,0,0,0,0,3,0,0,0,0,0,0,0,0,0,0,0,0,0
4189,1,1,0,0,0,0,1,1,1,0,1,0,0,0,1,1,0,0,0,0,1
4190,1,1,0,0,0,0,1,1,1,0,1,0,0,0,0,0,0,0,0,0,0
4191,1,1,0,0,0,0,1,1,1,0,0,0,0,1,1,1,0,0,0,0,1
4192,1,1,0,0,0,0,1,1,1,0,1,0,0,0,1,1,1,0,0,0,0
4193,1,0,0,0,0,0,0,1,0,0,0,0,0,0,0,0,0,0,0,0,0
4195,1,1,1,0,0,0,0,1,1,1,0,0,0,0,1,1,0,0,0,0,1
4196,1,1,0,0,0,0,1,1,1,1,0,0,0,0,1,1,1,0,0,0,0
4197,1,1,0,0,0,0,1,1,1,1,0,0,0,0,1,1,0,0,0,0,1
4198,1,1,0,1,0,0,0,1,1,0,0,0,0,1,1,1,1,0,0,0,0
4199,1,1,0,0,0,0,1,1,1,0,0,0,0,1,1,1,0,0,0,0,1
4200,1,1,0,0,0,0,1,1,1,0,0,0,0,1,1,1,0,1,0,0,0
4201,1,0,0,0,0,0,0,1,0,0,0,0,0,0,1,1,0,0,0,0,1
4202,1,1,0,0,0,0,1,1,1,0,1,0,0,0,1,1,0,0,0,0,1
4203,1,1,0,0,0,0,1,1,1,0,0,0,0,1,1,1,0,0,0,0,1
4204,1,1,0,1,0,0,0,1,1,0,1,0,0,0,1,1,0,0,0,0,1
4205,1,1,0,0,0,0,1,1,1,0,0,0,0,1,1,1,1,0,0,0,0
4206,1,1,0,0,1,1,0,1,1,0,1,0,0,0,1,1,1,0,0,0,0
4207,0,0,0,0,0,0,0,1,0,0,0,0,0,0,0,0,0,0,0,0,0
4208,1,1,0,0,0,0,1,1,1,0,0,0,0,1,1,1,0,0,0,0,1
4209,1,1,0,1,0,0,0,1,1,0,0,1,1,0,1,1,1,0,0,0,0
4210,1,0,0,0,0,0,0,1,0,0,0,0,0,0,0,0,0,0,0,0,0
4211,0,0,0,0,0,0,0,1,0,0,0,0,0,0,0,0,0,0,0,0,0
4212,0,0,0,0,0,0,0,1,0,0,0,0,0,0,0,0,0,0,0,0,0
4213,1,1,0,0,0,0,1,1,0,0,0,0,0,0,0,0,0,0,0,0,0
4214,1,0,0,0,0,0,0,0,0,0,0,0,0,0,2,0,0,0,0,0,0
4215,0,0,0,0,0,0,0,1,0,0,0,0,0,0,0,0,0,0,0,0,0
4216,1,0,0,0,0,0,0,1,0,0,0,0,0,0,2,0,0,0,0,0,0
4217,1,0,0,0,0,0,0,1,0,0,0,0,0,0,0,0,0,0,0,0,0
4218,1,0,0,0,0,0,0,1,0,0,0,0,0,0,1,0,0,0,0,0,0
4219,1,0,0,0,0,0,0,1,0,0,0,0,0,0,0,0,0,0,0,0,0
4220,0,0,0,0,0,0,0,1,0,0,0,0,0,0,1,0,0,0,0,0,0
4221,1,1,1,0,0,0,0,1,1,0,0,0,0,1,1,1,0,0,0,0,1
4222,1,1,0,0,0,0,1,1,1,1,0,0,0,0,2,2,0,0,0,0,2
4223,2,2,0,2,0,0,0,2,2,0,2,0,0,0,2,2,0,0,0,0,2
4225,1,1,0,0,0,0,1,1,1,0,1,0,0,0,1,1,0,1,0,0,0
4226,1,1,0,0,0,0,1,1,1,0,1,0,0,0,1,1,0,0,0,0,1
4227,1,1,0,0,0,0,1,1,1,0,0,0,0,1,0,0,0,0,0,0,0
4228,3,3,2,0,0,0,1,2,2,0,0,0,0,2,2,2,1,0,0,0,1
4229,1,1,0,1,0,0,0,1,1,0,0,0,0,1,1,1,0,0,0,0,1
4230,1,1,0,0,0,0,1,1,1,0,0,0,0,1,1,1,0,0,0,0,1
4231,1,1,0,0,0,0,1,1,1,1,0,0,0,0,1,1,0,0,0,0,1
4232,1,1,0,1,0,0,0,1,1,1,0,0,0,0,1,1,1,0,0,0,0
4233,1,1,0,0,0,0,1,1,0,0,0,0,0,0,1,0,0,0,0,0,0
4234,1,1,0,1,0,0,0,1,1,0,1,0,0,0,2,2,0,0,0,0,2
4235,1,1,0,0,0,0,1,1,1,0,0,0,0,1,2,2,0,0,0,0,2
4236,1,1,0,1,0,0,0,1,1,0,1,0,0,0,2,2,0,0,0,0,2
4237,1,1,0,1,0,0,0,1,1,1,0,0,0,0,1,1,0,0,0,0,1
4238,1,0,0,0,0,0,0,1,0,0,0,0,0,0,1,0,0,0,0,0,0
4239,1,1,0,0,0,0,1,1,1,0,0,0,0,1,1,1,0,0,0,0,1
4240,1,1,0,0,0,0,1,1,1,0,1,0,0,0,1,1,0,0,0,0,1
4241,1,1,0,0,0,0,1,1,1,1,0,0,0,0,1,1,1,0,0,0,0
4242,1,1,0,0,0,0,1,1,1,0,0,0,0,1,1,1,0,1,0,0,0
4243,1,1,0,1,0,0,0,1,1,0,0,0,0,1,1,1,0,0,0,0,1
4244,1,0,0,0,0,0,0,1,0,0,0,0,0,0,2,0,0,0,0,0,0
4245,1,1,0,0,0,0,1,1,1,0,0,0,0,1,0,0,0,0,0,0,0
4246,1,1,0,0,0,0,1,1,1,1,0,0,0,0,1,1,0,0,0,0,1
4247,1,1,0,0,0,0,1,1,1,0,0,0,0,1,1,1,0,0,0,0,1
4248,1,1,0,0,0,0,1,1,1,0,0,0,0,1,1,1,0,1,0,0,0
4249,1,0,0,0,0,0,0,1,0,0,0,0,0,0,0,0,0,0,0,0,0
4250,1,1,0,0,0,0,1,1,1,0,0,0,0,1,1,1,0,0,0,0,1
4251,1,1,0,0,0,0,1,1,1,0,0,0,0,1,1,1,0,0,0,0,1
4252,1,1,0,0,0,0,1,1,1,0,0,0,0,1,1,1,0,0,0,0,1
4253,1,1,1,0,0,0,0,1,1,0,0,0,0,1,1,1,0,0,0,0,1
4254,1,1,0,1,0,0,0,1,1,0,1,0,0,0,1,1,1,0,0,0,0
4255,0,0,0,0,0,0,0,1,0,0,0,0,0,0,1,0,0,0,0,0,0
4256,1,0,0,0,0,0,0,1,0,0,0,0,0,0,1,0,0,0,0,0,0
4257,1,0,0,0,0,0,0,1,0,0,0,0,0,0,0,0,0,0,0,0,0
4258,0,0,0,0,0,0,0,1,0,0,0,0,0,0,0,0,0,0,0,0,0
4259,1,1,0,1,0,0,0,1,1,0,1,0,0,0,1,1,0,1,0,0,0
4260,1,1,0,0,0,0,1,1,1,0,0,0,0,1,1,1,0,0,0,0,1
4261,1,1,0,1,0,0,0,1,1,0,0,0,0,1,1,1,0,0,1,1,0
4262,1,1,1,0,0,0,0,1,1,1,0,0,0,0,1,1,0,0,0,0,1
4264,1,1,1,0,0,0,0,1,1,0,0,0,0,1,1,1,0,0,0,0,1
4265,1,1,0,0,0,0,1,1,1,0,0,0,0,1,1,1,0,0,0,0,1
4266,1,1,0,0,0,0,1,1,1,0,0,0,0,1,1,1,0,0,0,0,1
4267,1,1,0,0,0,0,1,1,1,0,0,0,0,1,0,0,0,0,0,0,0
4268,1,1,0,1,0,0,0,1,1,0,0,0,0,1,1,1,0,0,0,0,1
4269,1,1,0,0,0,0,1,1,1,0,0,0,0,1,1,1,0,1,0,0,0
4270,1,1,0,0,0,0,1,1,1,0,1,0,0,0,2,2,0,1,0,0,1
4271,1,1,1,0,0,0,0,1,1,1,0,0,0,0,1,1,0,0,1,1,0
4272,1,0,0,0,0,0,0,1,0,0,0,0,0,0,0,0,0,0,0,0,0
4273,1,0,0,0,0,0,0,1,0,0,0,0,0,0,1,0,0,0,0,0,0
4274,1,0,0,0,0,0,0,1,0,0,0,0,0,0,1,0,0,0,0,0,0
4275,1,1,0,0,0,0,1,1,1,1,0,0,0,0,2,1,0,0,0,0,1
4276,1,1,0,1,0,0,0,1,1,0,0,0,0,1,2,2,1,0,0,0,1
4277,1,1,0,0,0,0,1,1,1,0,0,0,0,1,1,1,0,0,0,0,1
4278,1,0,0,0,0,0,0,1,0,0,0,0,0,0,0,0,0,0,0,0,0
4279,1,1,0,1,0,0,0,1,1,0,0,0,0,1,0,0,0,0,0,0,0
4280,1,1,0,0,0,0,1,1,1,0,0,0,0,1,1,1,0,0,0,0,1
4281,1,1,1,0,0,0,0,1,1,1,0,0,0,0,1,1,0,1,0,0,0
4282,1,1,0,1,0,0,0,1,1,0,0,0,0,1,1,1,0,0,0,0,1
4283,1,1,0,0,0,0,1,1,1,0,0,0,0,1,1,1,0,0,0,0,1
4284,2,2,0,0,0,0,2,2,2,1,0,0,0,1,2,2,1,0,0,0,1
4285,1,1,0,0,0,0,1,1,1,1,0,0,0,0,1,1,0,0,0,0,1
4286,1,1,1,0,0,0,0,1,1,0,0,0,0,1,1,1,1,0,0,0,0
4287,1,1,0,0,0,0,1,1,1,1,0,0,0,0,1,1,0,0,0,0,1
4288,1,1,0,1,0,0,0,1,1,0,0,1,1,0,1,1,0,0,0,0,1
4289,1,1,0,0,0,0,1,1,1,0,0,0,0,1,1,1,0,0,0,0,1
4290,1,1,1,0,0,0,0,1,1,0,0,0,0,1,1,1,0,0,0,0,1
4291,1,1,0,0,0,0,1,1,1,0,0,0,0,1,1,1,0,0,0,0,1
4292,1,1,0,0,0,0,1,1,1,0,0,0,0,1,1,1,0,0,0,0,1
4293,1,1,0,0,0,0,1,1,1,0,0,0,0,1,1,1,0,0,0,0,1
4294,1,1,0,0,0,0,1,1,1,1,0,0,0,0,1,1,1,0,0,0,0
4295,1,0,0,0,0,0,0,1,0,0,0,0,0,0,1,0,0,0,0,0,0
4296,1,0,0,0,0,0,0,0,0,0,0,0,0,0,1,0,0,0,0,0,0
4297,1,0,0,0,0,0,0,1,0,0,0,0,0,0,1,0,0,0,0,0,0
4298,1,0,0,0,0,0,0,1,0,0,0,0,0,0,1,0,0,0,0,0,0
4299,1,1,0,0,0,0,1,1,0,0,0,0,0,0,1,1,0,0,0,0,1
4300,1,1,0,0,0,0,1,1,1,0,0,0,0,1,1,1,0,0,0,0,1
4301,1,1,0,0,0,0,1,1,1,0,0,0,0,1,1,1,0,0,0,0,1
4302,1,0,0,0,0,0,0,1,1,0,0,0,0,1,1,1,0,0,0,0,1
4303,1,1,0,0,0,0,1,1,0,0,0,0,0,0,0,0,0,0,0,0,0
4304,1,1,0,0,0,0,1,1,1,1,0,0,0,0,1,1,0,0,0,0,1
4305,1,1,1,0,0,0,0,1,1,0,0,0,0,1,1,1,1,0,0,0,0
4306,1,1,0,1,0,0,0,1,1,0,1,0,0,0,1,1,0,0,0,0,1
4307,1,1,0,0,0,0,1,1,1,0,1,0,0,0,1,1,1,0,0,0,0
4308,1,1,0,0,0,0,1,1,1,0,0,0,0,1,1,1,0,0,0,0,1
4309,1,1,0,0,0,0,1,1,1,0,0,0,0,1,1,1,0,0,0,0,1
4310,1,1,0,0,0,0,1,1,1,0,0,0,0,1,1,1,0,0,0,0,1
4311,1,1,0,0,0,0,1,2,2,0,0,1,1,1,1,1,0,0,0,0,1
4312,1,1,0,1,0,0,0,1,1,0,0,0,0,1,1,1,1,0,0,0,0
4313,1,1,0,0,0,0,1,1,1,0,0,0,0,1,1,1,0,0,0,0,1
4314,1,0,0,0,0,0,0,0,0,0,0,0,0,0,0,0,0,0,0,0,0
4315,1,0,0,0,0,0,0,1,0,0,0,0,0,0,1,0,0,0,0,0,0
4316,1,1,0,1,0,0,0,1,1,1,0,0,0,0,1,1,0,0,0,0,1
4317,0,0,0,0,0,0,0,1,0,0,0,0,0,0,0,0,0,0,0,0,0
4318,1,0,0,0,0,0,0,1,0,0,0,0,0,0,1,0,0,0,0,0,0
4319,1,1,0,1,0,0,0,1,1,1,0,0,0,0,1,1,0,0,0,0,1
4320,1,0,0,0,0,0,0,1,1,0,0,0,0,1,1,0,0,0,0,0,0
4321,1,0,0,0,0,0,0,1,0,0,0,0,0,0,1,0,0,0,0,0,0
4322,1,0,0,0,0,0,0,1,1,0,0,0,0,1,0,0,0,0,0,0,0
4323,1,0,0,0,0,0,0,0,0,0,0,0,0,0,1,0,0,0,0,0,0
4324,1,1,0,0,0,0,1,1,1,0,0,0,0,1,1,1,0,0,0,0,1
4325,1,1,0,1,0,0,0,1,1,0,0,0,0,1,1,1,0,0,0,0,1
4326,1,0,0,0,0,0,0,1,0,0,0,0,0,0,0,0,0,0,0,0,0
4327,0,0,0,0,0,0,0,0,0,0,0,0,0,0,1,0,0,0,0,0,0
4328,1,0,0,0,0,0,0,0,0,0,0,0,0,0,0,0,0,0,0,0,0
4329,1,0,0,0,0,0,0,1,0,0,0,0,0,0,1,0,0,0,0,0,0
4330,2,1,0,0,0,0,1,1,1,0,0,0,0,1,1,1,0,0,0,0,1
4331,1,0,0,0,0,0,0,1,1,0,0,0,0,1,0,0,0,0,0,0,0
4332,1,1,0,0,0,0,1,1,1,0,0,1,1,0,1,1,1,0,0,0,0
4333,2,1,1,0,0,0,0,1,1,0,1,0,0,0,1,1,0,1,0,0,0
4334,1,1,0,0,0,0,1,1,0,0,0,0,0,0,0,0,0,0,0,0,0
4335,1,0,0,0,0,0,0,1,0,0,0,0,0,0,1,1,0,0,0,0,1
4336,1,1,0,0,0,0,1,1,1,0,1,0,0,0,1,1,0,0,0,0,1
4337,1,1,0,0,0,0,1,1,1,0,0,0,0,1,1,1,1,0,0,0,0
4338,1,1,0,0,0,0,1,1,1,0,0,0,0,1,1,1,0,0,0,0,1
4339,1,1,0,0,0,0,1,1,1,0,0,0,0,1,1,0,0,0,0,0,0
4340,1,1,0,0,0,0,1,1,1,1,0,0,0,0,1,1,1,0,0,0,0
4341,1,1,0,0,0,0,1,1,1,0,1,0,0,0,1,1,0,0,0,0,1
4342,1,1,0,0,0,0,1,1,1,0,0,0,0,1,1,0,0,0,0,0,0
4343,1,1,1,0,0,0,0,1,1,1,0,0,0,0,1,1,0,0,0,0,1
4344,1,1,0,0,0,0,1,1,1,1,0,0,0,0,1,0,0,0,0,0,0
4345,1,1,0,0,0,0,1,1,1,0,0,0,0,1,1,1,0,0,0,0,1
4346,1,1,0,0,0,0,1,1,1,0,1,0,0,0,2,1,0,0,0,0,1
4347,3,3,1,1,0,0,1,2,2,0,2,0,0,0,2,1,0,0,0,0,1
4348,2,0,0,0,0,0,0,2,1,1,0,0,0,0,3,2,0,0,0,0,2
4349,1,1,0,1,0,0,0,2,2,1,0,0,0,1,2,1,0,0,0,0,1
4350,1,1,1,0,0,0,0,1,1,0,0,0,0,1,2,1,0,1,0,0,0
4352,1,0,0,0,0,0,0,1,0,0,0,0,0,0,0,0,0,0,0,0,0
4354,1,1,0,0,0,0,1,1,1,0,0,0,0,1,1,1,0,0,0,0,1
4355,0,0,0,0,0,0,0,0,0,0,0,0,0,0,2,0,0,0,0,0,0
4357,1,1,1,0,0,0,0,1,1,0,0,0,0,1,2,2,1,0,0,0,1
4358,1,1,0,0,0,0,1,1,1,1,0,0,0,0,0,0,0,0,0,0,0
4359,1,1,0,0,0,0,1,1,1,1,0,0,0,0,1,1,0,0,0,0,1
4360,1,0,0,0,0,0,0,1,0,0,0,0,0,0,0,0,0,0,0,0,0
4361,1,1,0,0,0,0,1,1,1,1,0,0,0,0,1,1,0,0,0,0,1
4362,3,2,0,0,0,0,2,4,3,1,1,0,0,1,4,3,2,0,0,0,1
4363,1,1,0,0,0,0,1,1,1,0,1,0,0,0,0,0,0,0,0,0,0
4364,1,1,0,0,0,0,1,1,1,1,0,0,0,0,1,1,0,0,0,0,1
4365,1,1,0,1,0,0,0,1,1,1,0,0,0,0,1,1,0,0,0,0,1
4366,1,1,0,1,0,0,0,1,1,0,0,0,0,1,1,1,0,1,0,0,0
4367,3,1,0,0,0,0,1,2,2,0,0,0,0,2,3,2,0,0,0,0,2
4368,1,0,0,0,0,0,0,1,0,0,0,0,0,0,1,1,0,0,0,0,1
4369,1,1,0,0,0,0,1,1,1,0,0,0,0,1,1,1,0,0,0,0,1
4370,2,0,0,0,0,0,0,2,0,0,0,0,0,0,2,0,0,0,0,0,0
4371,1,0,0,0,0,0,0,1,0,0,0,0,0,0,1,0,0,0,0,0,0
4372,1,1,1,0,0,0,0,1,1,1,0,0,0,0,1,1,0,0,0,0,1
4373,1,1,0,1,0,0,0,1,1,0,1,0,0,0,1,1,0,1,0,0,0
4374,1,0,0,0,0,0,0,0,0,0,0,0,0,0,0,0,0,0,0,0,0
4375,1,1,1,0,0,0,0,1,1,1,0,0,0,0,1,1,0,0,0,0,1
4376,1,0,0,0,0,0,0,0,0,0,0,0,0,0,0,0,0,0,0,0,0
4377,1,0,0,0,0,0,0,1,0,0,0,0,0,0,1,0,0,0,0,0,0
4378,1,0,0,0,0,0,0,1,0,0,0,0,0,0,1,0,0,0,0,0,0
4379,0,0,0,0,0,0,0,0,0,0,0,0,0,0,1,0,0,0,0,0,0
4380,1,0,0,0,0,0,0,1,0,0,0,0,0,0,1,0,0,0,0,0,0
4381,1,1,0,1,0,0,0,1,1,0,0,1,1,0,1,1,0,0,0,0,1
4382,1,1,0,0,0,0,1,1,1,0,0,0,0,1,0,0,0,0,0,0,0
4383,1,1,0,0,0,0,1,1,1,0,0,0,0,1,1,1,1,0,0,0,0
4384,1,1,0,0,0,0,1,1,1,1,0,0,0,0,1,1,0,0,0,0,1
4385,1,0,0,0,0,0,0,0,0,0,0,0,0,0,1,0,0,0,0,0,0
4386,1,1,0,1,0,0,0,1,1,1,0,0,0,0,1,1,0,0,0,0,1
4387,1,1,0,0,0,0,1,1,1,1,0,0,0,0,1,1,0,0,0,0,1
4388,1,1,0,0,0,0,1,1,1,0,0,0,0,1,1,1,0,0,0,0,1
4389,1,1,0,0,0,0,1,1,1,0,1,0,0,0,1,1,0,0,0,0,1
4390,1,1,1,0,0,0,0,1,1,0,0,0,0,1,1,1,0,0,0,0,1
4391,1,1,0,0,0,0,1,1,1,0,0,0,0,1,1,1,0,0,0,0,1
4392,1,1,1,0,0,0,0,1,1,0,0,0,0,1,1,1,0,0,0,0,1
4393,1,1,0,0,0,0,1,1,1,0,0,0,0,1,1,1,0,0,0,0,1
4394,1,1,0,0,0,0,1,1,1,0,0,0,0,1,1,1,0,0,0,0,1
4395,1,1,0,0,0,0,1,1,1,0,0,0,0,1,1,0,0,0,0,0,0
4396,1,0,0,0,0,0,0,1,0,0,0,0,0,0,1,1,0,0,0,0,1
4397,1,1,0,0,0,0,1,1,1,0,0,0,0,1,1,1,0,0,0,0,1
4398,1,1,0,0,0,0,1,1,1,0,0,0,0,1,1,1,0,0,0,0,1
4399,1,1,1,0,0,0,0,1,1,0,1,0,0,0,2,1,0,0,0,0,1
4400,1,1,0,0,0,0,1,1,1,0,0,0,0,1,1,1,0,0,0,0,1
4401,1,1,0,0,0,0,1,1,1,0,0,0,0,1,1,1,0,0,0,0,1
4402,1,1,0,0,0,0,1,1,1,0,0,0,0,1,1,1,0,0,0,0,1
4403,1,1,0,0,0,0,1,1,1,0,0,0,0,1,1,1,0,0,0,0,1
4404,1,1,0,1,0,0,0,1,1,0,0,1,1,0,2,2,0,0,0,0,2
4405,1,1,0,0,0,0,1,1,1,0,0,0,0,1,3,0,0,0,0,0,0
4406,1,1,1,0,0,0,0,1,1,0,0,0,0,1,3,2,1,0,0,0,1
4407,1,1,1,0,0,0,0,1,1,0,0,0,0,1,1,1,1,0,0,0,0
4409,1,1,0,1,0,0,0,1,1,1,0,0,0,0,1,1,0,0,0,0,1
4410,1,1,1,0,0,0,0,1,1,0,1,0,0,0,1,1,0,0,0,0,1
4411,2,2,0,1,0,0,1,2,2,0,1,0,0,1,1,1,0,0,0,0,1
4412,1,1,0,0,0,0,1,1,1,1,0,0,0,0,1,1,0,0,0,0,1
4413,1,1,0,1,0,0,0,1,1,1,0,0,0,0,1,1,0,0,0,0,1
4414,1,1,0,0,0,0,1,1,1,0,0,0,0,1,1,1,0,0,0,0,1
4415,1,1,0,1,0,0,0,1,1,0,1,0,0,0,1,1,0,1,0,0,0
4416,1,1,0,0,0,0,1,1,1,0,0,0,0,1,1,1,0,0,0,0,1
4417,1,1,0,1,0,0,0,1,1,0,1,0,0,0,1,1,0,0,0,0,1
4418,1,1,0,1,0,0,0,1,1,0,1,0,0,0,1,1,0,1,0,0,0
4419,1,1,0,0,0,0,1,1,1,0,0,0,0,1,1,1,0,0,0,0,1
4420,1,1,1,0,0,0,0,1,1,0,0,0,0,1,1,1,0,0,0,0,1
4421,1,1,0,0,0,0,1,1,1,1,0,0,0,0,1,1,0,0,0,0,1
4422,1,1,0,0,0,0,1,1,1,0,0,0,0,1,1,1,0,0,0,0,1
4423,1,1,0,0,0,0,1,1,1,1,0,0,0,0,1,1,0,0,0,0,1
4424,2,0,0,0,0,0,0,2,0,0,0,0,0,0,0,0,0,0,0,0,0
4425,1,1,0,0,0,0,1,1,1,1,0,0,0,0,1,1,0,0,0,0,1
4426,1,1,0,0,0,0,1,1,1,0,0,0,0,1,1,1,0,0,0,0,1
4427,1,1,0,1,0,0,0,1,1,0,0,0,0,1,1,1,0,0,0,0,1
4428,1,1,0,0,0,0,1,1,1,0,0,0,0,1,1,1,0,0,0,0,1
4429,1,0,0,0,0,0,0,1,1,0,0,0,0,1,1,1,0,0,0,0,1
4430,1,1,0,0,0,0,1,1,1,0,0,0,0,1,1,1,0,0,0,0,1
4431,1,1,1,0,0,0,0,1,1,0,0,0,0,1,1,1,0,0,0,0,1
4432,1,1,1,0,0,0,0,1,1,1,0,0,0,0,1,1,0,0,0,0,1
4433,1,1,0,0,0,0,1,1,1,1,0,0,0,0,1,1,0,0,0,0,1
4434,1,0,0,0,0,0,0,1,0,0,0,0,0,0,0,0,0,0,0,0,0
4435,1,1,0,0,0,0,1,1,1,0,0,0,0,1,1,1,1,0,0,0,0
4436,1,0,0,0,0,0,0,1,0,0,0,0,0,0,1,0,0,0,0,0,0
4437,1,0,0,0,0,0,0,1,0,0,0,0,0,0,1,0,0,0,0,0,0
4438,1,1,0,1,0,0,0,1,1,0,1,0,0,0,1,1,1,0,0,0,0
4439,1,0,0,0,0,0,0,1,0,0,0,0,0,0,1,0,0,0,0,0,0
4440,1,1,0,0,0,0,1,1,1,0,1,0,0,0,1,1,0,0,0,0,1
4441,1,1,0,1,0,0,0,1,1,0,0,1,1,0,1,1,1,0,0,0,0
4442,1,1,0,0,1,1,0,1,1,0,0,1,1,0,1,1,0,0,0,0,1
4443,1,1,0,0,0,0,1,1,1,1,0,0,0,0,1,1,0,1,0,0,0
4444,1,1,0,0,0,0,1,1,1,0,0,0,0,1,1,1,1,0,0,0,0
4445,1,1,0,1,0,0,0,1,1,0,0,0,0,1,1,1,0,0,0,0,1
4446,1,1,0,0,0,0,1,1,1,0,0,0,0,1,1,1,0,0,0,0,1
4447,1,1,1,0,0,0,0,1,1,0,0,0,0,1,1,1,1,0,0,0,0
4448,1,1,1,0,0,0,0,1,1,1,0,0,0,0,1,1,0,0,0,0,1
4449,1,1,0,1,0,0,0,1,1,1,0,0,0,0,2,2,0,0,1,1,1
4450,1,1,0,0,0,0,1,1,1,0,0,0,0,1,1,1,0,1,0,0,0
4451,1,0,0,0,0,0,0,1,0,0,0,0,0,0,2,0,0,0,0,0,0
4452,1,1,0,0,0,0,1,1,1,0,0,0,0,1,0,0,0,0,0,0,0
4453,1,1,0,0,0,0,1,1,1,0,0,0,0,1,2,2,0,0,0,0,2
4454,1,1,0,0,0,0,1,1,1,1,0,0,0,0,0,0,0,0,0,0,0
4455,1,1,0,0,0,0,1,1,1,0,0,0,0,1,2,2,0,0,0,0,2
4456,1,1,0,0,0,0,1,1,1,0,0,0,0,1,1,1,0,0,0,0,1
4457,1,1,1,0,0,0,0,1,1,0,0,1,1,0,1,1,0,0,0,0,1
4458,1,1,0,0,0,0,1,1,1,1,0,0,0,0,1,1,1,0,0,0,0
4459,1,1,0,0,0,0,1,1,1,0,0,0,0,1,1,1,0,0,0,0,1
4460,1,1,0,1,0,0,0,1,1,1,0,0,0,0,1,1,0,0,0,0,1
4461,1,1,0,1,0,0,0,1,1,0,0,1,1,0,1,1,0,0,0,0,1
4462,1,1,0,0,0,0,1,1,1,0,0,0,0,1,1,1,1,0,0,0,0
4463,1,0,0,0,0,0,0,1,0,0,0,0,0,0,1,1,0,0,0,0,1
4464,1,1,1,0,0,0,0,1,1,0,0,0,0,1,1,1,0,0,0,0,1
4465,0,0,0,0,0,0,0,1,0,0,0,0,0,0,0,0,0,0,0,0,0
4466,1,1,0,0,0,0,1,1,1,0,0,0,0,1,1,1,1,0,0,0,0
4467,1,1,1,0,0,0,0,1,1,0,0,0,0,1,0,0,0,0,0,0,0
4468,1,1,0,0,0,0,1,1,1,0,0,1,1,0,1,1,1,0,0,0,0
4469,1,1,0,0,0,0,1,1,1,0,0,0,0,1,1,1,0,0,0,0,1
4470,1,1,0,0,0,0,1,1,1,0,0,0,0,1,1,1,0,0,0,0,1
4471,1,1,0,0,0,0,1,1,1,0,1,0,0,0,0,0,0,0,0,0,0
4472,1,1,0,0,0,0,1,1,1,0,0,0,0,1,1,1,0,0,0,0,1
4473,1,1,0,0,0,0,1,1,1,0,0,0,0,1,2,2,0,0,0,0,2
4474,1,1,0,0,0,0,1,1,1,1,0,0,0,0,1,0,0,0,0,0,0
4475,1,1,0,1,0,0,0,1,1,0,0,0,0,1,2,2,0,0,0,0,2
4476,1,1,0,1,0,0,0,1,1,0,1,0,0,0,2,2,0,0,0,0,2
4477,1,1,0,0,0,0,1,1,1,0,0,0,0,1,1,1,0,0,0,0,1
4478,1,1,0,0,0,0,1,1,1,0,0,0,0,1,0,0,0,0,0,0,0
4479,1,1,0,1,0,0,0,1,0,0,0,0,0,0,0,0,0,0,0,0,0
4480,1,0,0,0,0,0,0,1,0,0,0,0,0,0,1,0,0,0,0,0,0
4481,1,1,0,1,0,0,0,1,1,0,1,0,0,0,1,1,0,0,0,0,1
4482,1,1,0,1,0,0,0,1,1,0,1,0,0,0,0,0,0,0,0,0,0
4483,1,1,0,1,0,0,0,1,1,0,1,0,0,0,1,1,0,0,0,0,1
4484,1,1,0,1,0,0,0,1,1,0,0,1,1,0,0,0,0,0,0,0,0
4485,1,1,0,0,0,0,1,1,1,0,0,0,0,1,0,0,0,0,0,0,0
4486,1,1,1,0,0,0,0,1,1,1,0,0,0,0,1,1,0,1,0,0,0
4487,1,0,0,0,0,0,0,1,0,0,0,0,0,0,1,0,0,0,0,0,0
4488,1,1,1,0,0,0,0,1,1,0,0,0,0,1,1,1,0,0,0,0,1
4489,1,1,0,0,0,0,1,1,1,0,0,0,0,1,1,1,0,0,0,0,1
4490,1,1,0,0,0,0,1,1,1,0,1,0,0,0,1,1,1,0,0,0,0
4491,1,1,0,0,0,0,1,1,1,0,0,0,0,1,1,1,0,0,0,0,1
4492,1,1,0,0,0,0,1,1,1,0,0,0,0,1,1,1,0,0,0,0,1
4493,1,1,0,0,0,0,1,1,1,0,0,0,0,1,1,1,0,0,0,0,1
4494,1,0,0,0,0,0,0,1,0,0,0,0,0,0,0,0,0,0,0,0,0
4495,1,0,0,0,0,0,0,1,0,0,0,0,0,0,0,0,0,0,0,0,0
4496,2,1,1,0,0,0,0,2,1,0,0,0,0,1,2,1,0,0,0,0,1
4497,1,1,0,0,0,0,1,1,1,0,0,0,0,1,1,1,0,0,0,0,1
4498,1,1,0,0,0,0,1,1,1,0,0,0,0,1,1,1,0,1,0,0,0
4499,1,1,0,0,0,0,1,1,1,0,0,0,0,1,1,1,0,0,0,0,1
4500,1,1,0,0,0,0,1,1,1,0,0,0,0,1,1,1,0,0,0,0,1
4501,1,1,0,1,0,0,0,1,1,0,1,0,0,0,1,1,0,0,0,0,1
4502,1,0,0,0,0,0,0,1,0,0,0,0,0,0,0,0,0,0,0,0,0
4503,1,0,0,0,0,0,0,0,0,0,0,0,0,0,0,0,0,0,0,0,0
4504,1,1,0,0,0,0,1,1,0,0,0,0,0,0,0,0,0,0,0,0,0
4505,2,2,1,0,0,0,1,1,1,0,1,0,0,0,1,1,0,0,0,0,1
4506,1,1,0,0,0,0,1,1,1,0,0,0,0,1,1,1,0,0,0,0,1
4507,1,1,0,1,0,0,0,1,1,0,0,0,0,1,1,1,0,0,0,0,1
4508,1,1,0,0,0,0,1,1,1,0,0,0,0,1,1,1,0,0,0,0,1
4509,1,1,0,0,0,0,1,1,1,0,0,0,0,1,1,1,0,0,0,0,1
4510,0,0,0,0,0,0,0,0,0,0,0,0,0,0,1,0,0,0,0,0,0
4511,1,1,1,0,0,0,0,1,1,0,0,0,0,1,1,1,0,0,0,0,1
4512,1,1,0,0,0,0,1,1,1,0,0,0,0,1,1,1,0,1,0,0,0
4513,1,1,0,0,0,0,1,1,1,1,0,0,0,0,1,1,0,0,0,0,1
4514,1,1,0,0,0,0,1,1,1,0,0,0,0,1,1,1,0,0,0,0,1
4515,1,1,0,0,0,0,1,1,1,0,0,0,0,1,1,1,0,0,0,0,1
4516,1,1,0,0,0,0,1,1,1,1,0,0,0,0,1,1,1,0,0,0,0
4517,1,1,1,0,0,0,0,1,1,1,0,0,0,0,1,1,0,0,0,0,1
4518,1,0,0,0,0,0,0,1,1,0,0,0,0,1,1,1,0,0,0,0,1
4519,1,0,0,0,0,0,0,1,0,0,0,0,0,0,1,0,0,0,0,0,0
4520,1,1,0,0,0,0,1,1,1,0,0,0,0,1,1,1,0,0,0,0,1
4521,1,1,0,1,0,0,0,1,1,0,0,0,0,1,0,0,0,0,0,0,0
4522,1,1,1,0,0,0,0,1,1,0,0,0,0,1,1,1,0,1,0,0,0
4523,2,2,0,0,0,0,2,2,2,0,0,0,0,2,2,2,0,0,0,0,2
4524,1,1,0,0,0,0,1,1,1,0,1,0,0,0,1,1,0,0,0,0,1
4525,1,1,1,0,0,0,0,1,1,0,0,1,1,0,1,1,0,0,1,1,0
4526,1,1,0,0,0,0,1,1,1,0,0,0,0,1,1,1,0,0,0,0,1
4527,1,0,0,0,0,0,0,1,0,0,0,0,0,0,1,0,0,0,0,0,0
4528,1,1,0,0,0,0,1,1,1,1,0,0,0,0,1,1,0,1,0,0,0
4529,1,1,0,0,0,0,1,1,1,0,0,0,0,1,1,1,0,0,0,0,1
4530,1,0,0,0,0,0,0,1,0,0,0,0,0,0,2,0,0,0,0,0,0
4531,1,1,1,0,0,0,0,1,1,0,0,0,0,1,1,1,1,0,0,0,0
4532,1,1,0,1,0,0,0,1,1,0,0,0,0,1,1,1,0,1,0,0,0
4533,1,1,0,0,0,0,1,1,1,0,0,0,0,1,1,1,0,0,0,0,1
4534,1,1,1,0,0,0,0,1,1,0,0,0,0,1,1,1,0,0,0,0,1
4535,1,1,0,1,0,0,0,1,1,0,1,0,0,0,1,1,0,0,0,0,1
4536,1,1,0,0,0,0,1,1,1,0,0,0,0,1,1,1,0,0,0,0,1
4537,1,1,0,1,0,0,0,1,1,0,1,0,0,0,1,1,0,0,0,0,1
4538,1,0,0,0,0,0,0,1,0,0,0,0,0,0,1,1,0,0,0,0,1
4539,1,1,0,0,0,0,1,1,1,0,0,0,0,1,1,1,0,0,0,0,1
4540,1,1,0,0,0,0,1,1,1,0,0,0,0,1,1,1,1,0,0,0,0
4541,1,1,1,0,0,0,0,1,1,0,0,0,0,1,1,1,0,1,0,0,0
4542,1,1,0,1,0,0,0,1,1,0,0,0,0,1,1,1,0,0,0,0,1
4543,1,1,0,0,1,1,0,1,1,1,0,0,0,0,1,1,0,0,0,0,1
4544,1,1,0,1,0,0,0,1,1,0,1,0,0,0,1,1,0,0,0,0,1
4545,1,1,0,0,1,1,0,1,1,1,0,0,0,0,1,1,0,0,1,1,0
4546,1,1,1,0,0,0,0,0,0,0,0,0,0,0,1,1,0,0,1,1,0
4547,1,1,0,1,0,0,0,1,1,0,0,1,1,0,1,1,0,0,0,0,1
4548,1,1,0,0,0,0,1,1,1,1,0,0,0,0,1,1,1,0,0,0,0
4549,1,1,1,0,0,0,0,1,1,0,0,0,0,1,1,1,0,0,0,0,1
4550,1,1,0,0,0,0,1,1,1,1,0,0,0,0,1,1,0,0,0,0,1
4551,0,0,0,0,0,0,0,1,0,0,0,0,0,0,0,0,0,0,0,0,0
4552,1,0,0,0,0,0,0,0,0,0,0,0,0,0,0,0,0,0,0,0,0
4555,0,0,0,0,0,0,0,0,0,0,0,0,0,0,1,0,0,0,0,0,0
4556,1,0,0,0,0,0,0,0,0,0,0,0,0,0,1,0,0,0,0,0,0
4558,0,0,0,0,0,0,0,1,0,0,0,0,0,0,0,0,0,0,0,0,0
4559,1,1,0,0,0,0,1,1,1,1,0,0,0,0,0,0,0,0,0,0,0
4560,1,1,0,0,1,1,0,2,1,0,0,0,0,1,1,1,1,0,0,0,0
4561,1,1,1,0,0,0,0,1,1,1,0,0,0,0,1,1,0,0,0,0,1
4562,1,1,0,0,0,0,1,1,1,0,0,0,0,1,1,1,0,0,0,0,1
4563,1,1,0,1,0,0,0,1,1,0,1,0,0,0,0,0,0,0,0,0,0
4564,1,1,0,0,0,0,1,1,1,1,0,0,0,0,1,1,0,0,0,0,1
4565,1,1,0,0,0,0,1,1,1,0,0,0,0,1,1,1,0,0,0,0,1
4566,1,1,0,0,0,0,1,1,1,1,0,0,0,0,1,1,0,0,0,0,1
4567,1,1,0,0,0,0,1,1,1,1,0,0,0,0,1,1,0,1,0,0,0
4568,1,1,0,1,0,0,0,1,1,1,0,0,0,0,0,0,0,0,0,0,0
4569,1,1,0,1,0,0,0,1,1,1,0,0,0,0,1,1,0,0,0,0,1
4570,1,1,0,0,0,0,1,1,1,0,1,0,0,0,1,1,0,0,0,0,1
4571,1,1,0,0,0,0,1,1,1,0,0,0,0,1,0,0,0,0,0,0,0
4572,1,0,0,0,0,0,0,0,0,0,0,0,0,0,0,0,0,0,0,0,0
4573,1,1,0,0,0,0,1,1,1,1,0,0,0,0,1,1,1,0,0,0,0
4574,1,1,0,1,0,0,0,1,0,0,0,0,0,0,1,1,0,0,0,0,1
4575,1,1,1,0,0,0,0,1,1,0,0,0,0,1,3,2,2,0,0,0,0
4576,1,1,1,0,0,0,0,1,1,0,1,0,0,0,1,1,1,0,0,0,0
4577,1,1,1,0,0,0,0,1,1,1,0,0,0,0,1,1,1,0,0,0,0
4578,1,1,0,0,0,0,1,1,1,0,0,0,0,1,0,0,0,0,0,0,0
4579,1,1,1,0,0,0,0,1,1,1,0,0,0,0,1,1,1,0,0,0,0
4580,1,1,0,1,0,0,0,1,1,0,0,0,0,1,1,1,0,0,0,0,1
4581,1,1,1,0,0,0,0,1,1,0,0,0,0,1,1,1,0,0,0,0,1
4582,1,0,0,0,0,0,0,0,0,0,0,0,0,0,0,0,0,0,0,0,0
4583,1,0,0,0,0,0,0,1,0,0,0,0,0,0,1,0,0,0,0,0,0
4584,1,0,0,0,0,0,0,1,0,0,0,0,0,0,1,1,0,0,0,0,1
4585,1,1,0,1,0,0,0,1,1,0,1,0,0,0,1,1,0,0,0,0,1
4586,1,1,0,0,0,0,1,1,1,0,0,0,0,1,1,1,0,0,0,0,1
4587,1,1,0,0,0,0,1,1,1,0,1,0,0,0,1,1,0,0,0,0,1
4588,1,1,1,0,0,0,0,1,1,1,0,0,0,0,1,1,0,0,0,0,1
4589,1,1,0,0,0,0,1,1,1,0,0,0,0,1,1,1,0,0,0,0,1
4590,1,0,0,0,0,0,0,0,0,0,0,0,0,0,1,0,0,0,0,0,0
4591,1,1,0,0,0,0,1,1,1,1,0,0,0,0,1,1,0,0,0,0,1
4592,1,1,1,0,0,0,0,1,1,0,0,0,0,1,1,1,0,0,0,0,1
4593,1,1,0,1,0,0,0,1,1,1,0,0,0,0,1,1,0,0,0,0,1
4594,1,1,0,1,0,0,0,1,1,1,0,0,0,0,1,1,0,0,0,0,1
4595,1,1,0,1,0,0,0,1,1,1,0,0,0,0,0,0,0,0,0,0,0
4596,1,0,0,0,0,0,0,1,0,0,0,0,0,0,1,0,0,0,0,0,0
4597,1,1,0,0,0,0,1,1,1,0,0,0,0,1,1,0,0,0,0,0,0
4598,1,0,0,0,0,0,0,1,0,0,0,0,0,0,0,0,0,0,0,0,0
4599,1,1,0,1,0,0,0,1,1,0,1,0,0,0,1,1,0,1,0,0,0
4600,1,1,1,0,0,0,0,1,1,0,0,0,0,1,1,1,0,0,0,0,1
4601,1,1,0,0,0,0,1,1,1,0,0,0,0,1,1,1,0,0,0,0,1
4602,1,1,0,0,0,0,1,1,1,1,0,0,0,0,1,1,0,0,0,0,1
4603,1,1,0,0,0,0,1,1,1,0,1,0,0,0,1,1,0,0,0,0,1
4604,1,1,0,0,0,0,1,1,1,0,0,0,0,1,1,1,0,0,0,0,1
4605,1,1,0,0,0,0,1,1,1,0,0,0,0,1,1,1,0,0,0,0,1
4606,2,1,0,0,0,0,1,2,1,1,0,0,0,0,1,1,0,0,0,0,1
4607,1,1,0,0,0,0,1,1,1,1,0,0,0,0,1,1,0,1,0,0,0
4608,1,1,0,1,0,0,0,2,1,0,1,0,0,0,2,2,0,0,0,0,2
4609,0,0,0,0,0,0,0,0,0,0,0,0,0,0,1,0,0,0,0,0,0
4611,1,1,0,1,0,0,0,1,1,0,1,0,0,0,1,1,0,0,0,0,1
4612,1,1,0,0,0,0,1,1,1,0,1,0,0,0,1,1,0,0,0,0,1
4613,1,1,0,0,0,0,1,1,1,0,0,0,0,1,1,1,0,0,0,0,1
4614,1,1,1,0,0,0,0,1,1,1,0,0,0,0,1,1,0,0,0,0,1
4615,1,1,0,0,0,0,1,1,1,0,0,0,0,1,1,1,0,0,0,0,1
4616,1,0,0,0,0,0,0,1,0,0,0,0,0,0,0,0,0,0,0,0,0
4617,1,1,0,0,0,0,1,1,1,0,0,0,0,1,0,0,0,0,0,0,0
4618,1,0,0,0,0,0,0,1,1,0,0,0,0,1,1,0,0,0,0,0,0
4619,1,1,0,0,0,0,1,1,1,0,0,0,0,1,1,1,0,0,1,1,0
4620,1,1,0,0,0,0,1,1,1,0,0,0,0,1,1,1,0,0,0,0,1
4621,1,1,0,0,0,0,1,1,1,0,0,0,0,1,1,1,0,0,0,0,1
4622,1,1,0,0,0,0,1,2,0,0,0,0,0,0,2,0,0,0,0,0,0
4623,1,1,0,0,1,1,0,1,1,1,0,0,0,0,2,1,0,0,0,0,1
4624,1,1,0,1,0,0,0,1,1,0,0,0,0,1,1,1,0,0,0,0,1
4625,1,1,1,0,0,0,0,1,1,0,0,0,0,1,1,1,0,1,0,0,0
4626,1,1,0,0,0,0,1,1,1,1,0,0,0,0,1,1,0,0,0,0,1
4627,2,1,1,0,0,0,0,1,0,0,0,0,0,0,1,0,0,0,0,0,0
4628,1,1,0,0,0,0,1,1,1,0,0,0,0,1,1,1,1,0,0,0,0
4629,1,1,0,0,0,0,1,1,1,0,0,0,0,1,1,1,1,0,0,0,0
4630,1,1,0,0,0,0,1,1,1,0,1,0,0,0,1,1,0,0,0,0,1
4631,1,1,0,0,0,0,1,1,1,0,0,0,0,1,1,1,0,1,0,0,0
4632,1,1,0,0,0,0,1,1,0,0,0,0,0,0,1,1,0,0,0,0,1
4633,1,1,0,0,0,0,1,1,1,0,0,0,0,1,1,1,0,0,0,0,1
4634,1,1,0,0,0,0,1,1,0,0,0,0,0,0,1,1,0,1,0,0,0
4635,1,1,0,1,0,0,0,1,1,0,0,0,0,1,0,0,0,0,0,0,0
4636,1,1,0,0,0,0,1,1,1,0,0,0,0,1,1,1,0,0,0,0,1
4637,1,0,0,0,0,0,0,2,0,0,0,0,0,0,1,0,0,0,0,0,0
4638,1,0,0,0,0,0,0,1,0,0,0,0,0,0,0,0,0,0,0,0,0
4639,0,0,0,0,0,0,0,1,0,0,0,0,0,0,1,0,0,0,0,0,0
4640,1,1,0,0,0,0,1,1,1,0,0,0,0,1,1,1,1,0,0,0,0
4641,1,0,0,0,0,0,0,1,1,0,0,0,0,1,1,0,0,0,0,0,0
4642,1,1,0,0,0,0,1,1,1,0,0,0,0,1,1,1,0,0,0,0,1
4643,1,0,0,0,0,0,0,0,0,0,0,0,0,0,1,1,0,0,0,0,1
4644,1,1,1,0,0,0,0,1,1,0,0,1,1,0,1,1,0,0,0,0,1
4645,1,1,0,1,0,0,0,1,1,1,0,0,0,0,1,1,0,0,0,0,1
4646,1,0,0,0,0,0,0,2,0,0,0,0,0,0,0,0,0,0,0,0,0
4647,2,2,0,0,0,0,2,1,1,0,0,0,0,1,1,1,0,0,0,0,1
4649,1,0,0,0,0,0,0,1,0,0,0,0,0,0,1,0,0,0,0,0,0
4650,1,1,0,0,0,0,1,1,1,0,0,0,0,1,1,1,0,0,0,0,1
4651,1,1,0,1,0,0,0,1,1,0,1,0,0,0,1,1,0,0,0,0,1
4652,1,1,0,0,0,0,1,1,1,0,0,0,0,1,1,1,0,0,0,0,1
4653,1,1,0,0,0,0,1,1,1,0,0,0,0,1,1,1,0,0,0,0,1
4654,1,1,0,1,0,0,0,1,1,0,0,0,0,1,1,1,0,0,0,0,1
4655,1,1,0,0,0,0,1,1,1,0,0,0,0,1,1,1,1,0,0,0,0
4656,1,1,1,0,0,0,0,1,1,0,0,0,0,1,1,1,0,0,0,0,1
4657,1,1,0,0,0,0,1,1,1,0,0,0,0,1,1,1,0,0,0,0,1
4658,1,1,0,0,0,0,1,1,1,0,0,0,0,1,1,1,0,0,0,0,1
4659,1,1,0,0,0,0,1,1,1,0,0,0,0,1,1,1,0,1,0,0,0
4660,1,1,0,0,0,0,1,1,1,1,0,0,0,0,1,1,1,0,0,0,0
4661,1,1,1,0,0,0,0,1,1,0,0,0,0,1,1,1,1,0,0,0,0
4662,2,2,0,0,0,0,2,2,2,0,0,0,0,2,2,2,0,0,0,0,2
4663,1,1,0,0,0,0,1,1,1,0,1,0,0,0,1,1,0,0,0,0,1
4664,1,1,1,0,0,0,0,1,1,1,0,0,0,0,1,1,1,0,0,0,0
4665,1,1,0,0,0,0,1,1,1,0,1,0,0,0,1,1,0,0,1,1,0
4666,1,1,0,1,0,0,0,1,1,0,0,0,0,1,1,1,0,0,0,0,1
4667,1,1,1,0,0,0,0,1,1,1,0,0,0,0,1,1,1,0,0,0,0
4668,1,1,0,0,0,0,1,1,1,0,0,0,0,1,1,1,1,0,0,0,0
4669,1,0,0,0,0,0,0,1,0,0,0,0,0,0,0,0,0,0,0,0,0
4670,1,0,0,0,0,0,0,1,0,0,0,0,0,0,1,1,0,0,0,0,1
4671,4,4,1,1,0,0,2,4,4,2,0,0,0,2,4,4,0,0,0,0,4
4672,1,1,0,0,0,0,1,1,1,0,0,0,0,1,1,1,0,0,0,0,1
4673,1,0,0,0,0,0,0,1,1,0,0,0,0,1,1,1,0,0,0,0,1
4674,1,1,0,0,0,0,1,1,1,0,0,0,0,1,1,1,0,1,0,0,0
4675,1,1,0,0,0,0,1,1,1,0,0,0,0,1,1,1,1,0,0,0,0
4676,1,1,0,1,0,0,0,1,1,0,0,0,0,1,1,1,0,0,0,0,1
4677,1,1,0,1,0,0,0,1,1,0,1,0,0,0,1,1,0,1,0,0,0
4678,3,3,2,0,0,0,1,3,3,1,0,0,0,2,3,3,0,0,0,0,3
4679,1,1,0,1,0,0,0,1,1,0,0,0,0,1,0,0,0,0,0,0,0
4680,1,0,0,0,0,0,0,1,0,0,0,0,0,0,0,0,0,0,0,0,0
4681,1,1,1,0,0,0,0,1,1,0,1,0,0,0,1,1,1,0,0,0,0
4682,1,1,0,0,0,0,1,1,1,0,1,0,0,0,1,1,0,0,0,0,1
4683,1,1,0,0,0,0,1,1,1,0,1,0,0,0,1,1,0,0,0,0,1
4684,1,1,0,0,0,0,1,1,1,0,0,0,0,1,1,1,0,0,0,0,1
4685,1,1,0,0,0,0,1,1,1,0,0,0,0,1,1,1,0,0,0,0,1
4686,1,1,0,0,0,0,1,1,1,0,0,0,0,1,1,1,0,0,0,0,1
4687,1,1,0,0,0,0,1,1,1,1,0,0,0,0,1,1,0,0,0,0,1
4688,2,0,0,0,0,0,0,2,0,0,0,0,0,0,2,1,0,0,0,0,1
4689,1,1,0,0,0,0,1,1,1,0,0,0,0,1,1,1,0,0,0,0,1
4690,1,1,0,1,0,0,0,1,1,0,0,0,0,1,1,1,0,0,0,0,1
4691,2,2,1,0,0,0,1,2,2,1,0,0,0,1,2,2,0,1,0,0,1
4692,1,1,0,1,0,0,0,1,1,0,0,1,1,0,1,1,0,1,0,0,0
4693,1,1,0,0,0,0,1,1,1,0,0,0,0,1,1,1,1,0,0,0,0
4694,0,0,0,0,0,0,0,0,0,0,0,0,0,0,1,0,0,0,0,0,0
4695,1,1,1,0,0,0,0,1,1,1,0,0,0,0,1,1,0,0,0,0,1
4696,1,1,1,0,0,0,0,1,1,1,0,0,0,0,1,1,0,0,1,1,0
4697,1,1,0,0,0,0,1,1,1,0,0,0,0,1,1,1,0,1,0,0,0
4698,1,1,0,0,1,1,0,1,1,0,0,0,0,1,1,1,0,0,0,0,1
4699,1,1,0,0,0,0,1,1,1,0,0,0,0,1,0,0,0,0,0,0,0
4700,1,1,0,0,0,0,1,1,1,0,0,0,0,1,1,1,0,0,0,0,1
4701,1,1,0,0,1,1,0,1,1,1,0,0,0,0,1,1,0,0,0,0,1
4702,1,1,0,0,0,0,1,1,1,0,0,0,0,1,1,1,0,0,0,0,1
4703,1,1,0,1,0,0,0,1,1,1,0,0,0,0,0,0,0,0,0,0,0
4704,1,1,1,0,0,0,0,1,1,1,0,0,0,0,0,0,0,0,0,0,0
4705,1,1,0,0,0,0,1,1,1,0,0,0,0,1,1,1,0,0,0,0,1
4706,1,1,1,0,0,0,0,1,1,1,0,0,0,0,1,1,1,0,0,0,0
4707,1,0,0,0,0,0,0,0,0,0,0,0,0,0,1,0,0,0,0,0,0
4708,1,1,0,0,0,0,1,1,1,0,0,0,0,1,1,1,1,0,0,0,0
4709,1,1,1,0,0,0,0,1,1,0,0,0,0,1,1,1,0,0,0,0,1
4710,1,1,1,0,0,0,0,1,1,0,0,0,0,1,1,1,0,0,0,0,1
4711,1,0,0,0,0,0,0,1,0,0,0,0,0,0,1,0,0,0,0,0,0
4712,1,0,0,0,0,0,0,0,0,0,0,0,0,0,1,0,0,0,0,0,0
4713,1,0,0,0,0,0,0,1,0,0,0,0,0,0,0,0,0,0,0,0,0
4714,0,0,0,0,0,0,0,1,0,0,0,0,0,0,1,0,0,0,0,0,0
4715,0,0,0,0,0,0,0,1,0,0,0,0,0,0,0,0,0,0,0,0,0
4716,1,0,0,0,0,0,0,1,0,0,0,0,0,0,0,0,0,0,0,0,0
4717,1,0,0,0,0,0,0,1,0,0,0,0,0,0,0,0,0,0,0,0,0
4718,2,0,0,0,0,0,0,2,0,0,0,0,0,0,1,0,0,0,0,0,0
4719,1,1,0,0,0,0,1,1,0,0,0,0,0,0,1,0,0,0,0,0,0
4720,1,1,0,0,0,0,1,1,1,0,0,0,0,1,1,1,0,1,0,0,0
4721,1,0,0,0,0,0,0,1,0,0,0,0,0,0,1,0,0,0,0,0,0
4722,1,0,0,0,0,0,0,0,0,0,0,0,0,0,1,0,0,0,0,0,0
4723,1,0,0,0,0,0,0,0,0,0,0,0,0,0,1,0,0,0,0,0,0
4724,1,1,0,0,0,0,1,1,1,0,0,0,0,1,1,1,0,0,0,0,1
4725,1,0,0,0,0,0,0,1,0,0,0,0,0,0,0,0,0,0,0,0,0
4726,2,2,0,0,0,0,2,2,2,0,0,0,0,2,3,2,1,0,0,0,1
4727,1,1,0,0,0,0,1,1,1,0,0,0,0,1,1,1,0,0,0,0,1
4728,1,1,1,0,0,0,0,1,0,0,0,0,0,0,1,1,0,0,0,0,1
4729,1,1,0,0,0,0,1,1,0,0,0,0,0,0,1,1,1,0,0,0,0
4730,1,1,0,0,0,0,1,1,1,1,0,0,0,0,1,1,0,0,0,0,1
4731,1,1,0,0,0,0,1,1,0,0,0,0,0,0,1,1,0,0,0,0,1
4732,1,1,0,1,0,0,0,1,1,1,0,0,0,0,1,1,1,0,0,0,0
4733,1,1,0,0,0,0,1,1,1,1,0,0,0,0,0,0,0,0,0,0,0
4734,1,1,0,0,0,0,1,1,1,0,0,0,0,1,0,0,0,0,0,0,0
4735,1,1,0,1,0,0,0,1,1,0,1,0,0,0,1,1,0,0,0,0,1
4736,1,1,0,1,0,0,0,2,2,0,2,0,0,0,2,2,1,0,0,0,1
4737,1,1,0,0,0,0,1,1,1,0,0,0,0,1,1,1,0,0,0,0,1
4738,0,0,0,0,0,0,0,0,0,0,0,0,0,0,1,0,0,0,0,0,0
4740,1,0,0,0,0,0,0,1,0,0,0,0,0,0,1,0,0,0,0,0,0
4741,1,0,0,0,0,0,0,1,0,0,0,0,0,0,0,0,0,0,0,0,0
4742,0,0,0,0,0,0,0,0,0,0,0,0,0,0,2,0,0,0,0,0,0
4743,1,0,0,0,0,0,0,0,0,0,0,0,0,0,1,0,0,0,0,0,0
4744,1,1,0,0,0,0,1,1,1,0,0,0,0,1,1,1,0,0,0,0,1
4745,1,1,0,0,0,0,1,1,1,1,0,0,0,0,1,1,0,1,0,0,0
4746,1,1,0,0,0,0,1,1,1,0,0,0,0,1,0,0,0,0,0,0,0
4747,1,1,0,0,0,0,1,1,1,0,0,0,0,1,1,1,0,0,0,0,1
4748,1,0,0,0,0,0,0,1,0,0,0,0,0,0,1,0,0,0,0,0,0
4749,2,2,1,0,0,0,1,2,2,1,0,0,0,1,1,1,0,0,0,0,1
4750,1,1,0,0,0,0,1,1,0,0,0,0,0,0,1,0,0,0,0,0,0
4751,1,1,0,0,0,0,1,1,1,1,0,0,0,0,1,1,0,0,0,0,1
4752,1,1,0,0,0,0,1,1,1,0,0,0,0,1,1,1,0,0,0,0,1
4753,1,1,0,0,0,0,1,1,1,0,0,0,0,1,1,1,0,0,0,0,1
4754,1,1,0,0,0,0,1,1,1,1,0,0,0,0,1,1,0,0,0,0,1
4755,1,1,0,0,0,0,1,1,1,0,1,0,0,0,1,1,0,0,0,0,1
4756,1,1,0,0,0,0,1,1,1,0,1,0,0,0,1,1,0,0,0,0,1
4757,1,0,0,0,0,0,0,1,1,0,0,0,0,1,1,0,0,0,0,0,0
4758,2,2,0,1,0,0,1,2,2,1,0,0,0,1,2,2,1,0,0,0,1
4759,1,1,0,1,0,0,0,1,1,0,0,0,0,1,0,0,0,0,0,0,0
4760,1,1,1,0,0,0,0,1,1,1,0,0,0,0,2,2,0,0,1,1,1
4761,0,0,0,0,0,0,0,1,0,0,0,0,0,0,1,0,0,0,0,0,0
4762,1,0,0,0,0,0,0,0,0,0,0,0,0,0,1,0,0,0,0,0,0
4763,1,0,0,0,0,0,0,1,0,0,0,0,0,0,1,0,0,0,0,0,0
4764,1,1,0,0,0,0,1,1,0,0,0,0,0,0,1,0,0,0,0,0,0
4765,1,1,0,1,0,0,0,1,1,0,1,0,0,0,1,1,0,1,0,0,0
4766,2,1,0,1,0,0,0,1,1,0,0,0,0,1,1,1,0,1,0,0,0
4767,1,1,1,0,0,0,0,1,1,1,0,0,0,0,1,1,1,0,0,0,0
4768,1,0,0,0,0,0,0,1,0,0,0,0,0,0,1,1,0,0,0,0,1
4769,1,1,0,0,0,0,1,1,0,0,0,0,0,0,0,0,0,0,0,0,0
4770,1,1,0,1,0,0,0,1,1,0,1,0,0,0,1,1,0,0,0,0,1
4771,1,1,0,0,0,0,1,1,1,0,0,0,0,1,1,1,0,0,0,0,1
4772,1,1,0,0,0,0,1,1,1,0,0,0,0,1,1,1,0,1,0,0,0
4773,1,1,0,1,0,0,0,1,1,0,0,0,0,1,1,1,0,1,0,0,0
4774,1,1,0,0,0,0,1,1,1,0,0,0,0,1,1,1,1,0,0,0,0
4775,1,1,0,1,0,0,0,1,1,0,0,0,0,1,1,1,0,0,0,0,1
4776,1,1,0,0,0,0,1,1,1,0,0,0,0,1,1,1,0,0,0,0,1
4777,1,1,0,0,0,0,1,1,1,0,0,0,0,1,1,1,1,0,0,0,0
4778,1,1,0,0,0,0,1,1,1,0,0,0,0,1,1,1,0,0,0,0,1
4779,1,1,0,0,0,0,1,1,1,1,0,0,0,0,1,1,1,0,0,0,0
4780,2,2,0,0,0,0,2,2,2,0,0,0,0,2,2,1,0,0,0,0,1
4781,1,0,0,0,0,0,0,1,1,0,0,0,0,1,0,0,0,0,0,0,0
4782,1,1,0,0,0,0,1,1,1,0,1,0,0,0,2,2,0,0,0,0,2
4783,1,1,0,0,0,0,1,1,1,0,0,0,0,1,1,1,0,0,0,0,1
4784,1,1,1,0,0,0,0,1,1,0,1,0,0,0,1,1,1,0,0,0,0
4785,1,1,0,0,0,0,1,1,1,0,0,0,0,1,1,1,1,0,0,0,0
4786,1,1,0,0,0,0,1,1,1,0,0,0,0,1,1,1,0,0,0,0,1
4787,1,1,0,1,0,0,0,1,1,0,1,0,0,0,1,1,0,0,0,0,1
4788,1,1,0,0,0,0,1,1,1,1,0,0,0,0,1,0,0,0,0,0,0
4789,1,0,0,0,0,0,0,1,0,0,0,0,0,0,1,0,0,0,0,0,0
4790,1,1,0,0,0,0,1,1,1,1,0,0,0,0,1,1,0,0,0,0,1
4791,1,1,0,0,0,0,1,1,1,0,1,0,0,0,2,1,0,0,0,0,1
4792,2,2,0,0,0,0,2,2,2,0,0,0,0,2,2,0,0,0,0,0,0
4793,1,1,0,0,0,0,1,1,1,0,0,0,0,1,2,0,0,0,0,0,0
4794,1,1,0,0,0,0,1,1,1,0,0,0,0,1,1,1,0,0,0,0,1
4795,1,1,1,0,0,0,0,1,1,1,0,0,0,0,1,1,0,1,0,0,0
4796,1,1,1,0,0,0,0,1,1,1,0,0,0,0,1,1,0,0,0,0,1
4797,1,1,1,0,0,0,0,1,1,0,0,0,0,1,1,1,0,0,0,0,1
4798,1,1,0,0,0,0,1,1,1,0,0,0,0,1,1,1,0,0,0,0,1
4799,1,1,0,0,0,0,1,1,1,1,0,0,0,0,1,1,0,0,0,0,1
4800,1,1,1,0,0,0,0,1,1,0,0,0,0,1,1,1,0,0,0,0,1
4801,1,1,0,0,0,0,1,1,1,0,0,0,0,1,1,1,0,0,0,0,1
4802,3,3,0,2,0,0,1,3,3,1,0,0,0,2,0,0,0,0,0,0,0
4803,1,1,0,0,0,0,1,1,1,0,0,0,0,1,1,1,0,0,0,0,1
4804,1,1,0,0,0,0,1,1,1,0,0,0,0,1,1,1,1,0,0,0,0
4805,1,1,0,1,0,0,0,1,1,0,0,0,0,1,1,1,0,1,0,0,0
4806,1,1,0,0,0,0,1,1,1,0,0,0,0,1,1,0,0,0,0,0,0
4807,1,1,0,0,0,0,1,1,1,1,0,0,0,0,1,1,0,0,0,0,1
4808,1,1,0,0,0,0,1,1,1,0,0,0,0,1,0,0,0,0,0,0,0
4809,1,1,0,0,0,0,1,1,1,0,0,0,0,1,0,0,0,0,0,0,0
4810,1,1,0,1,0,0,0,1,1,0,0,0,0,1,1,1,0,1,0,0,0
4811,1,1,0,1,0,0,0,1,1,0,1,0,0,0,1,1,1,0,0,0,0
4812,1,1,0,1,0,0,0,1,1,0,1,0,0,0,1,1,0,1,0,0,0
4813,1,1,0,0,0,0,1,1,1,0,0,0,0,1,1,1,0,0,0,0,1
4814,1,1,0,0,0,0,1,1,1,0,0,0,0,1,0,0,0,0,0,0,0
4815,1,1,0,0,0,0,1,1,1,0,0,0,0,1,1,1,0,0,0,0,1
4816,1,1,0,0,0,0,1,1,1,1,0,0,0,0,1,1,0,0,1,1,0
4817,1,0,0,0,0,0,0,1,1,0,0,0,0,1,1,1,0,0,0,0,1
4818,1,1,0,0,0,0,1,1,1,0,0,1,1,0,1,1,0,1,0,0,0
4819,1,1,0,0,1,1,0,1,1,1,0,0,0,0,1,1,1,0,0,0,0
4820,1,1,0,0,0,0,1,1,1,0,0,0,0,1,1,1,0,0,0,0,1
4821,1,1,0,0,0,0,1,1,1,0,0,0,0,1,1,1,0,1,0,0,0
4822,1,0,0,0,0,0,0,1,0,0,0,0,0,0,0,0,0,0,0,0,0
4823,1,1,0,1,0,0,0,1,1,0,0,0,0,1,1,1,0,0,0,0,1
4824,1,1,1,0,0,0,0,1,1,1,0,0,0,0,1,1,0,0,0,0,1
4825,1,1,0,1,0,0,0,1,1,0,0,0,0,1,1,1,0,0,0,0,1
4826,1,1,0,0,0,0,1,1,1,0,0,0,0,1,0,0,0,0,0,0,0
4827,1,1,0,0,0,0,1,1,1,0,1,0,0,0,1,1,1,0,0,0,0
4828,1,1,0,1,0,0,0,1,1,0,0,0,0,1,1,1,0,0,0,0,1
4829,1,1,0,1,0,0,0,1,1,0,0,0,0,1,1,1,0,0,0,0,1
4830,1,1,0,0,0,0,1,1,1,0,0,0,0,1,1,1,0,0,0,0,1
4831,1,1,1,0,0,0,0,1,1,0,1,0,0,0,1,1,0,1,0,0,0
4832,1,1,1,0,0,0,0,1,1,0,0,1,1,0,1,1,0,0,0,0,1
4833,1,1,1,0,0,0,0,1,1,1,0,0,0,0,1,1,0,0,1,1,0
4834,1,1,0,1,0,0,0,1,1,0,1,0,0,0,1,1,0,1,0,0,0
4835,1,1,0,1,0,0,0,1,1,0,0,0,0,1,1,1,0,0,0,0,1
4836,1,0,0,0,0,0,0,1,0,0,0,0,0,0,1,0,0,0,0,0,0
4837,1,1,0,0,0,0,1,1,1,1,0,0,0,0,1,1,0,0,0,0,1
4838,1,1,1,0,0,0,0,1,1,1,0,0,0,0,1,1,0,1,0,0,0
4839,1,1,0,0,0,0,1,1,1,1,0,0,0,0,1,1,0,0,0,0,1
4840,1,1,0,0,0,0,1,1,1,0,0,0,0,1,0,0,0,0,0,0,0
4841,1,0,0,0,0,0,0,1,0,0,0,0,0,0,0,0,0,0,0,0,0
4842,1,1,0,0,1,1,0,1,1,1,0,0,0,0,1,1,0,0,0,0,1
4843,1,1,0,0,0,0,1,1,0,0,0,0,0,0,1,0,0,0,0,0,0
4844,1,1,0,0,0,0,1,1,1,0,0,0,0,1,1,1,0,0,0,0,1
4845,1,1,1,0,0,0,0,2,1,0,0,1,1,0,1,1,0,0,1,1,0
4846,1,1,0,0,0,0,1,1,1,0,0,0,0,1,1,1,0,0,0,0,1
4847,1,0,0,0,0,0,0,1,0,0,0,0,0,0,1,0,0,0,0,0,0
4848,1,0,0,0,0,0,0,1,0,0,0,0,0,0,0,0,0,0,0,0,0
4849,2,0,0,0,0,0,0,2,0,0,0,0,0,0,1,0,0,0,0,0,0
4850,3,3,0,2,0,0,1,4,3,0,1,0,0,2,2,2,2,0,0,0,0
4851,1,1,1,0,0,0,0,1,1,1,0,0,0,0,0,0,0,0,0,0,0
4852,1,1,1,0,0,0,0,1,1,0,0,0,0,1,1,1,0,0,0,0,1
4853,1,1,0,0,0,0,1,1,1,0,0,0,0,1,1,1,0,0,0,0,1
4854,1,1,0,1,0,0,0,1,1,0,1,0,0,0,1,1,1,0,0,0,0
4855,1,1,0,0,0,0,1,1,1,0,0,0,0,1,1,1,0,0,0,0,1
4856,1,1,0,0,0,0,1,1,1,0,0,0,0,1,1,1,0,0,0,0,1
4857,1,1,1,0,0,0,0,1,1,0,0,0,0,1,1,1,0,0,1,1,0
4858,1,1,0,1,0,0,0,1,1,0,0,0,0,1,1,1,1,0,0,0,0
4859,1,1,0,1,0,0,0,1,1,0,1,0,0,0,1,1,0,0,0,0,1
4860,1,1,0,0,0,0,1,1,0,0,0,0,0,0,1,0,0,0,0,0,0
4861,1,0,0,0,0,0,0,1,0,0,0,0,0,0,1,0,0,0,0,0,0
4862,1,1,0,0,1,1,0,1,1,1,0,0,0,0,1,1,0,0,1,1,0
4863,1,1,0,1,0,0,0,1,1,0,1,0,0,0,1,1,0,0,0,0,1
4864,1,1,0,1,0,0,0,1,1,0,1,0,0,0,1,1,0,0,0,0,1
4865,1,1,0,0,0,0,1,1,1,0,0,0,0,1,0,0,0,0,0,0,0
4866,1,1,0,0,0,0,1,1,1,0,0,1,1,0,1,1,0,0,0,0,1
4867,1,1,0,0,0,0,1,1,1,0,0,0,0,1,1,1,0,0,0,0,1
4868,1,1,0,0,0,0,1,1,1,0,0,0,0,1,1,1,1,0,0,0,0
4869,1,1,0,0,0,0,1,1,1,0,1,0,0,0,1,1,0,0,0,0,1
4870,1,1,0,0,0,0,1,1,1,0,0,0,0,1,1,1,0,0,0,0,1
4871,1,1,0,0,0,0,1,1,1,1,0,0,0,0,1,1,1,0,0,0,0
4872,1,1,0,1,0,0,0,1,1,0,0,0,0,1,1,1,0,0,0,0,1
4873,1,1,0,0,0,0,1,1,1,0,0,0,0,1,1,1,0,0,0,0,1
4874,1,1,0,0,0,0,1,1,1,0,0,0,0,1,1,1,0,1,0,0,0
4875,1,1,0,0,0,0,1,1,1,0,0,0,0,1,1,1,0,0,0,0,1
4876,1,1,0,0,0,0,1,1,1,0,0,0,0,1,1,1,0,0,0,0,1
4877,1,0,0,0,0,0,0,0,0,0,0,0,0,0,1,0,0,0,0,0,0
4878,1,0,0,0,0,0,0,1,0,0,0,0,0,0,0,0,0,0,0,0,0
4879,1,1,0,1,0,0,0,1,1,1,0,0,0,0,1,1,0,0,0,0,1
4880,1,1,1,0,0,0,0,1,1,0,0,0,0,1,1,1,0,0,0,0,1
4881,1,1,0,0,0,0,1,1,1,1,0,0,0,0,1,1,0,0,0,0,1
4882,8,1,0,0,0,0,1,9,1,0,0,0,0,1,5,2,0,0,0,0,2
4883,1,1,0,0,0,0,1,1,1,0,0,0,0,1,1,1,0,1,0,0,0
4884,1,1,0,0,0,0,1,1,1,0,1,0,0,0,1,1,0,0,0,0,1
4885,1,1,1,0,0,0,0,1,1,0,0,0,0,1,1,1,0,0,0,0,1
4886,1,0,0,0,0,0,0,1,0,0,0,0,0,0,1,0,0,0,0,0,0
4887,1,0,0,0,0,0,0,0,0,0,0,0,0,0,1,1,0,0,0,0,1
4888,0,0,0,0,0,0,0,1,0,0,0,0,0,0,1,0,0,0,0,0,0
4889,0,0,0,0,0,0,0,0,0,0,0,0,0,0,1,0,0,0,0,0,0
4890,0,0,0,0,0,0,0,0,0,0,0,0,0,0,1,0,0,0,0,0,0
4891,1,0,0,0,0,0,0,0,0,0,0,0,0,0,1,0,0,0,0,0,0
4892,1,1,1,0,0,0,0,1,1,0,0,0,0,1,0,0,0,0,0,0,0
4893,1,0,0,0,0,0,0,1,1,0,0,0,0,1,0,0,0,0,0,0,0
4894,1,1,0,1,0,0,0,1,0,0,0,0,0,0,1,1,0,1,0,0,0
4895,1,0,0,0,0,0,0,0,0,0,0,0,0,0,1,0,0,0,0,0,0
4896,1,0,0,0,0,0,0,0,0,0,0,0,0,0,0,0,0,0,0,0,0
4897,1,0,0,0,0,0,0,0,0,0,0,0,0,0,1,1,0,0,0,0,1
4898,1,0,0,0,0,0,0,0,0,0,0,0,0,0,1,1,0,0,0,0,1
4899,1,1,0,0,0,0,1,1,1,1,0,0,0,0,1,1,1,0,0,0,0
4900,1,1,0,0,0,0,1,1,1,0,0,0,0,1,1,1,1,0,0,0,0
4901,1,1,0,1,0,0,0,1,1,0,0,0,0,1,0,0,0,0,0,0,0
4902,1,1,0,0,0,0,1,1,1,1,0,0,0,0,1,1,0,1,0,0,0
4903,1,1,0,0,0,0,1,1,1,0,0,0,0,1,1,1,0,1,0,0,0
4904,1,0,0,0,0,0,0,1,1,0,0,0,0,1,1,0,0,0,0,0,0
4905,1,0,0,0,0,0,0,1,0,0,0,0,0,0,1,0,0,0,0,0,0
4906,1,1,0,0,0,0,1,1,1,0,0,0,0,1,1,1,0,0,0,0,1
4907,1,1,0,0,0,0,1,1,1,0,0,0,0,1,1,1,0,0,0,0,1
4908,1,1,0,1,0,0,0,1,1,0,1,0,0,0,1,1,0,0,0,0,1
4909,1,1,0,0,1,1,0,1,1,0,0,0,0,1,1,1,0,1,0,0,0
4910,1,1,0,0,0,0,1,1,0,0,0,0,0,0,1,0,0,0,0,0,0
4911,1,1,1,0,0,0,0,1,1,1,0,0,0,0,1,1,0,0,0,0,1
4912,1,1,1,0,0,0,0,1,1,1,0,0,0,0,1,1,0,0,0,0,1
4913,1,1,0,0,0,0,1,1,1,0,0,0,0,1,1,1,0,0,0,0,1
4914,1,1,0,0,0,0,1,1,1,0,0,0,0,1,1,1,0,0,0,0,1
4915,1,1,1,0,0,0,0,1,1,1,0,0,0,0,1,1,0,1,0,0,0
4916,1,1,1,0,0,0,0,1,1,0,0,1,1,0,1,1,1,0,0,0,0
4917,1,1,1,0,0,0,0,1,1,0,0,1,1,0,1,1,0,0,1,1,0
4918,1,1,0,0,0,0,1,1,0,0,0,0,0,0,1,0,0,0,0,0,0
4919,2,2,0,2,0,0,0,2,2,0,1,0,0,1,1,1,0,1,0,0,0
4920,1,0,0,0,0,0,0,1,1,0,0,0,0,1,1,0,0,0,0,0,0
4921,1,0,0,0,0,0,0,1,0,0,0,0,0,0,1,0,0,0,0,0,0
4922,1,1,1,0,0,0,0,1,1,0,0,0,0,1,1,1,0,0,0,0,1
4923,1,0,0,0,0,0,0,1,0,0,0,0,0,0,1,1,0,0,0,0,1
4924,1,0,0,0,0,0,0,1,0,0,0,0,0,0,1,0,0,0,0,0,0
4925,1,1,1,0,0,0,0,1,1,1,0,0,0,0,1,1,0,0,1,1,0
4926,1,1,0,0,0,0,1,1,1,0,0,0,0,1,1,1,0,0,0,0,1
4927,1,1,0,0,0,0,1,1,1,0,0,0,0,1,1,1,0,0,0,0,1
4928,1,1,1,0,0,0,0,1,1,0,0,0,0,1,1,1,0,0,0,0,1
4929,2,1,0,0,0,0,1,3,1,1,0,0,0,0,1,1,0,0,0,0,1
4930,1,1,0,0,0,0,1,1,1,0,0,0,0,1,1,1,0,0,0,0,1
4931,1,1,0,1,0,0,0,1,1,0,0,0,0,1,1,1,0,1,0,0,0
4932,1,1,0,0,0,0,1,1,1,0,0,0,0,1,1,1,0,0,0,0,1
4933,2,1,0,0,0,0,1,2,0,0,0,0,0,0,1,1,0,0,0,0,1
4934,1,1,1,0,0,0,0,1,1,0,0,0,0,1,1,1,0,0,0,0,1
4935,3,1,1,0,0,0,0,2,2,1,0,0,0,1,1,1,1,0,0,0,0
4936,1,1,0,0,0,0,1,1,1,0,0,0,0,1,1,1,0,1,0,0,0
4937,1,1,0,0,0,0,1,1,1,0,0,0,0,1,1,1,0,0,0,0,1
4938,1,1,0,0,0,0,1,1,1,0,1,0,0,0,1,1,0,0,0,0,1
4939,1,1,1,0,0,0,0,1,1,0,1,0,0,0,1,1,0,1,0,0,0
4941,1,1,0,1,0,0,0,1,1,0,0,0,0,1,0,0,0,0,0,0,0
4942,1,1,0,0,0,0,1,1,1,0,0,0,0,1,1,1,0,0,0,0,1
4943,1,1,0,0,0,0,1,1,1,1,0,0,0,0,1,1,0,0,0,0,1
4944,1,1,0,0,0,0,1,1,1,0,0,0,0,1,1,1,0,0,0,0,1
4945,1,1,0,0,0,0,1,1,1,0,0,0,0,1,1,1,0,0,0,0,1
4946,1,1,0,1,0,0,0,1,1,0,0,0,0,1,1,1,0,0,0,0,1
4947,1,1,0,0,0,0,1,1,1,0,0,0,0,1,1,1,0,0,0,0,1
4948,1,1,0,0,0,0,1,2,2,0,0,0,0,2,1,1,0,0,0,0,1
4949,1,1,0,0,0,0,1,1,1,0,1,0,0,0,2,1,0,0,0,0,1
4950,1,1,0,0,0,0,1,1,1,0,0,0,0,1,1,1,0,1,0,0,0
4951,1,1,0,1,0,0,0,1,1,0,0,0,0,1,1,1,0,0,0,0,1
4952,1,1,0,1,0,0,0,1,1,0,1,0,0,0,1,1,0,1,0,0,0
4953,1,1,0,0,1,1,0,1,1,0,0,0,0,1,1,1,0,0,0,0,1
4954,1,0,0,0,0,0,0,1,0,0,0,0,0,0,0,0,0,0,0,0,0
4955,1,1,0,0,0,0,1,1,0,0,0,0,0,0,1,0,0,0,0,0,0
4956,1,0,0,0,0,0,0,1,0,0,0,0,0,0,1,0,0,0,0,0,0
4957,1,1,0,0,0,0,1,1,1,0,0,0,0,1,1,1,0,0,0,0,1
4958,1,1,1,0,0,0,0,1,1,1,0,0,0,0,1,1,0,0,0,0,1
4959,1,1,0,0,0,0,1,1,1,0,0,0,0,1,1,1,0,0,0,0,1
4960,1,1,0,0,0,0,1,1,1,0,0,0,0,1,1,1,0,0,0,0,1
4961,1,1,0,0,0,0,1,2,2,1,0,0,0,1,0,0,0,0,0,0,0
4962,1,1,0,0,0,0,1,1,1,0,0,0,0,1,1,1,0,0,0,0,1
4963,1,1,0,0,0,0,1,1,1,0,0,0,0,1,1,1,1,0,0,0,0
4964,0,0,0,0,0,0,0,0,0,0,0,0,0,0,1,0,0,0,0,0,0
4966,1,0,0,0,0,0,0,1,1,0,0,0,0,1,1,0,0,0,0,0,0
4967,1,1,0,1,0,0,0,1,1,0,1,0,0,0,1,1,0,0,0,0,1
4968,1,0,0,0,0,0,0,1,0,0,0,0,0,0,1,1,0,0,0,0,1
4969,0,0,0,0,0,0,0,0,0,0,0,0,0,0,1,0,0,0,0,0,0
4970,0,0,0,0,0,0,0,1,0,0,0,0,0,0,1,0,0,0,0,0,0
4971,1,1,0,0,0,0,1,1,1,0,1,0,0,0,1,1,1,0,0,0,0
4972,1,1,0,0,0,0,1,1,0,0,0,0,0,0,1,0,0,0,0,0,0
4973,1,1,0,0,0,0,1,1,1,0,0,0,0,1,1,1,0,0,0,0,1
4974,1,0,0,0,0,0,0,1,0,0,0,0,0,0,1,1,0,0,0,0,1
4975,0,0,0,0,0,0,0,0,0,0,0,0,0,0,1,0,0,0,0,0,0
4976,2,2,0,1,0,0,1,2,2,0,1,0,0,1,2,2,1,1,0,0,0
4977,1,1,0,1,0,0,0,1,1,0,0,0,0,1,1,1,0,0,0,0,1
4978,1,1,1,0,0,0,0,1,1,1,0,0,0,0,1,1,0,0,0,0,1
4979,1,1,0,0,0,0,1,1,1,0,0,0,0,1,1,1,0,0,0,0,1
4980,1,1,1,0,0,0,0,1,1,1,0,0,0,0,1,1,0,1,0,0,0
4981,1,1,0,0,0,0,1,1,1,0,0,0,0,1,1,1,1,0,0,0,0
4982,1,1,0,0,0,0,1,1,1,0,0,0,0,1,1,1,0,0,0,0,1
4983,1,1,0,1,0,0,0,1,1,1,0,0,0,0,1,1,0,0,0,0,1
4984,1,1,0,0,0,0,1,1,1,0,0,0,0,1,1,1,0,0,0,0,1
4985,2,1,0,0,0,0,1,1,1,0,0,0,0,1,1,1,0,0,0,0,1
4986,1,1,0,0,0,0,1,1,1,1,0,0,0,0,1,1,1,0,0,0,0
4987,1,1,0,0,1,1,0,1,1,1,0,0,0,0,1,1,0,0,0,0,1
4988,1,1,0,0,0,0,1,1,1,1,0,0,0,0,0,0,0,0,0,0,0
4989,1,1,0,0,0,0,1,1,1,0,0,0,0,1,1,1,0,0,0,0,1
4990,1,1,0,0,0,0,1,1,1,0,0,0,0,1,0,0,0,0,0,0,0
4991,1,1,0,0,0,0,1,1,1,1,0,0,0,0,1,1,0,0,0,0,1
4992,1,1,0,0,0,0,1,1,1,0,0,0,0,1,1,1,0,0,0,0,1
4993,1,1,0,0,0,0,1,1,1,0,0,0,0,1,1,1,1,0,0,0,0
4994,1,1,0,0,0,0,1,1,1,0,0,0,0,1,1,1,0,0,0,0,1
4995,1,1,1,0,0,0,0,1,1,0,0,0,0,1,1,1,0,1,0,0,0
4996,1,1,1,0,0,0,0,1,1,0,0,0,0,1,1,1,1,0,0,0,0
4997,1,1,0,0,0,0,1,1,1,0,0,0,0,1,1,1,0,0,0,0,1
4998,1,1,0,0,0,0,1,1,1,0,0,0,0,1,1,1,0,0,0,0,1
4999,1,1,0,0,0,0,1,1,1,0,0,0,0,1,1,1,0,0,0,0,1
5000,1,0,0,0,0,0,0,0,0,0,0,0,0,0,1,0,0,0,0,0,0
5001,1,1,0,0,0,0,1,1,0,0,0,0,0,0,1,1,0,0,0,0,1
5002,1,0,0,0,0,0,0,1,1,0,0,0,0,1,1,0,0,0,0,0,0
5003,1,1,0,0,0,0,1,1,1,1,0,0,0,0,1,1,0,0,0,0,1
5004,1,1,0,0,0,0,1,1,1,0,1,0,0,0,1,1,0,0,0,0,1
5005,1,1,0,0,0,0,1,1,1,0,0,0,0,1,1,1,1,0,0,0,0
5006,2,2,0,2,0,0,0,2,2,0,1,0,0,1,2,2,0,0,0,0,2
5007,1,1,0,0,0,0,1,1,1,1,0,0,0,0,1,1,1,0,0,0,0
5008,1,1,0,0,0,0,1,1,1,0,0,0,0,1,1,1,0,0,0,0,1
5009,1,1,0,0,0,0,1,1,1,0,0,0,0,1,1,1,0,0,0,0,1
5010,1,0,0,0,0,0,0,1,0,0,0,0,0,0,1,0,0,0,0,0,0
5011,2,0,0,0,0,0,0,2,1,0,0,0,0,1,1,1,0,0,0,0,1
5012,1,1,1,0,0,0,0,1,1,1,0,0,0,0,1,1,0,0,0,0,1
5013,1,0,0,0,0,0,0,1,0,0,0,0,0,0,1,0,0,0,0,0,0
5014,1,1,0,0,0,0,1,1,1,0,0,0,0,1,0,0,0,0,0,0,0
5015,1,1,0,1,0,0,0,1,1,1,0,0,0,0,1,1,0,0,0,0,1
5016,1,1,0,0,0,0,1,1,1,0,0,0,0,1,0,0,0,0,0,0,0
5017,1,1,0,1,0,0,0,1,1,0,0,0,0,1,1,1,0,0,0,0,1
5018,1,1,0,0,0,0,1,1,1,0,0,0,0,1,0,0,0,0,0,0,0
5019,1,1,1,0,0,0,0,1,1,1,0,0,0,0,1,1,1,0,0,0,0
5020,1,1,0,0,0,0,1,1,1,0,0,0,0,1,1,1,0,0,0,0,1
5021,1,1,0,0,0,0,1,1,1,0,1,0,0,0,1,1,0,0,0,0,1
5022,1,1,0,0,0,0,1,1,1,0,0,0,0,1,1,1,0,0,0,0,1
5023,1,1,0,1,0,0,0,1,1,0,0,0,0,1,1,1,0,0,0,0,1
5024,1,1,1,0,0,0,0,1,1,0,0,0,0,1,1,1,0,1,0,0,0
5025,1,0,0,0,0,0,0,0,0,0,0,0,0,0,0,0,0,0,0,0,0
5026,1,0,0,0,0,0,0,1,0,0,0,0,0,0,0,0,0,0,0,0,0
5027,1,1,0,1,0,0,0,1,1,0,0,1,1,0,0,0,0,0,0,0,0
5028,1,0,0,0,0,0,0,1,1,1,0,0,0,0,1,0,0,0,0,0,0
5029,1,0,0,0,0,0,0,1,0,0,0,0,0,0,1,0,0,0,0,0,0
5030,1,0,0,0,0,0,0,1,0,0,0,0,0,0,0,0,0,0,0,0,0
5031,1,1,0,1,0,0,0,1,1,0,1,0,0,0,1,1,0,0,0,0,1
5032,1,1,0,0,0,0,1,1,1,0,0,0,0,1,0,0,0,0,0,0,0
5033,2,1,0,0,0,0,1,1,1,0,1,0,0,0,1,1,0,0,0,0,1
5034,1,1,0,0,0,0,1,1,1,0,0,0,0,1,1,1,0,1,0,0,0
5035,1,1,0,1,0,0,0,1,1,1,0,0,0,0,1,1,0,0,1,1,0
5036,1,1,0,0,1,1,0,1,1,0,1,0,0,0,1,1,1,0,0,0,0
5037,1,1,1,0,0,0,0,1,1,1,0,0,0,0,1,1,0,0,0,0,1
5038,1,0,0,0,0,0,0,1,0,0,0,0,0,0,1,0,0,0,0,0,0
5039,1,1,0,0,0,0,1,1,1,1,0,0,0,0,1,1,0,0,0,0,1
5040,1,1,0,0,0,0,1,1,1,1,0,0,0,0,1,1,1,0,0,0,0
5041,1,0,0,0,0,0,0,1,1,0,0,0,0,1,0,0,0,0,0,0,0
5042,1,0,0,0,0,0,0,1,0,0,0,0,0,0,1,0,0,0,0,0,0
5043,1,1,0,0,0,0,1,1,1,0,0,0,0,1,1,1,0,0,0,0,1
5044,1,0,0,0,0,0,0,1,0,0,0,0,0,0,1,0,0,0,0,0,0
5045,0,0,0,0,0,0,0,1,0,0,0,0,0,0,0,0,0,0,0,0,0
5046,1,0,0,0,0,0,0,1,0,0,0,0,0,0,0,0,0,0,0,0,0
5047,1,0,0,0,0,0,0,1,0,0,0,0,0,0,1,0,0,0,0,0,0
5048,1,1,0,0,0,0,1,1,0,0,0,0,0,0,1,0,0,0,0,0,0
5049,1,0,0,0,0,0,0,2,0,0,0,0,0,0,1,0,0,0,0,0,0
5050,1,0,0,0,0,0,0,1,0,0,0,0,0,0,1,0,0,0,0,0,0
5051,1,1,0,0,0,0,1,1,1,1,0,0,0,0,1,1,0,0,0,0,1
5052,1,1,0,0,0,0,1,1,1,0,0,0,0,1,0,0,0,0,0,0,0
5053,1,1,1,0,0,0,0,1,1,1,0,0,0,0,1,1,1,0,0,0,0
5054,1,0,0,0,0,0,0,1,0,0,0,0,0,0,1,1,0,0,0,0,1
5055,1,1,0,0,0,0,1,1,0,0,0,0,0,0,1,0,0,0,0,0,0
5056,1,1,0,0,0,0,1,1,1,0,1,0,0,0,0,0,0,0,0,0,0
5057,1,1,1,0,0,0,0,1,1,1,0,0,0,0,1,1,0,1,0,0,0
5058,1,1,0,1,0,0,0,1,1,0,0,0,0,1,1,1,0,0,0,0,1
5059,1,1,0,0,0,0,1,1,1,0,0,0,0,1,1,1,1,0,0,0,0
5060,1,1,0,1,0,0,0,1,1,0,0,0,0,1,1,1,0,0,0,0,1
5061,1,1,1,0,0,0,0,1,1,0,0,0,0,1,1,1,0,0,0,0,1
5062,1,1,0,1,0,0,0,1,1,0,1,0,0,0,1,1,1,0,0,0,0
5063,2,1,0,0,0,0,1,2,1,0,0,0,0,1,1,1,0,0,0,0,1
5064,1,1,0,0,0,0,1,1,1,0,1,0,0,0,1,1,0,1,0,0,0
5065,1,1,0,0,0,0,1,1,1,0,0,0,0,1,1,1,0,0,0,0,1
5066,1,1,0,0,0,0,1,1,1,1,0,0,0,0,1,1,0,0,0,0,1
5067,1,0,0,0,0,0,0,1,1,0,0,0,0,1,1,0,0,0,0,0,0
5068,1,1,1,0,0,0,0,1,1,0,0,0,0,1,1,1,0,0,0,0,1
5069,1,1,0,0,0,0,1,1,1,0,0,0,0,1,1,1,0,0,0,0,1
5070,1,1,0,0,0,0,1,1,1,0,0,0,0,1,1,1,0,0,0,0,1
5071,1,1,0,0,0,0,1,1,1,0,0,0,0,1,1,1,0,1,0,0,0
5072,1,1,0,0,0,0,1,1,1,0,1,0,0,0,1,1,0,1,0,0,0
5073,1,1,0,0,0,0,1,1,1,0,0,0,0,1,1,1,0,0,0,0,1
5074,1,1,0,1,0,0,0,1,1,0,0,0,0,1,1,1,0,0,0,0,1
5075,1,1,0,0,0,0,1,1,1,0,0,0,0,1,0,0,0,0,0,0,0
5076,2,1,0,0,1,1,0,3,2,0,0,1,1,1,1,1,0,1,0,0,0
5077,1,1,0,1,0,0,0,1,1,1,0,0,0,0,0,0,0,0,0,0,0
5078,1,1,1,0,0,0,0,1,1,1,0,0,0,0,1,1,0,0,0,0,1
5079,1,1,0,1,0,0,0,1,1,0,1,0,0,0,1,1,0,0,1,1,0
5080,1,1,0,1,0,0,0,1,1,0,1,0,0,0,1,1,1,0,0,0,0
5081,1,1,0,0,0,0,1,1,1,1,0,0,0,0,1,1,0,1,0,0,0
5082,1,1,0,1,0,0,0,1,1,1,0,0,0,0,1,1,1,0,0,0,0
5083,1,1,0,1,0,0,0,1,1,0,0,0,0,1,1,1,1,0,0,0,0
5084,1,1,0,1,0,0,0,1,1,0,0,0,0,1,2,2,0,0,0,0,2
5085,1,1,0,0,0,0,1,1,1,0,0,1,1,0,2,1,0,0,0,0,1
5086,1,1,1,0,0,0,0,1,1,1,0,0,0,0,1,1,0,0,0,0,1
5087,1,1,0,0,0,0,1,1,1,1,0,0,0,0,1,1,0,0,0,0,1
5088,1,1,0,0,0,0,1,1,1,0,0,0,0,1,1,1,0,0,0,0,1
5089,2,1,0,0,0,0,1,1,1,1,0,0,0,0,1,1,0,0,0,0,1
5090,1,1,0,0,0,0,1,1,1,0,0,0,0,1,1,1,0,0,0,0,1
5091,1,1,0,0,0,0,1,1,1,0,1,0,0,0,1,1,1,0,0,0,0
5092,1,0,0,0,0,0,0,0,0,0,0,0,0,0,1,0,0,0,0,0,0
5093,1,1,0,0,0,0,1,1,1,0,0,0,0,1,1,1,0,0,0,0,1
5094,1,0,0,0,0,0,0,0,0,0,0,0,0,0,1,0,0,0,0,0,0
5095,2,2,0,0,0,0,2,3,3,0,1,1,1,1,2,2,1,0,0,0,1
5096,1,1,1,0,0,0,0,1,1,0,0,0,0,1,1,1,0,0,0,0,1
5097,1,1,1,0,0,0,0,1,1,1,0,0,0,0,1,1,0,0,0,0,1
5098,1,1,0,0,0,0,1,1,0,0,0,0,0,0,1,0,0,0,0,0,0
5099,1,1,0,0,0,0,1,1,1,0,0,0,0,1,0,0,0,0,0,0,0
5100,1,1,0,0,0,0,1,1,1,0,0,0,0,1,1,1,0,1,0,0,0
5101,1,1,0,1,0,0,0,1,1,0,0,0,0,1,1,1,0,0,0,0,1
5102,0,0,0,0,0,0,0,1,1,0,0,0,0,1,0,0,0,0,0,0,0
5103,1,1,0,0,0,0,1,1,1,0,0,0,0,1,1,1,0,0,0,0,1
5104,0,0,0,0,0,0,0,1,0,0,0,0,0,0,0,0,0,0,0,0,0
5105,1,0,0,0,0,0,0,1,0,0,0,0,0,0,0,0,0,0,0,0,0
5106,1,0,0,0,0,0,0,1,0,0,0,0,0,0,0,0,0,0,0,0,0
5107,1,1,0,0,0,0,1,1,1,0,0,0,0,1,1,1,1,0,0,0,0
5108,1,1,1,0,0,0,0,1,1,1,0,0,0,0,2,2,1,0,0,0,1
5109,1,1,0,0,0,0,1,1,1,1,0,0,0,0,1,1,0,0,0,0,1
5110,1,1,0,0,0,0,1,1,1,0,1,0,0,0,1,1,0,0,0,0,1
5111,1,1,0,1,0,0,0,1,1,1,0,0,0,0,1,1,0,0,0,0,1
5112,1,0,0,0,0,0,0,1,0,0,0,0,0,0,1,0,0,0,0,0,0
5113,1,1,0,1,0,0,0,1,1,0,1,0,0,0,1,1,0,0,0,0,1
5114,1,1,1,0,0,0,0,1,1,0,0,0,0,1,1,1,0,0,0,0,1
5115,1,1,0,0,0,0,1,1,1,0,0,0,0,1,1,1,1,0,0,0,0
5116,1,1,0,0,0,0,1,1,1,0,0,0,0,1,1,1,0,1,0,0,0
5117,1,1,1,0,0,0,0,1,1,1,0,0,0,0,1,1,0,0,0,0,1
5118,1,1,0,0,0,0,1,1,1,0,0,1,1,0,1,1,1,0,0,0,0
5119,1,1,1,0,0,0,0,1,1,1,0,0,0,0,1,1,0,0,0,0,1
5120,1,1,1,0,0,0,0,1,1,1,0,0,0,0,1,1,0,0,0,0,1
5121,1,1,0,0,0,0,1,1,1,0,0,0,0,1,1,1,1,0,0,0,0
5122,1,1,1,0,0,0,0,1,1,1,0,0,0,0,1,1,0,0,0,0,1
5123,1,1,1,0,0,0,0,1,1,0,0,0,0,1,1,1,0,0,0,0,1
5124,1,1,0,1,0,0,0,1,1,0,0,0,0,1,0,0,0,0,0,0,0
5125,1,1,0,0,0,0,1,1,0,0,0,0,0,0,1,1,0,0,0,0,1
5126,2,1,1,0,0,0,0,2,1,0,0,0,0,1,1,1,0,0,0,0,1
5127,1,1,0,0,0,0,1,1,1,0,0,0,0,1,1,1,0,0,0,0,1
5128,0,0,0,0,0,0,0,0,0,0,0,0,0,0,1,0,0,0,0,0,0
5129,1,1,0,0,0,0,1,1,1,0,0,0,0,1,1,1,0,0,0,0,1
5130,1,1,0,0,0,0,1,1,1,0,0,0,0,1,1,1,0,0,0,0,1
5131,2,2,0,0,0,0,2,2,2,0,0,0,0,2,1,1,1,0,0,0,0
5132,1,0,0,0,0,0,0,1,0,0,0,0,0,0,0,0,0,0,0,0,0
5133,1,1,0,0,0,0,1,1,1,0,0,0,0,1,1,1,0,0,0,0,1
5134,1,1,0,0,0,0,1,1,1,0,0,0,0,1,1,1,0,0,0,0,1
5135,1,1,1,0,0,0,0,1,1,1,0,0,0,0,0,0,0,0,0,0,0
5136,1,0,0,0,0,0,0,1,0,0,0,0,0,0,0,0,0,0,0,0,0
5137,1,1,0,0,0,0,1,1,1,0,0,0,0,1,1,1,0,0,0,0,1
5138,1,1,0,1,0,0,0,1,1,0,1,0,0,0,1,1,0,0,1,1,0
5139,1,1,1,0,0,0,0,1,1,0,0,0,0,1,1,1,0,0,0,0,1
5140,1,0,0,0,0,0,0,1,0,0,0,0,0,0,1,1,0,0,0,0,1
5141,1,0,0,0,0,0,0,1,0,0,0,0,0,0,0,0,0,0,0,0,0
5142,1,1,0,0,0,0,1,1,1,1,0,0,0,0,1,1,0,0,0,0,1
5143,1,1,0,0,0,0,1,1,1,0,0,0,0,1,1,1,0,0,0,0,1
5144,1,1,0,0,0,0,1,1,1,0,0,0,0,1,1,1,0,0,0,0,1
5145,1,1,0,0,0,0,1,1,1,0,0,0,0,1,1,1,0,0,0,0,1
5146,1,0,0,0,0,0,0,1,0,0,0,0,0,0,1,0,0,0,0,0,0
5147,1,1,0,0,0,0,1,1,1,1,0,0,0,0,1,1,0,0,0,0,1
5148,1,1,1,0,0,0,0,1,1,0,1,0,0,0,1,1,0,0,0,0,1
5149,1,1,0,0,0,0,1,1,1,0,0,0,0,1,1,1,0,0,0,0,1
5150,1,1,0,1,0,0,0,1,1,0,1,0,0,0,1,1,0,0,0,0,1
5151,1,1,0,0,0,0,1,1,1,1,0,0,0,0,1,1,0,1,0,0,0
5152,1,1,0,0,0,0,1,1,1,1,0,0,0,0,1,1,0,0,0,0,1
5153,1,1,1,0,0,0,0,1,1,1,0,0,0,0,1,1,1,0,0,0,0
5154,1,0,0,0,0,0,0,1,0,0,0,0,0,0,1,0,0,0,0,0,0
5155,1,1,0,0,0,0,1,1,1,0,0,0,0,1,1,1,0,0,0,0,1
5156,1,1,0,0,0,0,1,1,1,0,0,0,0,1,1,1,0,0,0,0,1
5157,1,1,0,0,0,0,1,1,1,0,1,0,0,0,1,1,0,0,0,0,1
5158,1,1,0,0,0,0,1,1,1,0,0,0,0,1,1,1,1,0,0,0,0
5159,1,1,0,0,0,0,1,1,1,0,0,0,0,1,1,1,0,0,0,0,1
5160,1,1,0,1,0,0,0,1,1,0,0,1,1,0,1,1,0,0,0,0,1
5161,1,1,0,1,0,0,0,1,1,0,1,0,0,0,1,1,0,0,0,0,1
5162,1,1,1,0,0,0,0,1,1,0,0,0,0,1,1,1,0,0,0,0,1
5163,1,1,0,0,0,0,1,1,1,0,1,0,0,0,1,1,0,0,0,0,1
5164,1,1,1,0,0,0,0,1,1,0,0,0,0,1,3,1,0,0,0,0,1
5165,1,1,0,0,1,1,0,1,1,1,0,0,0,0,3,3,0,1,0,0,2
5166,1,1,1,0,0,0,0,1,1,1,0,0,0,0,2,2,1,0,0,0,1
5167,1,1,0,0,0,0,1,1,1,0,0,0,0,1,1,1,1,0,0,0,0
5168,1,1,0,0,0,0,1,1,1,1,0,0,0,0,1,1,0,0,0,0,1
5169,1,1,0,0,0,0,1,2,1,1,0,0,0,0,1,1,1,0,0,0,0
5170,1,1,0,0,0,0,1,1,1,0,0,0,0,1,1,1,0,0,0,0,1
5171,1,1,0,0,1,1,0,1,1,1,0,0,0,0,1,1,1,0,0,0,0
5172,1,1,0,0,0,0,1,1,1,0,0,0,0,1,1,1,1,0,0,0,0
5173,1,1,0,0,0,0,1,1,1,0,0,0,0,1,1,1,0,0,1,1,0
5174,1,1,0,0,0,0,1,1,1,0,0,0,0,1,0,0,0,0,0,0,0
5175,7,3,1,0,0,0,2,6,3,0,0,0,0,3,7,3,1,0,0,0,2
5176,1,1,1,0,0,0,0,1,1,0,0,0,0,1,1,1,0,0,0,0,1
5177,1,1,1,0,0,0,0,1,1,1,0,0,0,0,1,1,0,0,0,0,1
5178,1,0,0,0,0,0,0,1,0,0,0,0,0,0,1,1,0,0,0,0,1
5179,1,1,1,0,0,0,0,1,1,0,0,0,0,1,1,1,0,0,0,0,1
5180,1,1,0,0,0,0,1,1,1,1,0,0,0,0,1,1,0,1,0,0,0
5181,1,1,1,0,0,0,0,1,1,0,1,0,0,0,1,1,0,0,0,0,1
5182,1,0,0,0,0,0,0,1,1,0,0,0,0,1,1,0,0,0,0,0,0
5183,1,1,0,0,0,0,1,1,1,0,0,0,0,1,1,1,0,0,0,0,1
5184,1,1,0,1,0,0,0,1,1,0,0,0,0,1,1,1,1,0,0,0,0
5185,1,1,0,1,0,0,0,1,1,0,0,0,0,1,1,1,0,0,0,0,1
5186,1,0,0,0,0,0,0,1,0,0,0,0,0,0,1,0,0,0,0,0,0
5187,0,0,0,0,0,0,0,1,0,0,0,0,0,0,1,0,0,0,0,0,0
5189,1,1,1,0,0,0,0,1,1,0,0,0,0,1,1,1,0,0,0,0,1
5190,1,0,0,0,0,0,0,0,0,0,0,0,0,0,0,0,0,0,0,0,0
5191,0,0,0,0,0,0,0,0,0,0,0,0,0,0,1,1,0,0,0,0,1
5192,1,0,0,0,0,0,0,1,0,0,0,0,0,0,1,0,0,0,0,0,0
5193,1,1,0,0,0,0,1,1,1,0,1,0,0,0,1,1,0,0,0,0,1
5194,1,1,0,0,0,0,1,1,1,0,0,0,0,1,1,1,1,0,0,0,0
5195,1,1,0,0,0,0,1,1,1,0,0,0,0,1,1,1,0,0,0,0,1
5196,1,1,0,0,0,0,1,1,1,1,0,0,0,0,1,1,0,0,0,0,1
5197,1,1,0,0,0,0,1,1,1,0,0,1,1,0,1,1,1,0,0,0,0
5198,1,1,0,0,0,0,1,1,1,0,0,0,0,1,1,1,0,0,0,0,1
5199,0,0,0,0,0,0,0,1,0,0,0,0,0,0,0,0,0,0,0,0,0
5200,1,0,0,0,0,0,0,0,0,0,0,0,0,0,1,0,0,0,0,0,0
5202,1,1,0,0,0,0,1,1,1,0,1,0,0,0,1,1,0,0,0,0,1
5203,1,0,0,0,0,0,0,1,0,0,0,0,0,0,1,0,0,0,0,0,0
5204,1,1,0,0,0,0,1,1,1,0,0,0,0,1,1,1,0,0,0,0,1
5205,1,0,0,0,0,0,0,1,0,0,0,0,0,0,1,0,0,0,0,0,0
5206,1,0,0,0,0,0,0,1,0,0,0,0,0,0,1,0,0,0,0,0,0
5207,0,0,0,0,0,0,0,1,0,0,0,0,0,0,1,0,0,0,0,0,0
5208,1,1,0,0,0,0,1,1,1,1,0,0,0,0,1,1,1,0,0,0,0
5209,1,1,1,0,0,0,0,1,1,1,0,0,0,0,1,1,0,1,0,0,0
5210,1,1,0,0,1,1,0,2,2,0,1,0,0,1,1,1,0,0,1,1,0
5211,1,1,0,1,0,0,0,1,1,0,1,0,0,0,1,1,0,0,1,1,0
5212,1,1,0,0,0,0,1,1,1,0,1,0,0,0,1,1,0,0,0,0,1
5213,1,1,0,1,0,0,0,1,1,0,1,0,0,0,1,1,0,0,0,0,1
5214,3,2,0,0,0,0,2,2,2,1,0,0,0,1,1,1,0,0,0,0,1
5215,1,1,0,0,0,0,1,1,1,1,0,0,0,0,1,1,0,0,0,0,1
5216,1,1,0,0,1,1,0,1,1,0,0,0,0,1,1,1,1,0,0,0,0
5217,1,0,0,0,0,0,0,1,0,0,0,0,0,0,0,0,0,0,0,0,0
5218,1,1,1,0,0,0,0,1,1,1,0,0,0,0,1,1,1,0,0,0,0
5219,1,0,0,0,0,0,0,1,0,0,0,0,0,0,1,1,0,0,0,0,1
5220,1,0,0,0,0,0,0,0,0,0,0,0,0,0,0,0,0,0,0,0,0
5221,1,0,0,0,0,0,0,1,0,0,0,0,0,0,0,0,0,0,0,0,0
5222,1,1,0,0,0,0,1,1,1,0,0,0,0,1,0,0,0,0,0,0,0
5223,1,1,0,0,0,0,1,1,0,0,0,0,0,0,1,1,1,0,0,0,0
5224,1,1,1,0,0,0,0,1,1,0,0,0,0,1,1,1,1,0,0,0,0
5225,2,0,0,0,0,0,0,1,0,0,0,0,0,0,2,0,0,0,0,0,0
5226,1,1,0,1,0,0,0,1,1,0,0,0,0,1,1,1,1,0,0,0,0
5227,1,1,1,0,0,0,0,1,1,1,0,0,0,0,1,1,1,0,0,0,0
5228,1,1,0,0,0,0,1,1,1,0,0,0,0,1,1,1,0,0,0,0,1
5229,1,0,0,0,0,0,0,1,0,0,0,0,0,0,1,0,0,0,0,0,0
5230,1,1,0,0,0,0,1,1,1,0,0,0,0,1,1,1,0,0,0,0,1
5231,1,1,0,0,0,0,1,1,1,1,0,0,0,0,1,1,0,0,0,0,1
5232,1,1,0,0,0,0,1,1,0,0,0,0,0,0,1,0,0,0,0,0,0
5233,1,1,0,1,0,0,0,1,1,0,0,0,0,1,1,1,0,0,0,0,1
5234,1,1,0,0,0,0,1,1,1,0,0,0,0,1,1,1,0,0,0,0,1
5235,1,1,0,0,0,0,1,1,1,0,0,0,0,1,1,1,0,0,0,0,1
5236,1,1,1,0,0,0,0,1,1,0,0,0,0,1,1,1,1,0,0,0,0
5237,1,1,0,0,0,0,1,1,1,0,0,0,0,1,1,1,0,0,0,0,1
5238,1,1,0,0,0,0,1,1,1,0,0,0,0,1,1,1,0,0,0,0,1
5239,1,0,0,0,0,0,0,1,0,0,0,0,0,0,1,1,0,0,0,0,1
5240,1,1,0,0,0,0,1,1,1,1,0,0,0,0,1,1,1,0,0,0,0
5241,1,1,1,0,0,0,0,1,1,0,0,0,0,1,1,1,0,0,0,0,1
5242,1,1,0,0,0,0,1,1,1,0,0,0,0,1,1,1,0,0,0,0,1
5243,1,1,0,0,1,1,0,1,1,0,0,0,0,1,1,1,0,0,0,0,1
5244,0,0,0,0,0,0,0,1,0,0,0,0,0,0,0,0,0,0,0,0,0
5245,1,1,0,0,0,0,1,1,0,0,0,0,0,0,0,0,0,0,0,0,0
5246,1,1,0,0,0,0,1,1,1,0,0,0,0,1,1,0,0,0,0,0,0
5247,4,4,0,4,0,0,0,3,3,0,2,0,0,1,2,2,0,1,0,0,1
5248,1,1,0,0,0,0,1,1,0,0,0,0,0,0,1,0,0,0,0,0,0
5249,0,0,0,0,0,0,0,0,0,0,0,0,0,0,1,0,0,0,0,0,0
5250,1,0,0,0,0,0,0,1,0,0,0,0,0,0,1,0,0,0,0,0,0
5251,1,0,0,0,0,0,0,1,0,0,0,0,0,0,0,0,0,0,0,0,0
5252,1,0,0,0,0,0,0,0,0,0,0,0,0,0,0,0,0,0,0,0,0
5253,1,1,0,0,0,0,1,1,1,0,0,0,0,1,1,1,0,0,0,0,1
5254,1,1,0,0,0,0,1,1,1,0,0,0,0,1,2,1,0,0,0,0,1
5255,1,1,0,1,0,0,0,1,1,0,1,0,0,0,2,2,0,1,0,0,1
5256,1,1,0,1,0,0,0,1,1,0,0,0,0,1,0,0,0,0,0,0,0
5257,1,1,1,0,0,0,0,1,1,1,0,0,0,0,2,2,1,0,0,0,1
5258,1,1,0,0,0,0,1,1,1,0,0,0,0,1,1,1,0,0,0,0,1
5259,0,0,0,0,0,0,0,1,0,0,0,0,0,0,1,0,0,0,0,0,0
5260,1,1,0,0,0,0,1,1,1,0,0,0,0,1,1,0,0,0,0,0,0
5261,1,1,0,1,0,0,0,1,1,0,0,1,1,0,1,1,0,0,0,0,1
5262,1,1,0,0,0,0,1,1,1,1,0,0,0,0,1,1,0,0,0,0,1
5263,1,1,1,0,0,0,0,1,1,0,1,0,0,0,1,1,0,0,0,0,1
5264,1,1,0,1,0,0,0,1,1,0,0,0,0,1,1,1,0,0,0,0,1
5265,1,1,0,1,0,0,0,1,1,0,1,0,0,0,1,1,0,1,0,0,0
5266,1,1,0,0,0,0,1,1,1,0,0,0,0,1,1,1,0,0,0,0,1
5267,2,2,1,0,0,0,1,2,2,1,0,0,0,1,2,2,0,1,0,0,1
5268,1,1,0,0,0,0,1,1,1,0,0,0,0,1,1,1,0,0,0,0,1
5269,1,1,1,0,0,0,0,1,1,0,0,0,0,1,1,1,0,0,0,0,1
5270,1,1,0,0,0,0,1,1,1,0,0,0,0,1,1,1,0,0,0,0,1
5271,1,1,1,0,0,0,0,1,1,0,0,0,0,1,1,1,0,0,0,0,1
5272,1,1,0,0,0,0,1,1,1,0,0,0,0,1,1,1,0,0,0,0,1
5273,1,0,0,0,0,0,0,1,0,0,0,0,0,0,1,1,0,0,0,0,1
5274,2,1,0,0,0,0,1,2,1,0,0,0,0,1,2,1,0,0,0,0,1
5275,1,1,0,0,0,0,1,1,1,0,0,0,0,1,0,0,0,0,0,0,0
5276,1,1,0,1,0,0,0,1,1,0,1,0,0,0,1,1,0,0,0,0,1
5277,1,1,0,0,0,0,1,1,1,0,0,0,0,1,1,1,0,0,0,0,1
5278,1,1,0,0,0,0,1,1,1,1,0,0,0,0,1,1,0,1,0,0,0
5279,1,1,1,0,0,0,0,1,1,1,0,0,0,0,1,1,0,0,0,0,1
5280,1,0,0,0,0,0,0,1,0,0,0,0,0,0,0,0,0,0,0,0,0
5281,1,1,0,0,0,0,1,1,1,0,0,0,0,1,1,1,0,0,0,0,1
5282,1,1,0,0,0,0,1,1,1,0,0,0,0,1,1,1,0,0,0,0,1
5283,1,1,1,0,0,0,0,2,2,0,0,0,0,2,2,2,1,0,0,0,1
5284,1,1,0,0,0,0,1,1,1,0,0,0,0,1,1,1,0,0,0,0,1
5285,1,1,0,0,0,0,1,1,1,0,0,0,0,1,1,1,0,0,0,0,1
5286,1,1,0,0,0,0,1,1,1,0,0,0,0,1,1,1,0,0,0,0,1
5287,1,0,0,0,0,0,0,1,0,0,0,0,0,0,0,0,0,0,0,0,0
5288,1,0,0,0,0,0,0,1,0,0,0,0,0,0,0,0,0,0,0,0,0
5289,1,1,0,1,0,0,0,1,1,0,0,0,0,1,1,1,0,0,0,0,1
5290,1,1,0,1,0,0,0,1,1,0,1,0,0,0,1,1,0,0,0,0,1
5291,1,1,0,1,0,0,0,1,1,0,0,0,0,1,1,1,0,0,0,0,1
5292,1,0,0,0,0,0,0,1,0,0,0,0,0,0,1,0,0,0,0,0,0
5293,1,0,0,0,0,0,0,1,0,0,0,0,0,0,1,0,0,0,0,0,0
5294,1,1,0,0,0,0,1,1,1,0,0,0,0,1,1,1,0,0,0,0,1
5295,1,1,1,0,0,0,0,1,1,0,0,0,0,1,1,1,1,0,0,0,0
5296,1,0,0,0,0,0,0,1,0,0,0,0,0,0,0,0,0,0,0,0,0
5297,1,0,0,0,0,0,0,1,0,0,0,0,0,0,0,0,0,0,0,0,0
5298,1,1,1,0,0,0,0,1,1,0,0,0,0,1,1,1,1,0,0,0,0
5299,1,0,0,0,0,0,0,1,0,0,0,0,0,0,1,0,0,0,0,0,0
5300,1,1,0,1,0,0,0,1,1,0,1,0,0,0,1,1,0,0,0,0,1
5301,1,0,0,0,0,0,0,2,0,0,0,0,0,0,1,0,0,0,0,0,0
5302,1,1,0,0,0,0,1,1,1,0,0,0,0,1,0,0,0,0,0,0,0
5303,1,0,0,0,0,0,0,1,0,0,0,0,0,0,1,0,0,0,0,0,0
5304,1,0,0,0,0,0,0,1,0,0,0,0,0,0,0,0,0,0,0,0,0
5305,1,0,0,0,0,0,0,1,0,0,0,0,0,0,0,0,0,0,0,0,0
5306,1,1,0,0,0,0,1,1,1,0,0,0,0,1,1,1,0,0,0,0,1
5307,1,1,0,0,0,0,1,1,1,1,0,0,0,0,1,1,0,0,0,0,1
5308,1,1,0,0,0,0,1,1,1,0,0,0,0,1,1,1,0,0,0,0,1
5309,1,1,1,0,0,0,0,1,1,0,0,0,0,1,1,1,0,0,0,0,1
5310,1,1,0,0,0,0,1,1,1,0,0,0,0,1,1,1,0,0,0,0,1
5311,1,1,0,0,0,0,1,1,1,1,0,0,0,0,1,1,1,0,0,0,0
5312,1,1,0,1,0,0,0,1,1,1,0,0,0,0,1,1,0,1,0,0,0
5313,1,1,0,0,0,0,1,1,1,1,0,0,0,0,1,1,0,0,0,0,1
5314,1,1,0,0,0,0,1,1,1,0,0,0,0,1,1,1,1,0,0,0,0
5315,1,1,0,0,0,0,1,1,1,0,0,0,0,1,1,1,0,0,0,0,1
5316,1,1,1,0,0,0,0,1,1,0,0,0,0,1,1,1,0,0,0,0,1
5317,2,0,0,0,0,0,0,2,0,0,0,0,0,0,0,0,0,0,0,0,0
5318,2,2,0,0,0,0,2,2,2,0,0,0,0,2,3,2,0,0,0,0,2
5319,1,1,0,0,0,0,1,1,1,0,0,0,0,1,0,0,0,0,0,0,0
5320,1,1,0,0,0,0,1,1,1,0,0,0,0,1,0,0,0,0,0,0,0
5321,1,0,0,0,0,0,0,1,1,0,0,0,0,1,0,0,0,0,0,0,0
5322,1,0,0,0,0,0,0,1,1,1,0,0,0,0,0,0,0,0,0,0,0
5323,1,1,0,0,0,0,1,1,1,1,0,0,0,0,0,0,0,0,0,0,0
5324,1,0,0,0,0,0,0,1,1,0,0,0,0,1,1,0,0,0,0,0,0
5325,1,1,0,0,0,0,1,1,1,1,0,0,0,0,0,0,0,0,0,0,0
5326,3,3,0,3,0,0,0,3,3,1,1,0,0,1,0,0,0,0,0,0,0
5327,1,1,0,1,0,0,0,1,1,0,0,1,1,0,0,0,0,0,0,0,0
5328,2,2,1,0,0,0,1,4,3,1,1,0,0,1,5,5,0,0,0,0,5
5329,1,1,0,1,0,0,0,1,1,0,1,0,0,0,1,1,1,0,0,0,0
5330,1,1,0,0,0,0,1,1,1,0,0,0,0,1,1,1,0,0,0,0,1
5331,1,1,0,0,0,0,1,2,2,0,0,0,0,2,2,2,1,0,0,0,1
5332,1,1,0,0,0,0,1,1,1,0,0,0,0,1,1,1,0,0,0,0,1
5333,1,1,0,0,0,0,1,1,1,0,0,0,0,1,1,1,0,0,0,0,1
5334,1,1,0,0,0,0,1,1,1,1,0,0,0,0,1,1,0,0,0,0,1
5335,1,1,0,1,0,0,0,1,1,0,0,0,0,1,1,1,0,0,0,0,1
5336,1,1,0,0,0,0,1,1,1,0,0,0,0,1,1,1,0,0,0,0,1
5337,1,1,0,0,0,0,1,1,1,0,0,0,0,1,1,1,0,0,0,0,1
5338,2,2,0,1,0,0,1,2,2,0,1,0,0,1,2,2,1,0,0,0,1
5339,1,1,0,1,0,0,0,1,1,0,1,0,0,0,1,1,1,0,0,0,0
5340,1,1,0,1,0,0,0,1,1,0,1,0,0,0,1,1,0,0,0,0,1
5341,1,1,1,0,0,0,0,1,1,0,0,0,0,1,1,1,0,0,0,0,1
5342,1,1,0,0,0,0,1,1,1,0,0,0,0,1,1,1,0,0,0,0,1
5343,1,1,0,0,0,0,1,1,1,0,1,0,0,0,1,1,0,1,0,0,0
5344,1,1,0,0,0,0,1,2,2,0,1,0,0,1,2,2,0,0,0,0,2
5345,1,1,0,0,0,0,1,1,1,0,0,0,0,1,1,1,0,0,0,0,1
5346,1,1,0,0,0,0,1,1,1,1,0,0,0,0,1,1,0,0,0,0,1
5347,1,1,0,1,0,0,0,1,1,0,0,1,1,0,1,1,0,1,0,0,0
5348,1,1,1,0,0,0,0,1,1,1,0,0,0,0,1,1,1,0,0,0,0
5349,1,1,0,0,0,0,1,1,0,0,0,0,0,0,1,0,0,0,0,0,0
5350,1,0,0,0,0,0,0,1,0,0,0,0,0,0,0,0,0,0,0,0,0
5351,1,1,0,0,0,0,1,1,1,1,0,0,0,0,1,1,0,0,0,0,1
5352,1,1,0,0,0,0,1,1,1,1,0,0,0,0,1,1,1,0,0,0,0
5353,1,1,0,1,0,0,0,1,1,0,1,0,0,0,1,1,0,0,0,0,1
5354,1,0,0,0,0,0,0,1,0,0,0,0,0,0,1,1,1,0,0,0,0
5355,1,1,0,1,0,0,0,1,1,1,0,0,0,0,1,1,0,0,0,0,1
5356,1,1,0,0,0,0,1,1,1,0,0,0,0,1,1,1,0,0,0,0,1
5357,1,1,1,0,0,0,0,1,1,0,0,0,0,1,1,1,0,0,0,0,1
5358,1,1,0,1,0,0,0,1,1,0,1,0,0,0,1,1,1,0,0,0,0
5359,1,1,0,1,0,0,0,1,1,1,0,0,0,0,0,0,0,0,0,0,0
5360,1,1,1,0,0,0,0,1,1,1,0,0,0,0,1,1,0,1,0,0,0
5361,1,1,0,1,0,0,0,1,1,0,0,0,0,1,1,1,0,0,0,0,1
5362,1,1,0,0,0,0,1,1,1,0,0,0,0,1,1,1,0,0,0,0,1
5363,1,1,0,0,0,0,1,1,1,0,0,0,0,1,1,0,0,0,0,0,0
5364,1,1,0,0,0,0,1,1,1,0,0,0,0,1,1,1,0,0,0,0,1
5365,1,1,1,0,0,0,0,1,1,1,0,0,0,0,1,1,0,0,0,0,1
5366,1,1,0,0,0,0,1,2,2,0,1,0,0,1,0,0,0,0,0,0,0
5367,1,1,0,0,0,0,1,2,2,1,0,0,0,1,2,2,1,0,0,0,1
5368,1,0,0,0,0,0,0,0,0,0,0,0,0,0,1,0,0,0,0,0,0
5369,0,0,0,0,0,0,0,1,0,0,0,0,0,0,0,0,0,0,0,0,0
5371,0,0,0,0,0,0,0,1,0,0,0,0,0,0,0,0,0,0,0,0,0
5372,1,1,0,1,0,0,0,1,1,1,0,0,0,0,1,1,0,0,0,0,1
5373,1,1,1,0,0,0,0,1,1,1,0,0,0,0,1,1,0,0,0,0,1
5374,1,1,1,0,0,0,0,1,1,1,0,0,0,0,1,1,1,0,0,0,0
5375,1,1,0,0,1,1,0,1,1,1,0,0,0,0,1,1,0,0,1,1,0
5376,1,1,0,0,0,0,1,1,1,0,0,0,0,1,1,1,0,0,0,0,1
5378,1,1,0,0,0,0,1,1,1,1,0,0,0,0,1,1,0,0,0,0,1
5382,1,1,0,0,0,0,1,2,1,0,0,0,0,1,1,1,0,0,0,0,1
5383,1,1,0,1,0,0,0,1,1,0,1,0,0,0,1,1,1,0,0,0,0
5384,1,1,1,0,0,0,0,1,1,1,0,0,0,0,1,1,1,0,0,0,0
5385,1,1,0,0,0,0,1,1,0,0,0,0,0,0,1,0,0,0,0,0,0
5386,1,1,0,0,0,0,1,1,1,0,1,0,0,0,1,1,0,0,0,0,1
5387,1,1,0,0,0,0,1,1,1,0,0,0,0,1,1,0,0,0,0,0,0
5388,1,1,0,1,0,0,0,1,1,0,0,0,0,1,1,1,0,0,0,0,1
5389,1,1,0,0,0,0,1,1,1,0,0,0,0,1,1,1,1,0,0,0,0
5390,1,1,0,1,0,0,0,1,0,0,0,0,0,0,2,0,0,0,0,0,0
5391,1,1,0,0,0,0,1,1,1,0,0,0,0,1,1,1,0,0,0,0,1
5392,1,1,0,1,0,0,0,1,1,0,1,0,0,0,0,0,0,0,0,0,0
5393,3,2,2,0,0,0,0,3,1,1,0,0,0,0,1,1,0,0,0,0,1
5394,1,1,0,0,0,0,1,1,1,0,0,0,0,1,1,1,0,0,0,0,1
5395,1,1,0,0,0,0,1,1,1,0,0,0,0,1,1,1,0,0,0,0,1
5396,1,0,0,0,0,0,0,1,1,0,0,0,0,1,1,0,0,0,0,0,0
5397,1,1,0,1,0,0,0,1,1,0,1,0,0,0,1,1,0,0,0,0,1
5398,1,0,0,0,0,0,0,1,0,0,0,0,0,0,1,0,0,0,0,0,0
5399,1,0,0,0,0,0,0,1,0,0,0,0,0,0,1,0,0,0,0,0,0
5400,1,0,0,0,0,0,0,1,0,0,0,0,0,0,1,0,0,0,0,0,0
5401,1,0,0,0,0,0,0,1,1,0,0,0,0,1,1,0,0,0,0,0,0
5402,3,1,0,0,0,0,1,2,1,0,0,0,0,1,2,1,0,0,0,0,1
5403,0,0,0,0,0,0,0,1,0,0,0,0,0,0,0,0,0,0,0,0,0
5404,1,0,0,0,0,0,0,1,0,0,0,0,0,0,0,0,0,0,0,0,0
5405,1,0,0,0,0,0,0,1,0,0,0,0,0,0,0,0,0,0,0,0,0
5406,1,0,0,0,0,0,0,0,0,0,0,0,0,0,0,0,0,0,0,0,0
5407,0,0,0,0,0,0,0,0,0,0,0,0,0,0,1,1,0,0,0,0,1
5408,1,1,0,0,1,1,0,1,1,0,0,1,1,0,1,1,0,0,0,0,1
5409,1,1,0,1,0,0,0,1,1,0,1,0,0,0,0,0,0,0,0,0,0
5410,2,1,0,0,0,0,1,2,1,0,1,0,0,0,1,0,0,0,0,0,0
5411,1,1,1,0,0,0,0,1,1,1,0,0,0,0,0,0,0,0,0,0,0
5412,1,1,1,0,0,0,0,1,1,0,0,0,0,1,1,1,0,0,0,0,1
5413,1,1,0,0,0,0,1,1,1,1,0,0,0,0,1,1,0,0,0,0,1
5414,0,0,0,0,0,0,0,1,0,0,0,0,0,0,0,0,0,0,0,0,0
5416,1,1,0,1,0,0,0,1,1,0,1,0,0,0,1,1,0,0,0,0,1
5417,1,1,0,1,0,0,0,1,1,0,1,0,0,0,0,0,0,0,0,0,0
5418,1,1,0,0,0,0,1,1,1,1,0,0,0,0,1,1,0,0,0,0,1
5419,0,0,0,0,0,0,0,0,0,0,0,0,0,0,1,0,0,0,0,0,0
5420,1,1,0,1,0,0,0,1,1,0,0,0,0,1,1,1,0,0,0,0,1
5421,1,1,1,0,0,0,0,1,1,0,0,0,0,1,1,1,0,0,0,0,1
5422,1,1,1,0,0,0,0,1,1,0,0,0,0,1,1,1,0,0,0,0,1
5423,1,1,0,1,0,0,0,1,1,0,0,0,0,1,1,1,0,0,0,0,1
5424,1,1,0,1,0,0,0,1,1,0,0,0,0,1,1,1,0,0,0,0,1
5425,1,0,0,0,0,0,0,0,0,0,0,0,0,0,1,0,0,0,0,0,0
5426,1,1,0,1,0,0,0,1,1,0,0,0,0,1,1,1,0,0,0,0,1
5427,1,1,0,0,0,0,1,1,1,0,0,0,0,1,1,1,0,0,0,0,1
5428,1,1,0,1,0,0,0,1,1,0,1,0,0,0,1,1,0,0,0,0,1
5429,1,1,1,0,0,0,0,1,1,0,0,0,0,1,1,1,0,0,0,0,1
5430,1,1,0,0,0,0,1,1,1,0,0,0,0,1,1,0,0,0,0,0,0
5431,1,1,0,1,0,0,0,1,1,0,1,0,0,0,1,1,0,1,0,0,0
5432,1,1,0,0,0,0,1,1,1,1,0,0,0,0,1,1,1,0,0,0,0
5433,1,0,0,0,0,0,0,1,0,0,0,0,0,0,1,1,0,1,0,0,0
5434,1,1,0,0,0,0,1,1,1,0,0,1,1,0,1,1,0,0,0,0,1
5435,1,1,0,1,0,0,0,2,2,0,2,0,0,0,1,1,0,1,0,0,0
5436,1,0,0,0,0,0,0,1,0,0,0,0,0,0,0,0,0,0,0,0,0
5437,1,1,0,0,0,0,1,1,1,0,0,0,0,1,1,1,0,0,0,0,1
5438,1,1,0,0,0,0,1,1,1,0,0,0,0,1,1,1,0,0,0,0,1
5439,1,1,0,0,0,0,1,1,1,0,0,0,0,1,1,0,0,0,0,0,0
5440,1,0,0,0,0,0,0,1,1,0,0,0,0,1,1,0,0,0,0,0,0
5441,0,0,0,0,0,0,0,1,0,0,0,0,0,0,0,0,0,0,0,0,0
5442,1,1,0,0,0,0,1,1,1,0,0,0,0,1,0,0,0,0,0,0,0
5443,1,0,0,0,0,0,0,0,0,0,0,0,0,0,0,0,0,0,0,0,0
5444,1,1,0,0,0,0,1,1,1,0,0,0,0,1,1,1,0,0,0,0,1
5445,1,1,0,1,0,0,0,1,1,0,1,0,0,0,1,1,0,0,0,0,1
5446,1,0,0,0,0,0,0,1,0,0,0,0,0,0,0,0,0,0,0,0,0
5447,1,0,0,0,0,0,0,1,0,0,0,0,0,0,0,0,0,0,0,0,0
5448,1,1,0,0,0,0,1,1,1,1,0,0,0,0,1,1,0,0,0,0,1
5449,2,2,1,0,0,0,1,4,4,0,0,0,0,4,3,3,0,0,0,0,3
5450,1,1,1,0,0,0,0,1,1,0,0,0,0,1,1,1,0,0,0,0,1
5451,1,1,0,0,0,0,1,1,1,1,0,0,0,0,1,1,0,0,0,0,1
5452,1,1,0,0,0,0,1,1,1,0,0,0,0,1,0,0,0,0,0,0,0
5453,1,1,1,0,0,0,0,1,1,0,0,0,0,1,1,1,0,0,0,0,1
5454,1,1,0,1,0,0,0,1,1,0,1,0,0,0,1,1,0,0,0,0,1
5455,1,1,0,0,0,0,1,1,1,1,0,0,0,0,1,1,0,0,0,0,1
5456,1,1,0,0,0,0,1,1,1,1,0,0,0,0,1,1,0,0,0,0,1
5457,1,1,0,0,0,0,1,1,1,0,0,0,0,1,1,0,0,0,0,0,0
5458,2,2,0,0,0,0,2,2,2,0,1,0,0,1,2,2,0,0,0,0,2
5459,1,1,0,1,0,0,0,1,1,1,0,0,0,0,1,1,0,0,0,0,1
5460,1,1,0,1,0,0,0,1,1,0,1,0,0,0,1,1,0,1,0,0,0
5461,1,0,0,0,0,0,0,1,0,0,0,0,0,0,1,1,0,0,0,0,1
5462,1,1,0,0,0,0,1,1,1,0,0,0,0,1,1,1,0,0,0,0,1
5463,1,1,1,0,0,0,0,1,1,0,0,0,0,1,1,1,1,0,0,0,0
5464,1,1,0,0,0,0,1,1,1,0,1,0,0,0,1,1,1,0,0,0,0
5465,1,1,0,0,0,0,1,1,1,0,1,0,0,0,1,1,0,0,0,0,1
5466,0,0,0,0,0,0,0,0,0,0,0,0,0,0,1,0,0,0,0,0,0
5467,1,0,0,0,0,0,0,1,0,0,0,0,0,0,1,0,0,0,0,0,0
5468,0,0,0,0,0,0,0,0,0,0,0,0,0,0,1,0,0,0,0,0,0
5470,0,0,0,0,0,0,0,1,0,0,0,0,0,0,1,0,0,0,0,0,0
5471,0,0,0,0,0,0,0,1,0,0,0,0,0,0,1,0,0,0,0,0,0
5472,1,0,0,0,0,0,0,1,0,0,0,0,0,0,0,0,0,0,0,0,0
5473,1,1,0,0,0,0,1,1,1,0,0,0,0,1,1,0,0,0,0,0,0
5474,1,0,0,0,0,0,0,0,0,0,0,0,0,0,0,0,0,0,0,0,0
5475,1,0,0,0,0,0,0,1,0,0,0,0,0,0,1,1,0,0,0,0,1
5476,1,1,0,0,0,0,1,1,1,0,0,0,0,1,1,1,0,0,0,0,1
5477,1,1,0,0,0,0,1,1,1,0,0,0,0,1,1,1,1,0,0,0,0
5478,1,1,0,0,0,0,1,1,1,1,0,0,0,0,1,1,0,0,0,0,1
5479,1,1,0,0,0,0,1,1,1,1,0,0,0,0,1,1,0,1,0,0,0
5480,1,0,0,0,0,0,0,1,0,0,0,0,0,0,1,0,0,0,0,0,0
5481,1,1,0,0,0,0,1,1,0,0,0,0,0,0,1,0,0,0,0,0,0
5482,1,1,1,0,0,0,0,1,1,0,0,0,0,1,1,1,0,0,0,0,1
5483,1,1,0,0,0,0,1,1,1,0,1,0,0,0,1,1,0,1,0,0,0
5484,1,1,1,0,0,0,0,1,1,0,0,1,1,0,1,1,1,0,0,0,0
5485,1,1,0,1,0,0,0,1,1,1,0,0,0,0,1,1,1,0,0,0,0
5486,1,1,0,0,0,0,1,1,1,1,0,0,0,0,1,1,1,0,0,0,0
5487,1,1,0,0,0,0,1,1,1,0,0,0,0,1,1,1,0,0,0,0,1
5488,1,1,0,0,0,0,1,1,1,0,1,0,0,0,1,1,0,0,0,0,1
5489,1,0,0,0,0,0,0,1,0,0,0,0,0,0,1,1,0,0,0,0,1
5490,1,0,0,0,0,0,0,1,0,0,0,0,0,0,1,0,0,0,0,0,0
5491,1,1,0,0,0,0,1,1,1,1,0,0,0,0,1,1,0,1,0,0,0
5492,1,1,0,0,0,0,1,1,1,0,0,1,1,0,1,1,1,0,0,0,0
5493,1,1,1,0,0,0,0,1,1,1,0,0,0,0,1,1,0,0,0,0,1
5494,1,1,0,0,0,0,1,1,1,0,0,0,0,1,1,1,1,0,0,0,0
5495,1,0,0,0,0,0,0,0,0,0,0,0,0,0,0,0,0,0,0,0,0
5496,1,1,0,0,0,0,1,1,0,0,0,0,0,0,0,0,0,0,0,0,0
5497,1,1,0,0,0,0,1,1,1,0,0,0,0,1,1,1,0,0,0,0,1
5498,1,1,0,0,0,0,1,1,1,0,0,0,0,1,1,1,0,0,0,0,1
5499,1,0,0,0,0,0,0,1,0,0,0,0,0,0,0,0,0,0,0,0,0
5500,1,1,0,1,0,0,0,1,1,0,0,1,1,0,1,1,0,0,0,0,1
5501,1,1,0,1,0,0,0,1,1,0,1,0,0,0,4,1,0,0,1,1,0
5502,1,1,1,0,0,0,0,1,1,0,0,0,0,1,1,1,0,0,0,0,1
5503,1,1,0,1,0,0,0,1,1,0,1,0,0,0,1,1,0,0,0,0,1
5504,1,1,0,1,0,0,0,1,1,0,1,0,0,0,1,1,0,0,0,0,1
5505,1,1,0,1,0,0,0,1,1,0,1,0,0,0,1,1,0,0,0,0,1
5506,1,1,0,0,0,0,1,1,1,0,0,0,0,1,0,0,0,0,0,0,0
5507,1,1,0,0,0,0,1,1,1,0,0,0,0,1,1,1,1,0,0,0,0
5508,1,1,0,0,0,0,1,1,1,1,0,0,0,0,1,1,0,0,0,0,1
5509,1,0,0,0,0,0,0,0,0,0,0,0,0,0,1,0,0,0,0,0,0
5510,1,1,1,0,0,0,0,1,1,1,0,0,0,0,1,1,1,0,0,0,0
5511,1,1,0,0,0,0,1,1,1,0,0,0,0,1,2,2,0,0,0,0,2
5512,1,1,0,0,0,0,1,1,1,0,0,0,0,1,2,0,0,0,0,0,0
5513,1,1,0,1,0,0,0,1,1,1,0,0,0,0,3,3,2,0,0,0,1
5514,1,1,0,1,0,0,0,1,1,0,0,1,1,0,2,2,1,0,0,0,1
5515,1,1,0,0,0,0,1,1,1,0,0,0,0,1,1,1,0,0,0,0,1
5516,1,1,0,0,0,0,1,1,1,1,0,0,0,0,1,1,0,0,0,0,1
5517,1,1,0,0,0,0,1,1,1,0,0,0,0,1,1,1,0,0,0,0,1
5518,1,1,1,0,0,0,0,1,1,0,1,0,0,0,1,1,0,1,0,0,0
5519,1,1,0,0,0,0,1,1,1,0,1,0,0,0,1,1,0,0,0,0,1
5520,1,1,0,0,0,0,1,1,1,0,1,0,0,0,1,1,0,0,0,0,1
5521,1,0,0,0,0,0,0,1,0,0,0,0,0,0,1,1,0,0,0,0,1
5522,1,1,0,0,0,0,1,1,1,0,0,0,0,1,1,1,0,0,0,0,1
5523,1,1,1,0,0,0,0,1,1,0,0,1,1,0,2,2,1,0,0,0,1
5524,1,1,0,1,0,0,0,1,1,0,0,0,0,1,1,1,0,0,0,0,1
5525,1,1,0,1,0,0,0,1,1,0,0,0,0,1,1,1,0,0,0,0,1
5526,1,1,0,0,0,0,1,1,1,0,0,0,0,1,1,1,0,0,0,0,1
5527,1,1,0,0,0,0,1,1,1,0,0,0,0,1,3,3,0,0,0,0,3
5528,1,1,0,0,0,0,1,1,1,0,0,0,0,1,1,1,0,0,0,0,1
5529,2,0,0,0,0,0,0,1,0,0,0,0,0,0,1,0,0,0,0,0,0
5530,1,1,0,1,0,0,0,1,1,0,0,1,1,0,1,1,0,0,0,0,1
5531,1,1,0,1,0,0,0,1,1,0,0,0,0,1,1,1,0,0,0,0,1
5532,1,1,0,1,0,0,0,1,1,0,0,0,0,1,1,1,1,0,0,0,0
5533,0,0,0,0,0,0,0,0,0,0,0,0,0,0,1,0,0,0,0,0,0
5534,1,1,0,0,0,0,1,1,1,0,1,0,0,0,1,1,0,1,0,0,0
5535,1,0,0,0,0,0,0,0,0,0,0,0,0,0,1,0,0,0,0,0,0
5536,1,0,0,0,0,0,0,0,0,0,0,0,0,0,1,0,0,0,0,0,0
5537,1,0,0,0,0,0,0,0,0,0,0,0,0,0,1,0,0,0,0,0,0
5538,1,1,0,0,0,0,1,1,1,0,0,0,0,1,0,0,0,0,0,0,0
5539,0,0,0,0,0,0,0,0,0,0,0,0,0,0,1,0,0,0,0,0,0
5540,1,0,0,0,0,0,0,1,0,0,0,0,0,0,1,0,0,0,0,0,0
5542,1,1,0,0,0,0,1,1,0,0,0,0,0,0,1,0,0,0,0,0,0
5543,1,1,0,1,0,0,0,1,1,0,0,0,0,1,1,1,0,0,0,0,1
5544,1,0,0,0,0,0,0,1,0,0,0,0,0,0,0,0,0,0,0,0,0
5545,0,0,0,0,0,0,0,1,0,0,0,0,0,0,0,0,0,0,0,0,0
5546,1,1,0,0,0,0,1,1,1,0,1,0,0,0,0,0,0,0,0,0,0
5547,1,1,0,0,0,0,1,1,1,0,0,0,0,1,1,1,1,0,0,0,0
5548,1,1,0,1,0,0,0,1,1,0,0,0,0,1,1,1,1,0,0,0,0
5549,1,1,0,0,0,0,1,1,1,1,0,0,0,0,1,1,0,0,0,0,1
5550,1,1,1,0,0,0,0,1,1,1,0,0,0,0,1,1,0,0,0,0,1
5551,1,1,0,0,0,0,1,1,1,0,0,0,0,1,1,0,0,0,0,0,0
5552,1,1,0,0,0,0,1,1,1,1,0,0,0,0,1,1,1,0,0,0,0
5553,1,1,0,0,0,0,1,1,1,0,0,0,0,1,1,1,0,0,0,0,1
5554,1,1,0,0,0,0,1,1,1,0,0,0,0,1,1,1,0,0,0,0,1
5555,1,0,0,0,0,0,0,1,0,0,0,0,0,0,0,0,0,0,0,0,0
5556,1,1,1,0,0,0,0,1,1,0,0,1,1,0,1,0,0,0,0,0,0
5557,1,1,0,0,0,0,1,1,1,0,0,0,0,1,1,1,0,0,0,0,1
5558,1,1,1,0,0,0,0,1,1,0,0,0,0,1,1,1,0,0,0,0,1
5559,1,1,0,0,0,0,1,1,1,0,0,0,0,1,1,1,1,0,0,0,0
5560,1,1,0,0,0,0,1,1,1,0,0,0,0,1,1,1,0,0,0,0,1
5561,1,1,0,0,0,0,1,1,1,0,0,0,0,1,1,1,1,0,0,0,0
5562,0,0,0,0,0,0,0,1,0,0,0,0,0,0,1,0,0,0,0,0,0
5563,1,0,0,0,0,0,0,1,0,0,0,0,0,0,1,0,0,0,0,0,0
5564,1,0,0,0,0,0,0,1,0,0,0,0,0,0,0,0,0,0,0,0,0
5565,1,0,0,0,0,0,0,1,0,0,0,0,0,0,2,1,0,0,0,0,1
5566,1,1,0,0,0,0,1,1,1,0,0,0,0,1,1,1,0,1,0,0,0
5567,1,1,0,1,0,0,0,1,1,0,1,0,0,0,1,1,0,0,0,0,1
5568,1,1,0,1,0,0,0,1,1,0,0,1,1,0,1,1,0,0,0,0,1
5569,1,1,0,0,0,0,1,1,1,0,0,1,1,0,1,1,0,0,0,0,1
5570,1,0,0,0,0,0,0,1,0,0,0,0,0,0,0,0,0,0,0,0,0
5571,1,1,0,0,0,0,1,1,1,1,0,0,0,0,1,1,0,0,0,0,1
5572,1,1,0,0,0,0,1,1,1,1,0,0,0,0,1,1,0,0,0,0,1
5573,1,1,0,0,1,1,0,1,1,0,1,0,0,0,1,1,0,0,0,0,1
5574,1,1,1,0,0,0,0,1,1,1,0,0,0,0,1,1,0,0,0,0,1
5575,1,1,1,0,0,0,0,1,1,0,0,0,0,1,1,1,0,1,0,0,0
5576,1,1,0,0,0,0,1,1,1,0,0,0,0,1,1,1,0,0,0,0,1
5577,1,1,0,1,0,0,0,1,1,0,0,1,1,0,1,1,0,0,0,0,1
5578,1,1,0,0,0,0,1,1,1,0,1,0,0,0,1,1,0,0,0,0,1
5579,0,0,0,0,0,0,0,1,0,0,0,0,0,0,1,0,0,0,0,0,0
5580,1,1,0,0,0,0,1,1,1,1,0,0,0,0,1,1,0,0,0,0,1
5581,1,1,0,1,0,0,0,1,1,0,0,0,0,1,1,1,0,0,0,0,1
5582,1,1,0,1,0,0,0,1,1,0,0,0,0,1,1,1,0,0,0,0,1
5583,1,1,0,0,0,0,1,1,1,0,0,0,0,1,1,1,0,0,0,0,1
5584,1,1,0,0,0,0,1,1,1,1,0,0,0,0,1,1,0,0,0,0,1
5585,1,1,0,0,0,0,1,1,1,0,0,0,0,1,0,0,0,0,0,0,0
5586,1,1,0,0,0,0,1,1,1,1,0,0,0,0,1,1,0,0,0,0,1
5587,1,1,0,1,0,0,0,1,1,0,0,1,1,0,1,1,0,1,0,0,0
5588,1,1,0,1,0,0,0,1,1,0,1,0,0,0,1,1,0,1,0,0,0
5589,1,1,0,0,0,0,1,1,1,0,0,0,0,1,1,1,0,1,0,0,0
5590,1,1,0,0,0,0,1,1,1,0,0,0,0,1,1,1,0,0,0,0,1
5591,1,1,0,0,0,0,1,1,1,0,0,0,0,1,1,1,0,0,0,0,1
5592,1,1,0,0,0,0,1,1,1,0,0,0,0,1,1,1,0,0,0,0,1
5593,1,1,0,0,1,1,0,1,1,1,0,0,0,0,1,1,0,0,0,0,1
5594,4,4,1,0,0,0,3,4,4,0,0,0,0,4,4,4,1,0,0,0,3
5595,1,1,0,1,0,0,0,1,1,0,1,0,0,0,1,1,0,0,0,0,1
5596,1,1,1,0,0,0,0,3,2,0,0,0,0,2,3,2,0,1,0,0,1
5597,3,3,0,3,0,0,0,2,2,0,1,0,0,1,0,0,0,0,0,0,0
5598,1,1,0,0,0,0,1,1,1,0,0,0,0,1,1,1,0,1,0,0,0
5599,1,1,0,0,0,0,1,1,1,0,0,0,0,1,1,0,0,0,0,0,0
5600,1,0,0,0,0,0,0,1,0,0,0,0,0,0,1,0,0,0,0,0,0
5601,1,0,0,0,0,0,0,1,0,0,0,0,0,0,0,0,0,0,0,0,0
5602,1,0,0,0,0,0,0,2,0,0,0,0,0,0,2,0,0,0,0,0,0
5603,1,0,0,0,0,0,0,0,0,0,0,0,0,0,1,0,0,0,0,0,0
5604,1,0,0,0,0,0,0,1,1,0,0,0,0,1,1,1,0,0,0,0,1
5605,1,1,0,0,0,0,1,1,1,0,0,1,1,0,1,1,0,0,0,0,1
5606,1,1,1,0,0,0,0,1,1,0,0,1,1,0,1,1,0,0,0,0,1
5607,1,1,1,0,0,0,0,1,1,0,1,0,0,0,1,1,0,0,1,1,0
5608,1,1,0,0,1,1,0,1,1,0,0,0,0,1,1,1,0,0,0,0,1
5609,1,1,0,1,0,0,0,1,1,1,0,0,0,0,1,1,0,0,0,0,1
5610,1,1,0,0,0,0,1,1,1,0,1,0,0,0,1,1,0,0,0,0,1
5611,1,0,0,0,0,0,0,1,1,0,0,0,0,1,1,1,0,0,0,0,1
5612,1,1,0,1,0,0,0,1,1,0,0,1,1,0,1,1,1,0,0,0,0
5613,1,1,0,0,0,0,1,1,1,1,0,0,0,0,1,1,0,0,0,0,1
5614,3,3,1,0,0,0,2,3,3,2,0,0,0,1,3,3,0,2,0,0,1
5615,1,1,0,0,0,0,1,1,1,1,0,0,0,0,1,1,0,0,0,0,1
5616,1,1,0,0,0,0,1,1,1,0,0,0,0,1,1,1,1,0,0,0,0
5617,1,0,0,0,0,0,0,0,0,0,0,0,0,0,0,0,0,0,0,0,0
5618,1,1,0,0,0,0,1,1,1,1,0,0,0,0,1,1,1,0,0,0,0
5619,1,1,0,0,0,0,1,1,1,0,0,0,0,1,1,1,1,0,0,0,0
5620,1,0,0,0,0,0,0,1,1,0,0,0,0,1,1,1,0,0,0,0,1
5621,1,1,0,0,0,0,1,1,1,0,0,0,0,1,1,1,1,0,0,0,0
5622,1,0,0,0,0,0,0,1,0,0,0,0,0,0,1,0,0,0,0,0,0
5623,2,0,0,0,0,0,0,2,0,0,0,0,0,0,0,0,0,0,0,0,0
5624,1,0,0,0,0,0,0,1,0,0,0,0,0,0,1,1,0,0,0,0,1
5625,1,0,0,0,0,0,0,1,1,0,0,0,0,1,1,0,0,0,0,0,0
5626,0,0,0,0,0,0,0,0,0,0,0,0,0,0,2,0,0,0,0,0,0
5627,1,0,0,0,0,0,0,0,0,0,0,0,0,0,0,0,0,0,0,0,0
5628,1,0,0,0,0,0,0,0,0,0,0,0,0,0,0,0,0,0,0,0,0
5629,0,0,0,0,0,0,0,1,0,0,0,0,0,0,1,0,0,0,0,0,0
5630,1,0,0,0,0,0,0,1,0,0,0,0,0,0,1,0,0,0,0,0,0
5631,1,0,0,0,0,0,0,0,0,0,0,0,0,0,0,0,0,0,0,0,0
5632,1,0,0,0,0,0,0,1,0,0,0,0,0,0,2,0,0,0,0,0,0
5633,1,0,0,0,0,0,0,0,0,0,0,0,0,0,1,0,0,0,0,0,0
5634,1,0,0,0,0,0,0,0,0,0,0,0,0,0,1,0,0,0,0,0,0
5635,0,0,0,0,0,0,0,1,0,0,0,0,0,0,0,0,0,0,0,0,0
5638,0,0,0,0,0,0,0,0,0,0,0,0,0,0,1,0,0,0,0,0,0
5639,0,0,0,0,0,0,0,0,0,0,0,0,0,0,1,0,0,0,0,0,0
5640,0,0,0,0,0,0,0,0,0,0,0,0,0,0,1,0,0,0,0,0,0
5641,1,0,0,0,0,0,0,0,0,0,0,0,0,0,0,0,0,0,0,0,0
5642,1,1,0,0,0,0,1,1,1,0,0,1,1,0,1,1,0,0,0,0,1
5644,1,1,0,0,0,0,1,1,1,0,0,0,0,1,1,1,0,0,0,0,1
5645,1,1,0,0,0,0,1,1,1,0,0,1,1,0,1,1,0,0,0,0,1
5646,1,0,0,0,0,0,0,1,0,0,0,0,0,0,1,1,0,0,0,0,1
5647,1,1,0,0,0,0,1,1,1,0,0,0,0,1,1,1,0,1,0,0,0
5648,1,1,0,0,0,0,1,1,1,0,0,0,0,1,1,1,0,0,0,0,1
5649,1,1,0,0,1,1,0,1,1,0,0,0,0,1,1,1,0,0,0,0,1
5650,1,1,0,0,0,0,1,1,1,1,0,0,0,0,1,1,0,0,0,0,1
5651,1,0,0,0,0,0,0,1,0,0,0,0,0,0,1,0,0,0,0,0,0
5652,1,0,0,0,0,0,0,1,1,0,0,0,0,1,2,1,0,0,0,0,1
5653,1,1,0,0,0,0,1,1,1,0,0,0,0,1,1,0,0,0,0,0,0
5654,0,0,0,0,0,0,0,1,0,0,0,0,0,0,1,0,0,0,0,0,0
5655,1,1,0,1,0,0,0,1,1,0,1,0,0,0,0,0,0,0,0,0,0
5656,1,0,0,0,0,0,0,1,0,0,0,0,0,0,0,0,0,0,0,0,0
5657,1,1,0,0,0,0,1,1,1,0,0,1,1,0,1,1,1,0,0,0,0
5658,1,1,0,0,0,0,1,1,1,0,0,1,1,0,1,1,0,0,0,0,1
5659,1,1,0,0,0,0,1,1,1,0,0,0,0,1,1,1,0,0,0,0,1
5660,1,1,0,0,0,0,1,1,1,0,0,0,0,1,1,1,0,0,0,0,1
5661,1,0,0,0,0,0,0,1,0,0,0,0,0,0,0,0,0,0,0,0,0
5662,1,0,0,0,0,0,0,1,0,0,0,0,0,0,0,0,0,0,0,0,0
5663,1,1,1,0,0,0,0,1,1,0,0,0,0,1,2,0,0,0,0,0,0
5664,1,1,0,1,0,0,0,1,1,0,1,0,0,0,1,1,0,1,0,0,0
5665,1,1,0,0,0,0,1,1,1,0,1,0,0,0,1,1,0,0,0,0,1
5666,1,1,0,1,0,0,0,1,1,0,0,0,0,1,1,1,0,0,0,0,1
5667,1,1,0,0,0,0,1,1,1,0,0,1,1,0,1,1,0,0,0,0,1
5668,2,2,0,2,0,0,0,1,1,0,1,0,0,0,1,1,1,0,0,0,0
5669,1,0,0,0,0,0,0,1,0,0,0,0,0,0,0,0,0,0,0,0,0
5670,0,0,0,0,0,0,0,1,0,0,0,0,0,0,0,0,0,0,0,0,0
5671,2,1,1,0,0,0,0,1,0,0,0,0,0,0,0,0,0,0,0,0,0
5672,1,1,0,0,0,0,1,1,1,1,0,0,0,0,0,0,0,0,0,0,0
5673,1,1,0,0,0,0,1,1,1,0,0,0,0,1,1,1,1,0,0,0,0
5674,2,0,0,0,0,0,0,1,0,0,0,0,0,0,2,0,0,0,0,0,0
5675,1,0,0,0,0,0,0,1,0,0,0,0,0,0,1,0,0,0,0,0,0
5676,1,0,0,0,0,0,0,1,0,0,0,0,0,0,1,0,0,0,0,0,0
5677,1,1,0,0,0,0,1,1,1,0,0,0,0,1,1,1,0,0,0,0,1
5678,1,0,0,0,0,0,0,1,1,0,0,0,0,1,2,0,0,0,0,0,0
5679,3,1,1,0,0,0,0,2,1,1,0,0,0,0,1,1,1,0,0,0,0
5680,1,1,0,0,0,0,1,1,1,0,0,0,0,1,1,1,0,0,0,0,1
5681,1,1,0,0,0,0,1,1,1,0,0,0,0,1,1,1,0,1,0,0,0
5682,1,1,0,0,0,0,1,1,1,0,0,0,0,1,1,1,0,0,0,0,1
5683,1,1,0,0,0,0,1,1,1,1,0,0,0,0,1,1,0,0,0,0,1
5684,1,1,0,0,0,0,1,1,1,0,0,0,0,1,1,1,1,0,0,0,0
5685,1,1,1,0,0,0,0,1,1,0,0,0,0,1,1,1,0,0,0,0,1
5686,1,1,0,0,0,0,1,1,1,0,0,0,0,1,1,1,0,0,0,0,1
5687,1,1,0,0,0,0,1,1,1,0,0,0,0,1,0,0,0,0,0,0,0
5688,1,1,0,0,0,0,1,1,1,0,0,0,0,1,1,1,0,0,0,0,1
5689,1,1,0,0,1,1,0,1,1,1,0,0,0,0,1,1,0,0,0,0,1
5690,1,1,0,0,0,0,1,1,1,0,1,0,0,0,1,1,0,0,0,0,1
5691,1,1,0,0,0,0,1,1,1,1,0,0,0,0,1,1,0,0,0,0,1
5692,1,1,0,0,0,0,1,1,1,0,0,0,0,1,1,1,0,0,0,0,1
5693,1,1,0,0,0,0,1,1,1,0,0,0,0,1,1,1,0,0,0,0,1
5694,1,1,1,0,0,0,0,1,1,0,0,0,0,1,1,1,0,0,0,0,1
5695,1,1,0,0,0,0,1,1,1,0,0,0,0,1,1,1,0,0,0,0,1
5696,1,1,0,0,0,0,1,1,1,0,0,0,0,1,1,1,0,0,0,0,1
5697,1,1,0,0,0,0,1,1,1,0,0,0,0,1,1,1,1,0,0,0,0
5698,1,1,0,1,0,0,0,1,1,0,1,0,0,0,0,0,0,0,0,0,0
5699,1,1,0,0,0,0,1,1,1,0,0,0,0,1,1,1,0,1,0,0,0
5700,1,1,1,0,0,0,0,1,1,0,0,0,0,1,1,1,0,0,0,0,1
5701,1,1,0,0,0,0,1,1,1,0,0,0,0,1,1,1,1,0,0,0,0
5702,1,1,0,0,0,0,1,1,1,0,0,0,0,1,1,1,0,0,0,0,1
5703,1,1,0,0,0,0,1,1,1,0,1,0,0,0,1,1,1,0,0,0,0
5704,1,0,0,0,0,0,0,1,0,0,0,0,0,0,1,1,0,0,0,0,1
5705,1,1,0,0,0,0,1,1,1,0,0,0,0,1,1,1,0,0,0,0,1
5706,1,1,1,0,0,0,0,1,1,0,0,0,0,1,1,1,1,0,0,0,0
5707,1,1,0,0,0,0,1,1,1,1,0,0,0,0,1,1,0,0,0,0,1
5708,1,1,0,0,0,0,1,1,1,1,0,0,0,0,1,1,0,0,0,0,1
5709,1,1,0,0,0,0,1,1,1,0,1,0,0,0,1,1,0,0,0,0,1
5710,1,1,0,0,0,0,1,1,1,0,0,0,0,1,1,1,0,0,0,0,1
5711,1,1,0,0,0,0,1,1,1,0,0,0,0,1,1,1,0,0,0,0,1
5712,1,1,1,0,0,0,0,1,1,1,0,0,0,0,1,1,0,0,0,0,1
5713,2,2,0,1,0,0,1,2,2,0,2,0,0,0,1,1,0,0,1,1,0
5714,1,1,0,1,0,0,0,1,1,0,1,0,0,0,1,1,0,0,1,1,0
5715,1,1,0,0,0,0,1,1,1,1,0,0,0,0,1,1,0,0,0,0,1
5716,1,1,0,0,0,0,1,1,1,1,0,0,0,0,1,1,1,0,0,0,0
5717,1,1,0,0,0,0,1,1,1,0,0,0,0,1,1,1,0,0,0,0,1
5718,1,0,0,0,0,0,0,1,0,0,0,0,0,0,0,0,0,0,0,0,0
5719,1,1,0,0,0,0,1,1,1,0,0,0,0,1,1,1,1,0,0,0,0
5720,1,1,0,0,0,0,1,1,1,0,0,0,0,1,1,1,1,0,0,0,0
5721,1,1,0,0,0,0,1,1,1,1,0,0,0,0,1,1,0,0,0,0,1
5722,1,1,1,0,0,0,0,1,1,0,0,0,0,1,1,1,0,0,0,0,1
5723,1,1,1,0,0,0,0,1,1,0,0,0,0,1,1,1,0,0,0,0,1
5724,1,1,0,0,0,0,1,1,1,0,1,0,0,0,1,1,0,0,0,0,1
5725,1,1,0,0,0,0,1,1,1,0,0,0,0,1,1,1,0,1,0,0,0
5726,1,1,0,0,0,0,1,1,1,0,1,0,0,0,1,1,0,0,0,0,1
5727,1,1,0,0,0,0,1,1,1,0,1,0,0,0,1,1,0,0,0,0,1
5728,1,1,1,0,0,0,0,1,1,0,0,0,0,1,1,1,0,0,0,0,1
5729,1,0,0,0,0,0,0,1,0,0,0,0,0,0,1,0,0,0,0,0,0
5730,1,1,0,0,0,0,1,1,1,0,0,0,0,1,1,0,0,0,0,0,0
5731,1,1,0,1,0,0,0,1,1,0,1,0,0,0,1,1,0,0,0,0,1
5732,1,1,0,0,0,0,1,1,1,0,0,0,0,1,1,1,0,0,0,0,1
5733,1,1,0,0,0,0,1,1,1,0,0,0,0,1,1,1,0,0,0,0,1
5734,1,1,0,0,0,0,1,1,1,1,0,0,0,0,1,1,0,1,0,0,0
5735,1,0,0,0,0,0,0,1,0,0,0,0,0,0,0,0,0,0,0,0,0
5736,1,0,0,0,0,0,0,0,0,0,0,0,0,0,1,0,0,0,0,0,0
5737,0,0,0,0,0,0,0,0,0,0,0,0,0,0,1,0,0,0,0,0,0
5738,1,0,0,0,0,0,0,1,0,0,0,0,0,0,1,0,0,0,0,0,0
5739,1,0,0,0,0,0,0,1,0,0,0,0,0,0,1,0,0,0,0,0,0
5740,1,0,0,0,0,0,0,0,0,0,0,0,0,0,0,0,0,0,0,0,0
5741,1,0,0,0,0,0,0,0,0,0,0,0,0,0,0,0,0,0,0,0,0
5742,1,1,0,0,0,0,1,1,1,0,0,0,0,1,1,1,0,0,0,0,1
5743,1,0,0,0,0,0,0,0,0,0,0,0,0,0,1,0,0,0,0,0,0
5744,1,0,0,0,0,0,0,1,0,0,0,0,0,0,0,0,0,0,0,0,0
5745,1,1,1,0,0,0,0,1,1,0,0,0,0,1,1,1,0,1,0,0,0
5746,1,0,0,0,0,0,0,1,1,0,0,0,0,1,0,0,0,0,0,0,0
5747,1,1,0,0,1,1,0,1,1,0,0,0,0,1,1,1,0,0,0,0,1
5748,1,1,0,0,0,0,1,1,1,0,0,0,0,1,1,1,0,0,0,0,1
5749,1,1,0,1,0,0,0,1,1,0,0,0,0,1,1,1,0,0,0,0,1
5750,1,1,0,0,1,1,0,1,1,1,0,0,0,0,1,1,0,0,0,0,1
5751,1,1,0,0,0,0,1,1,1,0,0,0,0,1,1,1,0,0,0,0,1
5752,1,1,0,0,0,0,1,1,1,0,0,0,0,1,1,1,0,0,0,0,1
5753,1,1,0,0,0,0,1,1,1,0,0,0,0,1,1,1,0,0,0,0,1
5754,1,1,1,0,0,0,0,1,1,1,0,0,0,0,1,1,0,0,0,0,1
5755,1,1,1,0,0,0,0,1,1,0,0,0,0,1,1,1,0,0,0,0,1
5756,1,1,0,0,0,0,1,1,1,0,0,0,0,1,1,1,0,0,0,0,1
5757,2,1,0,0,0,0,1,2,1,0,1,0,0,0,1,1,0,0,0,0,1
5758,2,2,1,0,0,0,1,2,1,0,0,0,0,1,1,1,0,0,0,0,1
5759,1,1,0,0,0,0,1,1,1,0,0,0,0,1,1,1,0,0,0,0,1
5760,1,1,0,0,0,0,1,1,1,0,0,0,0,1,1,1,0,0,0,0,1
5761,1,1,0,0,0,0,1,1,1,0,0,0,0,1,1,1,0,0,0,0,1
5762,1,0,0,0,0,0,0,1,1,0,0,0,0,1,1,1,0,1,0,0,0
5763,1,1,0,0,0,0,1,1,1,1,0,0,0,0,1,1,0,1,0,0,0
5764,1,0,0,0,0,0,0,1,0,0,0,0,0,0,0,0,0,0,0,0,0
5765,0,0,0,0,0,0,0,1,0,0,0,0,0,0,1,0,0,0,0,0,0
5766,1,1,0,0,0,0,1,1,1,0,0,0,0,1,1,1,0,1,0,0,0
5767,1,1,0,1,0,0,0,1,1,0,0,0,0,1,1,1,0,0,0,0,1
5768,1,1,0,0,0,0,1,1,1,1,0,0,0,0,1,1,1,0,0,0,0
5769,1,1,0,1,0,0,0,1,1,1,0,0,0,0,1,1,1,0,0,0,0
5770,1,1,1,0,0,0,0,1,1,1,0,0,0,0,1,1,0,0,0,0,1
5771,1,1,0,0,0,0,1,1,0,0,0,0,0,0,2,0,0,0,0,0,0
5772,1,1,0,1,0,0,0,1,1,0,0,0,0,1,2,0,0,0,0,0,0
5773,1,1,0,0,0,0,1,1,1,0,0,0,0,1,2,2,1,0,0,0,1
5774,1,1,1,0,0,0,0,1,1,0,0,0,0,1,2,2,0,1,0,0,1
5775,1,1,0,0,0,0,1,1,1,0,0,0,0,1,1,1,0,0,0,0,1
5776,1,1,0,0,0,0,1,1,1,0,0,0,0,1,1,1,0,0,0,0,1
5777,1,1,0,0,0,0,1,1,1,0,0,0,0,1,1,1,0,0,0,0,1
5778,0,0,0,0,0,0,0,1,0,0,0,0,0,0,2,0,0,0,0,0,0
5780,1,1,0,0,0,0,1,1,1,1,0,0,0,0,1,1,0,0,0,0,1
5781,1,1,0,1,0,0,0,1,1,0,0,0,0,1,1,1,0,1,0,0,0
5782,1,1,0,0,0,0,1,1,0,0,0,0,0,0,1,0,0,0,0,0,0
5783,1,1,0,0,0,0,1,1,1,0,0,0,0,1,2,0,0,0,0,0,0
5784,1,1,0,0,0,0,1,1,1,0,1,0,0,0,1,1,0,1,0,0,0
5785,1,1,1,0,0,0,0,1,1,1,0,0,0,0,1,1,0,0,0,0,1
5786,1,1,0,0,0,0,1,1,0,0,0,0,0,0,1,1,0,0,0,0,1
5787,1,1,0,0,0,0,1,1,1,0,0,0,0,1,1,1,1,0,0,0,0
5788,1,1,0,0,0,0,1,1,1,1,0,0,0,0,1,1,0,1,0,0,0
5789,1,1,0,0,0,0,1,1,1,1,0,0,0,0,1,1,0,0,0,0,1
5790,1,1,0,1,0,0,0,1,1,0,0,0,0,1,1,1,0,1,0,0,0
5791,1,1,0,1,0,0,0,1,1,0,1,0,0,0,1,1,1,0,0,0,0
5792,1,1,1,0,0,0,0,1,1,1,0,0,0,0,1,1,1,0,0,0,0
5793,2,2,1,0,0,0,1,2,2,0,0,0,0,2,1,1,0,0,0,0,1
5794,1,1,0,0,0,0,1,1,1,0,0,0,0,1,1,1,0,0,0,0,1
5795,1,1,0,0,0,0,1,1,1,0,0,0,0,1,1,1,1,0,0,0,0
5796,1,1,0,0,0,0,1,1,1,1,0,0,0,0,1,1,0,0,0,0,1
5797,1,1,0,0,0,0,1,1,1,0,0,0,0,1,1,1,0,0,0,0,1
5798,1,1,0,1,0,0,0,1,1,0,1,0,0,0,1,1,1,0,0,0,0
5799,1,1,0,0,0,0,1,1,1,0,0,0,0,1,0,0,0,0,0,0,0
5800,1,1,0,0,0,0,1,1,1,0,0,0,0,1,1,1,0,0,0,0,1
5801,1,1,0,0,0,0,1,1,1,0,0,0,0,1,1,1,0,0,0,0,1
5802,1,1,0,1,0,0,0,1,1,0,1,0,0,0,0,0,0,0,0,0,0
5803,1,1,0,1,0,0,0,1,1,0,1,0,0,0,1,1,0,0,0,0,1
5804,2,2,0,0,0,0,2,2,2,0,0,0,0,2,1,1,0,0,0,0,1
5805,1,1,0,1,0,0,0,1,1,0,0,0,0,1,1,1,0,0,0,0,1
5806,1,1,0,1,0,0,0,1,1,0,0,0,0,1,1,1,0,0,0,0,1
5807,1,0,0,0,0,0,0,1,0,0,0,0,0,0,1,0,0,0,0,0,0
5808,1,1,0,0,0,0,1,1,1,0,0,0,0,1,1,1,0,0,0,0,1
5809,1,1,0,0,0,0,1,1,1,0,0,0,0,1,1,1,0,0,0,0,1
5810,1,1,0,1,0,0,0,1,1,0,0,0,0,1,1,1,1,0,0,0,0
5811,1,0,0,0,0,0,0,1,0,0,0,0,0,0,0,0,0,0,0,0,0
5812,1,0,0,0,0,0,0,1,0,0,0,0,0,0,0,0,0,0,0,0,0
5813,1,1,0,0,0,0,1,1,1,0,0,0,0,1,1,1,0,0,0,0,1
5814,1,1,0,0,0,0,1,1,1,0,0,0,0,1,1,1,0,0,0,0,1
5815,1,1,1,0,0,0,0,2,1,0,0,1,1,0,1,1,1,0,0,0,0
5816,1,0,0,0,0,0,0,1,0,0,0,0,0,0,1,0,0,0,0,0,0
5817,1,1,0,0,0,0,1,1,1,0,0,0,0,1,1,1,1,0,0,0,0
5818,1,1,0,0,0,0,1,1,1,1,0,0,0,0,1,1,0,0,0,0,1
5819,1,1,0,0,0,0,1,1,1,1,0,0,0,0,1,1,1,0,0,0,0
5820,1,1,0,1,0,0,0,1,1,0,1,0,0,0,1,1,1,0,0,0,0
5821,1,1,0,0,0,0,1,1,1,0,0,0,0,1,1,1,0,0,0,0,1
5822,1,1,0,0,0,0,1,1,1,0,0,0,0,1,1,1,0,0,0,0,1
5823,1,1,1,0,0,0,0,1,1,0,1,0,0,0,1,1,0,0,0,0,1
5824,2,2,0,0,0,0,2,2,2,0,0,0,0,2,1,1,0,0,0,0,1
5825,1,1,0,0,0,0,1,1,1,0,0,0,0,1,1,1,0,0,0,0,1
5826,2,0,0,0,0,0,0,1,0,0,0,0,0,0,3,1,0,0,0,0,1
5827,1,1,0,0,0,0,1,1,1,0,0,0,0,1,1,1,0,0,0,0,1
5828,1,1,0,0,0,0,1,1,1,1,0,0,0,0,1,1,0,0,0,0,1
5829,1,1,0,0,0,0,1,1,1,1,0,0,0,0,0,0,0,0,0,0,0
5830,1,1,0,0,0,0,1,1,1,0,1,0,0,0,1,1,0,0,0,0,1
5831,1,1,0,0,0,0,1,1,1,0,0,0,0,1,0,0,0,0,0,0,0
5832,2,2,0,1,0,0,1,1,1,0,1,0,0,0,1,1,0,1,0,0,0
5833,1,1,0,0,0,0,1,1,1,0,0,0,0,1,1,1,0,0,0,0,1
5834,1,1,0,0,0,0,1,1,1,1,0,0,0,0,1,1,0,0,0,0,1
5835,1,1,0,0,0,0,1,1,1,0,0,0,0,1,1,1,0,0,0,0,1
5836,1,0,0,0,0,0,0,1,1,0,0,0,0,1,1,0,0,0,0,0,0
5837,1,0,0,0,0,0,0,1,1,0,0,0,0,1,1,0,0,0,0,0,0
5838,1,1,0,0,0,0,1,1,1,0,0,0,0,1,0,0,0,0,0,0,0
5839,1,1,0,0,0,0,1,1,1,1,0,0,0,0,1,1,0,0,0,0,1
5840,2,2,0,0,0,0,2,2,2,2,0,0,0,0,2,2,0,0,0,0,2
5841,1,1,0,0,0,0,1,1,1,0,0,0,0,1,1,1,1,0,0,0,0
5842,1,0,0,0,0,0,0,1,0,0,0,0,0,0,1,0,0,0,0,0,0
5843,1,1,1,0,0,0,0,1,1,1,0,0,0,0,1,1,0,0,0,0,1
5844,1,1,1,0,0,0,0,1,1,0,0,0,0,1,1,1,1,0,0,0,0
5845,1,1,0,1,0,0,0,1,1,0,1,0,0,0,1,1,0,0,0,0,1
5846,1,1,0,1,0,0,0,1,1,1,0,0,0,0,1,1,0,0,0,0,1
5847,1,1,0,0,0,0,1,1,1,0,0,0,0,1,1,1,1,0,0,0,0
5848,1,1,0,0,0,0,1,1,0,0,0,0,0,0,1,1,0,0,0,0,1
5849,1,1,0,0,0,0,1,1,0,0,0,0,0,0,1,1,0,1,0,0,0
5850,2,0,0,0,0,0,0,1,0,0,0,0,0,0,2,1,0,0,0,0,1
5851,1,1,0,0,0,0,1,1,1,0,0,0,0,1,1,1,1,0,0,0,0
5852,1,1,0,0,0,0,1,1,1,1,0,0,0,0,1,1,0,0,0,0,1
5853,1,1,0,0,0,0,1,1,1,0,0,0,0,1,1,1,0,0,0,0,1
5854,1,1,1,0,0,0,0,1,1,0,0,0,0,1,1,1,0,0,0,0,1
5855,1,1,0,0,0,0,1,1,1,0,0,0,0,1,1,1,1,0,0,0,0
5856,1,1,0,0,0,0,1,1,1,1,0,0,0,0,1,1,0,0,1,1,0
5857,1,0,0,0,0,0,0,1,0,0,0,0,0,0,1,1,0,0,0,0,1
5858,1,0,0,0,0,0,0,1,1,1,0,0,0,0,2,1,0,0,0,0,1
5859,2,2,1,0,0,0,1,2,2,0,1,0,0,1,3,3,0,0,0,0,3
5860,1,1,0,0,0,0,1,1,1,0,0,0,0,1,0,0,0,0,0,0,0
5862,1,0,0,0,0,0,0,0,0,0,0,0,0,0,1,0,0,0,0,0,0
5863,1,0,0,0,0,0,0,0,0,0,0,0,0,0,1,0,0,0,0,0,0
5864,1,1,0,1,0,0,0,1,1,0,0,0,0,1,1,1,1,0,0,0,0
5865,1,1,0,0,0,0,1,1,1,0,0,0,0,1,1,1,0,0,0,0,1
5866,1,1,1,0,0,0,0,1,1,0,0,0,0,1,1,1,0,0,0,0,1
5867,2,2,0,0,0,0,2,2,2,0,0,1,1,1,2,2,1,1,0,0,0
5868,1,1,0,0,0,0,1,1,1,0,1,0,0,0,1,1,0,0,0,0,1
5869,1,1,0,1,0,0,0,1,1,0,0,0,0,1,1,1,0,1,0,0,0
5870,1,1,0,0,0,0,1,1,1,0,0,0,0,1,1,1,0,0,0,0,1
5871,1,1,0,1,0,0,0,1,1,0,1,0,0,0,1,1,0,0,0,0,1
5872,1,1,0,0,1,1,0,1,1,0,0,0,0,1,1,1,0,0,0,0,1
5873,1,1,1,0,0,0,0,3,3,1,1,0,0,1,1,1,1,0,0,0,0
5874,1,1,0,1,0,0,0,1,1,0,1,0,0,0,1,1,0,0,0,0,1
5875,1,1,0,0,0,0,1,2,1,0,0,0,0,1,2,1,0,1,0,0,0
5876,1,1,0,0,0,0,1,1,1,0,0,0,0,1,1,1,0,0,0,0,1
5877,1,1,0,0,0,0,1,1,1,0,0,0,0,1,1,1,0,0,0,0,1
5878,1,1,0,0,0,0,1,1,1,0,0,0,0,1,1,1,0,0,0,0,1
5879,1,1,0,0,0,0,1,1,1,1,0,0,0,0,1,1,0,0,0,0,1
5880,1,1,1,0,0,0,0,1,1,1,0,0,0,0,1,1,0,0,0,0,1
5881,1,1,0,0,0,0,1,1,1,0,0,0,0,1,1,1,0,0,0,0,1
5882,1,1,0,0,0,0,1,1,1,0,0,0,0,1,1,1,0,0,0,0,1
5883,1,1,0,0,0,0,1,1,1,0,0,0,0,1,1,1,0,0,0,0,1
5884,1,1,0,0,0,0,1,1,1,0,1,0,0,0,1,1,1,0,0,0,0
5885,1,1,1,0,0,0,0,1,1,0,0,1,1,0,1,1,0,1,0,0,0
5886,1,1,0,1,0,0,0,1,1,0,0,1,1,0,1,1,0,0,0,0,1
5887,1,1,0,1,0,0,0,1,1,0,0,0,0,1,1,1,0,0,0,0,1
5888,1,0,0,0,0,0,0,1,0,0,0,0,0,0,1,0,0,0,0,0,0
5889,1,0,0,0,0,0,0,1,0,0,0,0,0,0,1,0,0,0,0,0,0
5890,1,1,0,0,0,0,1,1,1,0,0,0,0,1,1,1,0,0,0,0,1
5891,1,1,0,0,0,0,1,1,1,0,0,0,0,1,1,1,0,0,0,0,1
5892,1,0,0,0,0,0,0,1,0,0,0,0,0,0,0,0,0,0,0,0,0
5893,1,1,0,0,0,0,1,1,0,0,0,0,0,0,1,1,0,0,0,0,1
5894,1,0,0,0,0,0,0,0,0,0,0,0,0,0,1,0,0,0,0,0,0
5895,1,1,0,1,0,0,0,1,1,0,0,1,1,0,1,1,1,0,0,0,0
5896,1,1,0,0,0,0,1,1,1,1,0,0,0,0,1,1,0,0,0,0,1
5897,1,1,0,0,0,0,1,1,1,0,0,1,1,0,1,1,0,0,0,0,1
5898,1,1,1,0,0,0,0,1,1,0,0,0,0,1,1,1,0,0,1,1,0
5899,1,1,0,0,0,0,1,1,1,0,0,0,0,1,1,1,0,0,0,0,1
5900,1,1,1,0,0,0,0,1,1,1,0,0,0,0,1,1,0,0,0,0,1
5901,1,1,0,0,0,0,1,1,1,0,0,0,0,1,1,0,0,0,0,0,0
5902,1,1,0,0,0,0,1,1,1,0,0,0,0,1,1,1,0,0,0,0,1
5903,1,1,0,0,0,0,1,1,1,0,0,0,0,1,1,1,1,0,0,0,0
5904,1,1,0,0,0,0,1,1,1,1,0,0,0,0,1,1,0,0,0,0,1
5905,1,1,0,0,0,0,1,1,1,0,0,0,0,1,1,1,1,0,0,0,0
5906,1,1,0,0,0,0,1,1,1,0,0,0,0,1,1,1,0,0,1,1,0
5907,1,1,0,0,0,0,1,1,1,0,0,0,0,1,1,1,0,0,0,0,1
5908,1,1,1,0,0,0,0,1,1,1,0,0,0,0,1,1,0,0,1,1,0
5909,1,1,1,0,0,0,0,1,1,1,0,0,0,0,2,2,1,0,0,0,1
5910,1,1,0,0,1,1,0,1,1,1,0,0,0,0,1,1,0,0,0,0,1
5911,1,1,1,0,0,0,0,1,1,0,0,0,0,1,1,1,0,0,0,0,1
5912,1,1,0,0,0,0,1,1,1,0,1,0,0,0,1,1,0,0,0,0,1
5913,1,1,0,1,0,0,0,1,1,0,0,0,0,1,1,1,0,0,0,0,1
5915,1,1,0,0,0,0,1,1,1,0,0,0,0,1,1,0,0,0,0,0,0
5916,3,3,1,1,0,0,1,3,3,1,1,0,0,1,3,2,0,0,2,2,0
5918,0,0,0,0,0,0,0,1,0,0,0,0,0,0,1,0,0,0,0,0,0
5919,1,0,0,0,0,0,0,0,0,0,0,0,0,0,1,0,0,0,0,0,0
5920,1,1,0,0,0,0,1,1,0,0,0,0,0,0,1,0,0,0,0,0,0
5921,1,1,0,0,0,0,1,1,1,0,0,0,0,1,1,1,0,0,0,0,1
5922,1,1,0,1,0,0,0,1,1,0,0,0,0,1,1,1,0,0,0,0,1
5923,1,1,1,0,0,0,0,1,1,1,0,0,0,0,1,1,0,1,0,0,0
5924,1,1,0,0,0,0,1,1,1,0,0,0,0,1,1,1,0,0,0,0,1
5925,1,0,0,0,0,0,0,1,0,0,0,0,0,0,1,0,0,0,0,0,0
5926,1,0,0,0,0,0,0,0,0,0,0,0,0,0,1,0,0,0,0,0,0
5927,1,1,0,0,0,0,1,1,1,1,0,0,0,0,1,1,0,1,0,0,0
5929,1,1,1,0,0,0,0,1,1,0,0,0,0,1,1,1,0,0,0,0,1
5930,1,1,0,1,0,0,0,1,1,0,0,0,0,1,1,1,0,0,0,0,1
5931,1,1,0,1,0,0,0,1,1,0,0,0,0,1,1,1,0,0,0,0,1
5932,1,1,0,1,0,0,0,1,1,0,0,0,0,1,1,1,0,0,1,1,0
5933,1,1,0,0,0,0,1,1,1,0,0,0,0,1,2,1,0,1,0,0,0
5934,1,0,0,0,0,0,0,1,0,0,0,0,0,0,1,0,0,0,0,0,0
5935,1,1,1,0,0,0,0,1,1,1,0,0,0,0,3,3,0,2,0,0,1
5936,1,1,0,0,1,1,0,1,1,0,0,0,0,1,1,1,0,0,0,0,1
5937,1,1,1,0,0,0,0,1,1,1,0,0,0,0,1,1,1,0,0,0,0
5938,1,1,0,1,0,0,0,1,1,0,0,0,0,1,0,0,0,0,0,0,0
5939,1,1,0,1,0,0,0,1,1,0,1,0,0,0,1,1,0,0,0,0,1
5940,1,1,1,0,0,0,0,2,2,0,0,0,0,2,1,1,0,0,0,0,1
5941,1,0,0,0,0,0,0,1,0,0,0,0,0,0,1,1,0,0,0,0,1
5942,1,1,1,0,0,0,0,1,1,0,0,0,0,1,1,1,0,0,0,0,1
5943,1,1,0,0,0,0,1,2,1,0,0,0,0,1,1,1,0,0,0,0,1
5944,1,1,0,0,0,0,1,1,1,1,0,0,0,0,1,1,0,0,0,0,1
5945,1,1,0,0,0,0,1,1,1,0,1,0,0,0,1,1,0,0,0,0,1
5946,1,1,0,0,0,0,1,1,1,0,0,0,0,1,1,1,0,0,0,0,1
5947,1,1,0,0,0,0,1,1,1,1,0,0,0,0,1,1,0,0,0,0,1
5948,1,1,0,0,0,0,1,1,1,0,0,0,0,1,1,1,0,1,0,0,0
5949,1,1,1,0,0,0,0,1,1,0,0,0,0,1,1,1,0,0,0,0,1
5950,0,0,0,0,0,0,0,1,0,0,0,0,0,0,1,0,0,0,0,0,0
5951,1,1,0,0,0,0,1,1,1,0,0,0,0,1,1,0,0,0,0,0,0
5952,1,1,0,1,0,0,0,1,1,0,1,0,0,0,1,1,0,0,0,0,1
5953,0,0,0,0,0,0,0,1,0,0,0,0,0,0,1,0,0,0,0,0,0
5954,1,1,1,0,0,0,0,1,1,1,0,0,0,0,1,1,0,0,0,0,1
5955,1,1,0,1,0,0,0,1,1,0,1,0,0,0,1,1,0,1,0,0,0
5956,1,1,0,0,0,0,1,1,1,0,0,0,0,1,1,1,0,0,0,0,1
5957,1,1,0,1,0,0,0,1,1,0,0,0,0,1,1,1,0,0,0,0,1
5958,1,1,0,0,0,0,1,1,1,1,0,0,0,0,1,1,0,0,0,0,1
5959,1,1,1,0,0,0,0,1,1,0,0,1,1,0,1,1,0,1,0,0,0
5960,1,1,0,0,0,0,1,1,1,0,0,0,0,1,1,1,1,0,0,0,0
5961,1,1,0,1,0,0,0,1,1,0,1,0,0,0,1,1,1,0,0,0,0
5962,1,1,0,1,0,0,0,1,1,0,0,0,0,1,1,1,0,0,0,0,1
5963,1,1,0,0,0,0,1,1,1,0,0,0,0,1,1,1,1,0,0,0,0
5964,1,1,0,0,0,0,1,1,1,1,0,0,0,0,1,1,1,0,0,0,0
5965,1,1,0,0,0,0,1,1,1,0,0,0,0,1,1,1,1,0,0,0,0
5966,1,1,0,0,0,0,1,1,1,0,1,0,0,0,1,1,0,0,0,0,1
5967,1,0,0,0,0,0,0,1,0,0,0,0,0,0,0,0,0,0,0,0,0
5968,1,0,0,0,0,0,0,1,0,0,0,0,0,0,0,0,0,0,0,0,0
5969,1,1,0,0,0,0,1,1,1,0,0,0,0,1,0,0,0,0,0,0,0
5970,1,1,0,1,0,0,0,1,1,0,1,0,0,0,1,1,0,1,0,0,0
5971,1,1,0,0,0,0,1,1,1,1,0,0,0,0,1,1,0,0,0,0,1
5972,1,1,0,1,0,0,0,1,1,0,0,0,0,1,1,1,1,0,0,0,0
5973,1,1,0,0,1,1,0,1,1,0,0,1,1,0,1,1,0,1,0,0,0
5974,1,1,0,1,0,0,0,1,1,0,0,0,0,1,1,1,1,0,0,0,0
5975,1,1,1,0,0,0,0,1,1,1,0,0,0,0,1,1,1,0,0,0,0
5976,1,1,0,0,0,0,1,1,1,0,0,0,0,1,2,2,2,0,0,0,0
5977,1,0,0,0,0,0,0,0,0,0,0,0,0,0,0,0,0,0,0,0,0
5978,1,1,0,0,0,0,1,1,1,0,0,0,0,1,1,1,0,0,0,0,1
5979,1,0,0,0,0,0,0,1,0,0,0,0,0,0,1,0,0,0,0,0,0
5980,1,0,0,0,0,0,0,1,0,0,0,0,0,0,1,0,0,0,0,0,0
5981,1,0,0,0,0,0,0,1,0,0,0,0,0,0,0,0,0,0,0,0,0
5982,1,1,0,0,0,0,1,1,1,0,0,0,0,1,1,1,0,0,0,0,1
5983,1,1,0,0,0,0,1,1,1,0,0,0,0,1,1,1,1,0,0,0,0
5984,1,1,0,0,0,0,1,1,1,1,0,0,0,0,0,0,0,0,0,0,0
5985,1,1,0,1,0,0,0,1,1,0,0,0,0,1,2,2,0,0,0,0,2
5986,1,1,0,0,0,0,1,1,1,0,1,0,0,0,3,3,0,0,0,0,3
5987,1,1,0,1,0,0,0,1,1,0,0,0,0,1,1,1,1,0,0,0,0
5988,1,1,0,0,0,0,1,1,1,0,1,0,0,0,1,1,1,0,0,0,0
5989,2,1,0,0,0,0,1,1,1,0,0,0,0,1,1,1,0,0,0,0,1
5990,1,1,0,1,0,0,0,1,1,1,0,0,0,0,0,0,0,0,0,0,0
5991,1,1,0,0,0,0,1,1,1,1,0,0,0,0,1,1,0,0,0,0,1
5992,1,1,0,0,0,0,1,1,1,0,0,0,0,1,1,1,0,0,0,0,1
5993,1,1,1,0,0,0,0,1,1,0,0,0,0,1,1,1,1,0,0,0,0
5994,1,1,1,0,0,0,0,1,1,1,0,0,0,0,1,1,0,1,0,0,0
5995,1,1,0,0,0,0,1,1,1,0,0,0,0,1,1,1,0,0,0,0,1
5996,1,1,0,0,0,0,1,1,1,0,0,0,0,1,1,1,0,0,0,0,1
5997,1,1,0,0,0,0,1,1,0,0,0,0,0,0,0,0,0,0,0,0,0
5998,1,0,0,0,0,0,0,1,0,0,0,0,0,0,1,1,0,0,0,0,1
5999,2,2,1,0,0,0,1,1,1,1,0,0,0,0,1,1,0,0,1,1,0
6000,1,1,0,0,0,0,1,1,1,0,0,0,0,1,1,1,0,0,0,0,1
6001,1,1,0,0,0,0,1,1,1,1,0,0,0,0,1,1,0,0,0,0,1
6002,1,1,1,0,0,0,0,1,1,1,0,0,0,0,1,1,0,0,0,0,1
6003,1,1,0,0,0,0,1,1,1,0,1,0,0,0,1,1,0,0,0,0,1
6004,1,1,0,0,0,0,1,1,1,1,0,0,0,0,1,1,0,0,0,0,1
6005,1,1,0,1,0,0,0,1,1,1,0,0,0,0,1,1,1,0,0,0,0
6006,1,1,0,0,0,0,1,1,1,1,0,0,0,0,1,1,1,0,0,0,0
6007,1,1,1,0,0,0,0,1,1,1,0,0,0,0,1,1,0,0,0,0,1
6008,1,1,0,0,0,0,1,1,1,1,0,0,0,0,1,1,0,1,0,0,0
6009,1,0,0,0,0,0,0,1,0,0,0,0,0,0,1,1,0,0,0,0,1
6010,1,0,0,0,0,0,0,1,0,0,0,0,0,0,0,0,0,0,0,0,0
6011,1,1,0,0,0,0,1,1,1,1,0,0,0,0,1,1,0,0,0,0,1
6012,1,1,1,0,0,0,0,1,1,0,0,0,0,1,1,1,0,0,0,0,1
6013,1,1,0,0,0,0,1,1,1,0,0,0,0,1,1,1,0,0,0,0,1
6014,1,1,0,1,0,0,0,1,1,0,0,0,0,1,1,1,0,0,0,0,1
6015,1,1,0,1,0,0,0,1,1,1,0,0,0,0,1,1,1,0,0,0,0
6016,3,1,0,0,0,0,1,3,2,0,0,0,0,2,3,1,0,0,0,0,1
6017,1,1,0,0,0,0,1,1,1,0,0,0,0,1,1,1,0,0,0,0,1
6018,1,1,0,0,0,0,1,1,1,0,0,0,0,1,1,1,0,1,0,0,0
6019,2,2,2,0,0,0,0,2,2,1,0,0,0,1,1,1,1,0,0,0,0
6020,1,1,0,0,0,0,1,2,1,0,0,0,0,1,1,1,0,1,0,0,0
6021,1,1,0,0,0,0,1,1,1,0,1,0,0,0,1,1,0,0,0,0,1
6022,1,1,0,0,0,0,1,1,1,0,0,0,0,1,1,1,0,0,0,0,1
6023,1,1,0,0,0,0,1,1,1,1,0,0,0,0,1,1,0,0,0,0,1
6024,1,1,0,0,0,0,1,1,1,1,0,0,0,0,1,1,0,1,0,0,0
6025,2,2,2,0,0,0,0,2,2,1,0,0,0,1,2,2,0,1,0,0,1
6026,1,0,0,0,0,0,0,1,0,0,0,0,0,0,1,0,0,0,0,0,0
6027,1,0,0,0,0,0,0,1,0,0,0,0,0,0,1,1,0,0,0,0,1
6028,1,0,0,0,0,0,0,1,0,0,0,0,0,0,1,0,0,0,0,0,0
6029,1,1,0,0,0,0,1,1,0,0,0,0,0,0,1,1,0,0,0,0,1
6030,1,1,0,0,0,0,1,1,1,0,0,0,0,1,1,0,0,0,0,0,0
6031,1,1,0,0,0,0,1,1,1,0,0,1,1,0,1,1,0,0,0,0,1
6032,1,1,0,0,1,1,0,1,1,1,0,0,0,0,1,1,1,0,0,0,0
6033,1,1,0,0,0,0,1,1,1,0,0,0,0,1,1,1,0,0,0,0,1
6034,1,1,0,0,0,0,1,1,1,0,1,0,0,0,1,1,0,0,0,0,1
6035,1,1,1,0,0,0,0,1,1,1,0,0,0,0,1,1,0,0,0,0,1
6036,1,1,1,0,0,0,0,1,1,1,0,0,0,0,1,1,0,0,0,0,1
6037,1,0,0,0,0,0,0,1,0,0,0,0,0,0,1,1,0,0,0,0,1
6038,1,1,0,0,0,0,1,1,1,1,0,0,0,0,1,1,0,0,0,0,1
6039,1,1,0,0,0,0,1,1,1,0,0,0,0,1,1,1,0,0,0,0,1
6040,1,1,1,0,0,0,0,1,1,1,0,0,0,0,1,1,0,1,0,0,0
6041,1,1,0,0,0,0,1,1,1,0,0,0,0,1,1,1,1,0,0,0,0
6042,1,1,0,1,0,0,0,1,1,0,1,0,0,0,1,1,1,0,0,0,0
6043,1,1,0,0,0,0,1,1,1,0,0,0,0,1,1,1,0,0,0,0,1
6044,1,1,0,0,0,0,1,2,2,1,0,0,0,1,1,1,1,0,0,0,0
6045,1,1,0,0,0,0,1,1,1,1,0,0,0,0,1,1,0,0,0,0,1
6046,1,1,0,0,0,0,1,1,1,0,0,0,0,1,1,1,0,0,0,0,1
6047,1,1,1,0,0,0,0,1,1,1,0,0,0,0,1,1,0,1,0,0,0
6048,1,1,0,0,0,0,1,1,1,0,0,0,0,1,1,1,1,0,0,0,0
6049,1,1,0,1,0,0,0,1,1,0,0,0,0,1,1,1,0,0,0,0,1
6050,1,1,0,1,0,0,0,1,1,0,1,0,0,0,1,1,0,0,0,0,1
6051,1,1,1,0,0,0,0,1,1,0,1,0,0,0,1,1,0,1,0,0,0
6052,1,1,0,0,0,0,1,1,0,0,0,0,0,0,1,1,0,0,0,0,1
6053,1,1,1,0,0,0,0,1,1,1,0,0,0,0,1,1,0,0,0,0,1
6054,0,0,0,0,0,0,0,0,0,0,0,0,0,0,1,1,0,0,0,0,1
6055,1,0,0,0,0,0,0,1,0,0,0,0,0,0,1,1,1,0,0,0,0
6056,0,0,0,0,0,0,0,1,0,0,0,0,0,0,1,1,0,0,0,0,1
6057,0,0,0,0,0,0,0,0,0,0,0,0,0,0,1,1,1,0,0,0,0
6058,1,0,0,0,0,0,0,0,0,0,0,0,0,0,0,0,0,0,0,0,0
6059,1,0,0,0,0,0,0,0,0,0,0,0,0,0,2,0,0,0,0,0,0
6060,1,1,0,0,0,0,1,1,1,0,0,0,0,1,1,1,1,0,0,0,0
6061,0,0,0,0,0,0,0,1,0,0,0,0,0,0,1,1,0,0,0,0,1
6062,1,0,0,0,0,0,0,0,0,0,0,0,0,0,1,1,0,0,0,0,1
6063,1,0,0,0,0,0,0,1,0,0,0,0,0,0,1,0,0,0,0,0,0
6064,1,1,0,0,0,0,1,1,1,0,0,0,0,1,1,1,0,0,0,0,1
6065,1,1,0,0,0,0,1,1,0,0,0,0,0,0,1,1,0,0,0,0,1
6066,0,0,0,0,0,0,0,1,0,0,0,0,0,0,0,0,0,0,0,0,0
6068,1,0,0,0,0,0,0,1,0,0,0,0,0,0,1,0,0,0,0,0,0
6069,1,0,0,0,0,0,0,1,0,0,0,0,0,0,1,0,0,0,0,0,0
6070,1,0,0,0,0,0,0,1,0,0,0,0,0,0,0,0,0,0,0,0,0
6071,1,1,1,0,0,0,0,1,1,1,0,0,0,0,1,1,0,0,0,0,1
6072,1,1,0,0,0,0,1,1,1,0,0,0,0,1,1,0,0,0,0,0,0
6073,1,1,0,0,0,0,1,1,1,0,0,0,0,1,1,1,0,0,0,0,1
6074,1,0,0,0,0,0,0,1,0,0,0,0,0,0,1,0,0,0,0,0,0
6075,1,0,0,0,0,0,0,1,0,0,0,0,0,0,1,1,0,0,0,0,1
6076,1,1,0,1,0,0,0,1,1,0,0,0,0,1,1,0,0,0,0,0,0
6077,1,0,0,0,0,0,0,1,0,0,0,0,0,0,0,0,0,0,0,0,0
6078,1,0,0,0,0,0,0,1,0,0,0,0,0,0,0,0,0,0,0,0,0
6079,1,1,0,0,0,0,1,1,1,0,0,0,0,1,1,1,0,0,0,0,1
6080,1,1,0,0,0,0,1,1,1,0,1,0,0,0,1,1,0,0,0,0,1
6081,1,1,0,0,0,0,1,1,1,0,0,0,0,1,1,1,0,0,0,0,1
6082,1,1,0,0,0,0,1,1,1,0,0,0,0,1,1,1,1,0,0,0,0
6083,1,1,0,0,0,0,1,1,1,0,0,0,0,1,1,1,0,0,0,0,1
6084,1,1,0,0,0,0,1,1,1,0,0,0,0,1,1,1,0,0,0,0,1
6085,1,1,0,1,0,0,0,1,1,0,1,0,0,0,1,1,0,0,0,0,1
6086,3,2,0,0,0,0,2,2,1,0,0,0,0,1,2,2,1,1,0,0,0
6087,1,0,0,0,0,0,0,0,0,0,0,0,0,0,1,0,0,0,0,0,0
6088,1,0,0,0,0,0,0,1,1,0,0,0,0,1,1,1,0,0,0,0,1
6089,1,1,0,1,0,0,0,1,1,1,0,0,0,0,1,1,1,0,0,0,0
6090,1,1,1,0,0,0,0,1,1,1,0,0,0,0,1,1,0,0,0,0,1
6091,1,1,0,0,0,0,1,1,1,0,0,0,0,1,1,1,0,0,0,0,1
6092,1,0,0,0,0,0,0,1,0,0,0,0,0,0,1,0,0,0,0,0,0
6093,1,0,0,0,0,0,0,1,0,0,0,0,0,0,1,0,0,0,0,0,0
6094,1,0,0,0,0,0,0,1,0,0,0,0,0,0,0,0,0,0,0,0,0
6095,1,1,0,0,0,0,1,1,1,0,0,0,0,1,1,1,0,0,0,0,1
6096,1,1,0,0,0,0,1,1,1,0,0,0,0,1,1,1,0,0,0,0,1
6097,1,1,0,0,0,0,1,1,0,0,0,0,0,0,1,1,0,0,0,0,1
6098,1,1,0,1,0,0,0,1,1,0,0,0,0,1,1,1,0,0,0,0,1
6099,1,0,0,0,0,0,0,1,0,0,0,0,0,0,1,0,0,0,0,0,0
6100,1,0,0,0,0,0,0,1,0,0,0,0,0,0,1,0,0,0,0,0,0
6101,1,0,0,0,0,0,0,1,0,0,0,0,0,0,1,0,0,0,0,0,0
6102,1,1,0,0,0,0,1,1,1,0,0,0,0,1,1,1,1,0,0,0,0
6103,1,1,0,1,0,0,0,1,1,0,0,0,0,1,0,0,0,0,0,0,0
6104,1,1,0,0,0,0,1,1,1,0,1,0,0,0,1,1,0,0,1,1,0
6105,1,1,0,0,0,0,1,1,1,0,0,0,0,1,1,1,0,0,0,0,1
6106,1,1,0,0,0,0,1,1,1,0,0,0,0,1,1,0,0,0,0,0,0
6107,1,0,0,0,0,0,0,1,1,0,0,0,0,1,1,1,0,0,0,0,1
6108,1,1,0,1,0,0,0,1,1,0,1,0,0,0,1,1,0,0,0,0,1
6109,1,1,0,0,0,0,1,1,1,0,0,0,0,1,1,1,1,0,0,0,0
6110,1,1,0,0,0,0,1,1,1,0,0,0,0,1,1,1,0,0,0,0,1
6111,1,1,0,0,0,0,1,1,1,0,0,0,0,1,1,1,0,0,0,0,1
6112,1,1,0,0,0,0,1,1,1,0,0,0,0,1,1,1,0,0,0,0,1
6113,1,1,0,1,0,0,0,1,1,1,0,0,0,0,1,1,0,0,0,0,1
6114,1,1,0,0,0,0,1,1,1,0,0,0,0,1,1,1,0,0,0,0,1
6116,1,0,0,0,0,0,0,1,0,0,0,0,0,0,1,1,0,0,0,0,1
6117,1,0,0,0,0,0,0,1,0,0,0,0,0,0,1,0,0,0,0,0,0
6119,0,0,0,0,0,0,0,0,0,0,0,0,0,0,1,0,0,0,0,0,0
6120,1,1,0,0,0,0,1,2,1,0,0,0,0,1,1,1,0,0,0,0,1
6121,1,1,1,0,0,0,0,1,1,0,0,0,0,1,1,1,0,0,0,0,1
6122,1,1,0,0,0,0,1,1,1,0,0,0,0,1,1,1,0,0,0,0,1
6123,2,0,0,0,0,0,0,3,0,0,0,0,0,0,5,0,0,0,0,0,0
6124,0,0,0,0,0,0,0,0,0,0,0,0,0,0,2,0,0,0,0,0,0
6125,3,0,0,0,0,0,0,2,1,0,0,0,0,1,2,1,0,0,0,0,1
6126,1,1,0,0,0,0,1,1,1,0,1,0,0,0,1,0,0,0,0,0,0
6127,1,0,0,0,0,0,0,1,1,0,0,0,0,1,1,1,0,0,0,0,1
6128,1,1,0,0,0,0,1,1,1,0,0,0,0,1,1,1,0,0,0,0,1
6129,1,1,0,0,0,0,1,1,1,0,0,1,1,0,1,1,0,0,0,0,1
6130,1,1,1,0,0,0,0,1,1,1,0,0,0,0,1,1,0,0,0,0,1
6131,1,1,1,0,0,0,0,1,1,0,0,0,0,1,1,1,0,0,0,0,1
6132,1,1,0,0,0,0,1,1,1,0,1,0,0,0,1,1,0,0,0,0,1
6133,1,1,0,0,0,0,1,1,1,0,0,0,0,1,1,1,0,0,0,0,1
6134,1,0,0,0,0,0,0,1,0,0,0,0,0,0,1,0,0,0,0,0,0
6135,1,0,0,0,0,0,0,1,0,0,0,0,0,0,1,0,0,0,0,0,0
6136,1,0,0,0,0,0,0,0,0,0,0,0,0,0,1,0,0,0,0,0,0
6137,1,1,1,0,0,0,0,1,1,0,0,0,0,1,1,1,0,0,0,0,1
6138,1,1,0,0,0,0,1,1,1,0,0,0,0,1,1,1,0,0,0,0,1
6139,1,1,1,0,0,0,0,1,1,0,0,0,0,1,1,1,0,0,0,0,1
6140,1,1,0,0,0,0,1,1,1,0,0,0,0,1,1,1,0,0,0,0,1
6141,1,1,0,1,0,0,0,1,1,1,0,0,0,0,1,1,0,0,0,0,1
6142,1,0,0,0,0,0,0,1,0,0,0,0,0,0,0,0,0,0,0,0,0
6143,1,1,0,1,0,0,0,1,1,1,0,0,0,0,1,1,0,1,0,0,0
6144,1,0,0,0,0,0,0,0,0,0,0,0,0,0,1,0,0,0,0,0,0
6145,1,1,0,0,0,0,1,1,1,0,0,0,0,1,1,1,0,0,0,0,1
6146,1,1,1,0,0,0,0,1,1,0,0,0,0,1,1,1,0,0,0,0,1
6147,1,1,1,0,0,0,0,1,1,0,0,0,0,1,1,1,1,0,0,0,0
6148,1,1,0,0,0,0,1,1,1,1,0,0,0,0,1,1,0,0,0,0,1
6149,1,1,0,0,0,0,1,1,1,1,0,0,0,0,1,1,0,1,0,0,0
6150,0,0,0,0,0,0,0,1,0,0,0,0,0,0,1,0,0,0,0,0,0
6151,1,1,0,0,0,0,1,1,1,0,0,0,0,1,1,1,0,0,0,0,1
6152,1,1,0,0,0,0,1,1,1,0,0,0,0,1,1,1,0,0,0,0,1
6153,1,1,0,0,0,0,1,1,1,0,1,0,0,0,2,1,0,1,0,0,0
6154,1,1,0,0,1,1,0,1,1,0,0,1,1,0,2,2,0,1,0,0,1
6155,1,0,0,0,0,0,0,1,0,0,0,0,0,0,1,0,0,0,0,0,0
6156,1,1,0,0,1,1,0,1,1,0,1,0,0,0,1,1,0,0,0,0,1
6157,1,1,1,0,0,0,0,1,1,0,0,0,0,1,1,1,0,1,0,0,0
6158,1,1,0,0,0,0,1,1,1,0,0,0,0,1,1,1,0,0,0,0,1
6159,1,1,0,0,0,0,1,1,1,0,0,0,0,1,1,1,0,0,0,0,1
6160,1,0,0,0,0,0,0,1,1,0,0,0,0,1,1,1,0,0,0,0,1
6161,1,1,0,0,0,0,1,1,1,0,0,0,0,1,0,0,0,0,0,0,0
6162,1,1,0,1,0,0,0,1,1,0,0,0,0,1,1,1,0,0,0,0,1
6163,1,1,0,0,0,0,1,1,1,1,0,0,0,0,1,1,0,0,0,0,1
6164,1,0,0,0,0,0,0,1,0,0,0,0,0,0,1,0,0,0,0,0,0
6165,1,1,0,0,0,0,1,1,1,0,0,0,0,1,1,1,0,0,0,0,1
6166,1,1,0,1,0,0,0,1,1,0,1,0,0,0,1,1,0,0,0,0,1
6167,1,0,0,0,0,0,0,1,0,0,0,0,0,0,1,1,0,0,0,0,1
6168,1,0,0,0,0,0,0,1,0,0,0,0,0,0,1,0,0,0,0,0,0
6169,1,0,0,0,0,0,0,1,0,0,0,0,0,0,3,2,0,0,0,0,2
6170,1,0,0,0,0,0,0,0,0,0,0,0,0,0,1,0,0,0,0,0,0
6171,1,0,0,0,0,0,0,1,0,0,0,0,0,0,1,0,0,0,0,0,0
6172,1,0,0,0,0,0,0,1,1,0,0,0,0,1,1,0,0,0,0,0,0
6173,0,0,0,0,0,0,0,0,0,0,0,0,0,0,1,0,0,0,0,0,0
6174,1,0,0,0,0,0,0,1,1,0,0,0,0,1,1,0,0,0,0,0,0
6175,1,1,0,1,0,0,0,1,1,0,1,0,0,0,1,1,1,0,0,0,0
6176,1,1,0,0,0,0,1,1,1,0,0,0,0,1,2,2,2,0,0,0,0
6177,1,1,0,0,0,0,1,1,1,1,0,0,0,0,1,1,0,0,0,0,1
6178,1,1,1,0,0,0,0,1,1,0,0,1,1,0,1,1,0,0,0,0,1
6179,1,1,0,0,0,0,1,1,1,0,0,0,0,1,1,1,0,0,0,0,1
6180,1,0,0,0,0,0,0,1,0,0,0,0,0,0,1,0,0,0,0,0,0
6181,1,1,0,0,0,0,1,1,1,1,0,0,0,0,1,1,0,0,0,0,1
6182,1,1,0,0,0,0,1,1,1,0,1,0,0,0,1,1,0,0,0,0,1
6183,1,1,0,1,0,0,0,1,1,0,0,0,0,1,1,1,0,0,0,0,1
6184,1,1,0,1,0,0,0,1,1,0,0,0,0,1,1,1,1,0,0,0,0
6185,1,1,0,0,0,0,1,1,0,0,0,0,0,0,1,1,0,0,0,0,1
6186,1,1,0,0,0,0,1,1,1,0,0,1,1,0,1,1,0,0,0,0,1
6187,1,1,0,1,0,0,0,1,1,0,0,1,1,0,1,1,0,0,0,0,1
6188,1,1,0,1,0,0,0,1,1,1,0,0,0,0,1,1,1,0,0,0,0
6189,1,1,1,0,0,0,0,1,1,0,1,0,0,0,1,1,0,0,1,1,0
6190,1,1,0,0,0,0,1,1,1,0,0,0,0,1,1,0,0,0,0,0,0
6191,1,0,0,0,0,0,0,1,0,0,0,0,0,0,1,1,0,0,0,0,1
6192,0,0,0,0,0,0,0,0,0,0,0,0,0,0,1,0,0,0,0,0,0
6193,0,0,0,0,0,0,0,0,0,0,0,0,0,0,1,1,0,1,0,0,0
6194,1,1,0,0,0,0,1,1,0,0,0,0,0,0,1,0,0,0,0,0,0
6195,1,0,0,0,0,0,0,1,0,0,0,0,0,0,0,0,0,0,0,0,0
6196,1,1,0,0,0,0,1,1,1,0,0,0,0,1,1,1,0,0,0,0,1
6197,1,0,0,0,0,0,0,0,0,0,0,0,0,0,2,0,0,0,0,0,0
6198,0,0,0,0,0,0,0,0,0,0,0,0,0,0,2,0,0,0,0,0,0
6199,0,0,0,0,0,0,0,1,0,0,0,0,0,0,1,0,0,0,0,0,0
6200,8,2,0,0,0,0,2,7,2,0,0,0,0,2,5,1,0,0,0,0,1
6201,1,1,0,0,0,0,1,1,1,0,0,0,0,1,1,0,0,0,0,0,0
6202,1,1,0,1,0,0,0,1,1,0,1,0,0,0,1,1,0,0,0,0,1
6203,1,0,0,0,0,0,0,1,0,0,0,0,0,0,1,0,0,0,0,0,0
6204,1,1,0,0,0,0,1,1,1,1,0,0,0,0,1,1,0,0,0,0,1
6205,1,1,0,0,0,0,1,1,1,0,0,0,0,1,1,1,0,0,0,0,1
6206,1,0,0,0,0,0,0,1,1,0,0,0,0,1,1,1,0,0,0,0,1
6207,1,0,0,0,0,0,0,1,0,0,0,0,0,0,1,0,0,0,0,0,0
6208,1,0,0,0,0,0,0,1,0,0,0,0,0,0,1,0,0,0,0,0,0
6209,1,0,0,0,0,0,0,1,0,0,0,0,0,0,0,0,0,0,0,0,0
6210,1,1,1,0,0,0,0,1,1,0,0,0,0,1,1,1,1,0,0,0,0
6211,1,1,0,0,0,0,1,1,1,0,0,0,0,1,1,1,0,0,0,0,1
6212,1,1,0,0,0,0,1,1,1,0,1,0,0,0,1,1,0,0,0,0,1
6213,1,1,0,0,0,0,1,1,1,0,0,0,0,1,1,1,1,0,0,0,0
6214,1,1,0,1,0,0,0,1,1,0,1,0,0,0,1,1,1,0,0,0,0
6215,1,1,0,1,0,0,0,1,1,0,1,0,0,0,1,1,1,0,0,0,0
6216,1,1,0,0,0,0,1,1,0,0,0,0,0,0,2,1,0,0,0,0,1
6217,1,1,0,0,0,0,1,1,1,0,0,0,0,1,2,2,0,0,0,0,2
6218,1,1,0,0,0,0,1,1,1,0,0,0,0,1,1,1,1,0,0,0,0
6219,1,0,0,0,0,0,0,1,0,0,0,0,0,0,1,1,0,0,0,0,1
6220,1,1,1,0,0,0,0,1,1,0,0,0,0,1,1,1,0,0,0,0,1
6221,1,1,0,0,0,0,1,1,1,0,0,0,0,1,1,1,0,0,0,0,1
6222,1,1,0,1,0,0,0,1,1,0,0,0,0,1,1,1,0,0,0,0,1
6223,1,1,0,0,0,0,1,1,1,0,0,0,0,1,0,0,0,0,0,0,0
6224,1,1,0,1,0,0,0,1,1,0,0,0,0,1,1,1,0,0,0,0,1
6225,1,1,0,1,0,0,0,1,1,1,0,0,0,0,1,1,0,0,0,0,1
6226,1,1,0,0,0,0,1,1,1,1,0,0,0,0,1,1,0,0,0,0,1
6227,1,1,0,0,0,0,1,1,1,0,0,0,0,1,1,1,0,0,0,0,1
6228,1,1,0,0,0,0,1,1,1,1,0,0,0,0,1,1,0,0,0,0,1
6229,1,1,0,0,0,0,1,1,1,1,0,0,0,0,2,1,0,0,0,0,1
6230,1,0,0,0,0,0,0,1,1,0,0,0,0,1,1,1,1,0,0,0,0
6231,1,0,0,0,0,0,0,1,0,0,0,0,0,0,1,1,0,0,0,0,1
6232,1,0,0,0,0,0,0,0,0,0,0,0,0,0,0,0,0,0,0,0,0
6233,1,1,1,0,0,0,0,1,1,1,0,0,0,0,1,1,0,0,0,0,1
6234,1,1,0,0,0,0,1,1,1,0,0,0,0,1,1,1,0,0,0,0,1
6235,1,1,0,1,0,0,0,1,1,0,1,0,0,0,1,1,1,0,0,0,0
6236,1,1,0,0,0,0,1,1,1,0,0,0,0,1,1,1,0,0,0,0,1
6237,1,0,0,0,0,0,0,1,0,0,0,0,0,0,1,0,0,0,0,0,0
6238,1,1,0,0,0,0,1,1,1,1,0,0,0,0,1,1,0,0,0,0,1
6239,1,1,0,0,0,0,1,1,1,0,0,0,0,1,1,1,1,0,0,0,0
6240,1,0,0,0,0,0,0,1,0,0,0,0,0,0,0,0,0,0,0,0,0
6241,4,3,0,0,0,0,3,4,1,0,0,0,0,1,4,0,0,0,0,0,0
6242,1,0,0,0,0,0,0,1,0,0,0,0,0,0,0,0,0,0,0,0,0
6243,1,0,0,0,0,0,0,1,0,0,0,0,0,0,1,0,0,0,0,0,0
6244,1,1,0,0,0,0,1,1,1,0,1,0,0,0,1,1,0,0,0,0,1
6245,1,1,0,0,0,0,1,1,1,1,0,0,0,0,1,1,0,0,0,0,1
6246,1,1,0,1,0,0,0,1,1,0,1,0,0,0,0,0,0,0,0,0,0
6247,1,1,0,0,0,0,1,1,1,0,0,0,0,1,1,1,0,0,0,0,1
6248,1,1,0,0,0,0,1,1,1,0,0,1,1,0,1,1,0,0,0,0,1
6249,2,2,0,1,0,0,1,1,1,0,0,0,0,1,1,1,1,0,0,0,0
6250,1,1,1,0,0,0,0,1,0,0,0,0,0,0,1,1,0,0,0,0,1
6251,1,0,0,0,0,0,0,1,0,0,0,0,0,0,1,0,0,0,0,0,0
6252,1,1,0,0,0,0,1,1,1,0,0,0,0,1,1,1,0,0,0,0,1
6253,1,1,0,0,0,0,1,1,1,0,1,0,0,0,1,1,1,0,0,0,0
6254,1,1,0,0,0,0,1,1,1,0,0,0,0,1,1,1,0,0,0,0,1
6255,1,1,0,0,0,0,1,1,1,1,0,0,0,0,1,1,1,0,0,0,0
6256,1,1,0,0,0,0,1,1,1,0,0,1,1,0,1,1,0,1,0,0,0
6257,1,1,0,1,0,0,0,1,1,1,0,0,0,0,1,1,1,0,0,0,0
6258,1,1,0,0,0,0,1,3,2,0,0,0,0,2,2,2,0,1,0,0,1
6259,1,1,0,0,0,0,1,1,1,0,0,0,0,1,1,1,0,0,0,0,1
6260,1,1,1,0,0,0,0,1,1,0,0,0,0,1,1,1,1,0,0,0,0
6261,1,1,0,1,0,0,0,1,1,1,0,0,0,0,1,1,0,0,0,0,1
6262,1,1,0,0,0,0,1,1,1,0,0,0,0,1,1,1,0,0,0,0,1
6263,1,1,0,0,0,0,1,1,1,0,0,0,0,1,1,1,0,0,0,0,1
6264,1,1,1,0,0,0,0,1,1,0,0,0,0,1,1,1,1,0,0,0,0
6265,1,1,0,0,0,0,1,1,1,0,1,0,0,0,1,1,0,1,0,0,0
6266,1,1,0,0,0,0,1,1,1,0,1,0,0,0,1,1,0,0,0,0,1
6267,1,1,1,0,0,0,0,1,1,0,0,0,0,1,1,1,0,0,0,0,1
6268,1,1,0,1,0,0,0,1,1,0,1,0,0,0,1,1,1,0,0,0,0
6269,1,1,0,1,0,0,0,1,1,0,1,0,0,0,1,1,0,0,0,0,1
6270,1,1,0,0,0,0,1,1,1,1,0,0,0,0,1,1,0,0,0,0,1
6271,2,1,0,0,0,0,1,2,0,0,0,0,0,0,2,1,0,0,0,0,1
6272,1,1,0,0,0,0,1,1,1,1,0,0,0,0,1,1,0,0,0,0,1
6273,1,1,0,0,1,1,0,1,1,0,0,1,1,0,1,1,0,0,1,1,0
6274,1,0,0,0,0,0,0,1,0,0,0,0,0,0,1,1,0,1,0,0,0
6275,1,1,0,0,0,0,1,1,1,1,0,0,0,0,1,1,0,0,0,0,1
6276,1,1,1,0,0,0,0,1,1,0,0,0,0,1,1,1,1,0,0,0,0
6277,1,1,0,0,0,0,1,1,1,0,0,0,0,1,1,1,0,0,0,0,1
6278,0,0,0,0,0,0,0,1,0,0,0,0,0,0,1,0,0,0,0,0,0
6279,1,0,0,0,0,0,0,1,0,0,0,0,0,0,1,0,0,0,0,0,0
6280,1,1,0,0,0,0,1,1,1,1,0,0,0,0,1,1,0,0,0,0,1
6281,1,0,0,0,0,0,0,0,0,0,0,0,0,0,0,0,0,0,0,0,0
6282,1,0,0,0,0,0,0,1,0,0,0,0,0,0,1,0,0,0,0,0,0
6283,1,0,0,0,0,0,0,0,0,0,0,0,0,0,0,0,0,0,0,0,0
6284,1,0,0,0,0,0,0,1,0,0,0,0,0,0,0,0,0,0,0,0,0
6285,1,1,0,0,0,0,1,1,1,1,0,0,0,0,1,1,0,0,0,0,1
6286,1,1,1,0,0,0,0,1,1,1,0,0,0,0,1,1,0,0,0,0,1
6287,1,0,0,0,0,0,0,1,0,0,0,0,0,0,1,0,0,0,0,0,0
6288,1,1,0,0,0,0,1,1,1,0,0,0,0,1,1,1,0,0,0,0,1
6289,1,0,0,0,0,0,0,1,1,0,0,0,0,1,1,1,0,0,0,0,1
6290,1,1,0,0,0,0,1,1,1,1,0,0,0,0,1,1,0,0,0,0,1
6291,1,1,0,0,0,0,1,1,1,0,0,0,0,1,1,1,0,0,0,0,1
6292,1,1,0,1,0,0,0,1,1,0,0,0,0,1,1,1,0,0,0,0,1
6293,1,1,0,0,0,0,1,1,1,0,1,0,0,0,1,1,0,0,0,0,1
6294,1,1,0,1,0,0,0,1,1,0,1,0,0,0,1,1,1,0,0,0,0
6295,1,1,0,0,0,0,1,1,1,0,0,0,0,1,1,1,0,0,0,0,1
6296,1,1,0,0,0,0,1,1,1,0,0,0,0,1,1,1,0,0,0,0,1
6297,1,1,0,0,0,0,1,1,1,1,0,0,0,0,1,1,0,0,0,0,1
6298,1,0,0,0,0,0,0,1,0,0,0,0,0,0,1,0,0,0,0,0,0
6299,1,0,0,0,0,0,0,1,0,0,0,0,0,0,0,0,0,0,0,0,0
6300,1,0,0,0,0,0,0,1,0,0,0,0,0,0,1,0,0,0,0,0,0
6301,1,1,0,0,0,0,1,1,1,1,0,0,0,0,1,1,0,0,0,0,1
6302,1,1,1,0,0,0,0,1,1,0,0,1,1,0,1,1,0,0,0,0,1
6303,1,1,0,0,0,0,1,1,1,0,0,0,0,1,1,1,0,1,0,0,0
6304,1,1,0,1,0,0,0,1,1,0,0,0,0,1,1,1,0,0,0,0,1
6305,1,1,0,0,1,1,0,1,1,0,1,0,0,0,1,1,0,0,0,0,1
6306,1,1,0,0,0,0,1,1,1,1,0,0,0,0,1,1,1,0,0,0,0
6307,1,1,1,0,0,0,0,1,1,0,0,0,0,1,1,1,0,0,0,0,1
6308,1,0,0,0,0,0,0,0,0,0,0,0,0,0,0,0,0,0,0,0,0
6309,0,0,0,0,0,0,0,1,0,0,0,0,0,0,0,0,0,0,0,0,0
6310,1,1,0,0,1,1,0,1,1,0,0,0,0,1,1,1,0,0,0,0,1
6311,2,2,0,1,1,1,0,2,2,1,0,0,0,1,2,2,1,0,0,0,1
6312,1,1,0,0,1,1,0,1,1,0,0,1,1,0,1,1,0,1,0,0,0
6313,1,1,0,0,0,0,1,1,1,0,0,0,0,1,1,1,0,0,0,0,1
6314,1,1,0,1,0,0,0,1,1,0,0,0,0,1,1,1,0,0,0,0,1
6315,1,1,0,0,0,0,1,1,1,0,1,0,0,0,1,1,0,0,0,0,1
6316,1,1,0,0,0,0,1,1,1,0,0,0,0,1,1,1,1,0,0,0,0
6317,1,1,0,0,0,0,1,1,1,1,0,0,0,0,1,1,0,0,0,0,1
6318,1,1,0,0,0,0,1,1,1,1,0,0,0,0,1,1,1,0,0,0,0
6319,1,1,0,0,0,0,1,1,1,0,0,0,0,1,1,1,0,0,0,0,1
6320,1,1,1,0,0,0,0,1,1,1,0,0,0,0,1,1,1,0,0,0,0
6321,1,1,0,0,0,0,1,1,1,0,0,0,0,1,1,1,0,0,0,0,1
6322,1,1,0,1,0,0,0,1,1,1,0,0,0,0,1,1,1,0,0,0,0
6323,1,1,0,0,0,0,1,1,1,1,0,0,0,0,1,1,0,0,0,0,1
6324,1,1,0,0,0,0,1,1,1,1,0,0,0,0,1,1,0,0,0,0,1
6325,1,1,0,0,0,0,1,1,1,0,0,0,0,1,1,1,0,0,0,0,1
6326,1,1,0,0,0,0,1,1,1,0,1,0,0,0,0,0,0,0,0,0,0
6327,1,1,0,0,0,0,1,1,1,0,0,0,0,1,1,1,0,0,0,0,1
6328,1,1,0,1,0,0,0,1,1,1,0,0,0,0,1,1,0,0,0,0,1
6329,1,1,0,0,0,0,1,1,1,1,0,0,0,0,1,1,0,0,0,0,1
6330,1,1,0,1,0,0,0,1,1,0,1,0,0,0,1,1,0,1,0,0,0
6331,1,1,0,0,0,0,1,2,1,0,0,0,0,1,1,1,0,0,0,0,1
6332,1,0,0,0,0,0,0,2,0,0,0,0,0,0,0,0,0,0,0,0,0
6333,0,0,0,0,0,0,0,1,0,0,0,0,0,0,0,0,0,0,0,0,0
6334,1,1,0,0,0,0,1,1,1,0,0,0,0,1,1,1,0,0,0,0,1
6335,1,1,0,1,0,0,0,1,1,0,0,0,0,1,1,1,0,0,0,0,1
6336,1,1,0,0,0,0,1,1,1,0,0,0,0,1,0,0,0,0,0,0,0
6337,1,0,0,0,0,0,0,1,0,0,0,0,0,0,1,0,0,0,0,0,0
6338,1,1,1,0,0,0,0,1,1,0,0,0,0,1,1,1,1,0,0,0,0
6339,1,1,0,0,0,0,1,1,1,0,0,0,0,1,1,1,0,0,0,0,1
6340,2,2,0,0,0,0,2,2,2,0,0,0,0,2,2,2,0,0,0,0,2
6341,1,1,1,0,0,0,0,1,1,0,0,0,0,1,1,1,0,0,0,0,1
6342,1,0,0,0,0,0,0,1,0,0,0,0,0,0,0,0,0,0,0,0,0
6343,1,1,0,0,1,1,0,1,1,0,0,1,1,0,1,1,1,0,0,0,0
6344,1,1,0,0,0,0,1,1,1,0,0,0,0,1,1,1,0,0,0,0,1
6345,1,1,0,0,0,0,1,1,1,0,0,0,0,1,1,1,0,0,0,0,1
6346,1,1,0,0,0,0,1,1,1,1,0,0,0,0,1,1,0,0,0,0,1
6347,1,1,0,0,0,0,1,1,1,0,0,0,0,1,1,1,0,0,0,0,1
6348,1,1,0,0,0,0,1,1,1,0,0,0,0,1,1,1,0,0,0,0,1
6349,1,1,1,0,0,0,0,1,1,0,0,0,0,1,1,1,0,0,0,0,1
6350,2,1,0,0,0,0,1,1,1,0,0,0,0,1,1,1,0,0,0,0,1
6351,1,1,0,0,0,0,1,1,1,1,0,0,0,0,1,1,0,0,0,0,1
6352,1,1,1,0,0,0,0,1,1,1,0,0,0,0,1,1,0,0,0,0,1
6353,1,1,0,0,0,0,1,1,1,0,0,0,0,1,0,0,0,0,0,0,0
6354,1,1,0,0,0,0,1,1,1,0,0,0,0,1,1,1,0,0,0,0,1
6355,1,1,0,0,0,0,1,1,1,1,0,0,0,0,1,1,0,0,0,0,1
6356,2,2,1,0,0,0,1,1,1,1,0,0,0,0,1,1,0,0,1,1,0
6357,1,1,0,0,0,0,1,1,1,0,0,0,0,1,1,1,0,0,0,0,1
6358,1,1,0,0,0,0,1,1,1,0,0,0,0,1,1,1,0,0,0,0,1
6359,1,0,0,0,0,0,0,1,0,0,0,0,0,0,1,0,0,0,0,0,0
6360,1,0,0,0,0,0,0,1,0,0,0,0,0,0,1,0,0,0,0,0,0
6361,1,0,0,0,0,0,0,1,0,0,0,0,0,0,1,0,0,0,0,0,0
6362,0,0,0,0,0,0,0,0,0,0,0,0,0,0,1,0,0,0,0,0,0
6363,1,0,0,0,0,0,0,1,0,0,0,0,0,0,1,0,0,0,0,0,0
6364,1,0,0,0,0,0,0,1,0,0,0,0,0,0,1,0,0,0,0,0,0
6365,1,0,0,0,0,0,0,1,0,0,0,0,0,0,0,0,0,0,0,0,0
6366,1,1,0,0,0,0,1,1,1,0,0,0,0,1,1,1,0,0,0,0,1
6367,0,0,0,0,0,0,0,1,0,0,0,0,0,0,1,0,0,0,0,0,0
6368,1,1,0,0,1,1,0,1,1,1,0,0,0,0,1,1,0,0,0,0,1
6369,1,1,0,0,0,0,1,1,1,0,0,0,0,1,0,0,0,0,0,0,0
6370,1,0,0,0,0,0,0,1,0,0,0,0,0,0,0,0,0,0,0,0,0
6371,1,1,0,0,0,0,1,1,1,0,0,0,0,1,1,1,0,0,0,0,1
6372,1,1,0,0,0,0,1,1,1,0,0,0,0,1,1,1,0,1,0,0,0
6373,1,1,0,1,0,0,0,1,1,0,1,0,0,0,1,1,0,0,0,0,1
6374,1,1,0,1,0,0,0,1,1,0,0,0,0,1,1,1,1,0,0,0,0
6375,1,0,0,0,0,0,0,1,0,0,0,0,0,0,1,0,0,0,0,0,0
6376,1,1,1,0,0,0,0,1,1,0,0,0,0,1,1,1,0,0,0,0,1
6377,1,1,0,0,0,0,1,1,1,0,0,0,0,1,1,1,0,0,0,0,1
6378,1,1,1,0,0,0,0,1,1,1,0,0,0,0,1,1,1,0,0,0,0
6379,1,1,0,0,0,0,1,1,1,0,1,0,0,0,1,1,0,0,0,0,1
6380,1,0,0,0,0,0,0,1,1,0,0,0,0,1,1,1,0,0,0,0,1
6381,1,1,0,0,0,0,1,1,1,0,0,1,1,0,1,1,0,1,0,0,0
6382,1,0,0,0,0,0,0,1,0,0,0,0,0,0,1,0,0,0,0,0,0
6383,1,1,1,0,0,0,0,1,1,1,0,0,0,0,1,1,0,0,0,0,1
6384,1,1,1,0,0,0,0,1,1,0,0,0,0,1,1,1,1,0,0,0,0
6385,1,1,0,0,0,0,1,1,1,0,0,0,0,1,1,1,0,0,0,0,1
6386,1,1,0,1,0,0,0,1,1,0,0,0,0,1,1,1,0,1,0,0,0
6387,1,1,0,1,0,0,0,1,1,0,0,0,0,1,1,1,0,0,0,0,1
6388,2,2,0,0,0,0,2,2,2,0,1,0,0,1,2,2,0,0,0,0,2
6389,2,1,0,0,0,0,1,2,1,0,0,0,0,1,1,1,0,0,0,0,1
6390,1,1,0,0,0,0,1,1,1,1,0,0,0,0,1,1,0,0,0,0,1
6391,1,1,0,0,0,0,1,1,1,0,0,0,0,1,1,1,0,1,0,0,0
6392,1,1,0,0,0,0,1,1,1,0,0,0,0,1,1,1,1,0,0,0,0
6393,1,1,0,0,0,0,1,1,1,0,0,0,0,1,1,1,1,0,0,0,0
6394,1,1,0,0,0,0,1,1,1,0,0,0,0,1,1,1,0,1,0,0,0
6395,1,1,1,0,0,0,0,1,1,0,0,0,0,1,1,1,0,0,0,0,1
6396,1,1,0,1,0,0,0,1,1,1,0,0,0,0,1,1,0,1,0,0,0
6397,1,1,0,0,0,0,1,1,1,1,0,0,0,0,1,1,0,0,0,0,1
6398,1,1,0,0,1,1,0,1,1,1,0,0,0,0,1,1,1,0,0,0,0
6399,1,1,0,1,0,0,0,1,1,0,0,0,0,1,1,1,0,0,1,1,0
6400,1,1,1,0,0,0,0,1,1,0,0,0,0,1,1,1,0,0,0,0,1
6401,1,1,0,1,0,0,0,1,1,0,1,0,0,0,1,1,0,1,0,0,0
6402,1,1,0,0,0,0,1,1,1,0,1,0,0,0,1,1,1,0,0,0,0
6403,1,0,0,0,0,0,0,1,0,0,0,0,0,0,0,0,0,0,0,0,0
6404,1,1,0,0,0,0,1,1,1,0,0,0,0,1,1,1,0,0,0,0,1
6406,1,1,0,1,0,0,0,1,1,0,1,0,0,0,0,0,0,0,0,0,0
6407,0,0,0,0,0,0,0,0,0,0,0,0,0,0,1,0,0,0,0,0,0
6409,0,0,0,0,0,0,0,0,0,0,0,0,0,0,2,0,0,0,0,0,0
6410,1,0,0,0,0,0,0,0,0,0,0,0,0,0,0,0,0,0,0,0,0
6411,1,1,1,0,0,0,0,1,1,1,0,0,0,0,1,1,1,0,0,0,0
6412,1,1,0,0,0,0,1,1,1,0,0,0,0,1,1,0,0,0,0,0,0
6413,1,1,0,0,0,0,1,2,1,0,0,0,0,1,1,1,0,0,0,0,1
6414,1,1,0,0,1,1,0,1,1,0,0,0,0,1,1,1,0,0,0,0,1
6415,2,1,0,0,0,0,1,2,0,0,0,0,0,0,2,1,0,0,0,0,1
6416,1,0,0,0,0,0,0,1,0,0,0,0,0,0,1,0,0,0,0,0,0
6417,1,1,0,0,0,0,1,1,1,1,0,0,0,0,1,1,1,0,0,0,0
6418,2,2,0,1,0,0,1,3,3,0,1,0,0,2,2,2,1,0,0,0,1
6419,1,1,0,0,0,0,1,1,1,1,0,0,0,0,1,1,0,0,0,0,1
6420,1,1,0,0,0,0,1,1,0,0,0,0,0,0,0,0,0,0,0,0,0
6421,1,1,0,1,0,0,0,1,1,0,1,0,0,0,1,1,0,0,0,0,1
6422,1,1,0,0,0,0,1,1,1,0,0,0,0,1,1,1,0,0,0,0,1
6423,1,1,0,0,0,0,1,1,1,0,0,0,0,1,1,1,0,0,0,0,1
6424,1,1,0,0,0,0,1,1,1,1,0,0,0,0,1,1,0,0,0,0,1
6425,1,1,0,0,0,0,1,1,1,0,0,0,0,1,1,1,0,0,0,0,1
6426,1,1,1,0,0,0,0,1,1,1,0,0,0,0,1,1,1,0,0,0,0
6427,1,1,0,0,0,0,1,1,1,0,0,0,0,1,1,1,0,0,0,0,1
6428,1,1,0,1,0,0,0,1,1,0,0,1,1,0,1,1,1,0,0,0,0
6429,1,1,1,0,0,0,0,1,1,1,0,0,0,0,1,1,1,0,0,0,0
6430,1,0,0,0,0,0,0,1,0,0,0,0,0,0,0,0,0,0,0,0,0
6431,1,0,0,0,0,0,0,1,0,0,0,0,0,0,0,0,0,0,0,0,0
6432,1,1,0,0,0,0,1,1,1,0,0,0,0,1,1,1,0,0,0,0,1
6433,1,0,0,0,0,0,0,1,0,0,0,0,0,0,1,0,0,0,0,0,0
6434,1,1,0,0,0,0,1,1,1,0,0,0,0,1,1,1,0,0,0,0,1
6435,1,1,0,1,0,0,0,1,1,0,0,0,0,1,1,1,0,0,0,0,1
6436,2,2,0,0,1,1,1,2,2,0,0,1,1,1,2,2,1,0,0,0,1
6437,1,1,0,1,0,0,0,1,1,0,1,0,0,0,1,1,0,0,0,0,1
6438,1,0,0,0,0,0,0,0,0,0,0,0,0,0,1,0,0,0,0,0,0
6439,1,0,0,0,0,0,0,1,0,0,0,0,0,0,1,0,0,0,0,0,0
6440,1,0,0,0,0,0,0,1,0,0,0,0,0,0,0,0,0,0,0,0,0
6441,1,0,0,0,0,0,0,1,0,0,0,0,0,0,1,0,0,0,0,0,0
6442,0,0,0,0,0,0,0,1,0,0,0,0,0,0,0,0,0,0,0,0,0
6443,1,0,0,0,0,0,0,1,0,0,0,0,0,0,0,0,0,0,0,0,0
6444,2,2,0,0,0,0,2,2,2,0,0,0,0,2,1,1,0,1,0,0,0
6445,1,0,0,0,0,0,0,1,0,0,0,0,0,0,0,0,0,0,0,0,0
6446,0,0,0,0,0,0,0,0,0,0,0,0,0,0,1,0,0,0,0,0,0
6447,0,0,0,0,0,0,0,0,0,0,0,0,0,0,1,0,0,0,0,0,0
6449,0,0,0,0,0,0,0,1,0,0,0,0,0,0,1,0,0,0,0,0,0
6450,1,1,0,0,0,0,1,1,0,0,0,0,0,0,1,0,0,0,0,0,0
6451,1,1,0,0,0,0,1,1,1,0,0,0,0,1,1,1,0,0,0,0,1
6452,1,1,0,0,0,0,1,1,1,0,0,0,0,1,1,1,0,0,0,0,1
6453,1,1,0,0,0,0,1,1,1,0,0,0,0,1,1,1,0,0,0,0,1
6454,1,1,0,1,0,0,0,1,1,1,0,0,0,0,1,1,1,0,0,0,0
6455,1,0,0,0,0,0,0,1,0,0,0,0,0,0,1,0,0,0,0,0,0
6456,1,0,0,0,0,0,0,1,0,0,0,0,0,0,0,0,0,0,0,0,0
6457,1,1,0,0,0,0,1,1,1,0,0,0,0,1,0,0,0,0,0,0,0
6458,1,1,1,0,0,0,0,1,1,0,0,0,0,1,1,1,0,1,0,0,0
6459,1,0,0,0,0,0,0,1,0,0,0,0,0,0,1,0,0,0,0,0,0
6460,1,1,0,0,0,0,1,1,1,0,0,0,0,1,1,1,0,0,0,0,1
6461,1,1,1,0,0,0,0,1,1,0,0,1,1,0,1,1,0,0,0,0,1
6462,1,1,1,0,0,0,0,1,1,1,0,0,0,0,1,1,0,1,0,0,0
6463,1,1,0,1,0,0,0,1,1,0,1,0,0,0,1,1,0,0,0,0,1
6464,1,1,0,1,0,0,0,1,1,1,0,0,0,0,1,1,0,0,0,0,1
6465,1,1,0,0,0,0,1,1,1,0,0,0,0,1,1,1,0,0,0,0,1
6466,1,1,0,0,1,1,0,1,1,0,1,0,0,0,1,1,0,0,0,0,1
6467,1,1,0,0,0,0,1,1,1,0,0,0,0,1,1,1,0,0,0,0,1
6468,1,1,0,0,0,0,1,1,1,1,0,0,0,0,1,1,0,0,0,0,1
6469,1,1,0,1,0,0,0,1,1,0,0,0,0,1,1,1,1,0,0,0,0
6470,1,1,0,0,0,0,1,1,1,0,0,0,0,1,1,1,0,1,0,0,0
6471,1,1,1,0,0,0,0,2,1,0,0,0,0,1,1,1,0,0,0,0,1
6472,1,1,0,0,0,0,1,1,1,0,0,0,0,1,1,1,0,0,0,0,1
6473,1,1,1,0,0,0,0,1,1,0,0,0,0,1,1,1,0,0,0,0,1
6474,1,1,0,0,0,0,1,1,1,0,0,0,0,1,1,1,0,0,0,0,1
6475,1,1,1,0,0,0,0,1,1,0,0,0,0,1,1,1,1,0,0,0,0
6476,1,1,0,0,0,0,1,1,1,0,0,0,0,1,1,1,0,0,0,0,1
6477,1,1,0,0,0,0,1,1,1,0,0,0,0,1,1,1,0,0,0,0,1
6478,1,1,0,0,0,0,1,1,1,0,0,0,0,1,1,1,0,0,0,0,1
6479,1,1,1,0,0,0,0,1,1,0,0,0,0,1,1,1,0,0,0,0,1
6480,1,1,0,1,0,0,0,1,1,0,0,0,0,1,1,1,0,0,0,0,1
6481,1,1,0,0,0,0,1,1,1,0,0,0,0,1,1,1,0,0,0,0,1
6482,1,1,0,0,0,0,1,1,1,0,0,0,0,1,1,1,0,1,0,0,0
6483,1,1,0,0,0,0,1,1,1,0,0,0,0,1,1,1,0,0,0,0,1
6484,1,1,0,0,0,0,1,1,1,1,0,0,0,0,1,1,0,0,0,0,1
6485,1,1,0,0,0,0,1,1,1,1,0,0,0,0,1,1,1,0,0,0,0
6486,1,1,0,0,0,0,1,1,1,0,0,0,0,1,1,1,0,0,0,0,1
6487,1,1,0,0,0,0,1,1,1,1,0,0,0,0,1,1,0,0,0,0,1
6488,1,1,0,1,0,0,0,1,1,0,0,0,0,1,1,1,1,0,0,0,0
6489,1,1,0,1,0,0,0,1,1,0,0,0,0,1,1,1,0,0,0,0,1
6490,1,1,0,0,0,0,1,1,1,1,0,0,0,0,1,1,1,0,0,0,0
6491,1,1,0,0,0,0,1,1,1,1,0,0,0,0,1,1,1,0,0,0,0
6492,1,1,0,0,0,0,1,1,1,0,0,0,0,1,1,1,0,1,0,0,0
6493,1,1,0,0,0,0,1,1,1,0,0,0,0,1,1,1,0,0,0,0,1
6494,2,0,0,0,0,0,0,0,0,0,0,0,0,0,0,0,0,0,0,0,0
6495,1,0,0,0,0,0,0,1,0,0,0,0,0,0,0,0,0,0,0,0,0
6496,1,1,0,0,0,0,1,1,1,0,1,0,0,0,1,1,0,0,0,0,1
6497,1,1,0,1,0,0,0,1,1,0,0,0,0,1,1,1,0,0,0,0,1
6498,1,1,1,0,0,0,0,1,1,0,0,0,0,1,1,1,0,0,1,1,0
6499,1,1,0,1,0,0,0,1,1,1,0,0,0,0,1,1,0,0,1,1,0
6500,1,1,1,0,0,0,0,1,1,1,0,0,0,0,1,1,1,0,0,0,0
6501,1,0,0,0,0,0,0,0,0,0,0,0,0,0,0,0,0,0,0,0,0
6502,1,0,0,0,0,0,0,0,0,0,0,0,0,0,1,0,0,0,0,0,0
6503,1,1,0,0,0,0,1,1,1,0,0,0,0,1,1,1,0,0,0,0,1
6504,1,1,0,0,0,0,1,1,1,0,0,0,0,1,1,1,0,0,0,0,1
6505,1,0,0,0,0,0,0,0,0,0,0,0,0,0,0,0,0,0,0,0,0
6507,1,0,0,0,0,0,0,0,0,0,0,0,0,0,0,0,0,0,0,0,0
6508,0,0,0,0,0,0,0,1,0,0,0,0,0,0,0,0,0,0,0,0,0
6509,1,0,0,0,0,0,0,1,1,1,0,0,0,0,0,0,0,0,0,0,0
6510,1,1,0,0,0,0,1,1,1,0,0,0,0,1,0,0,0,0,0,0,0
6511,1,1,0,0,0,0,1,1,1,0,0,0,0,1,0,0,0,0,0,0,0
6512,1,1,0,0,0,0,1,1,1,0,0,0,0,1,1,1,0,0,0,0,1
6513,1,1,0,1,0,0,0,1,1,0,1,0,0,0,1,1,0,0,0,0,1
6514,1,1,0,0,0,0,1,1,1,0,1,0,0,0,1,1,0,1,0,0,0
6515,1,1,0,0,0,0,1,1,1,0,0,0,0,1,1,1,0,0,0,0,1
6516,1,1,0,0,1,1,0,1,1,0,1,0,0,0,1,1,0,0,0,0,1
6517,1,1,0,0,0,0,1,1,1,1,0,0,0,0,1,1,0,0,0,0,1
6518,1,1,0,0,0,0,1,1,1,0,1,0,0,0,1,1,0,0,0,0,1
6519,1,1,0,1,0,0,0,1,1,0,0,0,0,1,1,1,0,1,0,0,0
6520,1,0,0,0,0,0,0,1,0,0,0,0,0,0,1,1,0,0,0,0,1
6521,1,0,0,0,0,0,0,0,0,0,0,0,0,0,0,0,0,0,0,0,0
6522,0,0,0,0,0,0,0,0,0,0,0,0,0,0,1,0,0,0,0,0,0
6523,1,1,0,1,0,0,0,1,1,0,1,0,0,0,1,0,0,0,0,0,0
6524,1,0,0,0,0,0,0,0,0,0,0,0,0,0,0,0,0,0,0,0,0
6525,1,0,0,0,0,0,0,1,0,0,0,0,0,0,0,0,0,0,0,0,0
6526,1,0,0,0,0,0,0,1,0,0,0,0,0,0,1,0,0,0,0,0,0
6527,1,0,0,0,0,0,0,1,0,0,0,0,0,0,1,0,0,0,0,0,0
6528,1,1,0,1,0,0,0,1,1,0,0,0,0,1,1,1,0,0,0,0,1
6529,1,1,0,0,0,0,1,2,1,0,0,0,0,1,1,1,0,0,0,0,1
6530,1,1,0,0,0,0,1,1,1,0,0,0,0,1,0,0,0,0,0,0,0
6531,1,1,1,0,0,0,0,1,1,1,0,0,0,0,0,0,0,0,0,0,0
6532,1,1,0,0,0,0,1,1,1,1,0,0,0,0,1,1,0,0,0,0,1
6534,1,0,0,0,0,0,0,1,0,0,0,0,0,0,1,0,0,0,0,0,0
6535,1,0,0,0,0,0,0,0,0,0,0,0,0,0,0,0,0,0,0,0,0
6536,1,1,0,1,0,0,0,1,1,0,0,0,0,1,1,1,1,0,0,0,0
6537,1,1,0,0,0,0,1,1,1,1,0,0,0,0,1,1,0,0,0,0,1
6538,1,1,0,0,0,0,1,1,1,0,0,0,0,1,1,1,0,0,0,0,1
6539,1,0,0,0,0,0,0,1,0,0,0,0,0,0,1,0,0,0,0,0,0
6540,1,1,0,0,0,0,1,1,1,0,0,0,0,1,1,1,0,0,0,0,1
6541,1,1,1,0,0,0,0,1,1,1,0,0,0,0,1,1,0,0,0,0,1
6542,1,1,1,0,0,0,0,1,1,1,0,0,0,0,1,1,1,0,0,0,0
6543,1,1,0,0,0,0,1,1,1,0,0,0,0,1,1,1,0,0,0,0,1
6544,1,1,0,0,0,0,1,1,1,0,0,0,0,1,1,1,1,0,0,0,0
6545,1,1,0,1,0,0,0,1,1,0,0,0,0,1,1,1,1,0,0,0,0
6546,1,1,0,0,0,0,1,1,1,0,0,0,0,1,1,1,0,0,0,0,1
6547,1,1,0,0,0,0,1,1,1,0,0,0,0,1,0,0,0,0,0,0,0
6548,1,1,1,0,0,0,0,1,1,0,0,0,0,1,1,1,0,1,0,0,0
6549,1,1,1,0,0,0,0,1,1,0,0,0,0,1,1,1,1,0,0,0,0
6550,1,1,0,0,0,0,1,1,1,0,0,0,0,1,1,1,0,0,0,0,1
6551,1,1,1,0,0,0,0,2,2,1,0,0,0,1,1,1,0,1,0,0,0
6552,1,1,0,0,0,0,1,1,1,0,0,0,0,1,1,1,0,0,0,0,1
6553,1,1,0,0,0,0,1,1,1,0,0,0,0,1,1,1,0,0,0,0,1
6554,1,0,0,0,0,0,0,1,0,0,0,0,0,0,0,0,0,0,0,0,0
6555,1,0,0,0,0,0,0,1,0,0,0,0,0,0,0,0,0,0,0,0,0
6556,1,1,0,0,0,0,1,1,1,0,0,0,0,1,0,0,0,0,0,0,0
6557,1,1,0,0,0,0,1,1,1,0,0,0,0,1,0,0,0,0,0,0,0
6558,1,1,0,0,0,0,1,1,1,1,0,0,0,0,1,1,0,0,0,0,1
6559,1,1,1,0,0,0,0,2,2,0,0,0,0,2,1,1,0,0,0,0,1
6560,1,1,0,0,0,0,1,1,1,0,0,0,0,1,0,0,0,0,0,0,0
6561,2,1,0,0,0,0,1,1,1,1,0,0,0,0,2,1,0,0,0,0,1
6562,1,0,0,0,0,0,0,1,0,0,0,0,0,0,1,1,0,0,0,0,1
6563,1,1,0,0,0,0,1,1,0,0,0,0,0,0,1,0,0,0,0,0,0
6564,1,0,0,0,0,0,0,1,0,0,0,0,0,0,1,0,0,0,0,0,0
6565,1,1,1,0,0,0,0,1,1,0,0,0,0,1,1,0,0,0,0,0,0
6566,1,1,0,0,0,0,1,1,1,0,0,0,0,1,1,1,0,0,0,0,1
6567,1,1,0,0,0,0,1,1,1,0,0,0,0,1,1,1,1,0,0,0,0
6568,1,1,0,0,0,0,1,1,1,0,0,0,0,1,1,1,0,0,0,0,1
6569,1,0,0,0,0,0,0,0,0,0,0,0,0,0,0,0,0,0,0,0,0
6570,1,1,1,0,0,0,0,1,0,0,0,0,0,0,0,0,0,0,0,0,0
6571,1,0,0,0,0,0,0,1,1,0,0,0,0,1,0,0,0,0,0,0,0
6572,1,0,0,0,0,0,0,1,0,0,0,0,0,0,0,0,0,0,0,0,0
6573,1,0,0,0,0,0,0,1,0,0,0,0,0,0,1,0,0,0,0,0,0
6574,1,1,0,1,0,0,0,1,1,0,0,0,0,1,1,1,0,1,0,0,0
6575,1,1,0,0,0,0,1,1,1,1,0,0,0,0,1,1,0,0,0,0,1
6576,1,1,0,0,0,0,1,1,1,0,0,0,0,1,1,1,0,0,0,0,1
6577,1,1,0,0,0,0,1,1,1,0,0,0,0,1,1,1,0,0,0,0,1
6578,1,0,0,0,0,0,0,1,0,0,0,0,0,0,0,0,0,0,0,0,0
6579,1,0,0,0,0,0,0,1,0,0,0,0,0,0,1,0,0,0,0,0,0
6580,1,0,0,0,0,0,0,1,0,0,0,0,0,0,0,0,0,0,0,0,0
6581,0,0,0,0,0,0,0,1,0,0,0,0,0,0,0,0,0,0,0,0,0
6582,1,0,0,0,0,0,0,1,0,0,0,0,0,0,0,0,0,0,0,0,0
6583,1,1,1,0,0,0,0,2,2,1,0,0,0,1,1,1,0,0,0,0,1
6584,1,1,0,0,0,0,1,1,1,0,0,0,0,1,0,0,0,0,0,0,0
6585,1,1,0,0,0,0,1,1,1,1,0,0,0,0,1,1,0,0,0,0,1
6586,1,1,0,1,0,0,0,1,1,0,1,0,0,0,1,1,1,0,0,0,0
6587,1,1,0,0,0,0,1,1,1,0,0,0,0,1,1,1,0,0,0,0,1
6588,1,1,0,0,0,0,1,1,1,0,0,0,0,1,1,1,0,1,0,0,0
6589,1,1,1,0,0,0,0,1,1,1,0,0,0,0,2,2,0,0,0,0,2
6590,0,0,0,0,0,0,0,1,0,0,0,0,0,0,0,0,0,0,0,0,0
6591,1,1,0,1,0,0,0,1,1,0,1,0,0,0,1,1,0,0,0,0,1
6592,1,1,0,0,0,0,1,1,1,1,0,0,0,0,1,1,1,0,0,0,0
6593,1,1,0,1,0,0,0,1,1,0,0,0,0,1,1,1,0,0,0,0,1
6594,1,1,0,0,0,0,1,1,1,1,0,0,0,0,1,1,1,0,0,0,0
6595,1,0,0,0,0,0,0,1,0,0,0,0,0,0,1,0,0,0,0,0,0
6597,1,0,0,0,0,0,0,0,0,0,0,0,0,0,1,0,0,0,0,0,0
6598,0,0,0,0,0,0,0,1,0,0,0,0,0,0,0,0,0,0,0,0,0
6599,0,0,0,0,0,0,0,0,0,0,0,0,0,0,1,0,0,0,0,0,0
6600,1,0,0,0,0,0,0,2,0,0,0,0,0,0,0,0,0,0,0,0,0
6601,1,1,1,0,0,0,0,1,1,0,0,0,0,1,1,1,0,0,0,0,1
6602,1,1,0,0,0,0,1,1,1,1,0,0,0,0,1,1,0,0,0,0,1
6603,1,1,0,0,0,0,1,1,1,0,0,0,0,1,1,1,0,0,0,0,1
6604,1,1,0,0,0,0,1,1,1,1,0,0,0,0,1,0,0,0,0,0,0
6605,1,1,0,0,0,0,1,1,1,1,0,0,0,0,1,1,0,0,0,0,1
6606,1,0,0,0,0,0,0,1,1,0,0,0,0,1,0,0,0,0,0,0,0
6607,1,1,0,0,0,0,1,1,1,1,0,0,0,0,1,1,0,1,0,0,0
6608,1,1,0,0,0,0,1,1,1,0,0,0,0,1,1,1,0,0,0,0,1
6609,1,1,0,0,0,0,1,1,1,1,0,0,0,0,1,1,0,1,0,0,0
6610,1,1,1,0,0,0,0,1,1,1,0,0,0,0,1,1,0,0,0,0,1
6611,1,1,0,0,0,0,1,1,1,1,0,0,0,0,1,1,1,0,0,0,0
6612,1,1,0,1,0,0,0,1,1,1,0,0,0,0,1,1,1,0,0,0,0
6613,1,1,0,1,0,0,0,1,1,0,0,0,0,1,1,1,0,0,0,0,1
6614,1,0,0,0,0,0,0,0,0,0,0,0,0,0,1,0,0,0,0,0,0
6616,1,0,0,0,0,0,0,1,0,0,0,0,0,0,1,0,0,0,0,0,0
6617,1,1,0,0,0,0,1,1,1,0,1,0,0,0,1,1,0,0,1,1,0
6618,1,1,1,0,0,0,0,1,1,0,0,0,0,1,1,1,0,0,0,0,1
6619,0,0,0,0,0,0,0,1,0,0,0,0,0,0,0,0,0,0,0,0,0
6621,1,0,0,0,0,0,0,1,0,0,0,0,0,0,1,0,0,0,0,0,0
6623,1,1,0,0,0,0,1,1,1,0,1,0,0,0,1,1,0,0,0,0,1
6624,1,1,0,0,1,1,0,1,1,0,0,0,0,1,1,1,0,1,0,0,0
6625,1,1,0,0,0,0,1,1,1,1,0,0,0,0,1,1,0,0,0,0,1
6626,1,1,0,0,0,0,1,1,1,0,0,1,1,0,1,1,0,0,0,0,1
6627,1,1,1,0,0,0,0,1,1,0,0,0,0,1,1,1,0,1,0,0,0
6628,1,1,0,0,0,0,1,1,1,1,0,0,0,0,1,1,0,0,0,0,1
6629,1,1,0,0,0,0,1,1,1,0,0,0,0,1,1,1,1,0,0,0,0
6630,1,1,0,0,0,0,1,1,1,1,0,0,0,0,1,1,0,0,0,0,1
6631,1,1,0,0,0,0,1,1,1,0,0,0,0,1,1,1,0,0,0,0,1
6632,1,1,0,1,0,0,0,1,1,0,0,0,0,1,1,1,0,0,0,0,1
6633,1,1,0,0,0,0,1,1,1,0,0,0,0,1,1,1,1,0,0,0,0
6634,1,1,1,0,0,0,0,1,1,1,0,0,0,0,1,1,0,1,0,0,0
6635,1,1,0,0,0,0,1,1,1,0,0,0,0,1,1,1,0,0,0,0,1
6636,1,1,0,0,0,0,1,1,1,0,0,0,0,1,1,0,0,0,0,0,0
6637,1,1,0,0,0,0,1,1,1,0,0,0,0,1,1,1,0,0,0,0,1
6638,1,0,0,0,0,0,0,0,0,0,0,0,0,0,0,0,0,0,0,0,0
6639,1,0,0,0,0,0,0,0,0,0,0,0,0,0,0,0,0,0,0,0,0
6640,1,1,0,0,0,0,1,1,1,0,0,0,0,1,1,0,0,0,0,0,0
6641,0,0,0,0,0,0,0,1,0,0,0,0,0,0,0,0,0,0,0,0,0
6642,1,1,0,0,0,0,1,1,1,1,0,0,0,0,0,0,0,0,0,0,0
6643,1,1,1,0,0,0,0,1,1,0,1,0,0,0,1,1,0,1,0,0,0
6644,1,1,0,0,0,0,1,1,1,0,0,0,0,1,1,1,0,0,0,0,1
6645,2,2,0,1,0,0,1,2,2,0,0,0,0,2,1,1,1,0,0,0,0
6646,1,1,0,0,0,0,1,1,1,0,0,0,0,1,1,1,0,0,0,0,1
6647,1,1,1,0,0,0,0,1,1,1,0,0,0,0,1,1,0,0,0,0,1
6648,1,1,0,0,0,0,1,1,1,0,0,0,0,1,1,1,0,0,0,0,1
6649,1,1,0,0,0,0,1,1,1,0,0,1,1,0,1,1,0,0,0,0,1
6650,1,1,1,0,0,0,0,1,1,1,0,0,0,0,1,1,0,0,0,0,1
6651,1,1,0,0,0,0,1,1,1,0,0,0,0,1,1,1,1,0,0,0,0
6652,1,1,0,0,0,0,1,1,1,0,0,0,0,1,1,1,0,0,0,0,1
6653,1,1,0,0,0,0,1,1,1,0,0,0,0,1,1,1,1,0,0,0,0
6654,1,1,0,0,0,0,1,1,1,0,0,0,0,1,1,1,0,0,0,0,1
6655,1,1,0,1,0,0,0,1,1,0,0,0,0,1,1,1,0,0,0,0,1
6656,1,1,1,0,0,0,0,1,1,1,0,0,0,0,1,1,0,0,0,0,1
6657,1,1,0,0,0,0,1,1,0,0,0,0,0,0,1,0,0,0,0,0,0
6658,1,0,0,0,0,0,0,1,0,0,0,0,0,0,1,0,0,0,0,0,0
6659,1,1,0,0,0,0,1,1,1,1,0,0,0,0,1,1,0,0,0,0,1
6660,1,1,0,0,0,0,1,1,1,0,0,0,0,1,1,1,0,0,0,0,1
6661,1,0,0,0,0,0,0,1,0,0,0,0,0,0,2,0,0,0,0,0,0
6662,1,1,0,1,0,0,0,1,1,0,0,0,0,1,1,1,0,1,0,0,0
6663,1,1,0,0,0,0,1,1,1,0,0,0,0,1,1,1,0,0,0,0,1
6664,1,1,0,1,0,0,0,1,1,0,0,1,1,0,1,1,0,0,0,0,1
6665,1,1,0,0,0,0,1,1,1,0,0,0,0,1,1,1,0,0,0,0,1
6666,1,0,0,0,0,0,0,1,0,0,0,0,0,0,1,0,0,0,0,0,0
6667,2,1,0,1,0,0,0,2,1,0,0,0,0,1,2,1,0,0,1,1,0
6668,1,0,0,0,0,0,0,1,0,0,0,0,0,0,1,0,0,0,0,0,0
6669,1,1,0,0,1,1,0,1,1,0,1,0,0,0,1,1,1,0,0,0,0
6670,1,1,0,1,0,0,0,1,1,0,0,0,0,1,1,1,0,0,0,0,1
6671,1,1,0,0,0,0,1,1,1,0,0,0,0,1,1,1,0,0,0,0,1
6672,1,1,0,0,0,0,1,1,1,0,0,0,0,1,1,1,0,0,0,0,1
6673,1,1,0,0,0,0,1,1,1,0,0,0,0,1,1,1,0,0,0,0,1
6674,1,1,0,0,0,0,1,1,1,0,0,0,0,1,1,1,0,0,0,0,1
6676,1,1,0,0,0,0,1,1,1,0,1,0,0,0,1,1,1,0,0,0,0
6677,1,1,0,0,0,0,1,1,1,0,0,0,0,1,1,1,0,0,0,0,1
6678,1,0,0,0,0,0,0,1,0,0,0,0,0,0,1,1,0,0,0,0,1
6679,0,0,0,0,0,0,0,0,0,0,0,0,0,0,1,0,0,0,0,0,0
6680,1,0,0,0,0,0,0,1,1,0,0,0,0,1,0,0,0,0,0,0,0
6681,0,0,0,0,0,0,0,1,0,0,0,0,0,0,0,0,0,0,0,0,0
6682,1,0,0,0,0,0,0,0,0,0,0,0,0,0,1,0,0,0,0,0,0
6683,1,0,0,0,0,0,0,0,0,0,0,0,0,0,1,0,0,0,0,0,0
6684,0,0,0,0,0,0,0,1,0,0,0,0,0,0,0,0,0,0,0,0,0
6685,1,1,0,0,0,0,1,1,1,0,0,0,0,1,1,1,0,1,0,0,0
6686,1,0,0,0,0,0,0,1,1,0,0,0,0,1,1,0,0,0,0,0,0
6687,2,0,0,0,0,0,0,1,0,0,0,0,0,0,2,2,0,0,0,0,2
6688,0,0,0,0,0,0,0,1,0,0,0,0,0,0,1,1,0,0,0,0,1
6689,1,0,0,0,0,0,0,1,0,0,0,0,0,0,1,1,0,0,0,0,1
6690,1,0,0,0,0,0,0,1,0,0,0,0,0,0,1,1,0,0,0,0,1
6691,3,0,0,0,0,0,0,2,2,0,0,0,0,2,2,2,0,0,0,0,2
6692,1,1,0,0,0,0,1,1,1,0,0,0,0,1,1,1,0,0,0,0,1
6693,2,0,0,0,0,0,0,0,0,0,0,0,0,0,1,0,0,0,0,0,0
6694,1,0,0,0,0,0,0,1,0,0,0,0,0,0,1,0,0,0,0,0,0
6695,2,0,0,0,0,0,0,1,0,0,0,0,0,0,1,1,0,0,0,0,1
6696,1,1,0,0,0,0,1,1,1,0,0,0,0,1,1,1,0,1,0,0,0
6697,1,0,0,0,0,0,0,1,1,0,0,0,0,1,0,0,0,0,0,0,0
6698,1,0,0,0,0,0,0,1,0,0,0,0,0,0,0,0,0,0,0,0,0
6699,1,1,0,0,0,0,1,1,1,0,0,0,0,1,1,1,0,0,0,0,1
6700,2,2,0,1,0,0,1,2,2,0,0,1,1,1,1,1,0,1,0,0,0
6701,1,1,0,0,0,0,1,1,1,0,0,0,0,1,1,1,0,1,0,0,0
6702,1,1,0,1,0,0,0,1,1,0,1,0,0,0,1,1,0,0,0,0,1
6703,1,1,0,1,0,0,0,1,1,0,1,0,0,0,2,2,1,0,0,0,1
6704,1,1,0,1,0,0,0,1,1,1,0,0,0,0,0,0,0,0,0,0,0
6705,1,1,0,0,0,0,1,1,1,0,0,0,0,1,1,1,0,0,0,0,1
6706,1,1,1,0,0,0,0,1,1,0,0,0,0,1,1,1,0,1,0,0,0
6707,1,0,0,0,0,0,0,1,0,0,0,0,0,0,1,0,0,0,0,0,0
6708,0,0,0,0,0,0,0,0,0,0,0,0,0,0,1,0,0,0,0,0,0
6709,1,1,0,0,0,0,1,1,1,1,0,0,0,0,1,1,0,0,0,0,1
6710,1,1,0,0,0,0,1,1,1,0,0,0,0,1,0,0,0,0,0,0,0
6711,1,1,0,0,0,0,1,1,1,0,0,0,0,1,1,1,0,0,0,0,1
6712,1,1,0,1,0,0,0,1,1,0,0,0,0,1,1,1,0,0,0,0,1
6713,1,1,0,0,0,0,1,1,1,0,0,0,0,1,1,1,0,0,0,0,1
6714,1,0,0,0,0,0,0,1,0,0,0,0,0,0,0,0,0,0,0,0,0
6715,1,0,0,0,0,0,0,1,0,0,0,0,0,0,0,0,0,0,0,0,0
6716,1,1,0,0,0,0,1,1,1,0,0,0,0,1,1,1,0,0,0,0,1
6717,1,1,0,0,0,0,1,1,1,1,0,0,0,0,1,1,0,0,0,0,1
6718,1,1,0,0,0,0,1,1,1,1,0,0,0,0,1,1,1,0,0,0,0
6719,1,1,0,1,0,0,0,1,1,0,1,0,0,0,1,1,0,0,0,0,1
6720,1,1,1,0,0,0,0,1,1,0,0,1,1,0,1,1,0,0,1,1,0
6721,1,1,1,0,0,0,0,1,1,1,0,0,0,0,1,1,1,0,0,0,0
6722,1,1,1,0,0,0,0,1,1,0,0,0,0,1,1,1,1,0,0,0,0
6723,1,1,0,1,0,0,0,1,1,0,0,0,0,1,1,1,1,0,0,0,0
6724,1,1,0,0,0,0,1,1,1,0,1,0,0,0,1,1,1,0,0,0,0
6725,1,0,0,0,0,0,0,1,0,0,0,0,0,0,0,0,0,0,0,0,0
6726,1,1,0,0,0,0,1,1,1,0,0,0,0,1,1,1,0,0,0,0,1
6727,1,0,0,0,0,0,0,1,0,0,0,0,0,0,1,1,0,0,0,0,1
6728,1,0,0,0,0,0,0,1,0,0,0,0,0,0,1,1,0,0,0,0,1
6729,1,1,0,0,0,0,1,1,1,0,0,0,0,1,1,1,0,0,0,0,1
6730,1,1,0,0,0,0,1,1,1,1,0,0,0,0,1,1,0,0,0,0,1
6731,1,1,0,0,0,0,1,1,1,0,0,0,0,1,1,1,0,0,0,0,1
6732,1,1,0,0,0,0,1,1,1,0,0,0,0,1,1,1,1,0,0,0,0
6733,1,1,0,0,0,0,1,1,1,0,0,0,0,1,1,1,0,0,0,0,1
6734,1,1,0,0,0,0,1,1,0,0,0,0,0,0,1,0,0,0,0,0,0
6735,1,1,0,0,0,0,1,1,1,0,0,0,0,1,1,1,0,0,0,0,1
6736,1,0,0,0,0,0,0,1,0,0,0,0,0,0,1,1,0,0,0,0,1
6737,1,1,0,0,0,0,1,1,1,0,0,0,0,1,1,1,1,0,0,0,0
6738,1,1,0,0,0,0,1,1,1,0,1,0,0,0,1,1,0,0,0,0,1
6739,1,1,0,0,0,0,1,1,1,0,0,0,0,1,2,1,1,0,0,0,0
6740,1,1,1,0,0,0,0,1,1,0,0,0,0,1,1,1,0,0,0,0,1
6741,1,1,0,1,0,0,0,1,1,0,1,0,0,0,1,1,1,0,0,0,0
6742,1,1,1,0,0,0,0,1,1,1,0,0,0,0,0,0,0,0,0,0,0
6743,1,1,0,1,0,0,0,1,1,1,0,0,0,0,1,1,0,0,0,0,1
6744,0,0,0,0,0,0,0,1,0,0,0,0,0,0,0,0,0,0,0,0,0
6745,1,0,0,0,0,0,0,1,0,0,0,0,0,0,1,0,0,0,0,0,0
6747,1,0,0,0,0,0,0,1,0,0,0,0,0,0,1,0,0,0,0,0,0
6748,1,0,0,0,0,0,0,0,0,0,0,0,0,0,0,0,0,0,0,0,0
6749,1,0,0,0,0,0,0,1,0,0,0,0,0,0,1,0,0,0,0,0,0
6750,1,1,0,1,0,0,0,1,1,1,0,0,0,0,1,1,0,0,0,0,1
6751,1,0,0,0,0,0,0,0,0,0,0,0,0,0,0,0,0,0,0,0,0
6752,0,0,0,0,0,0,0,0,0,0,0,0,0,0,1,1,0,0,0,0,1
6753,1,1,1,0,0,0,0,1,1,0,0,0,0,1,1,1,0,0,0,0,1
6754,1,1,0,0,0,0,1,1,0,0,0,0,0,0,1,1,0,0,0,0,1
6755,0,0,0,0,0,0,0,0,0,0,0,0,0,0,1,0,0,0,0,0,0
6756,0,0,0,0,0,0,0,1,0,0,0,0,0,0,1,0,0,0,0,0,0
6757,1,1,0,0,0,0,1,1,0,0,0,0,0,0,1,1,0,0,0,0,1
6758,1,1,0,0,0,0,1,1,1,0,0,0,0,1,1,1,0,1,0,0,0
6759,1,1,0,0,0,0,1,1,1,0,0,0,0,1,1,1,0,0,0,0,1
6760,1,1,0,0,0,0,1,1,1,1,0,0,0,0,1,1,0,0,0,0,1
6761,2,2,1,0,0,0,1,1,1,1,0,0,0,0,1,1,0,1,0,0,0
6762,1,0,0,0,0,0,0,1,0,0,0,0,0,0,0,0,0,0,0,0,0
6763,1,1,0,0,0,0,1,1,0,0,0,0,0,0,1,0,0,0,0,0,0
6764,1,1,1,0,0,0,0,1,1,0,1,0,0,0,1,1,0,1,0,0,0
6765,1,1,0,0,0,0,1,1,1,0,0,0,0,1,1,1,0,0,0,0,1
6766,1,1,1,0,0,0,0,1,1,0,1,0,0,0,1,1,0,1,0,0,0
6767,1,0,0,0,0,0,0,1,0,0,0,0,0,0,1,1,0,0,0,0,1
6768,1,1,0,1,0,0,0,1,1,0,0,0,0,1,1,1,0,0,0,0,1
6769,1,1,1,0,0,0,0,1,1,0,1,0,0,0,1,1,0,0,1,1,0
6770,1,1,0,0,0,0,1,1,1,0,0,0,0,1,1,1,0,0,0,0,1
6771,1,1,0,0,0,0,1,1,1,0,0,0,0,1,1,1,0,0,0,0,1
6772,2,2,0,0,0,0,2,1,1,0,0,0,0,1,1,1,0,0,0,0,1
6773,1,0,0,0,0,0,0,1,0,0,0,0,0,0,2,0,0,0,0,0,0
6774,2,2,0,1,0,0,1,2,2,0,1,0,0,1,2,2,1,1,0,0,0
6775,1,1,0,0,0,0,1,1,1,0,0,0,0,1,0,0,0,0,0,0,0
6776,1,1,0,0,0,0,1,1,1,0,0,0,0,1,1,1,0,0,0,0,1
6777,1,1,0,0,0,0,1,1,1,0,0,0,0,1,1,1,0,0,0,0,1
6778,1,1,1,0,0,0,0,1,1,0,0,0,0,1,1,1,1,0,0,0,0
6779,2,1,0,0,0,0,1,2,0,0,0,0,0,0,3,0,0,0,0,0,0
6780,1,1,0,0,0,0,1,1,1,0,1,0,0,0,1,1,0,0,0,0,1
6781,1,1,1,0,0,0,0,1,1,0,0,0,0,1,1,1,1,0,0,0,0
6782,1,1,0,0,0,0,1,1,1,1,0,0,0,0,1,1,0,0,0,0,1
6783,1,1,0,0,0,0,1,1,1,0,0,1,1,0,1,1,0,0,0,0,1
6784,1,1,0,0,0,0,1,1,1,0,0,0,0,1,1,1,0,0,0,0,1
6785,1,1,0,0,0,0,1,1,1,0,0,0,0,1,1,1,0,0,0,0,1
6786,1,1,0,0,0,0,1,1,1,0,0,0,0,1,1,1,0,0,0,0,1
6787,1,1,0,0,0,0,1,1,0,0,0,0,0,0,1,1,0,0,0,0,1
6788,1,0,0,0,0,0,0,0,0,0,0,0,0,0,1,0,0,0,0,0,0
6789,1,1,1,0,0,0,0,1,1,1,0,0,0,0,1,1,0,0,0,0,1
6790,1,1,0,0,0,0,1,1,1,1,0,0,0,0,1,1,0,0,0,0,1
6791,1,1,0,0,0,0,1,1,1,1,0,0,0,0,1,1,0,0,0,0,1
6792,1,1,0,0,0,0,1,1,1,0,0,0,0,1,1,1,0,0,0,0,1
6793,1,1,0,0,0,0,1,1,1,0,0,0,0,1,1,1,0,0,0,0,1
6794,1,1,0,0,0,0,1,1,1,1,0,0,0,0,1,1,1,0,0,0,0
6795,1,1,0,0,0,0,1,1,1,1,0,0,0,0,1,1,0,0,0,0,1
6796,1,1,0,0,0,0,1,1,1,0,0,0,0,1,1,1,0,0,0,0,1
6797,1,1,1,0,0,0,0,1,1,0,0,0,0,1,0,0,0,0,0,0,0
6798,1,1,0,0,0,0,1,1,1,0,0,0,0,1,1,0,0,0,0,0,0
6799,1,0,0,0,0,0,0,1,0,0,0,0,0,0,1,1,0,0,0,0,1
6800,1,0,0,0,0,0,0,1,0,0,0,0,0,0,1,0,0,0,0,0,0
6801,1,0,0,0,0,0,0,1,0,0,0,0,0,0,1,1,0,0,0,0,1
6802,1,1,0,0,0,0,1,1,1,0,0,0,0,1,1,0,0,0,0,0,0
6803,1,0,0,0,0,0,0,0,0,0,0,0,0,0,1,0,0,0,0,0,0
6804,1,0,0,0,0,0,0,1,0,0,0,0,0,0,0,0,0,0,0,0,0
6805,1,1,0,0,0,0,1,1,1,1,0,0,0,0,1,1,0,0,0,0,1
6806,1,1,0,1,0,0,0,1,1,0,1,0,0,0,0,0,0,0,0,0,0
6807,1,1,0,0,0,0,1,1,1,1,0,0,0,0,1,1,0,0,0,0,1
6808,1,1,0,0,0,0,1,1,1,1,0,0,0,0,1,1,0,0,0,0,1
6809,1,1,0,0,0,0,1,1,1,0,0,0,0,1,0,0,0,0,0,0,0
6810,1,0,0,0,0,0,0,0,0,0,0,0,0,0,0,0,0,0,0,0,0
6811,0,0,0,0,0,0,0,1,0,0,0,0,0,0,0,0,0,0,0,0,0
6812,1,1,1,0,0,0,0,1,1,1,0,0,0,0,1,1,0,1,0,0,0
6813,1,1,0,0,0,0,1,1,1,0,0,0,0,1,1,1,0,0,0,0,1
6814,1,1,0,1,0,0,0,1,1,0,0,0,0,1,1,1,0,0,0,0,1
6815,1,1,0,0,0,0,1,1,1,0,1,0,0,0,1,1,0,0,0,0,1
6816,1,0,0,0,0,0,0,1,0,0,0,0,0,0,0,0,0,0,0,0,0
6817,0,0,0,0,0,0,0,1,0,0,0,0,0,0,1,0,0,0,0,0,0
6818,1,0,0,0,0,0,0,0,0,0,0,0,0,0,0,0,0,0,0,0,0
6819,0,0,0,0,0,0,0,0,0,0,0,0,0,0,1,0,0,0,0,0,0
6820,1,1,0,0,0,0,1,1,1,0,0,0,0,1,1,1,0,0,0,0,1
6821,1,1,0,1,0,0,0,1,1,0,0,0,0,1,1,1,0,0,0,0,1
6822,1,1,0,0,0,0,1,1,1,0,1,0,0,0,1,1,1,0,0,0,0
6823,1,1,0,0,0,0,1,1,1,0,0,0,0,1,1,1,0,1,0,0,0
6824,1,1,0,0,0,0,1,1,1,0,0,0,0,1,0,0,0,0,0,0,0
6825,1,1,0,1,0,0,0,2,2,0,1,0,0,1,1,1,1,0,0,0,0
6826,1,0,0,0,0,0,0,1,0,0,0,0,0,0,1,0,0,0,0,0,0
6827,1,1,0,0,0,0,1,1,1,0,0,0,0,1,0,0,0,0,0,0,0
6828,1,1,0,0,0,0,1,1,1,0,0,0,0,1,1,1,0,1,0,0,0
6829,1,1,0,1,0,0,0,1,1,0,0,1,1,0,1,1,0,0,0,0,1
6830,1,1,1,0,0,0,0,1,1,0,1,0,0,0,1,1,1,0,0,0,0
6831,1,1,0,0,0,0,1,1,1,0,1,0,0,0,1,1,0,1,0,0,0
6832,1,1,0,0,0,0,1,1,1,0,1,0,0,0,1,1,0,0,0,0,1
6833,1,1,0,1,0,0,0,1,1,0,1,0,0,0,1,1,0,0,0,0,1
6834,1,1,0,1,0,0,0,1,1,0,1,0,0,0,1,1,0,0,0,0,1
6835,1,1,0,0,0,0,1,1,1,0,0,0,0,1,1,1,1,0,0,0,0
6836,1,1,0,0,0,0,1,1,1,0,0,0,0,1,1,1,0,0,0,0,1
6837,1,0,0,0,0,0,0,2,0,0,0,0,0,0,1,1,0,0,0,0,1
6838,1,0,0,0,0,0,0,0,0,0,0,0,0,0,0,0,0,0,0,0,0
6839,1,0,0,0,0,0,0,1,0,0,0,0,0,0,0,0,0,0,0,0,0
6840,1,0,0,0,0,0,0,1,0,0,0,0,0,0,1,0,0,0,0,0,0
6841,2,1,0,0,0,0,1,1,1,1,0,0,0,0,3,2,0,0,0,0,2
6842,1,1,0,0,0,0,1,1,1,0,0,0,0,1,1,1,0,0,0,0,1
6843,1,1,0,0,0,0,1,1,1,0,0,0,0,1,1,1,0,0,0,0,1
6844,1,1,0,0,1,1,0,1,1,0,1,0,0,0,1,1,1,0,0,0,0
6845,1,1,0,0,0,0,1,1,1,0,0,0,0,1,1,1,0,0,0,0,1
6846,1,1,0,0,0,0,1,1,1,0,0,0,0,1,1,1,0,0,0,0,1
6847,1,1,1,0,0,0,0,1,1,0,0,0,0,1,1,1,0,0,0,0,1
6848,1,1,0,0,0,0,1,1,1,1,0,0,0,0,1,1,0,1,0,0,0
6849,1,1,0,0,0,0,1,1,1,1,0,0,0,0,1,1,0,1,0,0,0
6850,1,1,0,0,0,0,1,1,1,0,0,0,0,1,2,2,1,0,0,0,1
6851,1,1,0,0,0,0,1,1,1,0,1,0,0,0,0,0,0,0,0,0,0
6852,1,1,0,0,0,0,1,1,0,0,0,0,0,0,1,0,0,0,0,0,0
6853,1,1,0,0,0,0,1,1,1,0,0,0,0,1,1,1,0,0,0,0,1
6854,1,1,1,0,0,0,0,1,1,0,0,0,0,1,1,1,0,0,0,0,1
6855,1,1,0,0,0,0,1,1,1,0,0,0,0,1,1,1,0,0,0,0,1
6856,2,2,0,1,0,0,1,3,1,0,0,0,0,1,2,2,1,0,0,0,1
6857,1,1,0,1,0,0,0,1,1,0,1,0,0,0,1,1,0,0,0,0,1
6858,0,0,0,0,0,0,0,1,0,0,0,0,0,0,0,0,0,0,0,0,0
6859,1,1,0,0,0,0,1,1,1,0,0,0,0,1,1,0,0,0,0,0,0
6860,1,0,0,0,0,0,0,1,1,0,1,0,0,0,1,0,0,0,0,0,0
6861,1,1,0,0,0,0,1,1,1,0,0,0,0,1,1,1,0,0,0,0,1
6862,1,1,1,0,0,0,0,1,1,0,0,0,0,1,1,1,0,0,1,1,0
6863,1,0,0,0,0,0,0,1,0,0,0,0,0,0,0,0,0,0,0,0,0
6864,11,3,0,1,0,0,2,4,0,0,0,0,0,0,2,0,0,0,0,0,0
6865,1,0,0,0,0,0,0,0,0,0,0,0,0,0,1,0,0,0,0,0,0
6866,1,1,1,0,0,0,0,1,1,1,0,0,0,0,1,1,0,1,0,0,0
6867,1,1,1,0,0,0,0,1,1,0,0,0,0,1,1,1,0,0,0,0,1
6868,1,1,0,0,0,0,1,1,1,1,0,0,0,0,1,1,0,0,0,0,1
6869,1,0,0,0,0,0,0,1,0,0,0,0,0,0,1,0,0,0,0,0,0
6870,1,0,0,0,0,0,0,1,0,0,0,0,0,0,2,1,0,0,0,0,1
6871,1,1,1,0,0,0,0,1,1,1,0,0,0,0,2,2,0,0,0,0,2
6872,1,0,0,0,0,0,0,1,0,0,0,0,0,0,1,1,1,0,0,0,0
6873,1,1,1,0,0,0,0,1,1,1,0,0,0,0,1,1,0,0,0,0,1
6874,1,1,0,1,0,0,0,1,1,0,0,0,0,1,1,1,0,0,0,0,1
6875,1,1,0,0,0,0,1,1,1,0,1,0,0,0,1,1,0,0,0,0,1
6876,1,1,0,1,0,0,0,1,1,0,0,0,0,1,1,1,0,0,0,0,1
6877,1,1,0,0,0,0,1,1,1,0,0,0,0,1,1,1,0,0,0,0,1
6878,1,1,0,0,0,0,1,1,1,1,0,0,0,0,1,1,0,0,0,0,1
6879,1,1,1,0,0,0,0,1,1,1,0,0,0,0,1,1,0,0,0,0,1
6880,1,1,0,0,0,0,1,1,1,0,1,0,0,0,1,1,0,0,0,0,1
6881,1,1,0,0,0,0,1,1,1,0,0,0,0,1,1,1,0,1,0,0,0
6882,1,1,0,0,0,0,1,1,1,0,0,0,0,1,2,0,0,0,0,0,0
6883,1,1,0,1,0,0,0,1,1,1,0,0,0,0,1,1,0,0,0,0,1
6884,1,1,0,1,0,0,0,1,1,0,0,0,0,1,2,2,0,0,0,0,2
6885,1,1,0,0,0,0,1,1,1,0,0,0,0,1,1,1,0,0,0,0,1
6886,1,1,0,0,0,0,1,1,1,0,0,0,0,1,1,1,0,0,0,0,1
6887,1,1,0,0,0,0,1,1,1,0,0,0,0,1,1,1,0,1,0,0,0
6888,1,1,0,0,0,0,1,1,1,0,0,0,0,1,0,0,0,0,0,0,0
6889,1,1,0,0,0,0,1,1,1,0,1,0,0,0,1,1,0,0,0,0,1
6890,1,1,1,0,0,0,0,1,1,1,0,0,0,0,1,1,1,0,0,0,0
6891,1,1,0,1,0,0,0,1,1,0,0,0,0,1,1,1,0,0,0,0,1
6892,1,1,0,0,0,0,1,1,1,0,0,1,1,0,1,1,0,0,0,0,1
6893,1,1,0,0,0,0,1,1,1,0,0,0,0,1,1,1,0,0,0,0,1
6894,1,1,0,0,0,0,1,1,1,0,0,0,0,1,1,1,0,0,0,0,1
6895,1,1,0,0,0,0,1,1,1,0,0,0,0,1,1,1,0,0,0,0,1
6896,1,1,0,1,0,0,0,1,1,0,0,0,0,1,1,1,0,0,0,0,1
6897,1,1,1,0,0,0,0,1,1,0,0,0,0,1,1,1,0,0,0,0,1
6898,2,2,2,0,0,0,0,2,2,1,0,0,0,1,1,1,0,0,0,0,1
6899,1,1,0,0,0,0,1,1,1,1,0,0,0,0,1,1,1,0,0,0,0
6900,1,1,0,0,0,0,1,1,1,0,0,0,0,1,1,1,0,0,0,0,1
6901,0,0,0,0,0,0,0,1,0,0,0,0,0,0,1,0,0,0,0,0,0
6902,1,1,0,0,0,0,1,1,1,0,0,0,0,1,0,0,0,0,0,0,0
6903,1,1,1,0,0,0,0,1,1,0,0,1,1,0,1,1,0,0,1,1,0
6904,1,1,1,0,0,0,0,1,1,0,0,1,1,0,1,1,1,0,0,0,0
6905,1,1,0,1,0,0,0,1,1,0,0,0,0,1,1,1,1,0,0,0,0
6906,1,1,0,1,0,0,0,1,1,0,0,0,0,1,0,0,0,0,0,0,0
6907,2,1,1,0,0,0,0,2,2,1,1,0,0,0,2,1,1,0,0,0,0
6908,1,1,1,0,0,0,0,1,1,0,0,0,0,1,1,1,0,0,0,0,1
6909,1,1,1,0,0,0,0,1,1,0,0,0,0,1,1,1,0,1,0,0,0
6910,1,0,0,0,0,0,0,1,1,0,0,0,0,1,1,0,0,0,0,0,0
6911,1,1,0,0,0,0,1,1,1,0,0,0,0,1,1,0,0,0,0,0,0
6912,1,0,0,0,0,0,0,1,0,0,0,0,0,0,1,0,0,0,0,0,0
6913,1,1,0,0,0,0,1,1,1,0,0,0,0,1,1,1,0,0,0,0,1
6914,2,0,0,0,0,0,0,2,0,0,0,0,0,0,2,0,0,0,0,0,0
6915,1,1,0,1,0,0,0,1,1,0,0,0,0,1,1,1,0,0,0,0,1
6916,1,1,0,0,0,0,1,1,1,0,0,0,0,1,1,1,1,0,0,0,0
6917,1,0,0,0,0,0,0,0,0,0,0,0,0,0,0,0,0,0,0,0,0
6918,1,0,0,0,0,0,0,1,0,0,0,0,0,0,0,0,0,0,0,0,0
6919,1,0,0,0,0,0,0,1,0,0,0,0,0,0,0,0,0,0,0,0,0
6921,0,0,0,0,0,0,0,1,0,0,0,0,0,0,0,0,0,0,0,0,0
6922,1,0,0,0,0,0,0,1,0,0,0,0,0,0,0,0,0,0,0,0,0
6923,0,0,0,0,0,0,0,1,1,0,0,0,0,1,0,0,0,0,0,0,0
6924,1,1,0,0,0,0,1,1,1,0,0,0,0,1,1,1,0,0,0,0,1
6925,1,1,1,0,0,0,0,1,1,1,0,0,0,0,1,1,1,0,0,0,0
6926,1,1,0,0,0,0,1,1,1,0,0,1,1,0,1,1,0,0,0,0,1
6927,1,1,0,0,0,0,1,1,0,0,0,0,0,0,1,0,0,0,0,0,0
6928,1,1,1,0,0,0,0,1,1,0,0,0,0,1,1,1,0,0,0,0,1
6929,1,1,0,0,0,0,1,1,1,0,0,0,0,1,2,2,1,0,0,0,1
6930,1,1,0,0,0,0,1,2,0,0,0,0,0,0,0,0,0,0,0,0,0
6931,1,1,0,1,0,0,0,1,1,0,0,0,0,1,1,1,0,0,1,1,0
6932,1,1,0,1,0,0,0,1,1,0,0,1,1,0,1,1,0,0,0,0,1
6933,1,0,0,0,0,0,0,1,0,0,0,0,0,0,1,1,0,0,0,0,1
6934,1,0,0,0,0,0,0,1,0,0,0,0,0,0,1,1,1,0,0,0,0
6935,1,1,0,0,0,0,1,1,1,1,0,0,0,0,1,1,0,0,0,0,1
6936,1,1,0,1,0,0,0,1,1,0,1,0,0,0,1,1,1,0,0,0,0
6937,1,1,1,0,0,0,0,1,1,1,0,0,0,0,1,1,0,0,0,0,1
6938,1,1,0,0,0,0,1,1,1,0,0,0,0,1,1,0,0,0,0,0,0
6939,1,1,1,0,0,0,0,1,1,1,0,0,0,0,1,1,1,0,0,0,0
6940,1,1,1,0,0,0,0,1,1,1,0,0,0,0,1,1,0,0,0,0,1
6941,1,1,0,0,0,0,1,1,1,0,0,0,0,1,1,1,1,0,0,0,0
6942,1,1,0,0,0,0,1,1,1,1,0,0,0,0,1,1,0,0,0,0,1
6943,1,1,0,0,0,0,1,1,1,0,0,0,0,1,0,0,0,0,0,0,0
6944,1,1,0,0,0,0,1,1,1,1,0,0,0,0,1,1,0,0,0,0,1
6945,1,1,0,1,0,0,0,1,1,0,0,0,0,1,1,1,0,1,0,0,0
6946,1,1,0,1,0,0,0,1,1,0,0,0,0,1,1,1,0,0,0,0,1
6947,1,1,0,0,0,0,1,1,1,1,0,0,0,0,1,1,0,1,0,0,0
6948,1,1,0,0,0,0,1,1,1,0,0,0,0,1,1,1,0,0,0,0,1
6949,1,1,0,0,0,0,1,1,1,1,0,0,0,0,1,1,0,0,0,0,1
6950,2,2,1,0,0,0,1,3,3,1,0,0,0,2,2,2,1,0,0,0,1
6951,1,1,0,0,0,0,1,1,1,0,0,0,0,1,1,1,0,0,0,0,1
6952,1,1,0,0,0,0,1,1,1,0,0,1,1,0,1,1,1,0,0,0,0
6953,2,1,0,0,0,0,1,2,1,0,0,0,0,1,0,0,0,0,0,0,0
6954,1,1,0,0,0,0,1,1,0,0,0,0,0,0,1,0,0,0,0,0,0
6955,1,1,0,1,0,0,0,1,1,0,1,0,0,0,1,1,1,0,0,0,0
6956,1,1,0,0,0,0,1,1,1,0,0,0,0,1,1,1,0,0,0,0,1
6957,1,1,0,0,0,0,1,1,1,0,1,0,0,0,2,1,0,1,0,0,0
6958,1,1,1,0,0,0,0,1,1,0,1,0,0,0,1,1,0,1,0,0,0
6959,1,1,0,0,0,0,1,1,1,0,0,0,0,1,1,1,0,0,0,0,1
6960,1,0,0,0,0,0,0,1,1,0,0,0,0,1,1,1,0,0,0,0,1
6961,1,0,0,0,0,0,0,1,0,0,0,0,0,0,1,0,0,0,0,0,0
6962,1,1,1,0,0,0,0,1,1,0,0,0,0,1,1,1,0,0,1,1,0
6963,1,1,0,0,0,0,1,1,1,1,0,0,0,0,1,1,1,0,0,0,0
6964,1,1,0,0,0,0,1,1,1,1,0,0,0,0,1,1,0,0,0,0,1
6965,1,1,0,0,0,0,1,1,1,0,0,0,0,1,0,0,0,0,0,0,0
6966,1,1,0,0,0,0,1,1,1,0,0,0,0,1,1,1,0,0,0,0,1
6967,1,1,0,0,0,0,1,1,1,0,1,0,0,0,1,1,0,0,0,0,1
6968,1,1,1,0,0,0,0,1,1,0,0,0,0,1,1,1,1,0,0,0,0
6969,1,1,0,0,0,0,1,1,1,0,0,0,0,1,1,1,0,1,0,0,0
6970,1,0,0,0,0,0,0,1,0,0,0,0,0,0,1,0,0,0,0,0,0
6971,1,1,0,1,0,0,0,1,1,0,0,0,0,1,1,1,0,0,0,0,1
6972,1,0,0,0,0,0,0,1,1,0,0,0,0,1,1,1,0,0,0,0,1
6973,1,1,0,0,0,0,1,1,1,0,0,0,0,1,1,1,0,0,0,0,1
6974,1,1,1,0,0,0,0,1,1,0,0,0,0,1,1,1,0,0,1,1,0
6975,1,1,1,0,0,0,0,1,1,0,0,0,0,1,1,1,0,0,0,0,1
6976,2,2,1,0,0,0,1,2,2,1,0,0,0,1,2,2,0,0,0,0,2
6977,1,1,0,0,0,0,1,1,1,0,0,0,0,1,1,1,0,0,0,0,1
6978,1,1,0,0,0,0,1,1,1,0,0,0,0,1,1,1,0,0,0,0,1
6980,1,0,0,0,0,0,0,0,0,0,0,0,0,0,1,1,0,0,0,0,1
6983,0,0,0,0,0,0,0,0,0,0,0,0,0,0,1,0,0,0,0,0,0
6984,1,1,0,0,0,0,1,1,1,0,0,0,0,1,1,1,0,0,0,0,1
6985,1,1,0,0,0,0,1,2,1,0,0,0,0,1,1,1,0,1,0,0,0
6986,1,1,0,0,0,0,1,1,1,0,0,0,0,1,1,1,0,0,0,0,1
6987,1,1,0,0,0,0,1,1,1,0,0,0,0,1,1,1,0,0,0,0,1
6988,1,1,0,0,0,0,1,1,1,1,0,0,0,0,1,1,0,0,0,0,1
6989,1,1,0,0,0,0,1,1,1,0,0,0,0,1,1,1,0,0,0,0,1
6990,1,1,0,1,0,0,0,1,1,0,0,1,1,0,1,1,1,0,0,0,0
6991,1,0,0,0,0,0,0,1,0,0,0,0,0,0,1,0,0,0,0,0,0
6992,1,1,0,0,0,0,1,1,1,0,0,0,0,1,1,1,1,0,0,0,0
6993,1,1,1,0,0,0,0,1,1,1,0,0,0,0,1,1,0,0,0,0,1
6994,1,1,0,0,0,0,1,1,1,0,0,0,0,1,1,1,0,0,0,0,1
6995,1,0,0,0,0,0,0,1,0,0,0,0,0,0,1,0,0,0,0,0,0
6996,1,1,0,0,0,0,1,1,1,0,0,0,0,1,1,1,0,0,0,0,1
6997,1,0,0,0,0,0,0,1,0,0,0,0,0,0,1,0,0,0,0,0,0
6998,0,0,0,0,0,0,0,1,0,0,0,0,0,0,1,1,0,0,0,0,1
6999,1,1,0,1,0,0,0,1,1,0,0,1,1,0,1,1,1,0,0,0,0
7000,1,1,0,0,0,0,1,1,1,0,1,0,0,0,1,1,0,0,0,0,1
7001,2,2,0,0,1,1,1,2,2,1,0,0,0,1,2,2,0,0,0,0,2
7002,1,1,0,0,0,0,1,1,1,1,0,0,0,0,1,1,0,0,1,1,0
7003,1,0,0,0,0,0,0,1,0,0,0,0,0,0,1,0,0,0,0,0,0
7004,1,1,0,0,0,0,1,1,1,1,0,0,0,0,1,1,0,1,0,0,0
7005,1,1,0,0,0,0,1,1,1,0,0,1,1,0,2,1,1,0,0,0,0
7006,1,1,1,0,0,0,0,1,1,1,0,0,0,0,1,1,0,0,0,0,1
7007,1,0,0,0,0,0,0,1,0,0,0,0,0,0,0,0,0,0,0,0,0
7008,1,0,0,0,0,0,0,1,0,0,0,0,0,0,0,0,0,0,0,0,0
7009,1,1,0,1,0,0,0,1,1,0,0,0,0,1,0,0,0,0,0,0,0
7010,1,1,0,1,0,0,0,1,1,1,0,0,0,0,1,1,0,0,0,0,1
7011,1,1,0,0,0,0,1,1,1,0,0,1,1,0,1,1,0,0,0,0,1
7012,1,1,0,1,0,0,0,1,1,0,0,0,0,1,1,1,1,0,0,0,0
7013,1,1,0,1,0,0,0,1,1,0,1,0,0,0,1,1,1,0,0,0,0
7014,1,1,0,0,0,0,1,1,1,1,0,0,0,0,1,1,0,0,0,0,1
7015,1,0,0,0,0,0,0,1,0,0,0,0,0,0,1,0,0,0,0,0,0
7016,1,0,0,0,0,0,0,1,0,0,0,0,0,0,1,0,0,0,0,0,0
7017,1,0,0,0,0,0,0,1,0,0,0,0,0,0,0,0,0,0,0,0,0
7018,1,1,0,0,0,0,1,1,1,0,0,0,0,1,0,0,0,0,0,0,0
7019,1,1,0,0,0,0,1,1,1,0,1,0,0,0,1,1,0,0,0,0,1
7020,1,1,1,0,0,0,0,1,1,0,0,0,0,1,1,1,0,0,0,0,1
7021,1,1,1,0,0,0,0,1,1,1,0,0,0,0,1,1,0,0,0,0,1
7022,1,1,0,1,0,0,0,1,1,1,0,0,0,0,1,1,0,0,0,0,1
7023,1,1,0,0,0,0,1,1,1,0,0,0,0,1,1,1,0,0,0,0,1
7024,1,1,0,1,0,0,0,1,1,0,1,0,0,0,1,1,0,0,0,0,1
7025,1,1,0,0,0,0,1,1,1,0,0,0,0,1,1,1,0,0,0,0,1
7026,1,1,0,0,0,0,1,1,1,1,0,0,0,0,1,1,0,0,0,0,1
7027,1,1,0,0,0,0,1,1,1,1,0,0,0,0,1,1,0,0,0,0,1
7028,1,1,1,0,0,0,0,1,1,0,0,0,0,1,1,1,0,0,0,0,1
7029,1,1,0,0,0,0,1,1,1,0,0,0,0,1,1,1,0,0,0,0,1
7030,1,1,0,0,0,0,1,1,1,0,0,0,0,1,1,1,0,0,0,0,1
7031,1,0,0,0,0,0,0,0,0,0,0,0,0,0,1,0,0,0,0,0,0
7032,1,0,0,0,0,0,0,1,0,0,0,0,0,0,1,0,0,0,0,0,0
7033,1,0,0,0,0,0,0,1,0,0,0,0,0,0,1,0,0,0,0,0,0
7034,1,1,0,0,0,0,1,1,1,1,0,0,0,0,1,1,1,0,0,0,0
7035,1,1,0,0,0,0,1,1,0,0,0,0,0,0,1,1,0,0,0,0,1
7036,1,1,0,0,0,0,1,1,0,0,0,0,0,0,1,1,0,0,0,0,1
7037,1,0,0,0,0,0,0,1,0,0,0,0,0,0,1,1,0,0,0,0,1
7038,1,1,0,0,0,0,1,1,1,1,0,0,0,0,1,1,0,1,0,0,0
7039,1,0,0,0,0,0,0,1,0,0,0,0,0,0,1,0,0,0,0,0,0
7040,1,0,0,0,0,0,0,1,1,0,0,0,0,1,0,0,0,0,0,0,0
7041,1,1,1,0,0,0,0,1,1,0,0,0,0,1,1,1,0,0,0,0,1
7042,1,1,0,0,0,0,1,1,1,0,1,0,0,0,1,1,1,0,0,0,0
7043,1,1,0,1,0,0,0,1,1,0,1,0,0,0,1,1,0,0,0,0,1
7044,1,1,1,0,0,0,0,1,1,1,0,0,0,0,1,1,1,0,0,0,0
7045,1,0,0,0,0,0,0,1,0,0,0,0,0,0,1,0,0,0,0,0,0
7046,1,1,0,0,0,0,1,1,1,1,0,0,0,0,1,1,1,0,0,0,0
7047,1,1,0,0,0,0,1,1,1,1,0,0,0,0,1,1,0,0,0,0,1
7048,1,1,1,0,0,0,0,1,1,1,0,0,0,0,1,1,0,0,0,0,1
7049,2,1,0,0,0,0,1,2,2,1,0,0,0,1,2,1,0,0,0,0,1
7050,1,1,0,1,0,0,0,1,1,0,0,0,0,1,1,1,0,0,0,0,1
7051,1,0,0,0,0,0,0,1,0,0,0,0,0,0,1,0,0,0,0,0,0
7052,1,1,0,0,0,0,1,1,1,0,0,0,0,1,1,1,0,0,0,0,1
7053,2,2,0,0,0,0,2,2,2,0,1,0,0,1,3,2,0,1,0,0,1
7054,1,1,1,0,0,0,0,1,1,1,0,0,0,0,1,1,0,0,0,0,1
7055,1,1,0,0,0,0,1,1,1,0,0,0,0,1,1,1,0,0,0,0,1
7056,1,0,0,0,0,0,0,1,1,0,0,0,0,1,1,1,0,0,0,0,1
7057,1,1,0,0,0,0,1,1,1,0,1,0,0,0,1,1,0,0,0,0,1
7058,1,1,0,0,0,0,1,1,1,0,0,0,0,1,1,1,0,0,0,0,1
7059,1,1,0,0,0,0,1,1,0,0,0,0,0,0,1,1,0,0,0,0,1
7060,1,1,0,1,0,0,0,1,1,0,0,0,0,1,1,1,0,0,0,0,1
7061,1,1,0,1,0,0,0,1,1,0,0,0,0,1,1,1,0,0,0,0,1
7062,1,0,0,0,0,0,0,1,0,0,0,0,0,0,1,0,0,0,0,0,0
7063,1,0,0,0,0,0,0,1,0,0,0,0,0,0,1,0,0,0,0,0,0
7064,1,0,0,0,0,0,0,1,0,0,0,0,0,0,1,0,0,0,0,0,0
7065,0,0,0,0,0,0,0,0,0,0,0,0,0,0,1,0,0,0,0,0,0
7066,1,0,0,0,0,0,0,1,0,0,0,0,0,0,1,0,0,0,0,0,0
7067,1,0,0,0,0,0,0,0,0,0,0,0,0,0,0,0,0,0,0,0,0
7070,1,0,0,0,0,0,0,1,0,0,0,0,0,0,1,0,0,0,0,0,0
7071,1,1,1,0,0,0,0,1,1,0,0,0,0,1,1,1,1,0,0,0,0
7072,1,0,0,0,0,0,0,1,0,0,0,0,0,0,0,0,0,0,0,0,0
7073,1,1,1,0,0,0,0,1,1,0,0,0,0,1,0,0,0,0,0,0,0
7074,2,2,0,0,0,0,2,2,2,0,0,0,0,2,0,0,0,0,0,0,0
7075,1,1,1,0,0,0,0,1,1,0,1,0,0,0,1,1,0,1,0,0,0
7076,1,1,0,1,0,0,0,1,1,0,0,0,0,1,1,1,1,0,0,0,0
7077,1,1,0,0,0,0,1,1,1,0,0,0,0,1,0,0,0,0,0,0,0
7078,1,1,0,0,0,0,1,1,0,0,0,0,0,0,0,0,0,0,0,0,0
7079,1,0,0,0,0,0,0,1,1,0,0,0,0,1,1,1,0,0,0,0,1
7080,1,1,0,0,0,0,1,1,1,0,0,0,0,1,0,0,0,0,0,0,0
7081,1,1,0,0,0,0,1,1,1,0,0,0,0,1,1,1,0,0,0,0,1
7082,1,1,0,1,0,0,0,1,1,1,0,0,0,0,1,1,1,0,0,0,0
7083,0,0,0,0,0,0,0,1,0,0,0,0,0,0,1,0,0,0,0,0,0
7084,1,0,0,0,0,0,0,1,0,0,0,0,0,0,0,0,0,0,0,0,0
7085,1,1,1,0,0,0,0,1,1,1,0,0,0,0,1,1,0,0,0,0,1
7086,1,1,0,0,0,0,1,1,1,0,1,0,0,0,1,1,0,1,0,0,0
7087,1,1,1,0,0,0,0,1,1,0,0,0,0,1,1,1,0,0,0,0,1
7088,1,1,0,0,0,0,1,1,1,0,0,0,0,1,1,1,1,0,0,0,0
7089,1,1,0,0,0,0,1,1,1,0,0,0,0,1,1,1,0,0,0,0,1
7090,1,1,1,0,0,0,0,1,1,0,1,0,0,0,1,1,0,0,0,0,1
7091,1,1,0,0,0,0,1,1,1,0,0,0,0,1,1,1,0,0,0,0,1
7092,1,1,0,1,0,0,0,1,1,0,1,0,0,0,1,0,0,0,0,0,0
7093,1,1,0,1,0,0,0,0,0,0,0,0,0,0,0,0,0,0,0,0,0
7094,1,0,0,0,0,0,0,0,0,0,0,0,0,0,1,1,0,0,0,0,1
7095,1,1,1,0,0,0,0,1,0,0,0,0,0,0,0,0,0,0,0,0,0
7096,1,0,0,0,0,0,0,0,0,0,0,0,0,0,1,0,0,0,0,0,0
7097,1,1,0,1,0,0,0,1,1,0,0,0,0,1,1,1,0,0,0,0,1
7098,1,1,1,0,0,0,0,1,1,0,0,0,0,1,0,0,0,0,0,0,0
7099,1,1,0,0,0,0,1,1,1,0,0,1,1,0,1,1,1,0,0,0,0
7100,1,1,0,0,0,0,1,1,1,0,0,0,0,1,1,1,0,0,0,0,1
7101,1,1,0,0,1,1,0,1,1,0,0,0,0,1,1,1,0,0,1,1,0
7102,1,1,0,1,0,0,0,1,1,1,0,0,0,0,1,1,0,0,0,0,1
7103,1,1,0,0,0,0,1,1,1,0,1,0,0,0,1,1,0,0,0,0,1
7104,1,1,1,0,0,0,0,1,1,1,0,0,0,0,1,1,0,0,0,0,1
7105,2,2,1,0,0,0,1,1,1,1,0,0,0,0,1,1,0,0,0,0,1
7106,1,1,0,1,0,0,0,1,1,0,1,0,0,0,1,1,0,1,0,0,0
7107,1,1,0,0,0,0,1,1,1,1,0,0,0,0,1,1,0,0,0,0,1
7108,1,1,0,0,0,0,1,1,1,0,0,0,0,1,1,1,0,0,0,0,1
7109,1,1,0,0,0,0,1,1,1,0,0,0,0,1,1,1,0,0,0,0,1
7110,1,1,0,0,1,1,0,1,1,1,0,0,0,0,1,1,0,0,0,0,1
7111,1,1,0,0,0,0,1,1,1,0,0,0,0,1,1,1,0,0,0,0,1
7112,1,1,0,0,0,0,1,1,1,0,1,0,0,0,1,1,0,0,0,0,1
7113,1,1,0,1,0,0,0,1,1,0,0,0,0,1,1,1,0,0,0,0,1
7114,1,1,0,0,0,0,1,1,1,0,1,0,0,0,1,1,0,0,0,0,1
7115,1,1,0,0,0,0,1,1,1,0,0,0,0,1,1,0,0,0,0,0,0
7116,1,1,0,0,0,0,1,1,1,0,0,0,0,1,1,1,0,0,0,0,1
7117,1,1,0,0,0,0,1,1,1,1,0,0,0,0,1,1,0,0,0,0,1
7118,1,1,0,0,0,0,1,1,1,0,0,0,0,1,0,0,0,0,0,0,0
7119,1,1,0,1,0,0,0,1,1,0,0,0,0,1,1,1,0,0,0,0,1
7120,1,1,0,1,0,0,0,1,1,0,0,0,0,1,1,1,0,0,0,0,1
7121,1,1,0,0,0,0,1,1,1,0,0,0,0,1,1,1,0,0,0,0,1
7122,1,0,0,0,0,0,0,1,0,0,0,0,0,0,1,0,0,0,0,0,0
7123,1,1,0,0,0,0,1,1,1,0,0,0,0,1,1,1,0,0,0,0,1
7124,1,1,1,0,0,0,0,1,1,1,0,0,0,0,1,1,0,0,0,0,1
7125,1,1,0,0,0,0,1,1,1,1,0,0,0,0,1,1,0,0,0,0,1
7126,1,0,0,0,0,0,0,1,0,0,0,0,0,0,0,0,0,0,0,0,0
7127,0,0,0,0,0,0,0,1,0,0,0,0,0,0,0,0,0,0,0,0,0
7128,1,1,1,0,0,0,0,1,1,1,0,0,0,0,1,1,0,0,0,0,1
7129,1,1,0,1,0,0,0,1,1,0,0,0,0,1,1,1,1,0,0,0,0
7130,1,1,0,0,0,0,1,1,1,0,1,0,0,0,1,1,0,1,0,0,0
7131,1,1,0,0,0,0,1,1,1,0,0,0,0,1,1,1,0,0,0,0,1
7132,1,0,0,0,0,0,0,1,0,0,0,0,0,0,2,0,0,0,0,0,0
7133,1,1,0,0,0,0,1,1,1,0,0,0,0,1,1,1,1,0,0,0,0
7134,1,0,0,0,0,0,0,1,0,0,0,0,0,0,0,0,0,0,0,0,0
7135,1,1,1,0,0,0,0,1,1,1,0,0,0,0,1,1,0,0,0,0,1
7136,1,1,1,0,0,0,0,1,1,0,1,0,0,0,1,1,0,0,0,0,1
7137,1,1,0,0,0,0,1,1,1,0,0,0,0,1,1,1,0,0,0,0,1
7138,1,1,0,0,0,0,1,1,1,0,0,0,0,1,1,1,0,0,0,0,1
7139,1,1,0,0,0,0,1,1,1,0,1,0,0,0,1,1,0,0,0,0,1
7140,1,1,0,0,0,0,1,2,1,0,0,0,0,1,2,0,0,0,0,0,0
7141,1,0,0,0,0,0,0,1,1,0,0,0,0,1,1,0,0,0,0,0,0
7142,1,1,0,1,0,0,0,1,1,1,0,0,0,0,1,1,0,0,0,0,1
7143,1,1,0,1,0,0,0,1,1,0,1,0,0,0,1,1,1,0,0,0,0
7144,1,1,0,0,0,0,1,1,1,0,0,0,0,1,1,1,0,0,0,0,1
7145,2,2,1,0,0,0,1,2,2,1,0,0,0,1,1,1,0,0,0,0,1
7146,1,0,0,0,0,0,0,0,0,0,0,0,0,0,0,0,0,0,0,0,0
7147,1,1,0,0,0,0,1,1,1,1,0,0,0,0,1,1,1,0,0,0,0
7148,1,0,0,0,0,0,0,1,0,0,0,0,0,0,1,1,0,0,0,0,1
7149,1,1,0,0,1,1,0,1,1,0,0,0,0,1,1,1,0,0,0,0,1
7150,1,0,0,0,0,0,0,1,0,0,0,0,0,0,1,0,0,0,0,0,0
7151,1,1,0,0,0,0,1,1,1,1,0,0,0,0,1,1,0,1,0,0,0
7152,1,1,0,0,0,0,1,1,1,0,0,0,0,1,1,1,0,0,0,0,1
7153,1,1,0,1,0,0,0,1,1,0,1,0,0,0,1,1,0,0,0,0,1
7154,1,1,0,0,0,0,1,1,1,0,0,0,0,1,1,1,0,0,0,0,1
7155,1,1,0,0,0,0,1,1,1,1,0,0,0,0,1,1,0,0,0,0,1
7156,1,1,1,0,0,0,0,1,1,0,0,0,0,1,1,1,0,0,0,0,1
7157,1,1,1,0,0,0,0,1,1,0,0,0,0,1,1,1,0,0,0,0,1
7158,1,1,0,0,0,0,1,1,1,0,0,0,0,1,1,1,1,0,0,0,0
7159,1,1,0,0,0,0,1,1,1,0,0,0,0,1,1,1,1,0,0,0,0
7160,1,1,0,0,0,0,1,1,1,0,0,0,0,1,1,1,0,1,0,0,0
7161,1,1,0,1,0,0,0,1,1,1,0,0,0,0,1,1,0,0,0,0,1
7162,1,1,1,0,0,0,0,1,1,0,0,0,0,1,1,1,0,0,0,0,1
7163,2,2,0,0,0,0,2,1,1,0,0,1,1,0,1,1,0,0,0,0,1
7164,1,1,0,0,0,0,1,1,1,0,0,0,0,1,0,0,0,0,0,0,0
7165,1,1,0,1,0,0,0,1,1,1,0,0,0,0,0,0,0,0,0,0,0
7166,1,1,0,0,0,0,1,1,1,0,0,0,0,1,1,1,0,0,0,0,1
7167,1,1,0,1,0,0,0,1,1,0,1,0,0,0,1,1,1,0,0,0,0
7168,4,4,0,1,0,0,3,3,3,0,2,0,0,1,3,3,0,0,0,0,3
7169,1,1,0,0,0,0,1,1,1,0,0,0,0,1,1,1,0,0,0,0,1
7170,1,1,0,0,0,0,1,1,1,0,0,0,0,1,2,2,0,0,0,0,2
7171,1,1,0,0,0,0,1,1,1,0,0,0,0,1,2,1,0,0,0,0,1
7172,1,1,0,0,0,0,1,1,1,0,0,0,0,1,1,1,0,0,0,0,1
7173,1,1,0,0,0,0,1,1,1,1,0,0,0,0,1,1,0,0,0,0,1
7174,1,1,0,0,0,0,1,1,1,0,0,0,0,1,1,1,0,0,0,0,1
7175,1,0,0,0,0,0,0,2,0,0,0,0,0,0,2,0,0,0,0,0,0
7176,1,1,0,0,0,0,1,1,1,0,0,0,0,1,1,1,0,0,0,0,1
7177,1,1,0,0,0,0,1,1,1,0,0,0,0,1,1,1,0,0,0,0,1
7178,1,1,0,0,0,0,1,1,1,0,0,0,0,1,1,1,0,1,0,0,0
7179,1,1,0,1,0,0,0,1,1,0,1,0,0,0,1,1,1,0,0,0,0
7180,1,1,0,0,0,0,1,1,1,0,0,0,0,1,1,1,0,0,0,0,1
7181,1,1,0,0,0,0,1,1,1,0,0,0,0,1,1,1,1,0,0,0,0
7182,1,1,1,0,0,0,0,1,1,1,0,0,0,0,1,1,0,0,0,0,1
7183,1,1,1,0,0,0,0,1,1,0,0,0,0,1,1,1,1,0,0,0,0
7184,1,1,0,0,0,0,1,1,1,0,0,0,0,1,1,1,0,0,0,0,1
7185,1,1,0,0,0,0,1,1,1,1,0,0,0,0,1,1,0,0,0,0,1
7186,1,1,1,0,0,0,0,1,1,0,0,0,0,1,1,1,0,0,0,0,1
7187,1,1,1,0,0,0,0,1,1,0,0,0,0,1,1,1,0,1,0,0,0
7188,1,1,0,0,0,0,1,1,1,0,0,0,0,1,1,1,0,0,0,0,1
7189,1,1,0,0,0,0,1,1,1,0,0,0,0,1,0,0,0,0,0,0,0
7190,1,0,0,0,0,0,0,1,0,0,0,0,0,0,0,0,0,0,0,0,0
7191,1,1,0,0,0,0,1,1,1,0,1,0,0,0,1,1,0,1,0,0,0
7192,1,1,0,1,0,0,0,1,1,0,0,1,1,0,1,1,1,0,0,0,0
7193,1,0,0,0,0,0,0,1,0,0,0,0,0,0,1,0,0,0,0,0,0
7194,1,1,1,0,0,0,0,1,1,1,0,0,0,0,1,1,1,0,0,0,0
7195,1,0,0,0,0,0,0,1,0,0,0,0,0,0,1,0,0,0,0,0,0
7196,2,1,0,1,0,0,0,1,1,0,0,0,0,1,1,1,0,0,0,0,1
7197,1,0,0,0,0,0,0,1,0,0,0,0,0,0,0,0,0,0,0,0,0
7198,1,0,0,0,0,0,0,1,0,0,0,0,0,0,1,0,0,0,0,0,0
7199,1,0,0,0,0,0,0,1,0,0,0,0,0,0,1,0,0,0,0,0,0
7200,0,0,0,0,0,0,0,1,0,0,0,0,0,0,2,1,0,0,0,0,1
7201,1,0,0,0,0,0,0,1,0,0,0,0,0,0,1,0,0,0,0,0,0
7202,1,1,0,0,0,0,1,1,1,0,0,0,0,1,1,1,0,0,0,0,1
7203,1,1,0,0,0,0,1,1,1,0,0,0,0,1,1,1,0,0,0,0,1
7204,1,1,0,0,0,0,1,1,0,0,0,0,0,0,1,0,0,0,0,0,0
7205,1,0,0,0,0,0,0,1,1,0,0,0,0,1,1,0,0,0,0,0,0
7206,1,0,0,0,0,0,0,1,1,0,0,0,0,1,1,0,0,0,0,0,0
7207,1,0,0,0,0,0,0,1,0,0,0,0,0,0,1,0,0,0,0,0,0
7208,1,0,0,0,0,0,0,1,0,0,0,0,0,0,1,1,0,0,0,0,1
7209,1,1,0,0,0,0,1,1,0,0,0,0,0,0,1,0,0,0,0,0,0
7210,1,1,0,0,0,0,1,1,0,0,0,0,0,0,1,1,0,0,0,0,1
7211,0,0,0,0,0,0,0,1,0,0,0,0,0,0,0,0,0,0,0,0,0
7212,1,0,0,0,0,0,0,1,0,0,0,0,0,0,1,0,0,0,0,0,0
7213,0,0,0,0,0,0,0,0,0,0,0,0,0,0,1,1,0,0,0,0,1
7214,1,0,0,0,0,0,0,1,0,0,0,0,0,0,1,0,0,0,0,0,0
7215,1,0,0,0,0,0,0,1,1,0,0,0,0,1,1,1,0,1,0,0,0
7216,1,0,0,0,0,0,0,1,0,0,0,0,0,0,1,0,0,0,0,0,0
7217,1,0,0,0,0,0,0,1,0,0,0,0,0,0,1,1,0,0,0,0,1
7218,1,0,0,0,0,0,0,1,0,0,0,0,0,0,1,0,0,0,0,0,0
7219,1,0,0,0,0,0,0,1,0,0,0,0,0,0,1,0,0,0,0,0,0
7220,1,0,0,0,0,0,0,1,0,0,0,0,0,0,1,0,0,0,0,0,0
7221,1,0,0,0,0,0,0,1,0,0,0,0,0,0,0,0,0,0,0,0,0
7222,1,0,0,0,0,0,0,1,0,0,0,0,0,0,1,0,0,0,0,0,0
7223,1,1,0,0,0,0,1,1,1,0,0,0,0,1,1,1,0,0,0,0,1
7224,1,1,0,0,0,0,1,1,1,1,0,0,0,0,1,1,0,0,0,0,1
7225,1,0,0,0,0,0,0,1,0,0,0,0,0,0,1,0,0,0,0,0,0
7226,1,1,0,1,0,0,0,1,1,0,1,0,0,0,1,1,0,0,0,0,1
7227,1,1,0,1,0,0,0,1,1,0,1,0,0,0,0,0,0,0,0,0,0
7228,1,1,0,0,0,0,1,1,1,0,1,0,0,0,1,1,0,0,0,0,1
7229,1,1,0,1,0,0,0,1,1,1,0,0,0,0,1,1,1,0,0,0,0
7230,1,1,0,0,0,0,1,1,1,0,0,0,0,1,1,1,1,0,0,0,0
7231,1,1,0,0,0,0,1,1,1,0,0,0,0,1,1,1,1,0,0,0,0
7232,1,1,0,0,0,0,1,1,1,0,0,0,0,1,1,1,0,0,0,0,1
7233,1,1,1,0,0,0,0,1,1,0,0,0,0,1,1,1,0,0,0,0,1
7234,2,2,0,0,0,0,2,2,2,0,0,0,0,2,2,2,0,0,0,0,2
7235,1,1,0,0,0,0,1,1,1,0,0,0,0,1,1,1,0,0,0,0,1
7236,1,0,0,0,0,0,0,1,0,0,0,0,0,0,1,1,0,0,0,0,1
7238,1,0,0,0,0,0,0,0,0,0,0,0,0,0,0,0,0,0,0,0,0
7239,1,0,0,0,0,0,0,0,0,0,0,0,0,0,0,0,0,0,0,0,0
7240,0,0,0,0,0,0,0,1,0,0,0,0,0,0,1,0,0,0,0,0,0
7241,1,0,0,0,0,0,0,0,0,0,0,0,0,0,0,0,0,0,0,0,0
7242,1,1,0,0,0,0,1,1,1,0,0,0,0,1,0,0,0,0,0,0,0
7243,1,1,1,0,0,0,0,1,1,1,0,0,0,0,1,1,0,0,0,0,1
7244,1,1,0,0,0,0,1,1,1,0,0,0,0,1,1,1,0,0,1,1,0
7245,1,1,0,0,0,0,1,1,1,0,0,0,0,1,1,1,1,0,0,0,0
7246,1,1,0,0,0,0,1,1,1,0,0,0,0,1,1,1,0,0,0,0,1
7247,1,1,1,0,0,0,0,1,1,0,0,0,0,1,1,1,0,0,0,0,1
7248,1,1,1,0,0,0,0,1,1,1,0,0,0,0,1,1,0,1,0,0,0
7249,1,1,1,0,0,0,0,1,1,1,0,0,0,0,1,1,0,0,0,0,1
7250,1,1,0,0,0,0,1,1,1,0,0,0,0,1,1,1,0,0,0,0,1
7251,1,1,0,0,0,0,1,1,1,1,0,0,0,0,1,1,0,0,0,0,1
7252,1,0,0,0,0,0,0,1,0,0,0,0,0,0,0,0,0,0,0,0,0
7253,1,1,0,0,0,0,1,1,1,0,0,0,0,1,1,1,0,1,0,0,0
7254,1,1,0,0,0,0,1,1,1,0,0,0,0,1,0,0,0,0,0,0,0
7255,1,1,0,0,0,0,1,1,1,0,0,0,0,1,1,1,0,0,0,0,1
7256,1,0,0,0,0,0,0,1,0,0,0,0,0,0,1,0,0,0,0,0,0
7257,1,0,0,0,0,0,0,0,0,0,0,0,0,0,1,0,0,0,0,0,0
7258,1,0,0,0,0,0,0,1,0,0,0,0,0,0,0,0,0,0,0,0,0
7259,1,1,0,0,0,0,1,1,0,0,0,0,0,0,1,1,0,0,0,0,1
7260,1,1,0,0,0,0,1,1,0,0,0,0,0,0,1,0,0,0,0,0,0
7261,1,1,0,1,0,0,0,1,1,0,0,0,0,1,1,1,0,0,0,0,1
7262,1,1,0,0,0,0,1,1,1,0,0,0,0,1,1,1,0,0,0,0,1
7263,1,1,0,1,0,0,0,1,1,0,0,0,0,1,1,1,0,0,0,0,1
7264,1,1,0,0,0,0,1,1,1,0,0,0,0,1,1,1,0,0,0,0,1
7265,1,1,0,0,0,0,1,1,1,0,1,0,0,0,1,1,0,0,0,0,1
7268,1,0,0,0,0,0,0,1,0,0,0,0,0,0,1,0,0,0,0,0,0
7269,1,0,0,0,0,0,0,0,0,0,0,0,0,0,1,0,0,0,0,0,0
7270,1,0,0,0,0,0,0,1,0,0,0,0,0,0,1,1,1,0,0,0,0
7271,1,1,0,0,0,0,1,1,1,0,0,0,0,1,0,0,0,0,0,0,0
7272,1,0,0,0,0,0,0,1,0,0,0,0,0,0,1,0,0,0,0,0,0
7273,0,0,0,0,0,0,0,1,0,0,0,0,0,0,1,0,0,0,0,0,0
7274,1,1,0,1,0,0,0,1,1,0,1,0,0,0,1,1,1,0,0,0,0
7275,1,1,0,1,0,0,0,1,1,0,0,0,0,1,1,1,0,0,0,0,1
7277,1,0,0,0,0,0,0,1,0,0,0,0,0,0,1,0,0,0,0,0,0
7278,1,1,0,0,0,0,1,1,1,0,0,0,0,1,1,1,1,0,0,0,0
7279,1,1,0,0,0,0,1,1,0,0,0,0,0,0,1,0,0,0,0,0,0
7280,1,0,0,0,0,0,0,1,0,0,0,0,0,0,1,0,0,0,0,0,0
7281,1,1,1,0,0,0,0,1,1,1,0,0,0,0,1,1,0,0,0,0,1
7282,1,1,1,0,0,0,0,3,3,0,0,1,1,2,1,1,1,0,0,0,0
7283,1,1,0,0,0,0,1,1,1,0,0,0,0,1,1,1,0,1,0,0,0
7284,1,1,0,1,0,0,0,1,1,0,0,0,0,1,1,1,0,0,1,1,0
7285,1,1,0,0,0,0,1,1,1,0,1,0,0,0,1,1,0,0,0,0,1
7286,1,0,0,0,0,0,0,1,0,0,0,0,0,0,1,0,0,0,0,0,0
7287,1,1,1,0,0,0,0,1,1,1,0,0,0,0,1,1,1,0,0,0,0
7288,1,1,1,0,0,0,0,1,1,1,0,0,0,0,1,1,1,0,0,0,0
7289,1,1,0,0,0,0,1,1,1,0,0,0,0,1,0,0,0,0,0,0,0
7290,1,1,0,1,0,0,0,1,1,1,0,0,0,0,1,1,0,0,1,1,0
7291,1,1,0,0,1,1,0,1,1,1,0,0,0,0,1,1,0,1,0,0,0
7292,1,1,0,0,0,0,1,1,1,0,0,0,0,1,1,1,1,0,0,0,0
7293,1,1,0,1,0,0,0,1,1,0,0,0,0,1,1,1,0,0,0,0,1
7294,1,1,0,0,0,0,1,1,1,0,0,0,0,1,1,1,0,0,0,0,1
7295,1,1,0,1,0,0,0,1,1,0,0,0,0,1,1,1,0,0,0,0,1
7296,1,1,0,0,0,0,1,1,1,0,1,0,0,0,1,1,0,0,0,0,1
7297,1,1,0,0,0,0,1,1,1,0,0,0,0,1,1,1,0,0,0,0,1
7298,1,0,0,0,0,0,0,1,0,0,0,0,0,0,1,1,0,0,0,0,1
7299,2,2,0,1,0,0,1,2,1,0,1,0,0,0,1,1,1,0,0,0,0
7300,1,1,0,0,0,0,1,1,1,0,0,0,0,1,1,0,0,0,0,0,0
7301,1,1,0,0,0,0,1,1,1,0,1,0,0,0,1,1,0,0,0,0,1
7302,1,1,0,1,0,0,0,1,1,1,0,0,0,0,1,1,0,1,0,0,0
7303,1,1,0,0,0,0,1,1,1,0,0,0,0,1,0,0,0,0,0,0,0
7304,1,1,0,1,0,0,0,1,1,0,1,0,0,0,0,0,0,0,0,0,0
7305,1,1,0,0,0,0,1,1,1,1,0,0,0,0,1,1,0,1,0,0,0
7306,1,1,0,0,0,0,1,1,1,0,0,0,0,1,1,1,0,0,1,1,0
7307,1,1,1,0,0,0,0,1,1,0,0,0,0,1,1,1,0,0,0,0,1
7308,1,1,1,0,0,0,0,1,1,0,0,0,0,1,0,0,0,0,0,0,0
7309,1,1,0,0,0,0,1,1,1,0,0,0,0,1,1,1,0,0,0,0,1
7310,1,0,0,0,0,0,0,1,0,0,0,0,0,0,0,0,0,0,0,0,0
7311,0,0,0,0,0,0,0,1,0,0,0,0,0,0,1,0,0,0,0,0,0
7312,1,1,0,0,0,0,1,1,1,0,0,0,0,1,1,1,0,0,0,0,1
7313,1,1,0,0,0,0,1,1,1,0,0,0,0,1,1,1,0,0,0,0,1
7314,1,1,0,0,1,1,0,1,1,0,0,0,0,1,1,1,0,0,0,0,1
7315,1,0,0,0,0,0,0,1,0,0,0,0,0,0,1,0,0,0,0,0,0
7318,1,1,0,1,0,0,0,1,1,1,0,0,0,0,1,1,0,1,0,0,0
7319,1,1,1,0,0,0,0,1,1,1,0,0,0,0,1,1,0,1,0,0,0
7320,0,0,0,0,0,0,0,1,0,0,0,0,0,0,1,0,0,0,0,0,0
7321,0,0,0,0,0,0,0,1,0,0,0,0,0,0,0,0,0,0,0,0,0
7322,1,1,0,0,0,0,1,1,1,0,0,0,0,1,1,1,0,0,0,0,1
7323,1,0,0,0,0,0,0,0,0,0,0,0,0,0,0,0,0,0,0,0,0
7324,1,1,0,0,0,0,1,1,1,0,0,0,0,1,1,1,1,0,0,0,0
7325,1,1,0,0,0,0,1,1,0,0,0,0,0,0,1,1,0,0,0,0,1
7326,1,1,0,0,0,0,1,2,2,0,0,0,0,2,0,0,0,0,0,0,0
7327,1,1,0,0,0,0,1,1,1,0,0,0,0,1,1,1,0,0,0,0,1
7328,1,1,0,0,0,0,1,1,1,0,0,0,0,1,1,1,0,0,0,0,1
7329,1,0,0,0,0,0,0,1,0,0,0,0,0,0,1,0,0,0,0,0,0
7330,1,1,0,0,0,0,1,1,1,0,0,0,0,1,1,1,1,0,0,0,0
7331,1,0,0,0,0,0,0,1,1,0,0,0,0,1,1,0,0,0,0,0,0
7332,1,1,0,0,0,0,1,1,1,1,0,0,0,0,1,1,0,0,0,0,1
7333,1,1,0,0,0,0,1,1,1,0,0,0,0,1,1,1,0,0,0,0,1
7334,1,1,0,0,0,0,1,1,1,0,1,0,0,0,1,1,0,0,0,0,1
7335,1,1,0,0,0,0,1,1,1,0,0,0,0,1,1,1,0,0,0,0,1
7336,1,1,0,1,0,0,0,1,1,0,1,0,0,0,1,1,1,0,0,0,0
7337,1,1,0,1,0,0,0,1,1,0,0,0,0,1,1,1,0,0,0,0,1
7338,1,1,0,0,0,0,1,1,1,0,0,0,0,1,1,1,0,0,0,0,1
7339,2,2,0,0,0,0,2,2,2,0,0,0,0,2,1,1,0,0,0,0,1
7340,1,1,0,1,0,0,0,1,1,0,1,0,0,0,1,1,0,0,0,0,1
7341,1,1,0,1,0,0,0,1,1,0,0,1,1,0,1,1,0,0,0,0,1
7342,2,2,1,0,0,0,1,2,2,0,0,0,0,2,2,2,0,0,0,0,2
7343,1,0,0,0,0,0,0,1,0,0,0,0,0,0,0,0,0,0,0,0,0
7344,1,1,0,0,0,0,1,1,1,0,0,0,0,1,1,1,0,0,0,0,1
7345,1,1,0,0,0,0,1,1,1,0,0,0,0,1,0,0,0,0,0,0,0
7346,1,1,1,0,0,0,0,1,1,1,0,0,0,0,1,1,0,0,0,0,1
7347,1,1,0,0,0,0,1,1,1,1,0,0,0,0,0,0,0,0,0,0,0
7348,1,1,0,0,0,0,1,1,1,0,0,0,0,1,1,1,0,0,0,0,1
7349,1,1,0,0,1,1,0,1,1,0,0,0,0,1,1,1,1,0,0,0,0
7350,1,1,0,0,0,0,1,1,1,0,0,0,0,1,1,1,0,1,0,0,0
7351,2,2,0,1,0,0,1,1,1,1,0,0,0,0,2,2,0,0,0,0,2
7352,2,2,0,0,0,0,2,2,1,0,0,0,0,1,1,1,0,0,0,0,1
7353,1,0,0,0,0,0,0,1,0,0,0,0,0,0,1,0,0,0,0,0,0
7354,1,1,0,0,0,0,1,1,1,1,0,0,0,0,1,1,0,0,0,0,1
7355,1,1,0,0,0,0,1,1,1,1,0,0,0,0,1,1,1,0,0,0,0
7356,1,1,1,0,0,0,0,1,1,0,0,0,0,1,1,1,0,1,0,0,0
7357,1,1,0,0,0,0,1,1,1,0,0,0,0,1,1,1,0,0,0,0,1
7358,1,1,1,0,0,0,0,1,1,0,0,0,0,1,1,1,0,0,0,0,1
7359,1,1,0,0,0,0,1,1,1,0,1,0,0,0,1,1,0,0,0,0,1
7360,1,1,0,0,0,0,1,1,1,0,0,0,0,1,1,1,0,1,0,0,0
7361,1,1,0,0,0,0,1,1,1,0,1,0,0,0,1,1,0,0,0,0,1
7362,1,1,0,1,0,0,0,1,1,0,0,1,1,0,1,1,0,0,1,1,0
7363,1,1,0,0,0,0,1,1,1,1,0,0,0,0,1,1,0,0,0,0,1
7364,1,1,0,0,1,1,0,1,1,0,0,1,1,0,1,1,1,0,0,0,0
7365,1,1,0,0,0,0,1,1,1,0,0,0,0,1,1,1,0,0,0,0,1
7366,1,1,0,0,0,0,1,1,1,1,0,0,0,0,1,1,0,0,0,0,1
7367,1,0,0,0,0,0,0,1,0,0,0,0,0,0,0,0,0,0,0,0,0
7368,1,1,0,0,0,0,1,1,1,0,0,0,0,1,1,1,0,0,0,0,1
7369,1,1,0,0,0,0,1,1,1,0,0,0,0,1,1,1,0,0,0,0,1
7370,1,1,0,0,0,0,1,1,1,0,0,0,0,1,1,1,0,1,0,0,0
7371,1,1,0,0,0,0,1,1,1,1,0,0,0,0,1,1,1,0,0,0,0
7372,1,1,0,0,0,0,1,1,1,1,0,0,0,0,1,1,0,0,0,0,1
7373,1,1,0,0,0,0,1,1,1,0,0,0,0,1,1,1,0,0,0,0,1
7374,1,1,0,0,0,0,1,1,1,0,0,0,0,1,1,1,0,0,0,0,1
7375,1,1,1,0,0,0,0,1,1,0,0,0,0,1,1,1,0,1,0,0,0
7376,1,1,0,0,0,0,1,1,1,0,0,0,0,1,1,1,0,0,0,0,1
7377,1,1,0,0,0,0,1,1,1,0,0,0,0,1,1,1,0,0,0,0,1
7378,1,0,0,0,0,0,0,1,0,0,0,0,0,0,1,0,0,0,0,0,0
7379,1,0,0,0,0,0,0,1,0,0,0,0,0,0,1,0,0,0,0,0,0
7380,1,0,0,0,0,0,0,0,0,0,0,0,0,0,0,0,0,0,0,0,0
7381,1,1,0,0,0,0,1,1,1,0,0,0,0,1,1,1,0,0,0,0,1
7382,1,0,0,0,0,0,0,1,0,0,0,0,0,0,0,0,0,0,0,0,0
7383,1,1,0,0,0,0,1,1,1,0,0,0,0,1,0,0,0,0,0,0,0
7384,1,1,0,0,0,0,1,1,1,0,0,0,0,1,0,0,0,0,0,0,0
7385,1,1,1,0,0,0,0,1,1,0,0,0,0,1,1,1,1,0,0,0,0
7386,1,1,0,0,0,0,1,1,1,0,0,0,0,1,1,1,0,0,0,0,1
7387,1,0,0,0,0,0,0,1,0,0,0,0,0,0,0,0,0,0,0,0,0
7388,1,1,1,0,0,0,0,1,1,0,0,0,0,1,1,1,0,0,0,0,1
7389,2,1,0,0,0,0,1,2,0,0,0,0,0,0,3,0,0,0,0,0,0
7390,1,1,0,0,0,0,1,1,1,0,0,0,0,1,1,1,0,0,0,0,1
7391,1,1,1,0,0,0,0,1,1,0,0,1,1,0,1,1,0,0,0,0,1
7392,1,1,0,0,0,0,1,1,1,0,0,0,0,1,1,1,0,0,0,0,1
7393,1,1,0,1,0,0,0,1,1,0,1,0,0,0,1,1,0,0,0,0,1
7394,1,1,0,1,0,0,0,1,1,0,1,0,0,0,1,1,0,1,0,0,0
7395,2,2,0,2,0,0,0,2,2,0,2,0,0,0,1,1,0,1,0,0,0
7396,1,1,0,1,0,0,0,1,1,0,0,0,0,1,1,1,0,0,0,0,1
7397,1,1,0,1,0,0,0,1,1,0,0,0,0,1,1,1,0,0,0,0,1
7398,1,1,0,0,0,0,1,2,2,0,0,0,0,2,2,1,0,0,0,0,1
7399,1,1,1,0,0,0,0,1,1,1,0,0,0,0,1,1,1,0,0,0,0
7400,1,1,0,1,0,0,0,1,1,0,1,0,0,0,0,0,0,0,0,0,0
7401,1,1,1,0,0,0,0,1,1,1,0,0,0,0,1,1,0,0,0,0,1
7402,1,1,1,0,0,0,0,1,1,1,0,0,0,0,1,1,0,0,0,0,1
7403,1,1,0,0,0,0,1,1,1,1,0,0,0,0,1,1,0,0,0,0,1
7404,2,2,1,0,0,0,1,1,1,1,0,0,0,0,2,2,1,0,0,0,1
7405,2,2,1,0,0,0,1,2,2,1,0,0,0,1,2,2,0,0,0,0,2
7406,1,1,0,0,0,0,1,1,1,0,0,0,0,1,1,1,0,0,0,0,1
7407,1,1,0,0,0,0,1,1,1,0,0,0,0,1,1,1,0,0,0,0,1
7408,1,1,0,1,0,0,0,1,1,0,1,0,0,0,1,1,0,0,0,0,1
7409,1,1,0,0,0,0,1,1,1,0,0,0,0,1,1,1,0,0,0,0,1
7410,1,1,0,0,0,0,1,1,1,0,0,0,0,1,1,0,0,0,0,0,0
7411,1,1,0,0,0,0,1,1,1,0,0,0,0,1,1,1,0,0,0,0,1
7412,1,1,0,0,1,1,0,1,1,0,0,1,1,0,1,1,0,0,0,0,1
7413,1,1,0,1,0,0,0,1,1,0,1,0,0,0,1,1,0,0,0,0,1
7414,1,1,0,0,0,0,1,1,1,0,0,0,0,1,1,1,0,0,0,0,1
7415,1,1,0,0,0,0,1,1,1,0,0,0,0,1,1,1,0,0,0,0,1
7416,1,1,0,1,0,0,0,1,1,0,0,0,0,1,1,1,0,0,0,0,1
7417,1,1,0,0,0,0,1,1,1,0,0,0,0,1,1,1,0,0,0,0,1
7418,1,1,1,0,0,0,0,1,1,1,0,0,0,0,1,1,1,0,0,0,0
7419,1,1,1,0,0,0,0,1,1,0,0,1,1,0,1,1,1,0,0,0,0
7420,1,1,0,1,0,0,0,1,1,0,0,0,0,1,1,1,0,0,0,0,1
7421,1,1,0,1,0,0,0,1,1,0,0,1,1,0,1,1,0,1,0,0,0
7422,1,0,0,0,0,0,0,1,0,0,0,0,0,0,0,0,0,0,0,0,0
7423,1,1,0,1,0,0,0,1,1,0,0,0,0,1,0,0,0,0,0,0,0
7424,1,1,0,0,0,0,1,1,1,0,1,0,0,0,1,1,0,0,1,1,0
7425,1,1,0,0,0,0,1,1,1,0,0,0,0,1,1,1,0,0,0,0,1
7426,1,1,1,0,0,0,0,1,1,0,1,0,0,0,1,1,1,0,0,0,0
7427,1,1,0,0,0,0,1,1,1,1,0,0,0,0,1,1,0,0,0,0,1
7428,1,1,0,0,0,0,1,1,1,0,0,0,0,1,0,0,0,0,0,0,0
7429,1,1,0,0,0,0,1,1,1,0,0,0,0,1,1,1,0,0,0,0,1
7430,1,1,0,1,0,0,0,1,1,0,0,0,0,1,1,1,0,0,0,0,1
7431,1,0,0,0,0,0,0,1,0,0,0,0,0,0,1,0,0,0,0,0,0
7432,1,1,0,1,0,0,0,1,1,0,0,0,0,1,1,1,0,1,0,0,0
7433,1,1,0,0,0,0,1,1,0,0,0,0,0,0,1,1,0,0,0,0,1
7434,1,1,0,0,0,0,1,1,1,0,0,0,0,1,1,1,0,0,0,0,1
7435,1,1,0,0,0,0,1,1,1,0,0,0,0,1,1,1,0,0,0,0,1
7436,1,1,0,0,0,0,1,1,0,0,0,0,0,0,1,0,0,0,0,0,0
7437,1,0,0,0,0,0,0,1,0,0,0,0,0,0,1,0,0,0,0,0,0
7438,1,1,0,0,0,0,1,1,1,0,1,0,0,0,1,1,0,0,0,0,1
7439,1,1,1,0,0,0,0,1,1,1,0,0,0,0,1,1,1,0,0,0,0
7440,1,1,1,0,0,0,0,1,1,0,0,0,0,1,1,1,0,0,0,0,1
7441,1,1,0,1,0,0,0,1,1,0,0,0,0,1,1,1,0,0,0,0,1
7442,1,1,0,0,0,0,1,1,1,1,0,0,0,0,1,1,0,0,0,0,1
7443,1,1,0,0,0,0,1,1,1,0,0,0,0,1,1,1,1,0,0,0,0
7444,1,0,0,0,0,0,0,1,1,0,0,0,0,1,1,0,0,0,0,0,0
7445,1,1,1,0,0,0,0,1,1,0,0,0,0,1,1,1,0,0,0,0,1
7446,2,0,0,0,0,0,0,2,0,0,0,0,0,0,1,0,0,0,0,0,0
7447,1,0,0,0,0,0,0,1,0,0,0,0,0,0,0,0,0,0,0,0,0
7448,2,0,0,0,0,0,0,2,0,0,0,0,0,0,1,0,0,0,0,0,0
7449,1,1,0,0,0,0,1,1,1,0,0,0,0,1,1,1,1,0,0,0,0
7450,1,1,1,0,0,0,0,1,1,1,0,0,0,0,1,1,1,0,0,0,0
7451,1,0,0,0,0,0,0,1,0,0,0,0,0,0,1,0,0,0,0,0,0
7452,1,1,1,0,0,0,0,1,1,0,0,0,0,1,1,1,0,0,0,0,1
7453,1,1,0,0,0,0,1,1,1,0,0,0,0,1,1,1,0,0,0,0,1
7454,1,1,0,1,0,0,0,1,1,0,1,0,0,0,1,1,0,0,0,0,1
7455,1,1,0,1,0,0,0,1,1,0,1,0,0,0,1,1,0,0,0,0,1
7456,1,1,0,1,0,0,0,1,1,0,0,0,0,1,1,1,0,0,0,0,1
7457,2,1,0,0,0,0,1,1,1,0,0,0,0,1,2,1,0,0,0,0,1
7458,1,0,0,0,0,0,0,1,0,0,0,0,0,0,1,0,0,0,0,0,0
7460,1,0,0,0,0,0,0,1,1,0,0,1,1,0,1,1,0,1,0,0,0
7461,1,1,0,0,0,0,1,1,1,0,0,0,0,1,2,1,0,0,0,0,1
7462,1,1,0,0,0,0,1,1,1,0,0,0,0,1,1,1,0,0,0,0,1
7463,2,2,0,1,0,0,1,2,2,1,0,0,0,1,3,2,0,1,0,0,1
7464,1,1,0,0,0,0,1,1,1,0,0,1,1,0,1,1,0,1,0,0,0
7465,1,1,0,0,0,0,1,1,1,0,0,0,0,1,1,1,0,0,0,0,1
7466,1,1,0,0,0,0,1,1,1,0,0,0,0,1,1,1,1,0,0,0,0
7467,1,1,0,0,0,0,1,1,1,0,1,0,0,0,1,1,0,0,0,0,1
7468,1,1,0,0,0,0,1,1,1,0,0,0,0,1,1,1,0,0,0,0,1
7469,1,1,1,0,0,0,0,1,1,1,0,0,0,0,1,1,0,0,0,0,1
7470,1,1,1,0,0,0,0,1,1,0,0,0,0,1,1,1,1,0,0,0,0
7471,3,1,1,0,0,0,0,1,1,0,0,0,0,1,1,1,1,0,0,0,0
7472,1,1,0,0,0,0,1,1,1,0,0,0,0,1,1,1,0,0,0,0,1
7473,1,1,0,0,0,0,1,1,1,1,0,0,0,0,1,1,1,0,0,0,0
7474,1,1,0,0,0,0,1,1,1,0,0,0,0,1,1,1,0,0,0,0,1
7475,1,1,1,0,0,0,0,1,1,0,0,0,0,1,1,1,0,0,0,0,1
7476,1,1,0,0,0,0,1,1,1,0,1,0,0,0,1,1,0,0,0,0,1
7477,1,1,0,1,0,0,0,1,1,0,1,0,0,0,1,1,1,0,0,0,0
7478,1,0,0,0,0,0,0,1,0,0,0,0,0,0,0,0,0,0,0,0,0
7479,3,2,0,0,0,0,2,3,2,0,1,0,0,1,3,1,0,0,0,0,1
7480,0,0,0,0,0,0,0,1,0,0,0,0,0,0,0,0,0,0,0,0,0
7481,0,0,0,0,0,0,0,1,0,0,0,0,0,0,0,0,0,0,0,0,0
7482,1,0,0,0,0,0,0,1,0,0,0,0,0,0,1,0,0,0,0,0,0
7483,1,1,0,0,0,0,1,1,1,1,0,0,0,0,1,1,0,0,0,0,1
7484,1,1,0,0,0,0,1,1,1,1,0,0,0,0,1,1,0,0,0,0,1
7485,1,1,1,0,0,0,0,1,1,0,0,1,1,0,1,1,0,0,0,0,1
7486,1,1,0,0,0,0,1,1,1,0,0,0,0,1,1,1,0,1,0,0,0
7487,1,1,0,0,0,0,1,1,1,0,0,0,0,1,1,1,1,0,0,0,0
7488,1,1,0,1,0,0,0,1,1,0,0,1,1,0,1,1,0,0,0,0,1
7489,1,1,0,0,0,0,1,1,1,1,0,0,0,0,1,1,0,0,0,0,1
7490,1,1,0,0,0,0,1,1,1,0,0,0,0,1,1,0,0,0,0,0,0
7491,1,1,1,0,0,0,0,1,1,1,0,0,0,0,1,1,0,0,0,0,1
7492,1,1,1,0,0,0,0,1,1,0,0,1,1,0,1,1,0,0,0,0,1
7493,1,1,0,0,0,0,1,1,1,0,0,0,0,1,1,1,0,0,0,0,1
7494,1,1,1,0,0,0,0,1,1,0,0,0,0,1,1,1,0,0,0,0,1
7495,3,2,0,0,0,0,2,3,2,0,1,0,0,1,3,2,0,0,0,0,2
7496,1,1,0,1,0,0,0,1,1,0,1,0,0,0,1,1,1,0,0,0,0
7497,1,1,0,0,0,0,1,1,1,0,0,0,0,1,1,1,1,0,0,0,0
7498,2,2,2,0,0,0,0,2,2,0,0,0,0,2,2,2,1,0,0,0,1
7499,1,1,1,0,0,0,0,1,1,0,0,0,0,1,1,1,1,0,0,0,0
7500,1,0,0,0,0,0,0,1,0,0,0,0,0,0,0,0,0,0,0,0,0
7502,1,0,0,0,0,0,0,0,0,0,0,0,0,0,1,0,0,0,0,0,0
7503,1,0,0,0,0,0,0,1,0,0,0,0,0,0,1,0,0,0,0,0,0
7504,1,1,0,1,0,0,0,1,1,0,0,0,0,1,1,1,0,0,0,0,1
7505,1,1,0,1,0,0,0,1,1,0,0,1,1,0,1,1,0,0,0,0,1
7506,1,1,0,0,0,0,1,1,1,0,0,0,0,1,1,1,0,0,0,0,1
7507,1,1,0,0,0,0,1,1,1,1,0,0,0,0,1,1,0,0,0,0,1
7508,1,1,0,0,0,0,1,1,1,0,0,0,0,1,1,1,0,0,0,0,1
7509,1,1,1,0,0,0,0,1,1,0,0,0,0,1,1,1,0,0,0,0,1
7510,3,2,0,0,0,0,2,4,3,0,0,0,0,3,5,3,0,0,0,0,3
7511,1,1,0,0,0,0,1,1,1,0,0,0,0,1,1,1,0,0,0,0,1
7512,1,1,0,0,0,0,1,1,1,0,0,0,0,1,1,1,0,0,0,0,1
7513,1,1,0,0,0,0,1,1,1,0,0,0,0,1,1,1,0,0,0,0,1
7514,1,1,0,0,0,0,1,1,1,0,0,0,0,1,1,1,0,0,0,0,1
7515,1,1,0,0,0,0,1,1,1,0,0,0,0,1,0,0,0,0,0,0,0
7516,1,1,0,0,0,0,1,1,1,0,0,0,0,1,1,1,0,0,0,0,1
7517,1,1,0,0,0,0,1,1,1,0,0,0,0,1,1,1,0,0,0,0,1
7518,1,1,0,0,0,0,1,1,1,0,0,0,0,1,1,1,0,0,0,0,1
7519,1,1,1,0,0,0,0,1,1,1,0,0,0,0,1,1,0,0,1,1,0
7520,1,1,0,0,0,0,1,1,1,1,0,0,0,0,1,1,0,1,0,0,0
7521,1,1,0,0,0,0,1,1,1,0,0,0,0,1,1,1,0,0,0,0,1
7522,1,1,0,0,0,0,1,1,1,1,0,0,0,0,1,1,0,0,0,0,1
7523,1,1,0,0,0,0,1,1,1,0,0,0,0,1,1,1,0,1,0,0,0
7524,1,1,0,1,0,0,0,1,1,0,0,0,0,1,1,1,1,0,0,0,0
7525,1,1,0,1,0,0,0,1,1,0,1,0,0,0,1,1,0,1,0,0,0
7526,1,1,0,0,0,0,1,1,1,1,0,0,0,0,1,1,0,0,0,0,1
7527,1,1,0,0,0,0,1,1,1,1,0,0,0,0,1,1,0,1,0,0,0
7528,1,1,0,0,0,0,1,1,1,1,0,0,0,0,1,1,0,0,0,0,1
7529,1,0,0,0,0,0,0,1,0,0,0,0,0,0,0,0,0,0,0,0,0
7530,1,1,1,0,0,0,0,1,1,1,0,0,0,0,1,1,0,0,0,0,1
7531,1,1,0,1,0,0,0,2,2,0,2,0,0,0,2,2,0,1,0,0,1
7532,1,1,0,0,0,0,1,1,0,0,0,0,0,0,0,0,0,0,0,0,0
7533,1,0,0,0,0,0,0,1,0,0,0,0,0,0,1,0,0,0,0,0,0
7534,1,1,1,0,0,0,0,1,1,1,0,0,0,0,1,1,0,1,0,0,0
7535,1,1,0,0,0,0,1,1,1,0,0,0,0,1,1,1,0,0,0,0,1
7536,2,2,0,0,0,0,2,2,2,0,0,1,1,1,1,1,1,0,0,0,0
7537,1,1,0,0,0,0,1,1,1,0,0,0,0,1,1,1,0,0,0,0,1
7538,1,1,0,0,0,0,1,1,1,0,0,1,1,0,0,0,0,0,0,0,0
7539,1,1,1,0,0,0,0,1,1,0,1,0,0,0,1,1,0,0,0,0,1
7540,1,1,1,0,0,0,0,1,1,0,0,0,0,1,1,1,0,0,0,0,1
7541,1,1,0,1,0,0,0,1,1,0,1,0,0,0,0,0,0,0,0,0,0
7542,1,1,0,1,0,0,0,1,1,0,1,0,0,0,1,1,0,0,0,0,1
7543,1,1,0,1,0,0,0,1,1,0,1,0,0,0,1,1,0,0,0,0,1
7544,2,2,0,1,0,0,1,2,2,0,0,0,0,2,2,2,2,0,0,0,0
7545,1,1,1,0,0,0,0,1,1,1,0,0,0,0,1,1,0,0,0,0,1
7546,1,0,0,0,0,0,0,1,1,0,0,0,0,1,1,1,0,0,0,0,1
7547,1,0,0,0,0,0,0,0,0,0,0,0,0,0,1,0,0,0,0,0,0
7548,1,0,0,0,0,0,0,1,0,0,0,0,0,0,1,0,0,0,0,0,0
7549,1,1,1,0,0,0,0,1,1,0,0,0,0,1,1,1,0,1,0,0,0
7550,1,1,0,0,0,0,1,1,1,0,0,0,0,1,1,1,0,0,0,0,1
7551,1,1,0,0,0,0,1,1,1,0,0,0,0,1,1,1,0,0,0,0,1
7552,1,1,0,0,0,0,1,1,1,1,0,0,0,0,1,1,0,0,0,0,1
7553,1,1,0,0,0,0,1,1,1,1,0,0,0,0,1,1,1,0,0,0,0
7554,1,1,1,0,0,0,0,1,1,0,0,0,0,1,1,1,0,0,0,0,1
7555,1,1,0,1,0,0,0,1,1,0,1,0,0,0,2,1,0,1,0,0,0
7556,1,1,0,0,0,0,1,1,1,0,0,0,0,1,2,2,0,0,0,0,2
7557,1,1,0,0,0,0,1,1,1,0,0,0,0,1,1,1,0,0,0,0,1
7558,1,1,0,0,0,0,1,1,1,0,1,0,0,0,1,1,0,0,0,0,1
7559,1,0,0,0,0,0,0,1,0,0,0,0,0,0,1,0,0,0,0,0,0
7560,1,1,1,0,0,0,0,1,1,0,0,0,0,1,1,1,0,0,0,0,1
7561,1,0,0,0,0,0,0,1,0,0,0,0,0,0,0,0,0,0,0,0,0
7562,2,1,1,0,0,0,0,2,1,1,0,0,0,0,2,2,2,0,0,0,0
7563,1,0,0,0,0,0,0,1,0,0,0,0,0,0,1,0,0,0,0,0,0
7564,1,1,0,1,0,0,0,1,1,0,1,0,0,0,1,1,0,1,0,0,0
7565,2,2,0,2,0,0,0,2,2,0,1,1,1,0,1,1,0,0,0,0,1
7566,1,1,0,0,0,0,1,1,1,1,0,0,0,0,1,1,0,0,0,0,1
7567,1,1,0,0,0,0,1,1,1,0,0,0,0,1,1,1,0,0,0,0,1
7568,1,1,0,0,0,0,1,1,1,1,0,0,0,0,1,1,0,0,0,0,1
7569,1,1,0,0,0,0,1,1,1,0,0,0,0,1,1,1,0,0,0,0,1
7570,1,1,0,0,0,0,1,1,1,0,0,0,0,1,1,1,0,0,0,0,1
7571,1,0,0,0,0,0,0,0,0,0,0,0,0,0,0,0,0,0,0,0,0
7572,1,0,0,0,0,0,0,1,0,0,0,0,0,0,1,0,0,0,0,0,0
7573,0,0,0,0,0,0,0,0,0,0,0,0,0,0,1,0,0,0,0,0,0
7574,1,0,0,0,0,0,0,1,0,0,0,0,0,0,0,0,0,0,0,0,0
7575,1,1,1,0,0,0,0,1,1,1,0,0,0,0,1,1,0,0,0,0,1
7576,1,0,0,0,0,0,0,1,0,0,0,0,0,0,1,1,0,0,0,0,1
7577,1,1,0,0,0,0,1,1,1,0,0,0,0,1,1,1,0,0,0,0,1
7578,1,0,0,0,0,0,0,1,0,0,0,0,0,0,1,0,0,0,0,0,0
7579,1,0,0,0,0,0,0,1,0,0,0,0,0,0,1,0,0,0,0,0,0
7580,1,1,0,0,0,0,1,0,0,0,0,0,0,0,1,0,0,0,0,0,0
7581,1,1,1,0,0,0,0,1,1,0,0,0,0,1,1,1,0,0,0,0,1
7582,1,1,0,0,0,0,1,1,1,0,1,0,0,0,1,1,0,0,0,0,1
7583,1,1,0,0,0,0,1,1,1,0,0,0,0,1,1,1,0,0,0,0,1
7584,1,0,0,0,0,0,0,1,0,0,0,0,0,0,0,0,0,0,0,0,0
7585,1,0,0,0,0,0,0,1,0,0,0,0,0,0,1,1,0,0,0,0,1
7586,1,1,1,0,0,0,0,1,1,1,0,0,0,0,1,1,1,0,0,0,0
7587,1,0,0,0,0,0,0,1,0,0,0,0,0,0,1,0,0,0,0,0,0
7588,1,0,0,0,0,0,0,0,0,0,0,0,0,0,1,0,0,0,0,0,0
7589,1,1,0,0,0,0,1,1,0,0,0,0,0,0,0,0,0,0,0,0,0
7590,2,0,0,0,0,0,0,2,1,0,0,0,0,1,2,0,0,0,0,0,0
7591,0,0,0,0,0,0,0,1,0,0,0,0,0,0,0,0,0,0,0,0,0
7592,1,1,0,0,0,0,1,1,1,0,0,0,0,1,1,1,0,0,0,0,1
7593,1,0,0,0,0,0,0,1,0,0,0,0,0,0,0,0,0,0,0,0,0
7594,1,1,0,0,1,1,0,1,1,0,0,0,0,1,1,1,0,0,0,0,1
7595,1,1,0,0,0,0,1,1,1,1,0,0,0,0,1,1,0,0,0,0,1
7596,1,0,0,0,0,0,0,1,0,0,0,0,0,0,1,0,0,0,0,0,0
7597,1,1,0,0,0,0,1,1,1,0,0,0,0,1,1,1,0,0,0,0,1
7598,1,1,0,0,0,0,1,2,1,1,0,0,0,0,1,1,0,0,0,0,1
7599,3,3,0,1,0,0,2,2,2,1,0,0,0,1,2,2,0,0,0,0,2
7600,1,1,0,1,0,0,0,1,1,0,0,0,0,1,1,1,0,0,0,0,1
7601,1,1,0,0,0,0,1,1,1,0,0,0,0,1,1,1,0,0,0,0,1
7602,1,1,0,0,0,0,1,1,1,1,0,0,0,0,1,1,0,0,0,0,1
7603,1,1,0,0,0,0,1,1,1,0,0,0,0,1,1,1,0,0,0,0,1
7604,1,1,0,0,0,0,1,1,1,0,0,0,0,1,1,1,0,0,0,0,1
7605,1,1,0,0,0,0,1,1,1,0,0,0,0,1,1,1,0,0,0,0,1
7606,1,1,0,0,0,0,1,1,0,0,0,0,0,0,0,0,0,0,0,0,0
7607,1,1,0,0,0,0,1,1,1,0,0,0,0,1,1,1,0,0,0,0,1
7608,1,1,0,0,0,0,1,1,1,0,1,0,0,0,0,0,0,0,0,0,0
7609,1,1,0,0,0,0,1,1,1,0,0,0,0,1,1,1,1,0,0,0,0
7610,1,1,0,0,0,0,1,1,1,1,0,0,0,0,1,1,0,1,0,0,0
7611,1,1,0,0,0,0,1,1,1,0,0,0,0,1,1,1,0,0,0,0,1
7612,1,1,0,0,0,0,1,1,1,0,1,0,0,0,1,1,0,0,0,0,1
7613,1,1,0,0,0,0,1,1,1,0,0,0,0,1,1,1,1,0,0,0,0
7614,2,1,1,0,0,0,0,2,2,1,0,0,0,1,2,1,0,1,0,0,0
7615,1,1,0,0,1,1,0,1,1,0,0,0,0,1,1,1,0,1,0,0,0
7616,2,0,0,0,0,0,0,2,0,0,0,0,0,0,0,0,0,0,0,0,0
7618,0,0,0,0,0,0,0,1,0,0,0,0,0,0,0,0,0,0,0,0,0
7619,1,1,0,0,0,0,1,1,1,0,0,0,0,1,1,1,0,0,0,0,1
7620,1,1,0,0,0,0,1,1,1,0,0,0,0,1,1,1,0,0,0,0,1
7621,1,0,0,0,0,0,0,1,0,0,0,0,0,0,1,0,0,0,0,0,0
7622,1,1,1,0,0,0,0,1,1,1,0,0,0,0,1,1,1,0,0,0,0
7623,1,1,0,0,0,0,1,1,1,0,0,0,0,1,1,1,0,0,0,0,1
7624,1,1,0,0,0,0,1,1,1,0,0,0,0,1,0,0,0,0,0,0,0
7625,1,1,0,0,0,0,1,1,1,0,0,0,0,1,1,1,1,0,0,0,0
7626,1,1,0,0,0,0,1,1,1,0,0,0,0,1,1,1,0,1,0,0,0
7627,1,1,1,0,0,0,0,1,1,0,0,0,0,1,1,1,0,1,0,0,0
7628,1,1,0,0,0,0,1,1,1,0,0,0,0,1,1,1,0,1,0,0,0
7629,1,0,0,0,0,0,0,1,0,0,0,0,0,0,1,0,0,0,0,0,0
7630,1,0,0,0,0,0,0,0,0,0,0,0,0,0,0,0,0,0,0,0,0
7631,1,1,1,0,0,0,0,1,1,1,0,0,0,0,1,1,1,0,0,0,0
7632,1,0,0,0,0,0,0,1,1,0,1,0,0,0,1,1,0,0,0,0,1
7633,2,1,0,1,0,0,0,2,1,0,1,0,0,0,1,1,0,0,0,0,1
7634,2,1,1,0,0,0,0,4,2,1,0,0,0,1,2,1,0,0,0,0,1
7635,1,1,0,0,0,0,1,1,1,0,0,0,0,1,1,1,0,0,0,0,1
7636,1,1,0,0,0,0,1,1,1,0,1,0,0,0,1,1,0,1,0,0,0
7637,1,1,0,0,0,0,1,1,1,0,0,0,0,1,0,0,0,0,0,0,0
7638,2,2,0,1,0,0,1,2,2,0,2,0,0,0,1,1,0,1,0,0,0
7639,1,1,0,0,0,0,1,1,1,1,0,0,0,0,1,1,0,0,0,0,1
7640,1,1,0,0,0,0,1,1,1,0,0,0,0,1,0,0,0,0,0,0,0
7641,1,1,1,0,0,0,0,1,1,1,0,0,0,0,1,1,0,1,0,0,0
7642,1,0,0,0,0,0,0,1,0,0,0,0,0,0,0,0,0,0,0,0,0
7643,1,1,0,0,0,0,1,1,1,0,1,0,0,0,1,1,1,0,0,0,0
7644,1,1,1,0,0,0,0,1,1,1,0,0,0,0,0,0,0,0,0,0,0
7645,2,1,0,0,0,0,1,2,0,0,0,0,0,0,1,0,0,0,0,0,0
7646,1,1,0,1,0,0,0,1,1,0,1,0,0,0,1,1,0,0,0,0,1
7647,2,1,0,0,0,0,1,2,0,0,0,0,0,0,1,1,0,0,0,0,1
7648,0,0,0,0,0,0,0,0,0,0,0,0,0,0,1,0,0,0,0,0,0
7650,1,1,0,0,0,0,1,0,0,0,0,0,0,0,0,0,0,0,0,0,0
7651,1,0,0,0,0,0,0,0,0,0,0,0,0,0,0,0,0,0,0,0,0
7652,1,1,0,0,0,0,1,1,1,1,0,0,0,0,1,1,0,0,0,0,1
7653,1,0,0,0,0,0,0,1,0,0,0,0,0,0,1,0,0,0,0,0,0
7654,1,1,0,0,0,0,1,1,1,0,0,0,0,1,1,1,0,0,0,0,1
7655,1,1,0,1,0,0,0,1,1,0,0,0,0,1,1,1,1,0,0,0,0
7656,1,1,0,1,0,0,0,1,1,0,0,0,0,1,1,1,0,0,0,0,1
7657,1,0,0,0,0,0,0,0,0,0,0,0,0,0,1,0,0,0,0,0,0
7658,1,1,0,0,0,0,1,1,0,0,0,0,0,0,1,0,0,0,0,0,0
7659,1,0,0,0,0,0,0,1,0,0,0,0,0,0,1,0,0,0,0,0,0
7660,0,0,0,0,0,0,0,0,0,0,0,0,0,0,1,0,0,0,0,0,0
7661,3,1,1,0,0,0,0,1,1,1,0,0,0,0,3,1,0,0,0,0,1
7662,1,1,0,0,0,0,1,1,1,0,0,0,0,1,1,1,0,0,0,0,1
7663,1,1,0,0,0,0,1,1,1,0,0,0,0,1,1,1,0,0,0,0,1
7664,1,1,0,0,0,0,1,1,1,1,0,0,0,0,0,0,0,0,0,0,0
7665,1,1,1,0,0,0,0,1,1,1,0,0,0,0,1,1,1,0,0,0,0
7666,1,1,0,0,0,0,1,1,1,0,0,0,0,1,0,0,0,0,0,0,0
7667,1,1,0,1,0,0,0,1,1,0,0,1,1,0,1,1,0,0,0,0,1
7668,1,1,0,1,0,0,0,1,1,0,0,0,0,1,1,1,0,1,0,0,0
7669,1,1,0,1,0,0,0,1,1,0,0,1,1,0,1,1,1,0,0,0,0
7670,3,2,1,0,0,0,1,4,4,1,0,0,0,3,4,2,0,0,0,0,2
7671,1,1,0,0,0,0,1,1,1,1,0,0,0,0,1,1,0,1,0,0,0
7672,1,0,0,0,0,0,0,1,0,0,0,0,0,0,1,0,0,0,0,0,0
7673,1,0,0,0,0,0,0,1,0,0,0,0,0,0,1,1,0,0,0,0,1
7674,1,0,0,0,0,0,0,1,0,0,0,0,0,0,1,0,0,0,0,0,0
7675,1,1,0,0,0,0,1,1,1,1,0,0,0,0,1,1,0,0,0,0,1
7676,1,0,0,0,0,0,0,1,0,0,0,0,0,0,0,0,0,0,0,0,0
7677,1,0,0,0,0,0,0,1,0,0,0,0,0,0,0,0,0,0,0,0,0
7678,1,0,0,0,0,0,0,1,0,0,0,0,0,0,1,1,0,0,0,0,1
7679,0,0,0,0,0,0,0,1,0,0,0,0,0,0,1,0,0,0,0,0,0
7680,1,1,0,0,0,0,1,1,1,0,0,0,0,1,1,1,0,0,0,0,1
7681,1,1,0,0,0,0,1,1,1,0,0,0,0,1,1,1,0,0,1,1,0
7682,1,1,0,0,0,0,1,1,1,0,0,0,0,1,1,1,0,0,0,0,1
7683,1,1,0,0,0,0,1,1,1,0,0,0,0,1,1,1,0,0,0,0,1
7684,1,1,0,0,0,0,1,1,1,0,0,0,0,1,1,1,1,0,0,0,0
7685,1,1,0,0,0,0,1,1,1,1,0,0,0,0,1,1,0,0,0,0,1
7686,1,1,0,0,0,0,1,1,1,0,1,0,0,0,1,1,0,0,0,0,1
7687,1,1,0,0,0,0,1,1,1,1,0,0,0,0,1,1,0,0,0,0,1
7688,1,1,0,0,0,0,1,1,1,1,0,0,0,0,1,1,1,0,0,0,0
7689,1,1,0,0,0,0,1,1,0,0,0,0,0,0,1,1,1,0,0,0,0
7690,1,1,1,0,0,0,0,1,1,0,0,1,1,0,1,1,0,1,0,0,0
7691,1,1,0,1,0,0,0,1,1,0,0,0,0,1,1,1,0,0,0,0,1
7692,0,0,0,0,0,0,0,1,0,0,0,0,0,0,1,0,0,0,0,0,0
7693,0,0,0,0,0,0,0,1,0,0,0,0,0,0,1,0,0,0,0,0,0
7694,0,0,0,0,0,0,0,0,0,0,0,0,0,0,1,0,0,0,0,0,0
7695,1,1,0,1,0,0,0,1,1,0,1,0,0,0,1,1,0,0,0,0,1
7696,1,1,0,0,1,1,0,1,1,0,0,1,1,0,1,1,0,0,0,0,1
7697,1,1,0,1,0,0,0,1,1,0,0,0,0,1,1,1,0,1,0,0,0
7698,1,1,0,1,0,0,0,1,1,0,0,0,0,1,1,1,0,1,0,0,0
7699,1,1,1,0,0,0,0,1,1,1,0,0,0,0,1,1,1,0,0,0,0
7700,1,1,1,0,0,0,0,1,1,1,0,0,0,0,1,1,1,0,0,0,0
7701,1,0,0,0,0,0,0,1,0,0,0,0,0,0,1,0,0,0,0,0,0
7702,1,1,0,0,0,0,1,1,1,1,0,0,0,0,1,1,0,0,0,0,1
7703,1,1,1,0,0,0,0,1,1,0,0,0,0,1,1,1,0,0,0,0,1
7704,1,0,0,0,0,0,0,1,0,0,0,0,0,0,1,0,0,0,0,0,0
7705,0,0,0,0,0,0,0,1,0,0,0,0,0,0,0,0,0,0,0,0,0
7706,1,0,0,0,0,0,0,1,0,0,0,0,0,0,1,0,0,0,0,0,0
7707,1,1,0,0,0,0,1,1,1,0,0,0,0,1,1,1,1,0,0,0,0
7708,1,1,0,0,0,0,1,1,1,0,0,0,0,1,1,1,0,0,0,0,1
7709,2,0,0,0,0,0,0,0,0,0,0,0,0,0,2,0,0,0,0,0,0
7710,1,0,0,0,0,0,0,1,0,0,0,0,0,0,0,0,0,0,0,0,0
7712,1,1,0,1,0,0,0,1,1,0,1,0,0,0,1,1,0,1,0,0,0
7713,1,0,0,0,0,0,0,1,0,0,0,0,0,0,0,0,0,0,0,0,0
7714,1,1,0,1,0,0,0,1,1,0,1,0,0,0,0,0,0,0,0,0,0
7715,1,0,0,0,0,0,0,2,0,0,0,0,0,0,1,0,0,0,0,0,0
7716,1,1,0,0,0,0,1,1,1,0,0,0,0,1,0,0,0,0,0,0,0
7717,1,1,0,0,0,0,1,1,1,0,0,0,0,1,1,1,0,0,0,0,1
7718,1,1,0,1,0,0,0,1,1,0,0,0,0,1,1,1,1,0,0,0,0
7719,1,0,0,0,0,0,0,1,0,0,0,0,0,0,0,0,0,0,0,0,0
7720,1,1,0,0,0,0,1,1,1,0,0,0,0,1,1,1,0,0,0,0,1
7721,1,1,0,0,0,0,1,1,1,0,0,0,0,1,1,1,0,1,0,0,0
7722,1,1,0,0,0,0,1,1,1,0,1,0,0,0,1,1,0,1,0,0,0
7723,1,1,1,0,0,0,0,1,1,1,0,0,0,0,0,0,0,0,0,0,0
7724,1,1,0,0,1,1,0,1,1,1,0,0,0,0,1,1,0,0,0,0,1
7725,1,1,0,0,0,0,1,1,1,1,0,0,0,0,0,0,0,0,0,0,0
7726,0,0,0,0,0,0,0,1,0,0,0,0,0,0,0,0,0,0,0,0,0
7727,1,0,0,0,0,0,0,1,0,0,0,0,0,0,0,0,0,0,0,0,0
7728,1,0,0,0,0,0,0,1,1,0,0,0,0,1,0,0,0,0,0,0,0
7729,1,1,0,0,0,0,1,1,1,0,0,0,0,1,0,0,0,0,0,0,0
7730,1,1,0,0,0,0,1,1,1,1,0,0,0,0,0,0,0,0,0,0,0
7731,1,1,0,0,0,0,1,2,2,0,0,0,0,2,1,1,0,1,0,0,0
7732,1,1,1,0,0,0,0,1,1,1,0,0,0,0,1,1,0,0,0,0,1
7733,1,0,0,0,0,0,0,1,0,0,0,0,0,0,1,0,0,0,0,0,0
7734,1,0,0,0,0,0,0,1,1,0,0,0,0,1,1,1,0,0,0,0,1
7735,1,1,0,0,0,0,1,1,1,0,1,0,0,0,1,1,0,0,0,0,1
7736,1,1,0,0,0,0,1,1,1,0,0,0,0,1,1,1,0,0,0,0,1
7737,1,0,0,0,0,0,0,1,0,0,0,0,0,0,0,0,0,0,0,0,0
7738,1,1,1,0,0,0,0,1,1,0,1,0,0,0,1,1,1,0,0,0,0
7739,3,2,0,0,0,0,2,3,2,1,0,0,0,1,2,1,1,0,0,0,0
7740,1,1,1,0,0,0,0,1,1,0,0,0,0,1,1,1,0,0,0,0,1
7741,1,1,0,0,0,0,1,1,1,0,0,0,0,1,1,0,0,0,0,0,0
7742,1,1,0,1,0,0,0,1,1,0,0,0,0,1,1,1,0,0,0,0,1
7743,1,0,0,0,0,0,0,1,0,0,0,0,0,0,1,0,0,0,0,0,0
7744,1,1,0,0,0,0,1,1,1,0,0,0,0,1,1,1,1,0,0,0,0
7745,1,1,0,0,0,0,1,1,1,0,0,0,0,1,1,1,0,0,0,0,1
7746,1,1,0,1,0,0,0,1,1,0,1,0,0,0,1,1,1,0,0,0,0
7747,1,1,0,1,0,0,0,1,1,0,1,0,0,0,1,1,1,0,0,0,0
7748,1,0,0,0,0,0,0,1,0,0,0,0,0,0,1,0,0,0,0,0,0
7749,1,1,0,0,0,0,1,1,1,0,0,0,0,1,1,1,0,0,0,0,1
7750,1,1,0,0,0,0,1,1,1,0,0,0,0,1,1,1,0,0,0,0,1
7751,1,1,0,0,0,0,1,1,0,0,0,0,0,0,1,1,0,0,0,0,1
7752,1,1,0,0,0,0,1,1,1,0,0,0,0,1,1,1,1,0,0,0,0
7753,1,0,0,0,0,0,0,0,0,0,0,0,0,0,0,0,0,0,0,0,0
7755,1,1,0,0,0,0,1,1,1,1,0,0,0,0,1,1,0,0,1,1,0
7756,1,1,0,0,0,0,1,1,1,0,0,0,0,1,1,1,0,0,0,0,1
7757,1,1,1,0,0,0,0,1,1,0,0,0,0,1,1,1,1,0,0,0,0
7758,1,1,0,0,1,1,0,1,1,0,0,1,1,0,1,1,0,0,1,1,0
7759,1,1,0,0,0,0,1,1,1,0,0,1,1,0,1,1,0,1,0,0,0
7760,1,1,0,0,0,0,1,1,1,1,0,0,0,0,1,1,0,0,0,0,1
7761,1,1,0,1,0,0,0,1,1,0,0,0,0,1,0,0,0,0,0,0,0
7762,1,1,0,0,0,0,1,1,1,0,0,0,0,1,1,1,0,0,0,0,1
7763,1,1,0,0,0,0,1,1,1,0,0,0,0,1,1,1,1,0,0,0,0
7764,1,1,0,0,0,0,1,1,1,0,1,0,0,0,1,1,0,1,0,0,0
7765,1,1,0,0,0,0,1,1,1,1,0,0,0,0,1,1,0,0,0,0,1
7766,1,1,0,0,0,0,1,1,1,1,0,0,0,0,1,1,0,0,0,0,1
7767,1,1,0,1,0,0,0,1,1,0,0,0,0,1,1,1,0,0,0,0,1
7768,1,1,0,0,0,0,1,1,1,0,0,0,0,1,1,1,0,0,0,0,1
7769,1,1,0,0,0,0,1,1,1,0,0,0,0,1,1,1,0,0,0,0,1
7770,1,1,0,0,0,0,1,1,1,0,1,0,0,0,1,1,0,0,0,0,1
7771,1,1,0,1,0,0,0,1,1,1,0,0,0,0,1,1,0,0,0,0,1
7772,1,1,0,0,0,0,1,1,1,0,0,0,0,1,1,1,1,0,0,0,0
7773,1,1,0,0,0,0,1,1,1,0,0,0,0,1,1,1,0,0,0,0,1
7774,1,1,0,0,0,0,1,1,1,0,0,0,0,1,1,1,0,0,0,0,1
7775,1,1,0,0,0,0,1,1,1,0,0,0,0,1,1,1,1,0,0,0,0
7776,1,1,0,0,0,0,1,1,1,0,0,0,0,1,1,1,1,0,0,0,0
7777,1,1,1,0,0,0,0,1,1,0,0,1,1,0,1,1,0,0,0,0,1
7778,1,1,1,0,0,0,0,1,1,0,0,0,0,1,1,1,0,0,0,0,1
7779,1,1,1,0,0,0,0,1,1,0,0,0,0,1,1,1,0,0,0,0,1
7780,1,1,0,0,0,0,1,1,1,0,0,0,0,1,1,1,0,0,0,0,1
7781,1,1,0,1,0,0,0,1,1,0,1,0,0,0,1,1,0,0,0,0,1
7782,1,1,0,0,0,0,1,1,1,0,0,0,0,1,1,1,0,0,0,0,1
7783,1,1,0,0,0,0,1,1,1,0,0,0,0,1,1,1,0,0,0,0,1
7784,1,1,0,0,0,0,1,1,1,1,0,0,0,0,1,1,0,0,0,0,1
7785,1,1,0,0,0,0,1,2,2,1,0,0,0,1,1,1,0,0,0,0,1
7786,1,1,0,0,0,0,1,1,1,1,0,0,0,0,1,1,0,0,0,0,1
7787,1,0,0,0,0,0,0,1,1,0,0,0,0,1,1,1,0,0,0,0,1
7788,1,1,0,0,0,0,1,1,1,1,0,0,0,0,1,1,0,0,0,0,1
7790,1,0,0,0,0,0,0,1,1,0,0,0,0,1,2,1,0,0,0,0,1
7791,1,1,0,0,1,1,0,1,1,1,0,0,0,0,1,1,0,0,0,0,1
7792,1,0,0,0,0,0,0,1,0,0,0,0,0,0,1,0,0,0,0,0,0
7793,1,1,0,0,0,0,1,1,0,0,0,0,0,0,1,1,0,0,0,0,1
7794,1,1,1,0,0,0,0,1,1,0,0,0,0,1,1,1,0,0,0,0,1
7795,1,0,0,0,0,0,0,0,0,0,0,0,0,0,1,0,0,0,0,0,0
7796,1,0,0,0,0,0,0,0,0,0,0,0,0,0,0,0,0,0,0,0,0
7797,0,0,0,0,0,0,0,0,0,0,0,0,0,0,1,0,0,0,0,0,0
7798,1,1,0,0,0,0,1,1,1,0,0,0,0,1,1,0,0,0,0,0,0
7799,0,0,0,0,0,0,0,1,0,0,0,0,0,0,0,0,0,0,0,0,0
7800,1,1,0,0,0,0,1,1,1,0,0,0,0,1,1,1,0,0,0,0,1
7801,1,0,0,0,0,0,0,1,0,0,0,0,0,0,0,0,0,0,0,0,0
7802,1,1,1,0,0,0,0,1,1,1,0,0,0,0,0,0,0,0,0,0,0
7803,1,1,0,0,0,0,1,1,1,0,0,0,0,1,1,0,0,0,0,0,0
7804,1,1,0,0,0,0,1,1,1,0,0,0,0,1,1,1,0,0,0,0,1
7805,1,1,1,0,0,0,0,1,1,0,0,0,0,1,1,1,0,1,0,0,0
7806,1,1,0,0,0,0,1,1,1,0,0,0,0,1,1,1,0,0,0,0,1
7807,1,1,0,0,0,0,1,1,1,0,0,0,0,1,1,1,1,0,0,0,0
7808,1,1,0,0,0,0,1,1,1,1,0,0,0,0,1,1,0,0,0,0,1
7809,1,0,0,0,0,0,0,1,1,0,0,0,0,1,1,0,0,0,0,0,0
7810,2,1,0,0,0,0,1,1,1,0,0,0,0,1,2,1,0,0,0,0,1
7811,1,1,0,0,0,0,1,1,1,0,0,1,1,0,1,1,0,0,0,0,1
7812,1,1,1,0,0,0,0,1,1,0,0,0,0,1,1,1,0,0,0,0,1
7813,1,0,0,0,0,0,0,1,0,0,0,0,0,0,0,0,0,0,0,0,0
7814,1,1,0,0,0,0,1,1,1,0,0,0,0,1,1,1,0,0,0,0,1
7815,1,1,0,0,0,0,1,1,1,0,0,0,0,1,1,1,0,0,0,0,1
7816,1,1,0,0,0,0,1,1,1,0,0,0,0,1,0,0,0,0,0,0,0
7817,1,0,0,0,0,0,0,0,0,0,0,0,0,0,1,0,0,0,0,0,0
7818,1,0,0,0,0,0,0,1,1,0,0,0,0,1,1,0,0,0,0,0,0
7819,1,1,0,1,0,0,0,1,1,1,0,0,0,0,1,1,0,0,0,0,1
7820,1,1,0,0,0,0,1,1,1,0,0,0,0,1,1,1,0,0,0,0,1
7821,1,1,0,0,0,0,1,1,1,0,0,0,0,1,1,1,0,0,0,0,1
7822,1,1,1,0,0,0,0,1,1,1,0,0,0,0,1,1,0,0,0,0,1
7823,1,1,0,0,0,0,1,1,1,0,0,0,0,1,1,1,1,0,0,0,0
7824,1,1,0,0,0,0,1,1,1,1,0,0,0,0,1,1,1,0,0,0,0
7825,1,1,0,0,0,0,1,1,1,1,0,0,0,0,1,1,0,0,0,0,1
7826,1,1,0,0,0,0,1,1,0,0,0,0,0,0,1,1,0,0,0,0,1
7827,1,1,1,0,0,0,0,1,1,0,0,0,0,1,1,1,1,0,0,0,0
7828,1,1,1,0,0,0,0,1,1,1,0,0,0,0,1,1,0,0,0,0,1
7829,1,1,1,0,0,0,0,1,1,0,0,0,0,1,1,1,1,0,0,0,0
7830,1,0,0,0,0,0,0,1,0,0,0,0,0,0,2,0,0,0,0,0,0
7831,1,0,0,0,0,0,0,0,0,0,0,0,0,0,1,0,0,0,0,0,0
7832,1,0,0,0,0,0,0,1,0,0,0,0,0,0,1,1,0,0,0,0,1
7833,1,1,0,0,0,0,1,1,1,0,0,0,0,1,1,1,0,0,0,0,1
7834,1,0,0,0,0,0,0,1,1,0,0,0,0,1,1,1,1,0,0,0,0
7835,1,1,0,1,0,0,0,1,1,0,0,1,1,0,1,1,0,0,1,1,0
7836,2,1,0,0,0,0,1,2,1,0,0,0,0,1,1,1,0,1,0,0,0
7837,1,1,0,0,0,0,1,1,1,0,0,0,0,1,1,1,0,0,0,0,1
7838,1,0,0,0,0,0,0,0,0,0,0,0,0,0,1,0,0,0,0,0,0
7839,1,1,0,0,0,0,1,1,1,0,0,0,0,1,1,1,0,1,0,0,0
7840,1,1,0,0,0,0,1,1,1,0,0,0,0,1,1,1,0,0,0,0,1
7841,1,1,0,0,0,0,1,1,1,0,0,0,0,1,1,1,0,0,0,0,1
7842,1,1,0,0,0,0,1,1,1,1,0,0,0,0,1,1,0,0,0,0,1
7843,1,1,0,1,0,0,0,1,1,0,0,0,0,1,1,1,0,0,0,0,1
7844,1,1,0,0,0,0,1,1,1,1,0,0,0,0,1,1,0,0,0,0,1
7845,1,0,0,0,0,0,0,1,0,0,0,0,0,0,1,0,0,0,0,0,0
7846,1,1,0,0,0,0,1,1,1,1,0,0,0,0,1,1,0,0,0,0,1
7847,2,2,2,0,0,0,0,2,2,0,0,0,0,2,2,1,0,0,0,0,1
7848,1,1,0,0,0,0,1,1,1,0,0,0,0,1,1,1,0,1,0,0,0
7849,1,1,0,0,0,0,1,1,1,1,0,0,0,0,1,1,0,0,0,0,1
7850,1,1,0,0,0,0,1,1,1,0,0,0,0,1,1,0,0,0,0,0,0
7851,1,0,0,0,0,0,0,1,0,0,0,0,0,0,1,0,0,0,0,0,0
7852,1,0,0,0,0,0,0,1,0,0,0,0,0,0,0,0,0,0,0,0,0
7853,1,1,0,0,0,0,1,1,1,0,0,0,0,1,0,0,0,0,0,0,0
7854,1,1,0,0,0,0,1,1,1,1,0,0,0,0,1,1,1,0,0,0,0
7855,1,0,0,0,0,0,0,1,1,0,0,0,0,1,0,0,0,0,0,0,0
7856,1,0,0,0,0,0,0,1,1,1,0,0,0,0,2,0,0,0,0,0,0
7857,1,0,0,0,0,0,0,1,0,0,0,0,0,0,1,0,0,0,0,0,0
7858,1,0,0,0,0,0,0,1,0,0,0,0,0,0,0,0,0,0,0,0,0
7859,1,0,0,0,0,0,0,1,0,0,0,0,0,0,1,0,0,0,0,0,0
7860,1,1,1,0,0,0,0,1,1,1,0,0,0,0,1,1,0,0,0,0,1
7861,1,1,0,0,0,0,1,1,1,1,0,0,0,0,1,1,0,1,0,0,0
7862,1,1,0,0,0,0,1,1,1,0,0,0,0,1,0,0,0,0,0,0,0
7863,0,0,0,0,0,0,0,0,0,0,0,0,0,0,1,0,0,0,0,0,0
7864,1,1,0,0,0,0,1,1,1,0,1,0,0,0,1,1,0,0,0,0,1
7865,2,2,0,1,0,0,1,2,2,1,0,0,0,1,1,1,0,1,0,0,0
7866,1,1,0,1,0,0,0,1,1,1,0,0,0,0,1,1,0,0,0,0,1
7867,1,1,0,1,0,0,0,1,1,0,1,0,0,0,1,1,0,0,1,1,0
7868,1,1,0,1,0,0,0,1,1,0,0,0,0,1,1,0,0,0,0,0,0
7869,1,1,0,0,0,0,1,1,1,0,0,0,0,1,1,1,0,0,0,0,1
7870,1,0,0,0,0,0,0,0,0,0,0,0,0,0,1,1,0,0,0,0,1
7871,1,0,0,0,0,0,0,0,0,0,0,0,0,0,1,0,0,0,0,0,0
7872,1,1,0,0,0,0,1,1,0,0,0,0,0,0,0,0,0,0,0,0,0
7873,1,1,0,0,0,0,1,1,1,0,0,0,0,1,1,1,0,1,0,0,0
7874,1,1,0,0,0,0,1,1,1,1,0,0,0,0,1,1,0,0,0,0,1
7875,1,1,0,0,0,0,1,1,1,0,0,0,0,1,1,1,0,1,0,0,0
7876,1,1,0,0,0,0,1,1,1,0,0,0,0,1,1,1,0,1,0,0,0
7877,1,1,0,0,0,0,1,1,1,1,0,0,0,0,1,1,0,1,0,0,0
7878,1,1,0,0,0,0,1,1,1,1,0,0,0,0,1,1,0,0,0,0,1
7879,1,1,0,0,0,0,1,1,1,0,0,0,0,1,1,1,0,0,0,0,1
7881,0,0,0,0,0,0,0,1,0,0,0,0,0,0,1,0,0,0,0,0,0
7882,1,1,0,1,0,0,0,1,1,0,0,0,0,1,1,1,0,0,0,0,1
7883,1,1,0,0,0,0,1,0,0,0,0,0,0,0,1,0,0,0,0,0,0
7884,1,0,0,0,0,0,0,0,0,0,0,0,0,0,2,1,0,0,0,0,1
7885,1,1,0,0,0,0,1,1,0,0,0,0,0,0,1,0,0,0,0,0,0
7886,1,1,1,0,0,0,0,1,1,1,0,0,0,0,1,1,1,0,0,0,0
7887,1,1,0,0,0,0,1,1,1,0,1,0,0,0,0,0,0,0,0,0,0
7888,2,2,0,0,0,0,2,2,2,0,0,0,0,2,3,3,1,0,0,0,2
7889,1,1,0,0,0,0,1,1,1,0,0,0,0,1,1,1,0,0,0,0,1
7890,1,1,1,0,0,0,0,1,1,1,0,0,0,0,1,1,0,0,0,0,1
7891,1,1,1,0,0,0,0,1,1,1,0,0,0,0,1,1,0,1,0,0,0
7892,1,1,0,0,0,0,1,1,1,0,1,0,0,0,1,1,0,0,0,0,1
7893,1,1,1,0,0,0,0,1,1,1,0,0,0,0,1,1,0,0,0,0,1
7894,1,0,0,0,0,0,0,0,0,0,0,0,0,0,0,0,0,0,0,0,0
7896,0,0,0,0,0,0,0,1,0,0,0,0,0,0,1,0,0,0,0,0,0
7897,1,0,0,0,0,0,0,0,0,0,0,0,0,0,0,0,0,0,0,0,0
7898,1,0,0,0,0,0,0,0,0,0,0,0,0,0,0,0,0,0,0,0,0
7899,1,1,1,0,0,0,0,1,1,0,0,0,0,1,1,1,0,0,0,0,1
7900,1,0,0,0,0,0,0,1,0,0,0,0,0,0,1,1,1,0,0,0,0
7901,1,1,0,0,0,0,1,1,1,0,0,0,0,1,1,1,1,0,0,0,0
7902,1,1,0,1,0,0,0,1,1,0,1,0,0,0,1,1,0,0,0,0,1
7903,1,1,0,1,0,0,0,1,1,0,1,0,0,0,1,1,0,1,0,0,0
7904,0,0,0,0,0,0,0,1,0,0,0,0,0,0,1,0,0,0,0,0,0
7905,1,1,0,1,0,0,0,1,1,0,0,0,0,1,1,1,0,1,0,0,0
7906,1,1,0,0,0,0,1,1,0,0,0,0,0,0,1,0,0,0,0,0,0
7907,2,1,0,0,0,0,1,2,1,0,0,0,0,1,1,1,0,0,0,0,1
7908,1,0,0,0,0,0,0,0,0,0,0,0,0,0,0,0,0,0,0,0,0
7909,1,0,0,0,0,0,0,1,0,0,0,0,0,0,0,0,0,0,0,0,0
7910,0,0,0,0,0,0,0,0,0,0,0,0,0,0,1,0,0,0,0,0,0
7911,1,0,0,0,0,0,0,1,0,0,0,0,0,0,0,0,0,0,0,0,0
7912,1,0,0,0,0,0,0,1,0,0,0,0,0,0,1,0,0,0,0,0,0
7913,1,1,0,1,0,0,0,1,1,0,0,0,0,1,1,1,0,0,0,0,1
7914,1,1,0,0,0,0,1,1,1,0,0,0,0,1,1,1,1,0,0,0,0
7915,1,1,0,0,0,0,1,1,1,0,0,0,0,1,1,1,1,0,0,0,0
7916,1,1,0,0,0,0,1,1,1,0,0,0,0,1,0,0,0,0,0,0,0
7917,1,0,0,0,0,0,0,0,0,0,0,0,0,0,0,0,0,0,0,0,0
7918,1,1,0,0,0,0,1,1,1,1,0,0,0,0,1,1,0,0,0,0,1
7919,1,1,1,0,0,0,0,1,1,0,0,0,0,1,1,1,0,0,0,0,1
7920,1,1,0,0,0,0,1,1,1,0,0,0,0,1,1,1,0,0,0,0,1
7921,1,1,1,0,0,0,0,1,1,1,0,0,0,0,1,1,0,0,0,0,1
7922,1,1,0,0,0,0,1,1,1,0,0,0,0,1,1,1,0,0,0,0,1
7923,1,1,0,0,0,0,1,1,1,0,0,0,0,1,0,0,0,0,0,0,0
7924,1,1,0,0,0,0,1,1,1,0,0,0,0,1,0,0,0,0,0,0,0
7925,1,1,1,0,0,0,0,1,1,0,0,0,0,1,0,0,0,0,0,0,0
7926,1,0,0,0,0,0,0,1,0,0,0,0,0,0,0,0,0,0,0,0,0
7927,1,1,0,0,0,0,1,1,1,0,0,0,0,1,0,0,0,0,0,0,0
7928,1,1,0,1,0,0,0,1,1,0,1,0,0,0,1,1,0,0,0,0,1
7929,1,0,0,0,0,0,0,1,0,0,0,0,0,0,1,0,0,0,0,0,0
7930,1,1,0,0,0,0,1,1,1,0,0,0,0,1,1,1,0,0,0,0,1
7931,1,0,0,0,0,0,0,1,1,0,0,0,0,1,1,0,0,0,0,0,0
7932,0,0,0,0,0,0,0,0,0,0,0,0,0,0,1,0,0,0,0,0,0
7933,1,0,0,0,0,0,0,1,0,0,0,0,0,0,1,0,0,0,0,0,0
7934,1,1,0,0,0,0,1,1,1,0,0,0,0,1,1,1,0,0,0,0,1
7935,1,1,0,1,0,0,0,2,2,1,1,0,0,0,2,2,1,0,1,1,0
7936,1,1,0,0,0,0,1,1,1,0,0,0,0,1,1,1,0,0,0,0,1
7937,1,1,0,0,0,0,1,1,1,1,0,0,0,0,1,1,0,0,0,0,1
7938,1,1,0,0,0,0,1,1,1,1,0,0,0,0,1,1,0,0,0,0,1
7939,1,1,1,0,0,0,0,2,1,1,0,0,0,0,1,1,0,1,0,0,0
7940,1,1,0,0,0,0,1,1,1,0,0,0,0,1,1,1,0,0,0,0,1
7941,1,1,0,0,0,0,1,1,1,0,0,0,0,1,1,1,0,0,0,0,1
7942,1,1,1,0,0,0,0,1,1,0,0,0,0,1,1,1,1,0,0,0,0
7943,1,1,0,0,0,0,1,1,1,0,0,0,0,1,1,1,1,0,0,0,0
7944,1,1,0,0,0,0,1,1,1,0,0,0,0,1,1,1,0,0,0,0,1
7945,1,1,0,0,0,0,1,1,1,0,0,0,0,1,1,1,0,1,0,0,0
7946,1,1,0,0,0,0,1,1,1,0,0,0,0,1,1,1,0,0,1,1,0
7947,1,1,0,0,0,0,1,1,1,0,0,0,0,1,1,1,1,0,0,0,0
7948,1,1,0,0,0,0,1,1,0,0,0,0,0,0,1,0,0,0,0,0,0
7949,1,1,0,0,0,0,1,1,1,0,0,0,0,1,1,1,0,0,0,0,1
7950,1,0,0,0,0,0,0,1,1,0,0,0,0,1,1,0,0,0,0,0,0
7951,1,1,1,0,0,0,0,1,1,1,0,0,0,0,1,1,0,0,0,0,1
7952,1,1,0,0,0,0,1,1,1,0,1,0,0,0,1,1,0,0,0,0,1
7953,1,1,0,0,0,0,1,1,1,0,0,0,0,1,1,1,0,0,0,0,1
7954,1,1,0,1,0,0,0,1,1,0,1,0,0,0,1,1,0,0,0,0,1
7955,1,1,0,0,0,0,1,0,0,0,0,0,0,0,0,0,0,0,0,0,0
7956,1,1,0,1,0,0,0,1,1,0,0,0,0,1,1,1,0,0,0,0,1
7957,1,1,0,0,0,0,1,1,1,0,0,0,0,1,1,1,0,1,0,0,0
7958,1,0,0,0,0,0,0,1,0,0,0,0,0,0,1,0,0,0,0,0,0
7959,1,0,0,0,0,0,0,1,0,0,0,0,0,0,1,1,0,0,0,0,1
7960,1,1,0,0,0,0,1,1,1,1,0,0,0,0,1,1,0,0,0,0,1
7961,1,1,1,0,0,0,0,1,1,1,0,0,0,0,1,1,0,0,0,0,1
7962,0,0,0,0,0,0,0,1,0,0,0,0,0,0,1,1,0,1,0,0,0
7963,1,0,0,0,0,0,0,0,0,0,0,0,0,0,0,0,0,0,0,0,0
7964,1,0,0,0,0,0,0,0,0,0,0,0,0,0,1,0,0,0,0,0,0
7965,1,1,1,0,0,0,0,1,1,0,0,0,0,1,1,1,1,0,0,0,0
7966,1,1,0,0,0,0,1,1,1,0,0,0,0,1,1,1,0,0,0,0,1
7967,1,0,0,0,0,0,0,1,0,0,0,0,0,0,1,0,0,0,0,0,0
7968,1,0,0,0,0,0,0,0,0,0,0,0,0,0,1,0,0,0,0,0,0
7969,1,0,0,0,0,0,0,1,0,0,0,0,0,0,1,1,0,0,0,0,1
7970,1,0,0,0,0,0,0,1,0,0,0,0,0,0,1,0,0,0,0,0,0
7971,1,1,1,0,0,0,0,1,1,1,0,0,0,0,1,1,0,0,0,0,1
7972,1,1,0,0,0,0,1,1,1,0,1,0,0,0,2,2,0,0,0,0,2
7973,1,1,0,0,0,0,1,1,1,0,0,0,0,1,1,1,1,0,0,0,0
7974,1,1,0,0,0,0,1,1,1,0,0,0,0,1,1,1,0,0,0,0,1
7975,1,1,1,0,0,0,0,1,1,0,0,0,0,1,1,1,0,0,0,0,1
7976,1,0,0,0,0,0,0,1,0,0,0,0,0,0,1,0,0,0,0,0,0
7977,1,0,0,0,0,0,0,1,0,0,0,0,0,0,1,0,0,0,0,0,0
7978,1,0,0,0,0,0,0,1,0,0,0,0,0,0,1,0,0,0,0,0,0
7979,1,0,0,0,0,0,0,1,0,0,0,0,0,0,1,0,0,0,0,0,0
7980,1,1,1,0,0,0,0,1,1,0,0,0,0,1,1,1,0,0,0,0,1
7981,1,1,1,0,0,0,0,1,1,0,0,0,0,1,1,1,0,0,0,0,1
7982,1,1,0,0,0,0,1,1,1,0,1,0,0,0,1,1,0,1,0,0,0
7983,1,1,0,0,1,1,0,1,1,0,0,1,1,0,1,1,0,0,1,1,0
7984,1,1,1,0,0,0,0,1,1,1,0,0,0,0,1,1,0,0,0,0,1
7985,1,1,0,1,0,0,0,1,1,0,1,0,0,0,1,1,1,0,0,0,0
7986,1,0,0,0,0,0,0,1,0,0,0,0,0,0,1,0,0,0,0,0,0
7988,1,1,0,0,0,0,1,1,0,0,0,0,0,0,1,1,0,0,0,0,1
7989,1,1,1,0,0,0,0,1,1,1,0,0,0,0,1,1,1,0,0,0,0
7990,1,1,0,0,0,0,1,1,1,0,1,0,0,0,1,1,0,0,0,0,1
7991,1,1,0,1,0,0,0,1,1,0,1,0,0,0,1,1,0,0,1,1,0
7992,1,1,1,0,0,0,0,1,1,1,0,0,0,0,1,1,0,1,0,0,0
7993,1,1,0,0,0,0,1,1,1,1,0,0,0,0,1,1,1,0,0,0,0
7994,1,1,1,0,0,0,0,1,1,1,0,0,0,0,1,1,0,0,0,0,1
7995,1,1,0,0,0,0,1,1,1,0,0,0,0,1,1,1,0,0,0,0,1
7996,1,1,1,0,0,0,0,1,1,0,0,0,0,1,1,1,0,0,0,0,1
7997,1,1,0,0,0,0,1,1,1,0,0,0,0,1,1,1,0,0,0,0,1
7998,1,1,0,0,0,0,1,1,1,0,0,0,0,1,1,0,0,0,0,0,0
7999,1,1,0,0,0,0,1,1,1,0,0,0,0,1,1,1,0,1,0,0,0
8000,1,1,1,0,0,0,0,1,1,1,0,0,0,0,1,1,0,0,0,0,1
8001,2,2,0,1,0,0,1,2,2,0,2,0,0,0,2,2,0,0,0,0,2
8002,1,1,0,0,0,0,1,1,1,1,0,0,0,0,1,1,0,0,0,0,1
8003,3,3,0,1,0,0,2,3,3,0,2,0,0,1,3,3,0,0,0,0,3
8004,1,1,0,0,0,0,1,1,1,0,0,0,0,1,1,1,1,0,0,0,0
8005,1,1,0,0,0,0,1,1,1,0,0,0,0,1,1,1,0,0,0,0,1
8008,1,1,0,0,0,0,1,1,1,1,0,0,0,0,1,1,0,0,0,0,1
8009,1,1,1,0,0,0,0,1,1,1,0,0,0,0,1,1,1,0,0,0,0
8010,1,0,0,0,0,0,0,0,0,0,0,0,0,0,0,0,0,0,0,0,0
8011,1,1,0,0,0,0,1,1,0,0,0,0,0,0,1,0,0,0,0,0,0
8012,0,0,0,0,0,0,0,1,0,0,0,0,0,0,0,0,0,0,0,0,0
8013,1,0,0,0,0,0,0,1,0,0,0,0,0,0,1,0,0,0,0,0,0
8014,1,0,0,0,0,0,0,1,0,0,0,0,0,0,1,0,0,0,0,0,0
8015,1,0,0,0,0,0,0,1,0,0,0,0,0,0,1,0,0,0,0,0,0
8016,1,0,0,0,0,0,0,1,0,0,0,0,0,0,1,0,0,0,0,0,0
8017,1,0,0,0,0,0,0,1,0,0,0,0,0,0,1,0,0,0,0,0,0
8018,1,0,0,0,0,0,0,1,0,0,0,0,0,0,0,0,0,0,0,0,0
8019,1,0,0,0,0,0,0,1,0,0,0,0,0,0,1,0,0,0,0,0,0
8020,1,0,0,0,0,0,0,1,0,0,0,0,0,0,2,1,0,1,0,0,0
8021,1,1,1,0,0,0,0,1,1,1,0,0,0,0,1,1,0,0,0,0,1
8022,2,0,0,0,0,0,0,0,0,0,0,0,0,0,1,0,0,0,0,0,0
8023,1,1,1,0,0,0,0,1,1,0,0,0,0,1,1,1,1,0,0,0,0
8024,1,1,0,1,0,0,0,1,1,0,0,1,1,0,1,1,1,0,0,0,0
8025,1,1,0,1,0,0,0,1,1,0,0,0,0,1,1,1,0,0,0,0,1
8026,1,1,0,0,0,0,1,1,1,0,0,0,0,1,1,1,0,0,0,0,1
8027,1,1,1,0,0,0,0,1,1,0,0,0,0,1,1,1,0,0,0,0,1
8028,1,0,0,0,0,0,0,1,0,0,0,0,0,0,1,1,0,0,0,0,1
8029,2,0,0,0,0,0,0,1,0,0,0,0,0,0,1,0,0,0,0,0,0
8030,1,1,0,0,0,0,1,1,1,0,0,0,0,1,1,1,0,0,0,0,1
8031,1,1,1,0,0,0,0,1,1,1,0,0,0,0,1,1,0,0,0,0,1
8032,1,1,0,0,0,0,1,1,1,0,0,0,0,1,1,1,0,0,0,0,1
8033,1,1,0,0,0,0,1,1,1,1,0,0,0,0,1,1,1,0,0,0,0
8034,1,1,0,0,0,0,1,1,1,0,0,0,0,1,1,1,0,0,0,0,1
8035,1,1,0,1,0,0,0,1,1,1,0,0,0,0,1,1,0,1,0,0,0
8036,1,1,0,0,0,0,1,1,1,0,1,0,0,0,1,1,0,0,0,0,1
8037,1,1,0,0,0,0,1,1,1,1,0,0,0,0,1,1,0,0,0,0,1
8038,1,1,0,0,0,0,1,1,1,0,0,0,0,1,0,0,0,0,0,0,0
8039,1,1,0,1,0,0,0,1,1,0,1,0,0,0,1,1,1,0,0,0,0
8040,1,1,0,0,0,0,1,1,1,0,1,0,0,0,1,1,0,0,0,0,1
8041,1,1,0,0,0,0,1,2,2,0,1,0,0,1,1,1,0,0,1,1,0
8042,1,1,0,1,0,0,0,1,1,0,0,0,0,1,1,1,0,0,0,0,1
8043,1,1,0,1,0,0,0,1,1,0,0,0,0,1,1,1,1,0,0,0,0
8044,1,0,0,0,0,0,0,1,1,1,0,0,0,0,1,0,0,0,0,0,0
8045,1,0,0,0,0,0,0,1,0,0,0,0,0,0,1,1,0,0,0,0,1
8046,1,1,0,0,1,1,0,1,1,0,0,0,0,1,1,1,1,0,0,0,0
8047,1,1,0,0,0,0,1,1,0,0,0,0,0,0,1,0,0,0,0,0,0
8048,1,1,0,0,0,0,1,1,1,1,0,0,0,0,1,0,0,0,0,0,0
8049,1,1,0,0,0,0,1,1,1,0,0,0,0,1,1,1,0,0,0,0,1
8050,1,1,0,0,0,0,1,1,1,0,0,0,0,1,1,1,0,0,0,0,1
8051,1,1,0,0,0,0,1,1,1,0,0,0,0,1,1,1,0,0,0,0,1
8052,1,1,0,0,0,0,1,1,1,0,0,0,0,1,1,1,0,0,1,1,0
8053,1,1,0,1,0,0,0,1,0,0,0,0,0,0,0,0,0,0,0,0,0
8054,1,1,0,0,0,0,1,1,1,0,0,0,0,1,1,1,0,0,0,0,1
8055,1,1,0,0,0,0,1,1,1,0,0,0,0,1,1,1,0,0,0,0,1
8056,1,1,0,1,0,0,0,1,1,0,0,0,0,1,1,1,0,0,0,0,1
8057,1,1,0,1,0,0,0,1,1,0,1,0,0,0,1,1,0,0,0,0,1
8058,1,1,0,0,0,0,1,1,1,0,0,0,0,1,1,1,0,0,0,0,1
8060,1,1,1,0,0,0,0,1,1,1,0,0,0,0,1,1,1,0,0,0,0
8061,1,0,0,0,0,0,0,1,0,0,0,0,0,0,0,0,0,0,0,0,0
8062,1,1,0,0,0,0,1,1,1,0,0,0,0,1,1,1,0,0,0,0,1
8063,1,0,0,0,0,0,0,1,0,0,0,0,0,0,1,0,0,0,0,0,0
8064,1,1,1,0,0,0,0,1,1,0,0,0,0,1,1,1,0,0,0,0,1
8065,1,1,0,0,0,0,1,1,1,0,0,0,0,1,1,1,0,0,0,0,1
8066,0,0,0,0,0,0,0,1,0,0,0,0,0,0,1,0,0,0,0,0,0
8067,1,1,0,1,0,0,0,1,1,0,1,0,0,0,1,1,0,0,0,0,1
8068,1,0,0,0,0,0,0,1,0,0,0,0,0,0,1,0,0,0,0,0,0
8069,1,0,0,0,0,0,0,0,0,0,0,0,0,0,1,0,0,0,0,0,0
8070,1,1,0,0,0,0,1,1,1,1,0,0,0,0,1,0,0,0,0,0,0
8071,1,1,0,0,0,0,1,1,1,1,0,0,0,0,1,1,0,0,0,0,1
8072,1,1,1,0,0,0,0,1,1,0,0,0,0,1,1,1,0,0,0,0,1
8073,1,1,0,0,0,0,1,1,1,1,0,0,0,0,1,1,0,0,0,0,1
8074,1,1,0,0,0,0,1,1,1,0,0,0,0,1,1,1,0,0,0,0,1
8075,1,1,0,0,0,0,1,1,1,0,0,0,0,1,1,1,0,0,0,0,1
8076,1,1,0,0,0,0,1,1,1,0,0,0,0,1,1,1,0,0,0,0,1
8077,1,1,1,0,0,0,0,1,1,1,0,0,0,0,1,1,1,0,0,0,0
8078,1,1,0,1,0,0,0,1,1,0,0,0,0,1,1,1,0,0,0,0,1
8079,1,1,0,1,0,0,0,1,1,0,0,0,0,1,1,1,0,0,0,0,1
8080,1,1,1,0,0,0,0,1,1,1,0,0,0,0,1,1,0,0,0,0,1
8081,1,1,1,0,0,0,0,1,1,1,0,0,0,0,1,1,0,1,0,0,0
8082,1,1,1,0,0,0,0,1,1,1,0,0,0,0,1,1,0,1,0,0,0
8083,1,0,0,0,0,0,0,1,0,0,0,0,0,0,1,1,0,0,0,0,1
8084,1,1,0,1,0,0,0,2,2,0,1,0,0,1,1,1,0,1,0,0,0
8085,1,1,0,0,0,0,1,1,1,0,0,0,0,1,1,0,0,0,0,0,0
8086,2,2,2,0,0,0,0,2,2,1,0,1,1,0,2,2,1,1,0,0,0
8087,1,1,0,0,0,0,1,1,1,0,0,0,0,1,1,1,0,0,0,0,1
8088,1,1,0,0,0,0,1,1,1,1,0,0,0,0,1,1,0,0,0,0,1
8089,1,1,0,1,0,0,0,1,1,0,1,0,0,0,1,1,0,0,0,0,1
8090,1,1,0,0,1,1,0,1,1,0,0,1,1,0,1,1,0,1,0,0,0
8091,1,1,0,0,0,0,1,1,1,0,1,0,0,0,1,1,0,0,0,0,1
8092,1,0,0,0,0,0,0,1,1,0,0,0,0,1,1,0,0,0,0,0,0
8093,1,1,0,1,0,0,0,1,1,0,1,0,0,0,1,1,0,1,0,0,0
8094,1,1,1,0,0,0,0,1,1,0,0,1,1,0,1,1,0,0,0,0,1
8095,1,0,0,0,0,0,0,1,0,0,0,0,0,0,0,0,0,0,0,0,0
8096,1,1,1,0,0,0,0,1,1,1,0,0,0,0,1,1,0,0,0,0,1
8097,1,1,0,1,0,0,0,1,1,0,1,0,0,0,1,1,1,0,0,0,0
8098,1,1,1,0,0,0,0,1,1,1,0,0,0,0,1,1,1,0,0,0,0
8099,1,0,0,0,0,0,0,1,0,0,0,0,0,0,1,0,0,0,0,0,0
8100,1,0,0,0,0,0,0,1,1,0,0,0,0,1,1,1,0,0,0,0,1
8101,1,1,0,0,0,0,1,1,1,0,0,0,0,1,1,0,0,0,0,0,0
8102,2,2,2,0,0,0,0,2,2,2,0,0,0,0,2,2,2,0,0,0,0
8103,1,1,0,0,0,0,1,1,1,1,0,0,0,0,1,1,0,0,0,0,1
8104,1,0,0,0,0,0,0,1,0,0,0,0,0,0,1,0,0,0,0,0,0
8105,1,0,0,0,0,0,0,1,0,0,0,0,0,0,1,1,0,0,0,0,1
8106,1,1,1,0,0,0,0,1,1,1,0,0,0,0,1,1,0,0,0,0,1
8107,1,1,0,0,0,0,1,1,1,0,0,0,0,1,1,1,0,0,0,0,1
8108,1,1,0,0,0,0,1,1,1,1,0,0,0,0,1,1,0,0,0,0,1
8109,1,1,0,1,0,0,0,1,1,0,0,0,0,1,1,1,0,0,0,0,1
8110,1,1,0,0,0,0,1,1,1,0,1,0,0,0,1,1,0,0,0,0,1
8111,1,1,0,0,0,0,1,1,1,0,0,0,0,1,1,0,0,0,0,0,0
8112,1,1,1,0,0,0,0,1,1,0,0,0,0,1,0,0,0,0,0,0,0
8113,1,1,0,0,0,0,1,1,1,0,0,0,0,1,1,1,0,0,0,0,1
8114,1,1,0,0,0,0,1,1,1,0,0,0,0,1,1,1,1,0,0,0,0
8115,1,1,0,0,0,0,1,1,1,0,0,0,0,1,1,1,0,0,0,0,1
8116,1,1,0,0,0,0,1,1,1,0,0,0,0,1,1,1,0,0,0,0,1
8117,1,1,0,0,0,0,1,1,1,0,1,0,0,0,1,1,0,0,0,0,1
8118,1,1,0,0,0,0,1,1,1,0,0,0,0,1,1,1,0,0,0,0,1
8119,1,1,0,0,0,0,1,1,1,0,0,0,0,1,1,1,0,0,0,0,1
8120,1,1,0,0,0,0,1,1,1,1,0,0,0,0,1,1,0,0,0,0,1
8121,1,0,0,0,0,0,0,1,0,0,0,0,0,0,1,0,0,0,0,0,0
8122,1,1,0,0,0,0,1,1,1,0,0,0,0,1,2,1,0,0,0,0,1
8123,1,1,1,0,0,0,0,1,1,0,1,0,0,0,1,1,0,0,0,0,1
8124,1,1,0,0,1,1,0,1,1,0,0,0,0,1,1,1,0,0,0,0,1
8125,1,1,1,0,0,0,0,1,1,0,1,0,0,0,1,1,0,0,0,0,1
8126,1,0,0,0,0,0,0,1,0,0,0,0,0,0,1,1,0,0,0,0,1
8127,1,1,0,0,0,0,1,1,1,0,0,0,0,1,1,1,0,0,0,0,1
8128,1,1,1,0,0,0,0,1,1,1,0,0,0,0,1,1,1,0,0,0,0
8130,1,0,0,0,0,0,0,1,0,0,0,0,0,0,0,0,0,0,0,0,0
8131,1,1,0,0,0,0,1,1,1,0,0,0,0,1,1,0,0,0,0,0,0
8132,1,1,0,0,0,0,1,1,1,1,0,0,0,0,1,1,0,0,0,0,1
8133,1,0,0,0,0,0,0,1,0,0,0,0,0,0,0,0,0,0,0,0,0
8134,1,1,0,0,0,0,1,1,1,0,0,0,0,1,1,0,0,0,0,0,0
8135,1,1,0,1,0,0,0,1,1,0,1,0,0,0,1,1,0,0,0,0,1
8136,1,1,0,0,0,0,1,1,1,0,0,0,0,1,1,1,0,0,0,0,1
8137,1,1,0,0,0,0,1,1,1,0,0,0,0,1,1,1,0,0,0,0,1
8138,1,1,0,0,0,0,1,1,1,0,1,0,0,0,1,1,0,0,0,0,1
8139,1,1,0,1,0,0,0,1,1,0,0,0,0,1,1,0,0,0,0,0,0
8140,1,1,1,0,0,0,0,1,1,1,0,0,0,0,1,1,0,1,0,0,0
8141,1,0,0,0,0,0,0,1,0,0,0,0,0,0,0,0,0,0,0,0,0
8142,1,1,0,1,0,0,0,1,1,0,1,0,0,0,2,2,0,0,0,0,2
8143,2,1,0,0,0,0,1,1,1,0,0,0,0,1,2,1,0,0,0,0,1
8144,1,0,0,0,0,0,0,1,0,0,0,0,0,0,0,0,0,0,0,0,0
8145,1,1,0,0,0,0,1,1,1,0,0,0,0,1,1,1,0,0,0,0,1
8146,1,1,0,0,0,0,1,1,1,0,0,0,0,1,1,0,0,0,0,0,0
8147,1,1,1,0,0,0,0,1,1,0,0,1,1,0,1,1,1,0,0,0,0
8148,1,1,0,1,0,0,0,1,1,0,0,0,0,1,1,1,0,0,0,0,1
8149,1,1,0,1,0,0,0,1,1,0,0,0,0,1,1,1,0,0,0,0,1
8150,1,1,0,1,0,0,0,1,1,1,0,0,0,0,1,1,0,0,0,0,1
8151,1,1,1,0,0,0,0,1,1,0,0,0,0,1,1,1,0,1,0,0,0
8152,1,1,0,0,0,0,1,2,1,1,0,0,0,0,1,1,0,0,0,0,1
8153,1,1,0,0,0,0,1,1,1,0,0,0,0,1,0,0,0,0,0,0,0
8154,1,1,0,0,0,0,1,1,1,0,0,0,0,1,1,1,0,0,0,0,1
8155,1,1,0,1,0,0,0,1,1,0,0,1,1,0,2,2,1,0,0,0,1
8156,1,0,0,0,0,0,0,1,0,0,0,0,0,0,1,0,0,0,0,0,0
8157,1,1,0,0,0,0,1,1,1,0,0,0,0,1,1,1,0,0,0,0,1
8158,1,1,0,0,1,1,0,1,1,1,0,0,0,0,1,1,1,0,0,0,0
8159,1,0,0,0,0,0,0,0,0,0,0,0,0,0,1,0,0,0,0,0,0
8160,1,0,0,0,0,0,0,1,0,0,0,0,0,0,0,0,0,0,0,0,0
8161,1,0,0,0,0,0,0,1,0,0,0,0,0,0,1,1,0,1,0,0,0
8162,0,0,0,0,0,0,0,1,0,0,0,0,0,0,0,0,0,0,0,0,0
8163,1,0,0,0,0,0,0,1,0,0,0,0,0,0,1,0,0,0,0,0,0
8164,1,1,1,0,0,0,0,1,1,0,0,1,1,0,1,1,1,0,0,0,0
8165,1,1,0,0,1,1,0,1,1,0,0,1,1,0,1,1,0,0,1,1,0
8166,1,1,0,0,0,0,1,1,1,0,0,0,0,1,1,1,0,0,0,0,1
8167,1,1,0,0,0,0,1,1,1,0,0,0,0,1,1,1,0,1,0,0,0
8168,1,1,0,0,0,0,1,1,1,0,1,0,0,0,1,1,0,0,0,0,1
8169,1,1,1,0,0,0,0,1,1,0,0,0,0,1,1,1,0,0,0,0,1
8170,2,1,1,0,0,0,0,3,3,0,0,0,0,3,1,0,0,0,0,0,0
8171,1,1,0,0,0,0,1,1,1,0,1,0,0,0,1,1,0,0,0,0,1
8172,1,1,0,0,0,0,1,1,1,0,0,0,0,1,1,1,0,0,0,0,1
8173,1,1,0,0,0,0,1,1,1,0,0,0,0,1,1,1,0,0,0,0,1
8174,1,1,0,0,0,0,1,1,1,1,0,0,0,0,1,1,0,0,1,1,0
8175,1,1,0,1,0,0,0,1,1,0,1,0,0,0,1,1,0,0,0,0,1
8176,1,1,0,0,0,0,1,1,1,0,1,0,0,0,1,1,0,0,0,0,1
8177,1,1,0,1,0,0,0,1,1,1,0,0,0,0,1,1,0,0,0,0,1
8178,1,0,0,0,0,0,0,1,0,0,0,0,0,0,1,1,0,0,0,0,1
8179,1,1,0,1,0,0,0,1,1,0,0,0,0,1,1,1,0,0,0,0,1
8180,1,1,0,0,0,0,1,1,1,0,0,0,0,1,1,1,0,0,0,0,1
8181,1,1,0,0,0,0,1,1,0,0,0,0,0,0,1,1,0,0,0,0,1
8182,1,1,0,0,0,0,1,1,1,0,0,0,0,1,1,1,0,0,0,0,1
8183,2,2,1,0,0,0,1,1,1,1,0,0,0,0,1,1,1,0,0,0,0
8184,1,1,0,1,0,0,0,1,1,0,0,0,0,1,1,1,0,0,0,0,1
8185,1,1,0,0,0,0,1,1,1,0,0,0,0,1,1,1,0,0,0,0,1
8186,1,0,0,0,0,0,0,2,0,0,0,0,0,0,0,0,0,0,0,0,0
8187,1,1,1,0,0,0,0,1,1,1,0,0,0,0,1,1,0,1,0,0,0
8188,1,1,1,0,0,0,0,1,1,0,0,1,1,0,1,1,0,0,1,1,0
8189,1,1,0,0,0,0,1,1,1,0,1,0,0,0,1,1,1,0,0,0,0
8190,1,1,0,1,0,0,0,1,1,0,1,0,0,0,1,1,1,0,0,0,0
8191,1,1,0,0,0,0,1,1,1,0,0,0,0,1,1,1,0,0,0,0,1
8192,1,1,0,1,0,0,0,1,1,0,0,0,0,1,1,1,0,0,0,0,1
8193,1,0,0,0,0,0,0,1,0,0,0,0,0,0,1,0,0,0,0,0,0
8194,1,1,0,0,0,0,1,1,1,0,0,0,0,1,0,0,0,0,0,0,0
8195,1,1,0,0,0,0,1,1,1,0,1,0,0,0,1,1,0,0,0,0,1
8196,1,1,0,0,0,0,1,1,1,0,0,0,0,1,1,1,0,0,0,0,1
8197,1,1,0,0,0,0,1,1,1,0,1,0,0,0,1,1,0,0,0,0,1
8198,1,1,1,0,0,0,0,1,1,0,0,0,0,1,1,1,1,0,0,0,0
8199,1,1,0,1,0,0,0,1,1,0,0,0,0,1,1,1,1,0,0,0,0
8200,1,1,0,0,0,0,1,1,1,0,0,0,0,1,1,1,0,0,0,0,1
8201,1,0,0,0,0,0,0,1,0,0,0,0,0,0,1,0,0,0,0,0,0
8202,1,1,0,0,0,0,1,1,1,0,0,0,0,1,1,1,0,0,0,0,1
8203,1,1,0,1,0,0,0,1,1,0,0,0,0,1,1,1,1,0,0,0,0
8204,1,1,0,1,0,0,0,1,1,0,0,0,0,1,0,0,0,0,0,0,0
8205,1,1,1,0,0,0,0,1,1,1,0,0,0,0,1,1,0,0,0,0,1
8206,1,1,0,1,0,0,0,1,1,0,0,0,0,1,1,1,0,0,0,0,1
8207,1,1,0,1,0,0,0,1,1,0,1,0,0,0,2,1,0,0,0,0,1
8208,1,1,0,0,0,0,1,1,1,0,1,0,0,0,1,1,0,0,0,0,1
8209,1,1,0,1,0,0,0,1,1,0,0,0,0,1,1,1,0,0,0,0,1
8210,1,1,0,0,0,0,1,1,1,1,0,0,0,0,1,1,0,0,0,0,1
8211,1,1,1,0,0,0,0,1,1,1,0,0,0,0,1,1,0,0,0,0,1
8212,1,0,0,0,0,0,0,1,0,0,0,0,0,0,1,0,0,0,0,0,0
8213,1,1,0,0,0,0,1,1,1,1,0,0,0,0,1,1,0,0,0,0,1
8214,1,0,0,0,0,0,0,0,0,0,0,0,0,0,1,0,0,0,0,0,0
8215,1,0,0,0,0,0,0,1,0,0,0,0,0,0,1,0,0,0,0,0,0
8216,1,1,0,1,0,0,0,1,1,0,1,0,0,0,1,1,0,0,0,0,1
8217,1,0,0,0,0,0,0,1,0,0,0,0,0,0,1,0,0,0,0,0,0
8218,1,0,0,0,0,0,0,1,0,0,0,0,0,0,1,0,0,0,0,0,0
8219,1,0,0,0,0,0,0,1,1,0,0,0,0,1,1,0,0,0,0,0,0
8220,1,0,0,0,0,0,0,1,0,0,0,0,0,0,1,0,0,0,0,0,0
8221,1,1,1,0,0,0,0,1,1,1,0,0,0,0,0,0,0,0,0,0,0
8222,1,0,0,0,0,0,0,0,0,0,0,0,0,0,0,0,0,0,0,0,0
8223,1,1,0,0,0,0,1,1,1,0,0,0,0,1,1,0,0,0,0,0,0
8224,1,1,0,0,0,0,1,1,1,0,0,0,0,1,1,1,0,0,0,0,1
8225,1,1,0,0,0,0,1,1,1,0,0,0,0,1,1,1,0,0,0,0,1
8226,1,1,0,0,0,0,1,1,1,0,0,0,0,1,1,1,0,0,0,0,1
8227,1,1,0,0,0,0,1,1,1,1,0,0,0,0,1,1,1,0,0,0,0
8228,2,1,0,0,0,0,1,2,2,0,0,1,1,1,2,2,0,0,0,0,2
8229,1,1,0,0,0,0,1,1,1,1,0,0,0,0,1,0,0,0,0,0,0
8230,2,1,0,1,0,0,0,2,1,0,0,0,0,1,2,0,0,0,0,0,0
8231,1,1,1,0,0,0,0,1,1,1,0,0,0,0,1,1,1,0,0,0,0
8232,1,1,0,0,0,0,1,1,1,0,0,0,0,1,1,1,0,0,0,0,1
8233,1,1,0,0,0,0,1,1,1,1,0,0,0,0,1,1,0,0,0,0,1
8234,1,0,0,0,0,0,0,0,0,0,0,0,0,0,1,1,0,0,0,0,1
8235,1,0,0,0,0,0,0,0,0,0,0,0,0,0,0,0,0,0,0,0,0
8236,1,1,1,0,0,0,0,1,1,1,0,0,0,0,1,1,0,1,0,0,0
8237,1,1,0,0,0,0,1,1,1,0,0,0,0,1,0,0,0,0,0,0,0
8238,1,1,0,0,0,0,1,1,1,0,0,0,0,1,1,1,0,1,0,0,0
8239,1,1,0,0,0,0,1,1,1,0,0,0,0,1,1,1,0,0,0,0,1
8240,1,1,0,0,0,0,1,1,1,0,0,0,0,1,1,1,0,0,0,0,1
8241,1,0,0,0,0,0,0,1,1,0,0,0,0,1,1,1,0,0,0,0,1
8242,1,0,0,0,0,0,0,1,0,0,0,0,0,0,1,0,0,0,0,0,0
8243,1,0,0,0,0,0,0,1,0,0,0,0,0,0,1,0,0,0,0,0,0
8244,1,1,0,1,0,0,0,1,1,0,1,0,0,0,1,1,0,0,0,0,1
8245,1,1,0,0,1,1,0,1,1,1,0,0,0,0,1,1,0,0,0,0,1
8246,1,0,0,0,0,0,0,0,0,0,0,0,0,0,0,0,0,0,0,0,0
8247,1,1,0,0,0,0,1,1,1,0,0,0,0,1,1,1,0,1,0,0,0
8248,1,0,0,0,0,0,0,0,0,0,0,0,0,0,1,0,0,0,0,0,0
8249,1,1,1,0,0,0,0,1,1,1,0,0,0,0,1,1,1,0,0,0,0
8250,1,0,0,0,0,0,0,1,0,0,0,0,0,0,0,0,0,0,0,0,0
8251,1,1,0,0,0,0,1,1,1,1,0,0,0,0,1,1,0,0,0,0,1
8252,1,0,0,0,0,0,0,0,0,0,0,0,0,0,3,0,0,0,0,0,0
8253,0,0,0,0,0,0,0,1,0,0,0,0,0,0,1,0,0,0,0,0,0
8254,1,1,1,0,0,0,0,1,1,0,0,1,1,0,1,1,0,0,0,0,1
8255,1,1,0,0,0,0,1,1,1,0,0,1,1,0,1,1,0,0,0,0,1
8256,1,1,0,0,0,0,1,1,1,0,0,0,0,1,1,1,1,0,0,0,0
8257,1,1,0,1,0,0,0,1,1,1,0,0,0,0,1,1,0,1,0,0,0
8258,1,1,0,0,0,0,1,1,1,0,0,0,0,1,0,0,0,0,0,0,0
8259,2,2,0,0,1,1,1,3,3,0,1,1,1,1,1,1,1,0,0,0,0
8260,1,0,0,0,0,0,0,1,0,0,0,0,0,0,1,0,0,0,0,0,0
8261,1,0,0,0,0,0,0,1,0,0,0,0,0,0,1,0,0,0,0,0,0
8262,1,0,0,0,0,0,0,1,1,0,0,0,0,1,1,0,0,0,0,0,0
8263,1,1,1,0,0,0,0,1,1,0,1,0,0,0,1,1,0,0,0,0,1
8264,1,1,0,0,0,0,1,1,1,0,0,0,0,1,1,1,0,0,0,0,1
8265,1,1,0,1,0,0,0,1,1,0,0,0,0,1,1,1,0,0,0,0,1
8266,1,1,0,0,0,0,1,1,1,0,0,0,0,1,1,1,0,0,0,0,1
8267,1,1,0,0,0,0,1,1,1,0,0,0,0,1,1,1,0,0,0,0,1
8268,1,1,0,1,0,0,0,1,1,0,0,1,1,0,1,1,0,0,0,0,1
8269,1,1,0,0,0,0,1,1,1,0,0,0,0,1,1,1,0,0,0,0,1
8270,1,1,0,0,0,0,1,1,1,0,0,0,0,1,1,1,1,0,0,0,0
8271,1,1,0,0,0,0,1,1,1,0,0,0,0,1,1,1,0,0,0,0,1
8272,1,1,0,1,0,0,0,1,1,0,1,0,0,0,1,1,0,0,0,0,1
8273,1,1,0,0,1,1,0,1,1,0,0,0,0,1,1,1,0,0,0,0,1
8274,1,0,0,0,0,0,0,1,1,0,0,0,0,1,0,0,0,0,0,0,0
8275,1,1,0,0,0,0,1,1,1,0,0,0,0,1,1,1,0,0,0,0,1
8276,1,1,0,0,0,0,1,1,1,1,0,0,0,0,1,1,0,0,0,0,1
8277,1,0,0,0,0,0,0,1,0,0,0,0,0,0,0,0,0,0,0,0,0
8278,1,0,0,0,0,0,0,1,0,0,0,0,0,0,0,0,0,0,0,0,0
8279,1,1,0,0,0,0,1,1,1,0,1,0,0,0,1,1,0,1,0,0,0
8280,1,1,0,0,0,0,1,1,1,0,0,0,0,1,1,1,0,0,0,0,1
8281,1,1,0,1,0,0,0,1,1,1,0,0,0,0,1,1,0,0,0,0,1
8282,2,2,0,1,0,0,1,2,2,1,1,0,0,0,2,2,1,0,0,0,1
8283,1,1,0,1,0,0,0,1,1,0,1,0,0,0,1,1,1,0,0,0,0
8284,1,1,1,0,0,0,0,1,1,0,0,0,0,1,1,1,0,0,0,0,1
8285,1,1,0,1,0,0,0,1,1,1,0,0,0,0,1,1,0,0,0,0,1
8286,1,1,0,0,1,1,0,1,1,0,0,0,0,1,1,1,0,0,0,0,1
8287,1,1,0,0,0,0,1,1,1,0,0,0,0,1,0,0,0,0,0,0,0
8288,1,0,0,0,0,0,0,1,0,0,0,0,0,0,0,0,0,0,0,0,0
8289,1,1,0,1,0,0,0,1,1,0,1,0,0,0,1,1,0,1,0,0,0
8290,1,1,0,0,0,0,1,1,1,0,0,0,0,1,1,1,1,0,0,0,0
8291,1,1,0,1,0,0,0,1,1,0,0,0,0,1,1,1,0,0,0,0,1
8292,1,1,0,0,0,0,1,1,1,1,0,0,0,0,1,1,0,1,0,0,0
8293,1,1,0,0,0,0,1,1,1,0,0,0,0,1,1,1,0,0,0,0,1
8294,1,1,0,0,0,0,1,1,1,0,0,0,0,1,1,1,0,0,0,0,1
8295,1,1,0,1,0,0,0,1,1,0,1,0,0,0,3,3,1,0,0,0,2
8296,1,1,0,0,0,0,1,1,1,0,0,0,0,1,1,1,0,1,0,0,0
8297,1,1,0,0,0,0,1,1,1,0,0,0,0,1,1,1,0,0,0,0,1
8298,1,1,0,0,0,0,1,1,1,0,0,0,0,1,1,1,0,0,0,0,1
8299,1,1,0,0,0,0,1,1,1,1,0,0,0,0,1,1,0,0,0,0,1
8300,1,1,1,0,0,0,0,1,1,1,0,0,0,0,1,1,1,0,0,0,0
8301,1,1,0,0,0,0,1,1,1,0,0,0,0,1,1,1,0,0,0,0,1
8302,1,1,0,0,0,0,1,1,1,0,0,1,1,0,1,1,1,0,0,0,0
8303,1,1,0,0,0,0,1,1,1,0,0,0,0,1,1,1,0,0,0,0,1
8304,1,1,0,0,0,0,1,1,1,0,0,0,0,1,1,1,0,0,0,0,1
8305,1,1,0,0,0,0,1,1,1,0,0,0,0,1,0,0,0,0,0,0,0
8306,2,2,0,1,0,0,1,1,1,0,0,0,0,1,1,1,1,0,0,0,0
8307,1,1,0,1,0,0,0,1,1,0,0,0,0,1,1,1,0,0,0,0,1
8308,1,1,1,0,0,0,0,1,1,1,0,0,0,0,1,1,0,1,0,0,0
8309,1,1,0,0,0,0,1,1,1,0,0,0,0,1,1,1,0,0,0,0,1
8310,1,1,0,0,0,0,1,1,1,0,1,0,0,0,1,1,0,0,0,0,1
8311,1,1,0,0,0,0,1,1,1,0,0,0,0,1,1,1,0,1,0,0,0
8312,1,0,0,0,0,0,0,1,0,0,0,0,0,0,1,0,0,0,0,0,0
8313,1,1,1,0,0,0,0,1,1,0,0,0,0,1,1,1,0,0,0,0,1
8314,1,1,1,0,0,0,0,1,1,0,1,0,0,0,1,1,0,0,0,0,1
8315,1,1,0,0,0,0,1,1,1,1,0,0,0,0,1,1,0,0,0,0,1
8316,1,1,0,0,0,0,1,1,1,0,1,0,0,0,1,1,1,0,0,0,0
8318,0,0,0,0,0,0,0,1,0,0,0,0,0,0,1,0,0,0,0,0,0
8321,1,0,0,0,0,0,0,1,0,0,0,0,0,0,1,0,0,0,0,0,0
8322,1,0,0,0,0,0,0,1,0,0,0,0,0,0,1,0,0,0,0,0,0
8323,1,0,0,0,0,0,0,1,0,0,0,0,0,0,1,0,0,0,0,0,0
8324,1,0,0,0,0,0,0,1,0,0,0,0,0,0,1,0,0,0,0,0,0
8325,1,1,0,0,0,0,1,0,0,0,0,0,0,0,1,0,0,0,0,0,0
8326,1,0,0,0,0,0,0,1,1,1,0,0,0,0,1,0,0,0,0,0,0
8327,1,1,0,0,0,0,1,1,1,0,0,0,0,1,1,1,0,0,0,0,1
8328,1,1,0,0,0,0,1,1,1,0,0,0,0,1,1,1,0,0,0,0,1
8329,1,1,0,0,0,0,1,1,1,0,0,0,0,1,1,1,0,0,0,0,1
8330,1,1,0,0,0,0,1,1,1,0,0,0,0,1,1,1,0,0,0,0,1
8331,1,1,0,1,0,0,0,1,1,0,0,0,0,1,1,1,0,1,0,0,0
8332,1,1,0,0,0,0,1,1,1,0,0,0,0,1,1,1,1,0,0,0,0
8333,1,1,0,0,0,0,1,1,1,0,0,0,0,1,1,1,0,1,0,0,0
8334,1,1,0,0,0,0,1,1,1,1,0,0,0,0,1,1,0,0,0,0,1
8335,1,1,0,0,0,0,1,1,1,1,0,0,0,0,1,1,0,0,0,0,1
8336,1,1,0,0,0,0,1,1,1,1,0,0,0,0,1,1,0,0,0,0,1
8337,1,1,0,0,0,0,1,2,1,0,1,0,0,0,1,1,0,1,0,0,0
8338,1,1,0,0,0,0,1,1,1,0,0,0,0,1,1,1,0,0,0,0,1
8339,1,1,0,1,0,0,0,1,1,1,0,0,0,0,1,1,0,1,0,0,0
8340,1,1,0,0,0,0,1,1,1,0,0,0,0,1,1,1,0,0,0,0,1
8341,1,1,0,0,0,0,1,1,1,0,0,0,0,1,1,1,0,0,0,0,1
8342,1,0,0,0,0,0,0,1,0,0,0,0,0,0,1,1,0,0,0,0,1
8343,1,1,0,0,0,0,1,1,1,0,0,0,0,1,1,1,0,0,0,0,1
8344,2,2,0,0,0,0,2,2,2,1,1,0,0,0,2,2,0,1,0,0,1
8345,1,0,0,0,0,0,0,1,0,0,0,0,0,0,1,1,0,0,0,0,1
8346,1,1,0,0,0,0,1,1,1,0,0,0,0,1,1,1,0,0,0,0,1
8347,1,1,0,0,0,0,1,1,1,1,0,0,0,0,1,1,0,0,0,0,1
8348,1,1,0,1,0,0,0,1,1,0,1,0,0,0,1,1,0,0,0,0,1
8349,1,1,0,0,0,0,1,1,1,0,0,1,1,0,1,1,0,1,0,0,0
8350,1,0,0,0,0,0,0,1,0,0,0,0,0,0,0,0,0,0,0,0,0
8351,1,1,0,0,0,0,1,1,0,0,0,0,0,0,1,1,0,0,0,0,1
8352,1,1,0,1,0,0,0,1,1,0,1,0,0,0,1,1,0,0,0,0,1
8353,1,1,0,1,0,0,0,1,1,0,1,0,0,0,0,0,0,0,0,0,0
8354,1,1,0,0,0,0,1,1,1,0,0,0,0,1,1,1,1,0,0,0,0
8355,2,2,0,0,0,0,2,2,2,0,1,0,0,1,2,2,0,1,0,0,1
8356,1,1,0,0,0,0,1,1,1,0,0,0,0,1,1,1,0,1,0,0,0
8357,1,0,0,0,0,0,0,1,0,0,0,0,0,0,0,0,0,0,0,0,0
8358,1,1,0,0,0,0,1,1,1,0,0,0,0,1,1,1,0,0,0,0,1
8359,1,1,0,0,0,0,1,1,1,0,0,0,0,1,0,0,0,0,0,0,0
8360,1,0,0,0,0,0,0,1,0,0,0,0,0,0,0,0,0,0,0,0,0
8361,1,1,0,1,0,0,0,1,1,1,0,0,0,0,1,1,0,0,0,0,1
8362,1,1,1,0,0,0,0,1,1,0,0,0,0,1,1,1,1,0,0,0,0
8363,1,1,0,0,0,0,1,1,1,0,0,0,0,1,1,1,0,0,0,0,1
8364,1,1,0,0,0,0,1,1,1,0,0,0,0,1,1,1,0,0,0,0,1
8365,1,1,0,0,0,0,1,1,1,0,0,0,0,1,1,1,0,0,0,0,1
8366,1,1,0,0,0,0,1,1,1,0,0,0,0,1,1,1,0,0,0,0,1
8367,1,1,0,0,0,0,1,1,1,1,0,0,0,0,1,1,0,0,0,0,1
8368,1,1,0,0,0,0,1,1,1,0,0,0,0,1,1,0,0,0,0,0,0
8369,1,1,0,1,0,0,0,1,1,0,1,0,0,0,1,1,0,1,0,0,0
8370,1,1,1,0,0,0,0,1,1,0,0,0,0,1,1,1,1,0,0,0,0
8371,1,1,0,0,0,0,1,1,1,1,0,0,0,0,1,1,0,0,0,0,1
8372,1,1,0,0,0,0,1,1,1,1,0,0,0,0,1,1,0,0,0,0,1
8373,1,1,0,0,0,0,1,1,1,0,0,0,0,1,1,1,0,1,0,0,0
8374,1,1,0,0,0,0,1,1,1,0,0,0,0,1,1,1,1,0,0,0,0
8375,1,1,0,0,0,0,1,1,1,0,0,0,0,1,1,1,0,0,0,0,1
8376,1,1,0,1,0,0,0,1,1,0,0,0,0,1,1,1,0,0,0,0,1
8377,1,1,1,0,0,0,0,1,1,1,0,0,0,0,1,1,0,0,0,0,1
8378,1,1,0,1,0,0,0,2,2,1,0,0,0,1,2,2,0,0,0,0,2
8379,1,1,1,0,0,0,0,1,1,1,0,0,0,0,1,1,1,0,0,0,0
8380,1,1,0,0,0,0,1,1,1,0,0,0,0,1,1,1,0,0,0,0,1
8381,1,1,0,0,0,0,1,1,1,1,0,0,0,0,1,1,0,0,0,0,1
8382,1,0,0,0,0,0,0,1,0,0,0,0,0,0,1,0,0,0,0,0,0
8383,1,1,0,0,0,0,1,1,1,0,0,1,1,0,1,1,0,0,0,0,1
8384,1,1,0,1,0,0,0,1,1,0,0,0,0,1,0,0,0,0,0,0,0
8385,1,1,0,0,0,0,1,1,1,0,0,0,0,1,1,1,0,0,0,0,1
8386,1,0,0,0,0,0,0,1,0,0,0,0,0,0,2,0,0,0,0,0,0
8387,1,1,0,0,0,0,1,1,1,0,0,0,0,1,1,1,0,0,0,0,1
8388,1,1,0,0,0,0,1,1,1,0,0,0,0,1,1,1,1,0,0,0,0
8389,1,1,1,0,0,0,0,1,1,1,0,0,0,0,0,0,0,0,0,0,0
8390,1,0,0,0,0,0,0,1,0,0,0,0,0,0,1,0,0,0,0,0,0
8391,1,1,0,1,0,0,0,1,1,0,1,0,0,0,1,1,0,1,0,0,0
8392,1,1,0,0,0,0,1,1,1,0,0,0,0,1,1,1,0,1,0,0,0
8393,1,1,1,0,0,0,0,1,1,0,0,0,0,1,1,1,1,0,0,0,0
8394,1,1,0,0,0,0,1,1,1,0,0,0,0,1,1,1,0,0,0,0,1
8395,1,1,0,1,0,0,0,1,1,0,0,0,0,1,1,1,0,0,0,0,1
8396,1,1,0,1,0,0,0,1,1,0,0,0,0,1,1,1,0,0,0,0,1
8397,1,1,0,0,0,0,1,1,1,0,0,0,0,1,1,1,0,1,0,0,0
8398,1,1,0,0,0,0,1,1,1,1,0,0,0,0,1,1,0,0,0,0,1
8399,1,1,1,0,0,0,0,1,1,1,0,0,0,0,1,1,0,0,0,0,1
8400,1,1,1,0,0,0,0,1,1,0,0,0,0,1,1,1,0,0,0,0,1
8401,4,4,1,0,0,0,3,6,6,3,0,0,0,3,3,3,0,0,0,0,3
8402,1,1,0,0,0,0,1,1,1,1,0,0,0,0,1,1,0,0,0,0,1
8403,1,1,0,0,0,0,1,1,1,1,0,0,0,0,1,1,0,0,0,0,1
8404,3,1,1,0,0,0,0,2,2,0,0,0,0,2,2,2,1,0,0,0,1
8405,1,1,1,0,0,0,0,1,1,1,0,0,0,0,1,1,0,0,0,0,1
8406,2,2,0,0,0,0,2,2,2,1,0,0,0,1,4,3,0,2,0,0,1
8407,1,1,0,0,0,0,1,1,1,1,0,0,0,0,1,1,0,0,0,0,1
8408,1,1,0,0,0,0,1,1,1,1,0,0,0,0,1,1,0,0,0,0,1
8409,1,0,0,0,0,0,0,1,0,0,0,0,0,0,1,0,0,0,0,0,0
8410,1,1,1,0,0,0,0,1,1,0,0,0,0,1,1,1,0,0,0,0,1
8411,1,1,0,1,0,0,0,1,1,0,0,0,0,1,1,1,0,0,0,0,1
8412,1,1,0,0,0,0,1,1,1,0,0,0,0,1,1,1,1,0,0,0,0
8413,1,1,0,0,0,0,1,1,1,0,0,0,0,1,1,1,0,0,0,0,1
8414,1,1,0,0,0,0,1,1,1,1,0,0,0,0,1,1,0,1,0,0,0
8415,2,2,0,0,0,0,2,2,2,0,0,0,0,2,2,1,0,0,0,0,1
8416,1,1,1,0,0,0,0,1,1,0,0,0,0,1,1,1,0,0,0,0,1
8417,1,0,0,0,0,0,0,0,0,0,0,0,0,0,1,0,0,0,0,0,0
8418,1,0,0,0,0,0,0,0,0,0,0,0,0,0,1,0,0,0,0,0,0
8419,1,1,0,0,0,0,1,1,1,1,0,0,0,0,1,1,0,0,0,0,1
8420,1,1,1,0,0,0,0,1,1,0,0,0,0,1,1,1,0,0,0,0,1
8421,1,1,0,0,0,0,1,1,1,0,0,0,0,1,1,1,1,0,0,0,0
8422,1,1,1,0,0,0,0,1,1,1,0,0,0,0,1,1,0,0,0,0,1
8423,1,1,1,0,0,0,0,1,1,1,0,0,0,0,1,1,0,0,0,0,1
8424,1,1,0,0,0,0,1,1,1,1,0,0,0,0,1,1,0,0,0,0,1
8425,1,1,0,0,0,0,1,1,0,0,0,0,0,0,1,1,0,0,0,0,1
8426,1,1,0,1,0,0,0,1,1,0,0,0,0,1,1,1,0,0,0,0,1
8427,1,1,0,1,0,0,0,1,1,1,0,0,0,0,1,1,0,0,0,0,1
8428,1,1,0,0,1,1,0,1,1,0,0,1,1,0,1,1,0,0,0,0,1
8429,1,1,0,0,1,1,0,1,1,0,1,0,0,0,1,1,0,1,0,0,0
8430,1,1,0,0,0,0,1,1,1,0,0,0,0,1,1,1,0,0,0,0,1
8433,0,0,0,0,0,0,0,1,0,0,0,0,0,0,0,0,0,0,0,0,0
8435,1,0,0,0,0,0,0,0,0,0,0,0,0,0,0,0,0,0,0,0,0
8436,1,0,0,0,0,0,0,1,0,0,0,0,0,0,0,0,0,0,0,0,0
8437,1,0,0,0,0,0,0,0,0,0,0,0,0,0,0,0,0,0,0,0,0
8438,1,1,1,0,0,0,0,1,1,0,0,0,0,1,1,1,1,0,0,0,0
8439,1,1,1,0,0,0,0,1,1,0,0,0,0,1,1,1,0,0,0,0,1
8440,1,1,0,0,0,0,1,1,1,0,1,0,0,0,1,1,1,0,0,0,0
8441,1,1,1,0,0,0,0,1,1,0,0,0,0,1,1,1,0,1,0,0,0
8442,1,1,1,0,0,0,0,1,1,1,0,0,0,0,1,1,1,0,0,0,0
8443,1,0,0,0,0,0,0,1,0,0,0,0,0,0,1,0,0,0,0,0,0
8444,1,1,0,0,0,0,1,1,1,0,0,0,0,1,1,1,0,0,0,0,1
8445,1,0,0,0,0,0,0,0,0,0,0,0,0,0,1,0,0,0,0,0,0
8446,1,1,0,0,0,0,1,1,1,0,0,0,0,1,1,1,0,0,0,0,1
8447,1,1,0,0,0,0,1,1,1,0,0,0,0,1,1,1,0,0,0,0,1
8448,1,1,0,0,0,0,1,1,1,0,0,0,0,1,1,1,0,0,0,0,1
8449,1,1,0,0,0,0,1,1,1,0,0,0,0,1,2,2,0,0,0,0,2
8450,1,1,0,0,0,0,1,1,1,0,0,0,0,1,1,1,0,0,0,0,1
8451,1,0,0,0,0,0,0,1,0,0,0,0,0,0,1,0,0,0,0,0,0
8452,1,0,0,0,0,0,0,1,0,0,0,0,0,0,1,0,0,0,0,0,0
8453,1,0,0,0,0,0,0,1,0,0,0,0,0,0,0,0,0,0,0,0,0
8454,1,1,0,0,0,0,1,1,0,0,0,0,0,0,1,1,0,0,0,0,1
8455,1,1,0,1,0,0,0,1,1,0,0,0,0,1,1,1,0,0,0,0,1
8456,1,0,0,0,0,0,0,0,0,0,0,0,0,0,0,0,0,0,0,0,0
8457,1,0,0,0,0,0,0,1,0,0,0,0,0,0,1,1,0,0,0,0,1
8458,1,0,0,0,0,0,0,1,0,0,0,0,0,0,1,0,0,0,0,0,0
8459,1,1,1,0,0,0,0,1,1,0,0,0,0,1,1,1,0,0,0,0,1
8460,1,0,0,0,0,0,0,1,0,0,0,0,0,0,0,0,0,0,0,0,0
8461,1,0,0,0,0,0,0,1,0,0,0,0,0,0,1,0,0,0,0,0,0
8462,1,1,0,0,0,0,1,1,1,1,0,0,0,0,1,1,0,0,1,1,0
8463,1,1,0,0,0,0,1,1,1,0,0,0,0,1,1,1,0,0,1,1,0
8464,1,0,0,0,0,0,0,1,0,0,0,0,0,0,2,0,0,0,0,0,0
8465,1,0,0,0,0,0,0,0,0,0,0,0,0,0,0,0,0,0,0,0,0
8466,1,0,0,0,0,0,0,0,0,0,0,0,0,0,0,0,0,0,0,0,0
8467,0,0,0,0,0,0,0,0,0,0,0,0,0,0,1,0,0,0,0,0,0
8468,1,0,0,0,0,0,0,0,0,0,0,0,0,0,0,0,0,0,0,0,0
8469,1,0,0,0,0,0,0,1,0,0,0,0,0,0,1,0,0,0,0,0,0
8470,1,0,0,0,0,0,0,0,0,0,0,0,0,0,1,0,0,0,0,0,0
8471,0,0,0,0,0,0,0,0,0,0,0,0,0,0,1,0,0,0,0,0,0
8472,0,0,0,0,0,0,0,0,0,0,0,0,0,0,1,0,0,0,0,0,0
8473,1,1,0,0,0,0,1,1,0,0,0,0,0,0,1,0,0,0,0,0,0
8474,1,1,0,0,0,0,1,1,1,0,0,0,0,1,1,1,0,0,0,0,1
8475,1,1,0,0,0,0,1,1,0,0,0,0,0,0,0,0,0,0,0,0,0
8476,1,0,0,0,0,0,0,0,0,0,0,0,0,0,1,0,0,0,0,0,0
8477,1,0,0,0,0,0,0,1,0,0,0,0,0,0,1,0,0,0,0,0,0
8478,1,1,0,0,0,0,1,1,1,0,1,0,0,0,1,1,0,0,0,0,1
8479,1,1,0,0,0,0,1,1,1,0,0,0,0,1,1,1,0,0,0,0,1
8480,1,1,0,0,0,0,1,1,1,0,0,0,0,1,0,0,0,0,0,0,0
8481,1,0,0,0,0,0,0,1,0,0,0,0,0,0,1,1,0,0,0,0,1
8482,1,1,0,0,1,1,0,1,1,0,0,1,1,0,1,1,1,0,0,0,0
8483,1,1,0,0,0,0,1,1,1,1,0,0,0,0,1,1,1,0,0,0,0
8484,1,1,1,0,0,0,0,1,1,1,0,0,0,0,1,1,0,0,0,0,1
8485,1,0,0,0,0,0,0,1,0,0,0,0,0,0,1,0,0,0,0,0,0
8486,5,0,0,0,0,0,0,3,0,0,0,0,0,0,7,0,0,0,0,0,0
8487,1,0,0,0,0,0,0,1,0,0,0,0,0,0,1,0,0,0,0,0,0
8488,1,1,0,0,0,0,1,1,0,0,0,0,0,0,1,1,0,0,0,0,1
8489,1,0,0,0,0,0,0,1,0,0,0,0,0,0,1,1,1,0,0,0,0
8490,1,1,0,0,0,0,1,1,1,0,0,0,0,1,1,1,1,0,0,0,0
8491,1,1,0,0,0,0,1,1,1,1,0,0,0,0,1,0,0,0,0,0,0
8492,1,1,0,0,0,0,1,1,1,1,0,0,0,0,1,1,1,0,0,0,0
8493,1,1,1,0,0,0,0,1,1,1,0,0,0,0,1,1,0,0,0,0,1
8494,1,1,0,0,0,0,1,1,1,0,0,0,0,1,1,1,0,0,0,0,1
8495,1,1,0,0,0,0,1,1,1,0,0,0,0,1,1,1,0,0,0,0,1
8496,1,1,0,0,0,0,1,1,1,0,0,0,0,1,1,1,0,0,0,0,1
8497,1,1,0,0,0,0,1,1,1,0,0,0,0,1,1,1,0,1,0,0,0
8498,1,0,0,0,0,0,0,1,0,0,0,0,0,0,1,1,0,0,0,0,1
8499,1,0,0,0,0,0,0,1,0,0,0,0,0,0,1,1,0,0,0,0,1
8500,1,1,0,0,0,0,1,1,1,0,1,0,0,0,1,1,1,0,0,0,0
8501,1,1,0,1,0,0,0,1,1,0,0,0,0,1,1,1,1,0,0,0,0
8502,1,1,0,0,0,0,1,1,1,1,0,0,0,0,1,1,1,0,0,0,0
8503,1,0,0,0,0,0,0,1,1,0,0,0,0,1,0,0,0,0,0,0,0
8504,1,1,0,0,0,0,1,1,1,0,0,0,0,1,1,1,0,0,0,0,1
8505,1,1,0,0,0,0,1,1,0,0,0,0,0,0,1,0,0,0,0,0,0
8506,1,0,0,0,0,0,0,1,0,0,0,0,0,0,0,0,0,0,0,0,0
8507,1,1,1,0,0,0,0,1,1,0,0,0,0,1,0,0,0,0,0,0,0
8508,1,1,1,0,0,0,0,1,1,1,0,0,0,0,1,1,0,0,0,0,1
8509,1,1,0,0,0,0,1,1,1,0,0,0,0,1,1,1,0,0,0,0,1
8510,1,1,0,0,0,0,1,1,1,0,1,0,0,0,1,1,0,0,0,0,1
8511,1,1,0,1,0,0,0,1,1,0,1,0,0,0,1,1,0,0,0,0,1
8512,1,1,0,0,0,0,1,2,1,1,0,0,0,0,1,1,0,0,0,0,1
8513,1,0,0,0,0,0,0,1,0,0,0,0,0,0,0,0,0,0,0,0,0
8514,0,0,0,0,0,0,0,0,0,0,0,0,0,0,1,0,0,0,0,0,0
8515,1,0,0,0,0,0,0,1,1,0,0,0,0,1,1,0,0,0,0,0,0
8516,1,0,0,0,0,0,0,1,0,0,0,0,0,0,0,0,0,0,0,0,0
8517,1,0,0,0,0,0,0,1,0,0,0,0,0,0,0,0,0,0,0,0,0
8518,1,1,0,0,0,0,1,1,1,0,1,0,0,0,1,1,0,0,0,0,1
8519,1,1,0,0,0,0,1,1,1,0,0,0,0,1,1,1,0,0,0,0,1
8520,1,1,0,0,0,0,1,1,1,0,0,0,0,1,1,1,0,0,0,0,1
8521,1,1,0,1,0,0,0,1,1,0,0,0,0,1,1,1,0,0,0,0,1
8522,1,1,0,0,0,0,1,1,1,0,0,0,0,1,1,1,1,0,0,0,0
8523,1,1,0,0,0,0,1,1,1,1,0,0,0,0,1,1,0,0,0,0,1
8524,1,1,1,0,0,0,0,1,1,0,0,0,0,1,1,1,0,0,0,0,1
8525,1,1,1,0,0,0,0,1,1,1,0,0,0,0,1,1,0,1,0,0,0
8526,3,1,0,1,0,0,0,3,1,0,0,0,0,1,2,1,1,0,0,0,0
8527,1,1,0,0,0,0,1,1,1,0,0,0,0,1,0,0,0,0,0,0,0
8528,1,1,0,0,0,0,1,1,1,0,0,1,1,0,1,1,1,0,0,0,0
8529,1,1,0,0,0,0,1,1,1,0,0,0,0,1,1,1,0,0,0,0,1
8530,1,0,0,0,0,0,0,1,0,0,0,0,0,0,2,0,0,0,0,0,0
8531,1,0,0,0,0,0,0,1,0,0,0,0,0,0,0,0,0,0,0,0,0
8532,1,1,0,0,0,0,1,1,1,1,0,0,0,0,1,1,0,0,0,0,1
8533,1,1,1,0,0,0,0,1,1,0,0,0,0,1,1,1,0,0,0,0,1
8534,1,1,0,0,0,0,1,1,1,0,0,0,0,1,2,2,0,0,0,0,2
8535,1,1,0,0,0,0,1,1,1,0,0,0,0,1,1,1,0,0,0,0,1
8536,1,1,0,0,0,0,1,1,1,1,0,0,0,0,1,1,0,0,0,0,1
8537,1,1,1,0,0,0,0,1,1,0,0,0,0,1,1,1,1,0,0,0,0
8538,1,1,0,0,0,0,1,1,1,1,0,0,0,0,1,1,0,0,0,0,1
8539,1,1,0,0,0,0,1,1,1,0,0,0,0,1,1,1,0,0,0,0,1
8540,1,1,0,1,0,0,0,1,1,0,0,0,0,1,1,1,0,1,0,0,0
8541,1,1,0,0,0,0,1,1,1,0,1,0,0,0,1,1,0,0,0,0,1
8542,1,1,1,0,0,0,0,1,1,0,0,0,0,1,1,1,0,0,0,0,1
8543,1,1,0,0,0,0,1,1,1,0,0,0,0,1,1,1,0,0,0,0,1
8544,1,0,0,0,0,0,0,0,0,0,0,0,0,0,0,0,0,0,0,0,0
8545,1,1,0,0,0,0,1,1,1,0,0,0,0,1,1,1,0,0,0,0,1
8546,1,1,0,0,0,0,1,1,1,0,0,0,0,1,1,1,0,1,0,0,0
8547,1,0,0,0,0,0,0,1,0,0,0,0,0,0,0,0,0,0,0,0,0
8548,1,1,1,0,0,0,0,1,1,1,0,0,0,0,1,1,1,0,0,0,0
8549,2,1,0,1,0,0,0,1,1,0,0,0,0,1,1,1,0,0,0,0,1
8550,1,1,0,0,0,0,1,1,1,0,0,0,0,1,1,1,0,1,0,0,0
8551,1,1,1,0,0,0,0,1,1,0,0,0,0,1,1,1,0,1,0,0,0
8552,0,0,0,0,0,0,0,1,0,0,0,0,0,0,1,0,0,0,0,0,0
8553,1,0,0,0,0,0,0,1,0,0,0,0,0,0,1,0,0,0,0,0,0
8554,2,1,0,0,0,0,1,2,1,0,1,0,0,0,0,0,0,0,0,0,0
8555,1,1,1,0,0,0,0,1,1,0,0,1,1,0,1,1,1,0,0,0,0
8556,1,0,0,0,0,0,0,1,0,0,0,0,0,0,1,1,0,0,0,0,1
8557,0,0,0,0,0,0,0,0,0,0,0,0,0,0,1,0,0,0,0,0,0
8559,1,0,0,0,0,0,0,0,0,0,0,0,0,0,0,0,0,0,0,0,0
8560,1,1,0,0,0,0,1,1,1,1,0,0,0,0,1,1,0,1,0,0,0
8561,1,1,0,1,0,0,0,1,1,0,0,0,0,1,1,1,0,0,0,0,1
8562,1,1,1,0,0,0,0,1,1,0,0,0,0,1,1,1,0,0,0,0,1
8563,1,1,0,0,1,1,0,1,1,0,1,0,0,0,1,1,0,0,0,0,1
8564,1,1,0,0,0,0,1,1,1,0,1,0,0,0,1,1,0,0,0,0,1
8565,1,1,0,0,0,0,1,1,1,0,0,0,0,1,1,1,0,0,0,0,1
8566,1,1,0,0,0,0,1,1,1,0,0,0,0,1,1,1,0,0,0,0,1
8567,1,1,1,0,0,0,0,1,1,0,1,0,0,0,1,1,0,0,0,0,1
8568,2,1,1,0,0,0,0,1,1,0,0,0,0,1,2,0,0,0,0,0,0
8569,1,1,0,0,0,0,1,1,1,0,0,0,0,1,0,0,0,0,0,0,0
8570,1,1,0,0,0,0,1,1,1,0,0,0,0,1,1,1,0,0,0,0,1
8571,1,1,0,0,0,0,1,1,1,1,0,0,0,0,1,1,0,0,0,0,1
8572,1,1,0,0,0,0,1,1,1,0,0,0,0,1,1,1,0,1,0,0,0
8573,1,1,0,0,0,0,1,1,1,0,0,0,0,1,1,1,0,1,0,0,0
8574,2,2,0,1,0,0,1,3,3,0,1,0,0,2,1,1,0,0,0,0,1
8575,1,1,0,0,0,0,1,1,1,1,0,0,0,0,1,1,0,0,0,0,1
8576,1,1,1,0,0,0,0,1,1,0,0,0,0,1,1,1,0,0,0,0,1
8577,1,1,0,0,1,1,0,1,1,1,0,0,0,0,1,1,0,0,0,0,1
8578,1,1,0,0,1,1,0,1,1,1,0,0,0,0,1,1,1,0,0,0,0
8579,1,1,0,0,1,1,0,1,1,0,1,0,0,0,1,1,0,0,1,1,0
8580,1,1,0,0,0,0,1,1,1,0,0,0,0,1,1,1,0,0,1,1,0
8581,1,1,0,0,0,0,1,1,1,0,0,0,0,1,1,1,0,0,0,0,1
8582,1,1,1,0,0,0,0,1,1,0,0,0,0,1,1,0,0,0,0,0,0
8583,1,1,0,0,0,0,1,1,1,0,1,0,0,0,0,0,0,0,0,0,0
8584,1,1,0,0,0,0,1,1,1,1,0,0,0,0,1,1,0,0,0,0,1
8585,1,1,0,0,0,0,1,1,1,0,0,0,0,1,1,1,0,0,0,0,1
8586,1,1,0,0,0,0,1,1,1,0,0,0,0,1,1,1,1,0,0,0,0
8587,1,1,0,0,0,0,1,1,1,0,0,0,0,1,1,1,0,0,0,0,1
8588,1,1,0,0,0,0,1,1,1,0,0,0,0,1,1,1,0,0,0,0,1
8589,1,1,1,0,0,0,0,1,1,0,0,0,0,1,1,1,0,0,1,1,0
8590,1,1,0,0,0,0,1,1,1,0,0,0,0,1,1,1,0,0,0,0,1
8591,1,1,0,1,0,0,0,1,1,0,1,0,0,0,1,1,0,0,0,0,1
8592,1,1,0,0,0,0,1,1,0,0,0,0,0,0,0,0,0,0,0,0,0
8593,1,1,0,0,0,0,1,1,1,0,0,0,0,1,1,1,0,0,0,0,1
8594,1,0,0,0,0,0,0,1,0,0,0,0,0,0,1,0,0,0,0,0,0
8595,4,4,2,0,0,0,2,4,4,1,1,0,0,2,4,3,1,1,0,0,1
8596,1,0,0,0,0,0,0,0,0,0,0,0,0,0,1,0,0,0,0,0,0
8597,1,1,1,0,0,0,0,1,1,1,0,0,0,0,1,1,0,0,0,0,1
8598,1,1,0,1,0,0,0,1,1,0,0,0,0,1,1,1,0,0,0,0,1
8599,1,1,0,0,0,0,1,1,1,0,0,0,0,1,1,1,0,0,0,0,1
8600,1,1,0,0,0,0,1,1,1,0,0,0,0,1,0,0,0,0,0,0,0
8601,1,1,0,1,0,0,0,1,1,0,1,0,0,0,1,1,0,0,0,0,1
8602,1,1,0,0,0,0,1,1,1,0,0,0,0,1,1,1,1,0,0,0,0
8603,1,0,0,0,0,0,0,1,0,0,0,0,0,0,0,0,0,0,0,0,0
8604,1,1,0,0,0,0,1,1,1,0,0,0,0,1,1,1,0,0,0,0,1
8605,1,1,0,1,0,0,0,1,1,0,1,0,0,0,1,1,1,0,0,0,0
8606,2,1,0,0,0,0,1,2,1,0,1,0,0,0,1,0,0,0,0,0,0
8607,1,1,0,1,0,0,0,1,1,0,1,0,0,0,1,1,0,0,0,0,1
8608,1,1,0,0,0,0,1,1,1,0,1,0,0,0,1,1,0,0,0,0,1
8609,1,1,1,0,0,0,0,1,1,0,0,0,0,1,1,1,1,0,0,0,0
8610,1,1,1,0,0,0,0,1,1,1,0,0,0,0,1,1,0,0,0,0,1
8611,1,1,0,1,0,0,0,1,1,0,1,0,0,0,1,1,1,0,0,0,0
8612,1,1,0,0,0,0,1,1,1,1,0,0,0,0,1,1,0,0,0,0,1
8613,1,1,0,1,0,0,0,1,1,0,0,0,0,1,1,1,0,1,0,0,0
8614,1,1,1,0,0,0,0,1,1,1,0,0,0,0,1,1,0,0,0,0,1
8615,1,1,0,0,0,0,1,1,1,0,0,0,0,1,1,1,0,1,0,0,0
8616,1,1,0,0,0,0,1,1,1,1,0,0,0,0,1,1,0,0,0,0,1
8617,1,1,0,0,0,0,1,1,1,0,0,0,0,1,1,1,0,0,0,0,1
8618,1,1,0,0,1,1,0,1,1,0,0,0,0,1,1,1,0,1,0,0,0
8619,1,1,1,0,0,0,0,1,1,0,0,0,0,1,1,1,0,0,0,0,1
8620,1,0,0,0,0,0,0,1,0,0,0,0,0,0,0,0,0,0,0,0,0
8621,1,1,0,0,0,0,1,1,1,0,0,0,0,1,1,1,0,0,0,0,1
8622,1,1,0,1,0,0,0,1,1,0,0,0,0,1,1,1,0,0,0,0,1
8623,1,1,0,0,0,0,1,1,1,0,0,0,0,1,1,1,0,0,0,0,1
8624,1,1,0,0,0,0,1,1,1,0,0,0,0,1,1,1,1,0,0,0,0
8625,1,1,0,1,0,0,0,1,1,0,0,0,0,1,1,1,1,0,0,0,0
8626,1,0,0,0,0,0,0,1,0,0,0,0,0,0,1,0,0,0,0,0,0
8627,1,1,0,0,0,0,1,1,1,0,0,0,0,1,1,1,0,0,0,0,1
8628,1,0,0,0,0,0,0,0,0,0,0,0,0,0,0,0,0,0,0,0,0
8629,1,1,0,0,0,0,1,1,1,0,0,0,0,1,1,1,0,0,0,0,1
8630,1,1,1,0,0,0,0,1,1,0,0,0,0,1,1,1,1,0,0,0,0
8631,1,1,0,0,0,0,1,1,1,0,0,0,0,1,0,0,0,0,0,0,0
8632,1,1,0,0,0,0,1,1,1,0,0,0,0,1,1,1,0,0,0,0,1
8633,1,1,0,1,0,0,0,1,1,0,1,0,0,0,1,1,0,0,1,1,0
8634,1,1,1,0,0,0,0,1,1,0,1,0,0,0,1,1,1,0,0,0,0
8635,1,1,0,0,0,0,1,1,1,0,0,0,0,1,0,0,0,0,0,0,0
8636,1,1,0,0,0,0,1,1,0,0,0,0,0,0,2,1,0,1,0,0,0
8637,1,1,0,0,0,0,1,1,1,0,0,0,0,1,1,1,0,0,0,0,1
8638,1,1,1,0,0,0,0,1,1,1,0,0,0,0,1,1,0,0,0,0,1
8639,1,1,0,0,0,0,1,1,1,0,1,0,0,0,1,1,0,0,0,0,1
8640,1,1,0,0,0,0,1,1,1,1,0,0,0,0,2,1,0,0,0,0,1
8641,1,1,0,0,0,0,1,1,1,0,0,0,0,1,1,1,0,1,0,0,0
8642,1,1,0,0,0,0,1,1,1,0,0,0,0,1,1,1,0,0,0,0,1
8643,1,1,0,0,0,0,1,1,1,0,0,0,0,1,1,1,0,0,0,0,1
8644,1,1,0,0,0,0,1,1,1,1,0,0,0,0,1,1,1,0,0,0,0
8645,1,1,0,0,0,0,1,1,1,0,0,0,0,1,1,1,1,0,0,0,0
8646,1,1,0,1,0,0,0,1,1,0,1,0,0,0,1,1,0,1,0,0,0
8647,1,0,0,0,0,0,0,1,0,0,0,0,0,0,1,0,0,0,0,0,0
8648,1,1,0,1,0,0,0,1,1,0,1,0,0,0,1,1,0,0,0,0,1
8649,1,1,1,0,0,0,0,2,1,1,0,0,0,0,1,1,0,0,0,0,1
8650,1,0,0,0,0,0,0,1,0,0,0,0,0,0,0,0,0,0,0,0,0
8651,1,1,0,0,0,0,1,1,1,0,0,0,0,1,1,1,1,0,0,0,0
8652,1,1,0,0,0,0,1,1,1,0,0,0,0,1,1,1,0,0,0,0,1
8653,1,1,0,0,0,0,1,1,1,0,0,0,0,1,1,1,0,0,0,0,1
8654,1,0,0,0,0,0,0,1,1,0,0,0,0,1,0,0,0,0,0,0,0
8655,1,1,0,1,0,0,0,1,1,1,0,0,0,0,1,1,1,0,0,0,0
8656,1,1,0,0,0,0,1,1,1,0,0,0,0,1,1,1,0,0,0,0,1
8657,1,1,0,0,0,0,1,1,1,0,1,0,0,0,1,1,0,0,0,0,1
8658,1,1,0,0,0,0,1,1,1,0,0,0,0,1,1,1,0,1,0,0,0
8659,1,0,0,0,0,0,0,1,0,0,0,0,0,0,0,0,0,0,0,0,0
8660,1,1,0,0,0,0,1,1,1,1,0,0,0,0,1,1,0,0,0,0,1
8661,1,0,0,0,0,0,0,1,0,0,0,0,0,0,1,0,0,0,0,0,0
8662,1,1,1,0,0,0,0,1,1,0,1,0,0,0,1,1,0,0,0,0,1
8663,2,1,0,0,0,0,1,2,1,1,0,0,0,0,1,1,0,0,0,0,1
8664,1,0,0,0,0,0,0,1,0,0,0,0,0,0,1,0,0,0,0,0,0
8665,1,1,1,0,0,0,0,1,1,0,0,0,0,1,0,0,0,0,0,0,0
8666,1,1,0,0,0,0,1,1,1,0,0,0,0,1,1,1,0,0,0,0,1
8667,1,1,0,0,0,0,1,1,1,0,0,0,0,1,0,0,0,0,0,0,0
8668,1,1,0,1,0,0,0,1,1,0,1,0,0,0,1,1,1,0,0,0,0
8669,0,0,0,0,0,0,0,0,0,0,0,0,0,0,1,0,0,0,0,0,0
8670,1,1,0,0,0,0,1,1,1,0,0,0,0,1,1,1,0,0,0,0,1
8671,1,1,0,0,1,1,0,1,1,1,0,0,0,0,1,1,0,0,0,0,1
8672,0,0,0,0,0,0,0,1,0,0,0,0,0,0,0,0,0,0,0,0,0
8673,1,1,0,0,0,0,1,1,1,0,0,0,0,1,1,1,0,1,0,0,0
8674,1,1,1,0,0,0,0,1,1,1,0,0,0,0,1,1,0,0,0,0,1
8675,1,1,0,0,0,0,1,1,1,0,0,0,0,1,1,1,0,0,0,0,1
8676,1,1,0,0,0,0,1,1,1,0,0,0,0,1,1,0,0,0,0,0,0
8677,1,0,0,0,0,0,0,1,0,0,0,0,0,0,0,0,0,0,0,0,0
8678,0,0,0,0,0,0,0,1,0,0,0,0,0,0,0,0,0,0,0,0,0
8679,1,0,0,0,0,0,0,1,0,0,0,0,0,0,1,0,0,0,0,0,0
8680,1,0,0,0,0,0,0,1,0,0,0,0,0,0,1,1,0,0,0,0,1
8681,1,0,0,0,0,0,0,1,1,1,0,0,0,0,1,0,0,0,0,0,0
8682,1,1,1,0,0,0,0,1,1,0,1,0,0,0,1,1,0,0,0,0,1
8683,1,1,0,0,1,1,0,1,1,0,0,1,1,0,1,1,0,0,0,0,1
8684,1,0,0,0,0,0,0,1,0,0,0,0,0,0,1,1,0,0,0,0,1
8685,0,0,0,0,0,0,0,1,0,0,0,0,0,0,1,0,0,0,0,0,0
8686,1,0,0,0,0,0,0,1,0,0,0,0,0,0,1,0,0,0,0,0,0
8687,1,0,0,0,0,0,0,1,0,0,0,0,0,0,0,0,0,0,0,0,0
8688,1,0,0,0,0,0,0,1,0,0,0,0,0,0,1,0,0,0,0,0,0
8689,1,1,0,1,0,0,0,1,1,1,0,0,0,0,0,0,0,0,0,0,0
8690,1,1,1,0,0,0,0,1,1,1,0,0,0,0,0,0,0,0,0,0,0
8691,1,1,0,1,0,0,0,1,1,0,0,0,0,1,0,0,0,0,0,0,0
8692,1,1,0,0,0,0,1,1,1,0,0,0,0,1,1,1,1,0,0,0,0
8693,1,1,0,0,0,0,1,1,1,0,0,0,0,1,1,1,1,0,0,0,0
8694,2,1,0,0,0,0,1,2,1,0,0,0,0,1,2,1,0,0,0,0,1
8695,1,1,1,0,0,0,0,1,1,0,1,0,0,0,1,1,0,0,0,0,1
8696,1,1,0,0,0,0,1,1,1,0,0,0,0,1,1,1,0,0,0,0,1
8697,1,0,0,0,0,0,0,1,0,0,0,0,0,0,1,0,0,0,0,0,0
8698,1,1,0,0,0,0,1,1,1,0,0,0,0,1,0,0,0,0,0,0,0
8699,0,0,0,0,0,0,0,0,0,0,0,0,0,0,1,0,0,0,0,0,0
8700,1,1,1,0,0,0,0,1,1,1,0,0,0,0,1,1,0,0,0,0,1
8701,1,1,1,0,0,0,0,1,1,0,1,0,0,0,1,1,0,0,0,0,1
8702,0,0,0,0,0,0,0,1,0,0,0,0,0,0,1,0,0,0,0,0,0
8703,1,1,1,0,0,0,0,1,1,0,0,0,0,1,1,0,0,0,0,0,0
8704,1,1,0,0,0,0,1,1,1,0,0,0,0,1,1,1,0,0,0,0,1
8705,1,1,0,0,0,0,1,1,1,0,0,0,0,1,1,1,0,0,0,0,1
8706,1,1,0,0,0,0,1,1,1,0,0,0,0,1,1,1,0,0,0,0,1
8707,2,1,0,0,1,1,0,1,1,0,0,1,1,0,1,1,0,0,1,1,0
8708,1,1,0,0,0,0,1,1,1,0,0,1,1,0,1,1,0,0,0,0,1
8709,1,1,0,0,0,0,1,1,1,0,0,0,0,1,1,0,0,0,0,0,0
8710,1,0,0,0,0,0,0,0,0,0,0,0,0,0,1,0,0,0,0,0,0
8711,1,1,0,1,0,0,0,1,1,0,0,0,0,1,1,1,0,0,0,0,1
8712,1,1,0,1,0,0,0,1,1,1,0,0,0,0,1,1,0,0,0,0,1
8713,1,0,0,0,0,0,0,1,0,0,0,0,0,0,1,1,0,0,0,0,1
8714,1,0,0,0,0,0,0,1,0,0,0,0,0,0,1,1,0,0,0,0,1
8715,1,0,0,0,0,0,0,1,0,0,0,0,0,0,1,0,0,0,0,0,0
8716,1,1,0,1,0,0,0,1,1,1,0,0,0,0,1,1,1,0,0,0,0
8717,1,1,0,0,0,0,1,1,1,0,0,0,0,1,1,1,0,1,0,0,0
8718,1,1,0,0,0,0,1,1,1,1,0,0,0,0,1,1,0,1,0,0,0
8719,1,1,0,1,0,0,0,1,1,1,0,0,0,0,1,1,0,1,0,0,0
8720,1,0,0,0,0,0,0,0,0,0,0,0,0,0,1,0,0,0,0,0,0
8721,1,0,0,0,0,0,0,1,0,0,0,0,0,0,1,1,0,1,0,0,0
8722,1,0,0,0,0,0,0,1,0,0,0,0,0,0,1,0,0,0,0,0,0
8723,2,2,0,0,0,0,2,2,1,1,0,0,0,0,1,1,0,0,0,0,1
8724,1,1,0,1,0,0,0,1,1,0,1,0,0,0,1,1,0,0,0,0,1
8725,1,1,0,1,0,0,0,1,1,0,1,0,0,0,1,1,0,0,0,0,1
8726,1,1,1,0,0,0,0,1,1,0,0,1,1,0,1,1,0,0,0,0,1
8727,1,1,0,0,0,0,1,1,1,0,0,0,0,1,1,1,0,0,0,0,1
8728,1,1,0,0,0,0,1,1,1,0,0,0,0,1,1,1,0,0,0,0,1
8729,2,2,0,0,0,0,2,2,2,1,0,0,0,1,2,2,0,0,0,0,2
8730,1,1,1,0,0,0,0,1,1,0,0,0,0,1,1,1,1,0,0,0,0
8731,1,1,1,0,0,0,0,1,1,0,0,0,0,1,1,1,0,0,0,0,1
8732,1,1,0,0,0,0,1,1,1,0,0,0,0,1,1,1,0,0,0,0,1
8733,1,1,0,0,0,0,1,1,1,0,0,0,0,1,1,1,0,0,0,0,1
8734,1,1,0,0,0,0,1,1,1,0,0,0,0,1,0,0,0,0,0,0,0
8735,1,1,0,1,0,0,0,1,1,0,0,0,0,1,1,1,0,0,0,0,1
8736,1,0,0,0,0,0,0,1,0,0,0,0,0,0,1,0,0,0,0,0,0
8737,1,1,1,0,0,0,0,1,1,1,0,0,0,0,1,1,0,0,0,0,1
8738,1,1,0,0,0,0,1,1,1,0,0,0,0,1,1,1,0,0,0,0,1
8739,1,1,0,1,0,0,0,1,1,0,0,0,0,1,1,1,0,0,1,1,0
8740,1,0,0,0,0,0,0,1,0,0,0,0,0,0,1,0,0,0,0,0,0
8741,1,1,0,0,0,0,1,1,0,0,0,0,0,0,0,0,0,0,0,0,0
8742,1,1,0,0,0,0,1,1,1,0,0,0,0,1,1,1,0,0,0,0,1
8743,1,1,1,0,0,0,0,1,1,0,0,0,0,1,1,1,0,0,0,0,1
8744,1,1,0,0,0,0,1,1,1,0,0,0,0,1,1,1,0,0,0,0,1
8745,1,0,0,0,0,0,0,1,0,0,0,0,0,0,1,0,0,0,0,0,0
8746,1,1,0,0,0,0,1,1,1,0,0,1,1,0,1,1,0,1,0,0,0
8747,1,1,0,0,1,1,0,1,1,0,0,1,1,0,1,1,0,0,0,0,1
8748,1,1,1,0,0,0,0,1,1,1,0,0,0,0,1,1,0,0,0,0,1
8749,1,1,1,0,0,0,0,1,1,0,0,1,1,0,1,1,1,0,0,0,0
8750,1,1,1,0,0,0,0,1,1,1,0,0,0,0,1,1,0,1,0,0,0
8751,1,1,0,0,0,0,1,1,1,0,0,0,0,1,1,1,0,0,0,0,1
8752,1,1,0,1,0,0,0,1,1,1,0,0,0,0,1,1,0,0,1,1,0
8753,1,1,1,0,0,0,0,1,1,0,0,0,0,1,1,1,0,0,0,0,1
8754,1,1,0,0,1,1,0,1,1,1,0,0,0,0,1,1,1,0,0,0,0
8755,1,1,0,0,0,0,1,1,1,0,1,0,0,0,0,0,0,0,0,0,0
8756,1,1,1,0,0,0,0,1,1,1,0,0,0,0,0,0,0,0,0,0,0
8757,1,1,1,0,0,0,0,1,1,0,0,0,0,1,0,0,0,0,0,0,0
8758,1,1,1,0,0,0,0,1,1,1,0,0,0,0,1,1,0,0,1,1,0
8759,3,2,2,0,0,0,0,3,2,1,0,1,1,0,2,2,0,1,1,1,0
8760,1,1,0,0,0,0,1,1,1,1,0,0,0,0,1,1,0,1,0,0,0
8761,1,1,0,0,0,0,1,1,1,0,0,0,0,1,0,0,0,0,0,0,0
8762,1,1,1,0,0,0,0,1,1,1,0,0,0,0,1,1,1,0,0,0,0
8763,1,1,0,0,0,0,1,1,1,1,0,0,0,0,1,1,0,1,0,0,0
8764,1,1,0,0,1,1,0,1,1,1,0,0,0,0,1,1,1,0,0,0,0
8765,1,1,0,0,0,0,1,1,1,0,0,0,0,1,0,0,0,0,0,0,0
8766,1,1,1,0,0,0,0,1,1,0,1,0,0,0,0,0,0,0,0,0,0
8767,1,1,0,1,0,0,0,1,1,0,0,1,1,0,1,1,0,0,0,0,1
8768,1,1,0,0,0,0,1,1,1,0,0,0,0,1,0,0,0,0,0,0,0
8769,1,1,0,0,0,0,1,1,1,0,0,0,0,1,1,1,0,1,0,0,0
8770,1,1,0,0,0,0,1,1,1,1,0,0,0,0,1,1,0,0,0,0,1
8771,1,1,0,0,0,0,1,1,1,0,1,0,0,0,1,1,0,0,0,0,1
8772,2,2,0,1,0,0,1,2,2,0,0,1,1,1,2,2,0,0,1,1,1
8773,1,1,0,0,0,0,1,1,1,0,0,0,0,1,1,1,0,0,0,0,1
8774,1,1,0,0,0,0,1,1,1,1,0,0,0,0,1,1,1,0,0,0,0
8775,1,1,0,0,0,0,1,1,1,0,0,0,0,1,1,1,0,0,0,0,1
8776,1,1,0,1,0,0,0,1,1,0,0,0,0,1,1,1,1,0,0,0,0
8777,1,1,1,0,0,0,0,1,1,1,0,0,0,0,0,0,0,0,0,0,0
8778,1,1,0,1,0,0,0,1,1,0,1,0,0,0,0,0,0,0,0,0,0
8779,1,1,1,0,0,0,0,1,1,0,0,0,0,1,1,1,0,0,1,1,0
8780,1,1,0,1,0,0,0,2,2,0,1,0,0,1,1,1,1,0,0,0,0
8781,1,1,0,1,0,0,0,1,1,1,0,0,0,0,0,0,0,0,0,0,0
8782,1,1,0,0,1,1,0,1,1,1,0,0,0,0,1,1,0,0,0,0,1
8783,1,1,0,1,0,0,0,1,1,0,1,0,0,0,0,0,0,0,0,0,0
8784,1,1,0,0,0,0,1,1,1,0,0,0,0,1,1,0,0,0,0,0,0
8785,1,1,0,0,0,0,1,1,1,0,0,0,0,1,1,1,0,1,0,0,0
8786,1,1,0,0,0,0,1,1,0,0,0,0,0,0,0,0,0,0,0,0,0
8787,1,1,0,0,0,0,1,2,0,0,0,0,0,0,1,1,0,1,0,0,0
8788,1,0,0,0,0,0,0,1,0,0,0,0,0,0,1,1,0,0,0,0,1
8789,0,0,0,0,0,0,0,1,0,0,0,0,0,0,0,0,0,0,0,0,0
8790,2,1,0,0,0,0,1,1,1,0,0,0,0,1,2,1,0,0,0,0,1
8791,1,1,0,1,0,0,0,1,1,0,0,1,1,0,1,1,0,0,1,1,0
8792,0,0,0,0,0,0,0,1,0,0,0,0,0,0,1,0,0,0,0,0,0
8793,1,1,0,0,1,1,0,1,1,0,1,0,0,0,1,1,1,0,0,0,0
8794,1,1,0,1,0,0,0,1,1,0,1,0,0,0,1,1,0,0,0,0,1
8795,1,1,0,1,0,0,0,1,1,0,0,0,0,1,1,1,1,0,0,0,0
8796,0,0,0,0,0,0,0,1,0,0,0,0,0,0,2,0,0,0,0,0,0
8797,1,1,0,1,0,0,0,1,1,0,0,1,1,0,1,1,0,0,0,0,1
8798,1,1,0,0,0,0,1,3,2,0,1,0,0,1,1,1,1,0,0,0,0
8799,1,1,0,0,0,0,1,1,1,0,0,0,0,1,1,1,0,1,0,0,0
8800,1,1,0,0,0,0,1,1,1,0,0,0,0,1,1,1,1,0,0,0,0
8801,2,2,1,1,0,0,0,2,2,1,0,0,0,1,1,1,0,0,0,0,1
8802,1,1,0,1,0,0,0,1,1,0,0,0,0,1,1,1,1,0,0,0,0
8803,1,1,0,0,0,0,1,1,1,0,0,0,0,1,1,1,0,0,0,0,1
8804,1,1,1,0,0,0,0,1,1,1,0,0,0,0,1,1,0,0,0,0,1
8805,1,1,0,0,0,0,1,1,1,0,0,0,0,1,1,1,0,0,0,0,1
8806,1,1,0,0,0,0,1,1,1,0,0,0,0,1,1,1,1,0,0,0,0
8807,1,1,0,0,0,0,1,1,1,0,0,0,0,1,1,1,0,0,0,0,1
8808,1,1,0,0,0,0,1,1,0,0,0,0,0,0,1,1,0,0,0,0,1
8809,1,0,0,0,0,0,0,1,0,0,0,0,0,0,1,0,0,0,0,0,0
8810,1,1,0,1,0,0,0,1,1,0,1,0,0,0,1,1,0,0,0,0,1
8811,1,0,0,0,0,0,0,1,0,0,0,0,0,0,0,0,0,0,0,0,0
8813,1,1,1,0,0,0,0,1,1,0,0,0,0,1,1,1,0,0,0,0,1
8814,1,1,0,0,0,0,1,1,1,0,0,0,0,1,1,1,0,1,0,0,0
8815,1,1,1,0,0,0,0,1,1,0,0,0,0,1,0,0,0,0,0,0,0
8816,1,0,0,0,0,0,0,0,0,0,0,0,0,0,0,0,0,0,0,0,0
8817,0,0,0,0,0,0,0,1,0,0,0,0,0,0,0,0,0,0,0,0,0
8818,1,1,1,0,0,0,0,1,1,0,0,0,0,1,1,1,0,1,0,0,0
8819,1,1,0,0,0,0,1,1,1,0,0,0,0,1,1,1,0,0,0,0,1
8820,1,1,0,0,0,0,1,1,1,1,0,0,0,0,1,1,1,0,0,0,0
8821,1,1,0,0,0,0,1,1,1,0,0,0,0,1,1,1,0,0,0,0,1
8822,1,1,1,0,0,0,0,1,1,0,0,0,0,1,1,1,0,0,0,0,1
8823,1,1,0,0,0,0,1,1,1,0,0,0,0,1,1,1,1,0,0,0,0
8824,1,1,0,1,0,0,0,1,1,0,1,0,0,0,1,1,0,0,0,0,1
8825,1,1,0,0,0,0,1,1,1,0,0,0,0,1,1,1,0,0,0,0,1
8826,1,1,1,0,0,0,0,1,1,0,0,0,0,1,1,1,0,0,0,0,1
8827,2,1,0,0,0,0,1,2,1,0,1,0,0,0,2,0,0,0,0,0,0
8828,1,1,0,0,0,0,1,1,1,0,0,0,0,1,1,1,0,0,0,0,1
8829,1,1,0,0,0,0,1,1,1,0,1,0,0,0,1,1,0,0,0,0,1
8830,1,1,0,0,0,0,1,1,1,0,0,0,0,1,1,1,0,1,0,0,0
8831,1,1,0,0,0,0,1,1,1,0,0,0,0,1,1,1,0,0,0,0,1
8832,1,0,0,0,0,0,0,1,1,0,0,0,0,1,1,1,0,0,0,0,1
8833,1,1,0,0,0,0,1,1,1,0,0,0,0,1,1,1,0,0,0,0,1
8834,1,0,0,0,0,0,0,1,1,1,0,0,0,0,1,1,0,0,0,0,1
8835,1,0,0,0,0,0,0,1,0,0,0,0,0,0,0,0,0,0,0,0,0
8836,1,1,0,0,0,0,1,1,1,0,0,0,0,1,0,0,0,0,0,0,0
8837,1,1,0,0,0,0,1,1,1,0,0,1,1,0,3,2,0,0,0,0,2
8838,2,2,0,0,0,0,2,2,2,1,0,0,0,1,1,1,0,0,0,0,1
8839,1,1,1,0,0,0,0,1,0,0,0,0,0,0,0,0,0,0,0,0,0
8840,1,1,0,0,0,0,1,1,1,0,0,0,0,1,2,2,0,0,0,0,2
8841,1,1,0,0,0,0,1,1,1,0,0,0,0,1,1,1,0,1,0,0,0
8842,1,0,0,0,0,0,0,1,0,0,0,0,0,0,1,0,0,0,0,0,0
8843,1,1,1,0,0,0,0,1,1,1,0,0,0,0,1,1,1,0,0,0,0
8844,1,1,1,0,0,0,0,1,1,0,1,0,0,0,1,1,0,0,1,1,0
8845,1,1,0,1,0,0,0,1,1,0,1,0,0,0,1,1,0,0,0,0,1
8846,1,0,0,0,0,0,0,1,0,0,0,0,0,0,1,0,0,0,0,0,0
8847,1,1,0,0,0,0,1,1,0,0,0,0,0,0,1,0,0,0,0,0,0
8848,1,1,1,0,0,0,0,1,1,1,0,0,0,0,1,1,1,0,0,0,0
8849,1,0,0,0,0,0,0,0,0,0,0,0,0,0,1,0,0,0,0,0,0
8850,2,1,1,0,0,0,0,1,1,1,0,0,0,0,2,2,1,0,0,0,1
8851,1,1,0,0,0,0,1,1,1,0,0,0,0,1,1,1,0,0,0,0,1
8852,1,1,0,0,0,0,1,1,1,0,0,0,0,1,1,1,0,0,0,0,1
8853,1,1,0,0,0,0,1,1,1,0,1,0,0,0,1,1,0,0,0,0,1
8854,1,1,0,1,0,0,0,1,1,0,0,0,0,1,1,1,1,0,0,0,0
8855,1,1,0,1,0,0,0,1,1,0,1,0,0,0,1,1,1,0,0,0,0
8856,1,0,0,0,0,0,0,1,0,0,0,0,0,0,1,0,0,0,0,0,0
8857,1,1,1,0,0,0,0,1,1,1,0,0,0,0,1,1,1,0,0,0,0
8858,1,1,0,1,0,0,0,1,1,0,1,0,0,0,1,1,0,0,0,0,1
8859,1,1,0,0,0,0,1,1,1,0,0,0,0,1,1,1,0,1,0,0,0
8860,1,1,0,0,0,0,1,1,1,0,1,0,0,0,1,1,0,0,0,0,1
8861,1,1,0,0,0,0,1,1,1,0,0,0,0,1,1,1,0,0,0,0,1
8862,1,1,1,0,0,0,0,1,1,1,0,0,0,0,0,0,0,0,0,0,0
8863,1,1,0,0,0,0,1,1,1,0,0,0,0,1,1,1,1,0,0,0,0
8864,1,1,0,0,0,0,1,1,1,0,1,0,0,0,1,1,0,0,0,0,1
8865,1,1,0,0,0,0,1,1,1,0,1,0,0,0,1,1,0,0,0,0,1
8866,1,0,0,0,0,0,0,0,0,0,0,0,0,0,0,0,0,0,0,0,0
8867,1,1,0,0,0,0,1,1,1,0,0,0,0,1,1,1,0,0,0,0,1
8868,1,1,0,1,0,0,0,1,1,0,0,0,0,1,1,1,0,0,0,0,1
8869,1,0,0,0,0,0,0,1,0,0,0,0,0,0,0,0,0,0,0,0,0
8870,1,1,0,0,0,0,1,1,1,0,1,0,0,0,1,1,0,0,0,0,1
8871,1,1,1,0,0,0,0,1,1,1,0,0,0,0,1,1,0,1,0,0,0
8872,1,1,0,0,0,0,1,1,1,0,0,0,0,1,1,1,0,0,0,0,1
8873,1,1,0,1,0,0,0,1,1,0,0,0,0,1,1,1,0,1,0,0,0
8874,1,1,0,0,0,0,1,1,1,0,0,0,0,1,1,1,0,0,0,0,1
8875,1,1,1,0,0,0,0,1,1,1,0,0,0,0,1,1,0,0,0,0,1
8876,1,1,0,0,0,0,1,1,1,0,1,0,0,0,1,1,1,0,0,0,0
8877,1,1,0,0,0,0,1,1,1,0,0,0,0,1,1,0,0,0,0,0,0
8878,1,0,0,0,0,0,0,1,0,0,0,0,0,0,1,0,0,0,0,0,0
8879,1,0,0,0,0,0,0,1,0,0,0,0,0,0,0,0,0,0,0,0,0
8880,0,0,0,0,0,0,0,1,0,0,0,0,0,0,1,0,0,0,0,0,0
8881,1,0,0,0,0,0,0,0,0,0,0,0,0,0,0,0,0,0,0,0,0
8883,0,0,0,0,0,0,0,0,0,0,0,0,0,0,1,0,0,0,0,0,0
8884,1,0,0,0,0,0,0,1,0,0,0,0,0,0,1,0,0,0,0,0,0
8885,1,0,0,0,0,0,0,1,0,0,0,0,0,0,1,1,0,0,0,0,1
8886,1,1,0,1,0,0,0,1,0,0,0,0,0,0,1,0,0,0,0,0,0
8887,1,0,0,0,0,0,0,1,0,0,0,0,0,0,1,0,0,0,0,0,0
8888,0,0,0,0,0,0,0,0,0,0,0,0,0,0,1,0,0,0,0,0,0
8889,1,1,0,0,0,0,1,1,1,0,0,0,0,1,0,0,0,0,0,0,0
8890,1,1,1,0,0,0,0,1,1,0,0,0,0,1,1,1,1,0,0,0,0
8891,1,1,0,0,0,0,1,1,1,0,0,0,0,1,0,0,0,0,0,0,0
8892,1,0,0,0,0,0,0,1,1,0,0,0,0,1,0,0,0,0,0,0,0
8893,0,0,0,0,0,0,0,1,0,0,0,0,0,0,0,0,0,0,0,0,0
8894,1,1,0,0,0,0,1,1,1,1,0,0,0,0,1,1,0,0,0,0,1
8895,1,0,0,0,0,0,0,1,1,0,0,0,0,1,1,0,0,0,0,0,0
8896,1,1,1,0,0,0,0,1,1,0,0,0,0,1,1,1,0,1,0,0,0
8897,1,1,1,0,0,0,0,1,1,0,0,0,0,1,0,0,0,0,0,0,0
8898,1,1,0,0,0,0,1,1,1,0,0,1,1,0,1,1,0,0,0,0,1
8899,1,1,1,0,0,0,0,1,1,1,0,0,0,0,1,1,0,0,0,0,1
8900,1,1,0,0,0,0,1,1,1,0,0,0,0,1,1,1,0,1,0,0,0
8901,2,2,1,0,1,1,0,2,2,0,1,0,0,1,2,2,0,1,0,0,1
8902,1,1,0,1,0,0,0,1,1,1,0,0,0,0,1,1,0,1,0,0,0
8903,1,0,0,0,0,0,0,1,0,0,0,0,0,0,0,0,0,0,0,0,0
8904,1,1,0,0,0,0,1,2,1,0,0,0,0,1,1,1,0,0,1,1,0
8905,1,1,0,0,0,0,1,1,1,1,0,0,0,0,1,1,0,0,0,0,1
8906,1,1,0,0,0,0,1,1,0,0,0,0,0,0,0,0,0,0,0,0,0
8907,1,1,0,0,0,0,1,1,0,0,0,0,0,0,1,0,0,0,0,0,0
8908,1,1,0,0,0,0,1,1,1,0,1,0,0,0,1,1,1,0,0,0,0
8909,1,1,1,0,0,0,0,1,1,0,0,0,0,1,1,1,1,0,0,0,0
8910,1,1,0,1,0,0,0,1,1,0,1,0,0,0,1,1,0,1,0,0,0
8911,1,1,0,1,0,0,0,1,1,0,1,0,0,0,1,1,1,0,0,0,0
8912,1,1,0,0,0,0,1,1,1,0,0,0,0,1,0,0,0,0,0,0,0
8913,1,1,1,0,0,0,0,1,1,1,0,0,0,0,0,0,0,0,0,0,0
8914,1,1,0,0,0,0,1,1,1,1,0,0,0,0,1,1,0,0,0,0,1
8915,1,1,0,0,0,0,1,1,1,0,0,0,0,1,0,0,0,0,0,0,0
8916,0,0,0,0,0,0,0,1,0,0,0,0,0,0,1,0,0,0,0,0,0
8917,1,1,0,1,0,0,0,1,1,0,0,1,1,0,1,1,0,0,0,0,1
8918,1,1,0,0,0,0,1,1,0,0,0,0,0,0,1,1,0,1,0,0,0
8919,1,1,0,0,1,1,0,1,1,1,0,0,0,0,1,1,0,0,0,0,1
8920,1,1,0,0,0,0,1,1,0,0,0,0,0,0,1,1,0,0,0,0,1
8921,1,1,1,0,0,0,0,1,1,1,0,0,0,0,1,1,0,1,0,0,0
8922,3,0,0,0,0,0,0,2,0,0,0,0,0,0,4,2,0,0,0,0,2
8923,1,1,0,0,0,0,1,1,0,0,0,0,0,0,1,1,0,0,0,0,1
8924,1,1,0,1,0,0,0,1,1,0,0,0,0,1,1,1,0,0,0,0,1
8925,1,1,0,0,1,1,0,2,2,0,1,1,1,0,1,1,0,0,0,0,1
8926,1,1,0,1,0,0,0,1,1,0,1,0,0,0,0,0,0,0,0,0,0
8927,1,1,0,0,0,0,1,1,1,0,0,0,0,1,0,0,0,0,0,0,0
8928,3,2,1,0,0,0,1,4,2,0,0,0,0,2,2,2,0,0,0,0,2
8929,1,1,0,1,0,0,0,1,1,1,0,0,0,0,1,1,0,0,0,0,1
8930,1,1,1,0,0,0,0,1,1,1,0,0,0,0,1,1,1,0,0,0,0
8931,1,1,0,0,0,0,1,1,1,0,0,0,0,1,1,1,0,0,0,0,1
8932,1,1,0,0,0,0,1,1,1,0,0,0,0,1,1,1,0,0,0,0,1
8933,1,1,0,0,0,0,1,1,1,0,0,0,0,1,2,2,0,0,0,0,2
8934,1,1,1,0,0,0,0,1,1,1,0,0,0,0,1,1,0,0,0,0,1
8935,1,1,0,0,1,1,0,1,1,1,0,0,0,0,1,1,0,1,0,0,0
8936,1,1,0,0,0,0,1,1,1,0,0,0,0,1,1,1,0,0,0,0,1
8937,1,1,1,0,0,0,0,1,1,0,0,0,0,1,1,1,0,0,0,0,1
8938,1,1,0,0,0,0,1,1,1,0,0,0,0,1,1,1,0,0,0,0,1
8939,1,0,0,0,0,0,0,1,0,0,0,0,0,0,0,0,0,0,0,0,0
8940,1,1,0,1,0,0,0,1,1,0,1,0,0,0,0,0,0,0,0,0,0
8941,1,0,0,0,0,0,0,1,0,0,0,0,0,0,0,0,0,0,0,0,0
8942,1,1,0,0,0,0,1,1,1,0,0,0,0,1,1,1,0,0,0,0,1
8943,1,1,0,0,0,0,1,1,1,0,0,0,0,1,1,1,0,1,0,0,0
8944,1,1,0,0,1,1,0,1,1,0,1,0,0,0,0,0,0,0,0,0,0
8945,1,1,0,0,0,0,1,1,0,0,0,0,0,0,0,0,0,0,0,0,0
8946,1,1,0,1,0,0,0,1,1,0,0,0,0,1,0,0,0,0,0,0,0
8947,1,1,0,0,0,0,1,1,1,0,0,0,0,1,0,0,0,0,0,0,0
8948,1,1,0,0,0,0,1,1,1,0,0,0,0,1,1,1,0,0,0,0,1
8950,1,0,0,0,0,0,0,1,0,0,0,0,0,0,0,0,0,0,0,0,0
8951,1,1,1,0,0,0,0,1,1,0,1,0,0,0,1,1,0,1,0,0,0
8952,1,0,0,0,0,0,0,1,0,0,0,0,0,0,0,0,0,0,0,0,0
8953,1,1,0,0,1,1,0,1,1,0,1,0,0,0,1,1,0,0,1,1,0
8954,1,1,0,0,0,0,1,1,1,0,0,0,0,1,1,1,1,0,0,0,0
8955,1,1,0,0,0,0,1,1,1,0,0,1,1,0,1,1,0,0,0,0,1
8956,1,1,0,1,0,0,0,1,1,0,0,0,0,1,2,2,0,1,0,0,1
8957,1,1,0,0,0,0,1,1,1,0,0,0,0,1,0,0,0,0,0,0,0
8958,1,1,0,0,0,0,1,1,1,0,0,0,0,1,1,1,0,0,0,0,1
8959,0,0,0,0,0,0,0,1,0,0,0,0,0,0,0,0,0,0,0,0,0
8960,1,1,0,0,0,0,1,0,0,0,0,0,0,0,0,0,0,0,0,0,0
8961,1,0,0,0,0,0,0,1,1,0,0,0,0,1,0,0,0,0,0,0,0
8963,1,0,0,0,0,0,0,1,0,0,0,0,0,0,1,1,0,0,0,0,1
8964,1,1,0,0,0,0,1,1,1,0,1,0,0,0,0,0,0,0,0,0,0
8965,1,1,0,1,0,0,0,1,1,0,0,0,0,1,2,1,1,0,0,0,0
8966,1,1,1,0,0,0,0,1,1,0,0,0,0,1,3,2,0,0,0,0,2
8967,1,1,0,0,0,0,1,1,1,1,0,0,0,0,1,1,0,0,0,0,1
8968,1,0,0,0,0,0,0,0,0,0,0,0,0,0,0,0,0,0,0,0,0
8969,1,0,0,0,0,0,0,1,0,0,0,0,0,0,0,0,0,0,0,0,0
8970,1,1,1,0,0,0,0,1,1,1,0,0,0,0,1,1,0,0,0,0,1
8971,0,0,0,0,0,0,0,1,0,0,0,0,0,0,1,1,0,0,0,0,1
8972,1,1,0,1,0,0,0,1,1,0,1,0,0,0,1,1,0,0,0,0,1
8973,1,1,0,1,0,0,0,1,1,0,1,0,0,0,0,0,0,0,0,0,0
8974,1,1,0,1,0,0,0,1,1,0,1,0,0,0,0,0,0,0,0,0,0
8975,1,1,0,1,0,0,0,1,1,0,1,0,0,0,0,0,0,0,0,0,0
8976,1,1,0,1,0,0,0,1,1,0,1,0,0,0,1,1,0,1,0,0,0
8977,1,0,0,0,0,0,0,1,0,0,0,0,0,0,1,1,0,0,0,0,1
8978,1,0,0,0,0,0,0,1,0,0,0,0,0,0,0,0,0,0,0,0,0
8979,1,1,0,0,0,0,1,1,1,0,0,0,0,1,1,1,0,0,0,0,1
8980,1,1,0,0,0,0,1,1,1,0,0,0,0,1,1,1,0,0,0,0,1
8981,1,0,0,0,0,0,0,1,0,0,0,0,0,0,2,0,0,0,0,0,0
8982,1,1,0,0,0,0,1,1,1,0,0,0,0,1,1,0,0,0,0,0,0
8983,1,1,0,0,0,0,1,1,1,1,0,0,0,0,1,1,0,0,0,0,1
8984,3,0,0,0,0,0,0,3,1,0,0,0,0,1,3,0,0,0,0,0,0
8985,1,1,1,0,0,0,0,1,1,0,0,0,0,1,1,1,0,0,0,0,1
8986,1,1,0,0,1,1,0,1,1,0,0,1,1,0,1,1,0,0,0,0,1
8987,1,1,1,0,0,0,0,1,1,0,0,1,1,0,0,0,0,0,0,0,0
8988,1,1,0,0,0,0,1,1,1,0,0,0,0,1,1,1,0,0,0,0,1
8989,1,0,0,0,0,0,0,1,0,0,0,0,0,0,0,0,0,0,0,0,0
8990,1,1,0,0,0,0,1,1,1,0,0,0,0,1,0,0,0,0,0,0,0
8991,1,1,0,1,0,0,0,1,1,1,0,0,0,0,1,1,0,1,0,0,0
8992,1,1,0,0,0,0,1,1,0,0,0,0,0,0,0,0,0,0,0,0,0
8993,0,0,0,0,0,0,0,1,0,0,0,0,0,0,1,1,0,0,0,0,1
8994,1,0,0,0,0,0,0,0,0,0,0,0,0,0,1,1,0,0,0,0,1
8995,2,2,0,0,0,0,2,2,2,0,0,0,0,2,2,1,0,0,0,0,1
8996,1,0,0,0,0,0,0,1,1,0,0,0,0,1,1,0,0,0,0,0,0
8997,1,1,1,0,0,0,0,1,1,1,0,0,0,0,1,1,1,0,0,0,0
8999,1,0,0,0,0,0,0,1,0,0,0,0,0,0,0,0,0,0,0,0,0
9000,1,1,0,0,0,0,1,1,1,0,0,0,0,1,1,1,0,0,0,0,1
9001,1,1,0,1,0,0,0,1,1,0,1,0,0,0,1,1,1,0,0,0,0
9002,1,1,0,0,0,0,1,1,1,0,0,0,0,1,1,1,0,0,0,0,1
9003,1,1,0,0,0,0,1,1,1,0,0,0,0,1,1,1,0,0,0,0,1
9004,1,1,0,0,0,0,1,1,1,0,0,0,0,1,1,1,0,0,0,0,1
9005,1,1,0,0,0,0,1,1,0,0,0,0,0,0,1,0,0,0,0,0,0
9006,1,1,0,0,0,0,1,1,1,0,1,0,0,0,1,1,1,0,0,0,0
9007,1,1,0,0,0,0,1,1,0,0,0,0,0,0,0,0,0,0,0,0,0
9008,1,1,1,0,0,0,0,2,0,0,0,0,0,0,0,0,0,0,0,0,0
9009,1,0,0,0,0,0,0,0,0,0,0,0,0,0,0,0,0,0,0,0,0
9010,1,1,0,1,0,0,0,1,1,0,1,0,0,0,1,1,0,1,0,0,0
9011,1,1,0,0,0,0,1,2,1,0,0,0,0,1,1,1,1,0,0,0,0
9012,1,1,0,0,0,0,1,1,0,0,0,0,0,0,1,1,0,0,0,0,1
9013,1,1,0,1,0,0,0,1,1,0,1,0,0,0,1,1,0,0,1,1,0
9014,1,1,1,0,0,0,0,1,1,0,0,0,0,1,1,1,0,0,0,0,1
9015,1,0,0,0,0,0,0,2,0,0,0,0,0,0,0,0,0,0,0,0,0
9016,1,1,0,0,0,0,1,1,1,0,1,0,0,0,1,1,0,1,0,0,0
9017,1,1,0,0,0,0,1,1,1,1,0,0,0,0,1,1,0,1,0,0,0
9018,1,1,0,0,0,0,1,1,1,0,1,0,0,0,0,0,0,0,0,0,0
9019,2,2,1,1,0,0,0,1,1,0,1,0,0,0,1,0,0,0,0,0,0
9020,1,1,0,0,1,1,0,1,1,0,0,1,1,0,0,0,0,0,0,0,0
9021,1,1,0,0,0,0,1,1,1,0,0,0,0,1,0,0,0,0,0,0,0
9022,1,1,0,0,0,0,1,1,1,0,0,0,0,1,1,1,0,0,0,0,1
9023,1,1,0,1,0,0,0,1,1,0,0,0,0,1,1,1,0,1,0,0,0
9024,1,1,0,1,0,0,0,1,1,0,1,0,0,0,1,1,0,0,0,0,1
9025,0,0,0,0,0,0,0,1,0,0,0,0,0,0,0,0,0,0,0,0,0
9026,1,0,0,0,0,0,0,0,0,0,0,0,0,0,1,0,0,0,0,0,0
9028,1,0,0,0,0,0,0,1,0,0,0,0,0,0,0,0,0,0,0,0,0
9029,1,1,0,0,0,0,1,1,1,0,1,0,0,0,0,0,0,0,0,0,0
9030,1,0,0,0,0,0,0,1,0,0,0,0,0,0,1,0,0,0,0,0,0
9031,3,2,0,1,0,0,1,2,2,0,2,0,0,0,1,1,0,0,0,0,1
9032,1,1,0,1,0,0,0,1,1,1,0,0,0,0,0,0,0,0,0,0,0
9033,1,0,0,0,0,0,0,1,0,0,0,0,0,0,0,0,0,0,0,0,0
9034,1,1,0,0,0,0,1,1,1,0,0,0,0,1,1,1,0,1,0,0,0
9036,1,1,1,0,0,0,0,1,1,0,1,0,0,0,1,1,0,0,1,1,0
9037,1,1,0,0,0,0,1,1,1,0,0,0,0,1,2,2,0,1,0,0,1
9038,1,0,0,0,0,0,0,1,0,0,0,0,0,0,0,0,0,0,0,0,0
9039,2,0,0,0,0,0,0,1,1,1,0,0,0,0,3,2,1,0,0,0,1
9040,1,1,1,0,0,0,0,1,1,0,0,0,0,1,1,1,0,0,1,1,0
9041,1,1,0,0,0,0,1,1,1,0,0,1,1,0,1,1,0,0,1,1,0
9042,1,1,0,0,0,0,1,1,1,0,0,0,0,1,1,1,0,1,0,0,0
9043,1,1,0,0,0,0,1,1,1,1,0,0,0,0,1,1,1,0,0,0,0
9044,1,1,1,0,0,0,0,1,1,0,0,0,0,1,1,1,0,0,1,1,0
9045,1,1,0,0,0,0,1,1,1,1,0,0,0,0,1,1,0,1,0,0,0
9046,1,0,0,0,0,0,0,1,0,0,0,0,0,0,0,0,0,0,0,0,0
9047,0,0,0,0,0,0,0,0,0,0,0,0,0,0,1,0,0,0,0,0,0
9048,1,1,0,0,0,0,1,1,0,0,0,0,0,0,1,0,0,0,0,0,0
9049,1,1,0,0,0,0,1,1,1,1,0,0,0,0,1,1,0,0,0,0,1
9050,1,1,1,0,0,0,0,1,1,1,0,0,0,0,1,1,1,0,0,0,0
9051,1,0,0,0,0,0,0,1,0,0,0,0,0,0,1,0,0,0,0,0,0
9052,1,1,0,1,0,0,0,1,1,0,0,0,0,1,1,1,0,0,0,0,1
9053,1,1,0,1,0,0,0,1,1,0,0,0,0,1,1,1,0,0,0,0,1
9054,1,1,0,0,0,0,1,1,1,0,0,0,0,1,1,1,0,0,0,0,1
9055,1,1,1,0,0,0,0,1,1,0,1,0,0,0,1,1,0,0,0,0,1
9056,1,1,0,0,0,0,1,1,1,0,0,0,0,1,1,1,1,0,0,0,0
9057,1,0,0,0,0,0,0,1,0,0,0,0,0,0,0,0,0,0,0,0,0
9058,1,1,0,0,0,0,1,1,1,0,0,0,0,1,2,2,0,0,0,0,2
9059,1,1,0,0,0,0,1,1,1,0,0,0,0,1,1,1,1,0,0,0,0
9060,1,1,1,0,0,0,0,1,1,0,0,0,0,1,1,1,0,0,0,0,1
9061,1,1,0,1,0,0,0,1,1,0,1,0,0,0,1,1,0,0,0,0,1
9062,1,1,0,1,0,0,0,1,1,0,1,0,0,0,1,1,0,1,0,0,0
9063,1,0,0,0,0,0,0,1,0,0,0,0,0,0,1,0,0,0,0,0,0
9064,1,1,0,0,0,0,1,1,1,0,0,1,1,0,1,1,0,0,1,1,0
9065,1,1,0,0,0,0,1,1,1,0,0,1,1,0,1,1,0,1,0,0,0
9066,1,0,0,0,0,0,0,1,0,0,0,0,0,0,1,0,0,0,0,0,0
9067,2,1,0,0,0,0,1,1,1,0,0,0,0,1,2,0,0,0,0,0,0
9068,1,0,0,0,0,0,0,1,0,0,0,0,0,0,1,0,0,0,0,0,0
9069,1,0,0,0,0,0,0,1,1,0,0,0,0,1,1,0,0,0,0,0,0
9070,0,0,0,0,0,0,0,1,0,0,0,0,0,0,0,0,0,0,0,0,0
9071,0,0,0,0,0,0,0,1,0,0,0,0,0,0,1,0,0,0,0,0,0
9072,1,0,0,0,0,0,0,0,0,0,0,0,0,0,1,0,0,0,0,0,0
9073,1,0,0,0,0,0,0,1,0,0,0,0,0,0,0,0,0,0,0,0,0
9074,1,1,0,0,0,0,1,1,0,0,0,0,0,0,0,0,0,0,0,0,0
9075,1,0,0,0,0,0,0,1,0,0,0,0,0,0,0,0,0,0,0,0,0
9076,0,0,0,0,0,0,0,1,0,0,0,0,0,0,1,1,0,0,0,0,1
9077,1,0,0,0,0,0,0,1,0,0,0,0,0,0,0,0,0,0,0,0,0
9078,0,0,0,0,0,0,0,0,0,0,0,0,0,0,1,0,0,0,0,0,0
9079,1,0,0,0,0,0,0,1,0,0,0,0,0,0,1,0,0,0,0,0,0
9080,1,0,0,0,0,0,0,1,0,0,0,0,0,0,1,0,0,0,0,0,0
9081,1,1,0,0,0,0,1,1,1,0,0,0,0,1,1,1,0,0,0,0,1
9082,1,0,0,0,0,0,0,1,1,0,0,0,0,1,0,0,0,0,0,0,0
9083,1,1,0,0,0,0,1,1,1,1,0,0,0,0,1,1,0,0,0,0,1
9084,1,0,0,0,0,0,0,1,1,0,0,0,0,1,1,0,0,0,0,0,0
9085,2,0,0,0,0,0,0,1,0,0,0,0,0,0,1,0,0,0,0,0,0
9086,1,1,0,0,0,0,1,1,0,0,0,0,0,0,1,0,0,0,0,0,0
9087,1,0,0,0,0,0,0,1,0,0,0,0,0,0,1,0,0,0,0,0,0
9088,0,0,0,0,0,0,0,1,0,0,0,0,0,0,1,0,0,0,0,0,0
9089,1,1,0,0,0,0,1,1,1,0,0,0,0,1,1,1,0,0,0,0,1
9090,1,1,1,0,0,0,0,1,1,1,0,0,0,0,1,1,1,0,0,0,0
9091,1,1,0,0,0,0,1,1,1,0,0,0,0,1,1,1,0,0,0,0,1
9092,1,1,0,0,0,0,1,1,1,0,0,0,0,1,1,1,0,0,0,0,1
9093,1,1,1,0,0,0,0,1,1,0,0,0,0,1,1,1,0,1,0,0,0
9094,1,1,0,0,1,1,0,1,1,1,0,0,0,0,3,3,0,2,1,1,0
9095,1,0,0,0,0,0,0,1,0,0,0,0,0,0,0,0,0,0,0,0,0
9096,0,0,0,0,0,0,0,1,0,0,0,0,0,0,2,0,0,0,0,0,0
9097,1,0,0,0,0,0,0,1,0,0,0,0,0,0,0,0,0,0,0,0,0
9098,1,0,0,0,0,0,0,1,0,0,0,0,0,0,0,0,0,0,0,0,0
9099,1,0,0,0,0,0,0,1,0,0,0,0,0,0,0,0,0,0,0,0,0
9100,2,0,0,0,0,0,0,1,0,0,0,0,0,0,1,0,0,0,0,0,0
9101,1,1,0,0,0,0,1,1,1,0,0,0,0,1,1,1,0,0,0,0,1
9102,1,1,0,0,0,0,1,1,1,0,0,1,1,0,1,1,0,0,0,0,1
9103,1,1,1,0,0,0,0,1,1,0,0,0,0,1,1,1,0,0,0,0,1
9104,1,1,0,1,0,0,0,1,1,0,0,0,0,1,1,1,0,0,0,0,1
9105,1,1,0,0,0,0,1,1,1,0,0,1,1,0,1,1,1,0,0,0,0
9106,1,1,0,0,0,0,1,1,1,0,0,0,0,1,1,1,0,0,0,0,1
9107,1,1,0,0,0,0,1,1,1,1,0,0,0,0,1,1,0,0,0,0,1
9108,1,1,0,0,0,0,1,1,1,0,0,0,0,1,1,1,0,0,0,0,1
9109,1,1,0,0,0,0,1,1,0,0,0,0,0,0,1,0,0,0,0,0,0
9110,1,1,1,0,0,0,0,1,1,1,0,0,0,0,1,1,0,0,0,0,1
9111,1,1,0,0,0,0,1,1,1,0,0,0,0,1,1,1,0,0,0,0,1
9112,1,1,1,0,0,0,0,1,1,1,0,0,0,0,1,1,1,0,0,0,0
9113,1,0,0,0,0,0,0,0,0,0,0,0,0,0,0,0,0,0,0,0,0
9114,1,1,1,0,0,0,0,1,1,1,0,0,0,0,1,1,0,0,1,1,0
9115,1,1,0,1,0,0,0,1,1,0,1,0,0,0,1,1,0,1,0,0,0
9116,1,1,0,0,0,0,1,1,1,0,0,0,0,1,0,0,0,0,0,0,0
9117,1,1,0,1,0,0,0,1,1,1,0,0,0,0,1,1,0,0,0,0,1
9118,2,2,1,0,0,0,1,1,1,1,0,0,0,0,1,1,0,0,0,0,1
9119,1,1,0,1,0,0,0,1,1,0,1,0,0,0,1,1,0,0,0,0,1
9120,1,1,0,1,0,0,0,1,1,0,0,1,1,0,1,1,0,0,0,0,1
9121,1,1,0,0,0,0,1,1,1,0,0,0,0,1,1,1,0,0,0,0,1
9122,0,0,0,0,0,0,0,1,0,0,0,0,0,0,1,0,0,0,0,0,0
9123,1,0,0,0,0,0,0,1,0,0,0,0,0,0,1,0,0,0,0,0,0
9124,0,0,0,0,0,0,0,0,0,0,0,0,0,0,1,0,0,0,0,0,0
9125,1,0,0,0,0,0,0,0,0,0,0,0,0,0,1,0,0,0,0,0,0
9126,1,0,0,0,0,0,0,1,0,0,0,0,0,0,1,0,0,0,0,0,0
9127,0,0,0,0,0,0,0,0,0,0,0,0,0,0,1,0,0,0,0,0,0
9128,1,0,0,0,0,0,0,1,1,0,0,0,0,1,1,0,0,0,0,0,0
9129,1,1,0,0,0,0,1,1,1,1,0,0,0,0,1,1,1,0,0,0,0
9130,1,1,0,0,0,0,1,1,1,0,0,0,0,1,1,1,0,0,0,0,1
9131,1,1,1,0,0,0,0,1,1,0,0,0,0,1,1,1,0,0,0,0,1
9132,2,2,0,1,0,0,1,1,1,0,0,0,0,1,0,0,0,0,0,0,0
9133,1,1,0,0,0,0,1,1,1,0,0,0,0,1,1,1,0,0,0,0,1
9134,1,1,1,0,0,0,0,1,1,0,0,0,0,1,0,0,0,0,0,0,0
9135,1,0,0,0,0,0,0,1,1,0,0,0,0,1,0,0,0,0,0,0,0
9136,1,0,0,0,0,0,0,1,1,0,0,0,0,1,0,0,0,0,0,0,0
9137,1,1,0,0,0,0,1,1,1,0,0,0,0,1,1,1,0,0,0,0,1
9138,1,1,1,0,0,0,0,1,1,1,0,0,0,0,1,1,0,0,1,1,0
9139,2,2,0,0,0,0,2,1,1,0,0,1,1,0,1,1,0,0,1,1,0
9140,1,0,0,0,0,0,0,1,0,0,0,0,0,0,0,0,0,0,0,0,0
9141,2,2,0,0,0,0,2,1,1,0,1,0,0,0,1,1,1,0,0,0,0
9142,2,2,0,0,0,0,2,1,1,0,0,1,1,0,0,0,0,0,0,0,0
9143,1,0,0,0,0,0,0,1,0,0,0,0,0,0,1,0,0,0,0,0,0
9144,1,1,1,0,0,0,0,1,1,0,0,0,0,1,1,1,0,0,0,0,1
9145,1,1,1,0,0,0,0,1,1,1,0,0,0,0,1,1,1,0,0,0,0
9147,1,0,0,0,0,0,0,1,0,0,0,0,0,0,0,0,0,0,0,0,0
9148,0,0,0,0,0,0,0,1,0,0,0,0,0,0,1,0,0,0,0,0,0
9149,1,1,0,1,0,0,0,1,1,1,0,0,0,0,1,1,0,0,1,1,0
9150,1,1,0,0,0,0,1,1,1,0,0,0,0,1,1,1,0,0,0,0,1
9151,1,1,0,0,0,0,1,1,1,0,0,0,0,1,1,1,0,0,0,0,1
9152,1,1,1,0,0,0,0,1,1,0,0,0,0,1,0,0,0,0,0,0,0
9153,1,1,0,1,0,0,0,1,1,0,1,0,0,0,1,0,0,0,0,0,0
9154,1,1,0,0,0,0,1,1,1,0,0,0,0,1,1,1,0,0,0,0,1
9155,3,3,0,1,0,0,2,3,3,0,1,1,1,1,3,3,0,0,0,0,3
9156,1,1,1,0,0,0,0,3,2,0,0,1,1,1,1,1,1,0,0,0,0
9157,1,1,0,0,0,0,1,1,1,1,0,0,0,0,1,1,0,0,0,0,1
9158,1,0,0,0,0,0,0,1,0,0,0,0,0,0,1,0,0,0,0,0,0
9159,1,0,0,0,0,0,0,1,0,0,0,0,0,0,1,0,0,0,0,0,0
9160,1,1,0,0,0,0,1,1,1,0,0,0,0,1,1,1,0,0,0,0,1
9161,1,0,0,0,0,0,0,0,0,0,0,0,0,0,0,0,0,0,0,0,0
9162,1,1,0,0,0,0,1,1,1,0,1,0,0,0,1,1,0,0,0,0,1
9163,1,1,0,0,0,0,1,1,1,0,0,0,0,1,0,0,0,0,0,0,0
9164,1,1,0,0,0,0,1,1,1,0,0,0,0,1,1,1,0,0,0,0,1
9165,1,1,1,0,0,0,0,1,1,1,0,0,0,0,1,1,1,0,0,0,0
9166,1,1,0,1,0,0,0,1,1,0,0,0,0,1,1,1,0,0,0,0,1
9167,1,0,0,0,0,0,0,1,0,0,0,0,0,0,0,0,0,0,0,0,0
9168,2,2,0,0,0,0,2,2,2,0,0,0,0,2,1,1,0,0,0,0,1
9169,1,1,1,0,0,0,0,1,1,1,0,0,0,0,1,1,1,0,0,0,0
9170,1,1,1,0,0,0,0,1,1,1,0,0,0,0,1,1,0,0,0,0,1
9171,1,1,0,0,0,0,1,1,1,0,0,0,0,1,1,1,0,0,0,0,1
9172,1,1,0,0,0,0,1,1,1,0,0,0,0,1,1,1,0,0,0,0,1
9173,1,1,0,0,1,1,0,1,1,0,0,1,1,0,1,1,0,0,0,0,1
9174,1,1,0,0,0,0,1,1,1,0,0,0,0,1,1,1,0,0,0,0,1
9175,1,1,1,0,0,0,0,1,1,1,0,0,0,0,1,1,0,0,0,0,1
9176,0,0,0,0,0,0,0,0,0,0,0,0,0,0,1,0,0,0,0,0,0
9177,1,0,0,0,0,0,0,1,0,0,0,0,0,0,0,0,0,0,0,0,0
9178,1,0,0,0,0,0,0,0,0,0,0,0,0,0,0,0,0,0,0,0,0
9179,1,1,0,0,0,0,1,1,1,1,0,0,0,0,0,0,0,0,0,0,0
9180,1,1,0,0,0,0,1,1,1,1,0,0,0,0,0,0,0,0,0,0,0
9181,1,0,0,0,0,0,0,1,0,0,0,0,0,0,0,0,0,0,0,0,0
9182,1,0,0,0,0,0,0,0,0,0,0,0,0,0,1,1,0,0,0,0,1
9183,1,1,0,0,0,0,1,1,1,0,1,0,0,0,1,0,0,0,0,0,0
9184,1,1,0,1,0,0,0,1,1,0,1,0,0,0,0,0,0,0,0,0,0
9185,1,1,0,1,0,0,0,1,1,0,0,0,0,1,1,1,0,0,0,0,1
9186,1,1,0,1,0,0,0,1,1,0,1,0,0,0,1,1,1,0,0,0,0
9187,1,1,1,0,0,0,0,1,1,0,0,0,0,1,1,1,0,0,0,0,1
9188,1,1,1,0,0,0,0,1,1,0,0,1,1,0,1,1,0,0,0,0,1
9189,1,1,0,0,0,0,1,1,1,0,0,0,0,1,1,1,0,0,0,0,1
9190,1,1,0,0,0,0,1,1,1,0,1,0,0,0,1,1,1,0,0,0,0
9191,0,0,0,0,0,0,0,1,0,0,0,0,0,0,1,0,0,0,0,0,0
9192,1,1,0,0,1,1,0,1,1,1,0,0,0,0,1,1,1,0,0,0,0
9193,1,1,0,0,0,0,1,1,0,0,0,0,0,0,0,0,0,0,0,0,0
9194,0,0,0,0,0,0,0,1,0,0,0,0,0,0,0,0,0,0,0,0,0
9195,2,2,1,0,0,0,1,1,1,1,0,0,0,0,1,1,1,0,0,0,0
9196,1,1,0,0,0,0,1,1,1,0,0,0,0,1,1,1,0,0,0,0,1
9197,1,1,0,0,0,0,1,1,1,0,0,0,0,1,1,1,0,0,0,0,1
9198,1,1,0,1,0,0,0,1,1,0,1,0,0,0,1,1,0,0,0,0,1
9199,1,1,0,0,0,0,1,1,1,0,0,0,0,1,1,1,1,0,0,0,0
9200,2,2,0,0,0,0,2,1,1,0,0,0,0,1,1,1,0,0,0,0,1
9201,1,1,0,1,0,0,0,1,1,0,0,0,0,1,1,1,0,0,0,0,1
9202,1,1,0,0,0,0,1,1,1,0,0,0,0,1,1,0,0,0,0,0,0
9203,1,1,0,0,0,0,1,1,1,0,1,0,0,0,1,1,0,1,0,0,0
9204,1,1,0,1,0,0,0,1,1,0,1,0,0,0,0,0,0,0,0,0,0
9205,1,0,0,0,0,0,0,1,0,0,0,0,0,0,1,0,0,0,0,0,0
9206,1,1,0,1,0,0,0,1,1,0,1,0,0,0,1,1,0,0,0,0,1
9207,1,1,0,0,0,0,1,1,1,0,0,0,0,1,0,0,0,0,0,0,0
9208,1,1,0,0,0,0,1,1,1,0,0,0,0,1,1,1,0,0,0,0,1
9209,1,1,1,0,0,0,0,1,1,1,0,0,0,0,1,1,0,1,0,0,0
9210,1,1,1,0,0,0,0,1,1,1,0,0,0,0,1,1,0,0,0,0,1
9211,1,1,0,1,0,0,0,2,2,0,1,0,0,1,2,2,0,0,0,0,2
9212,1,1,0,0,0,0,1,1,1,1,0,0,0,0,1,1,0,0,0,0,1
9213,1,0,0,0,0,0,0,0,0,0,0,0,0,0,0,0,0,0,0,0,0
9214,1,1,0,0,0,0,1,1,1,0,0,0,0,1,1,1,0,0,0,0,1
9215,1,0,0,0,0,0,0,1,0,0,0,0,0,0,0,0,0,0,0,0,0
9216,1,1,1,0,0,0,0,1,1,0,0,0,0,1,0,0,0,0,0,0,0
9217,1,0,0,0,0,0,0,0,0,0,0,0,0,0,0,0,0,0,0,0,0
9218,1,1,0,0,0,0,1,1,1,0,0,0,0,1,1,1,0,0,0,0,1
9219,1,1,0,0,0,0,1,1,1,0,0,0,0,1,1,1,0,0,0,0,1
9220,1,1,0,0,0,0,1,1,1,0,0,0,0,1,1,1,0,0,0,0,1
9221,1,1,0,0,0,0,1,1,1,0,0,0,0,1,1,0,0,0,0,0,0
9222,1,1,0,0,0,0,1,1,1,0,0,0,0,1,1,1,0,0,0,0,1
9223,1,1,0,0,0,0,1,1,1,1,0,0,0,0,1,1,0,0,0,0,1
9224,2,1,0,0,1,1,0,2,2,1,0,0,0,1,2,1,1,0,0,0,0
9225,1,1,0,1,0,0,0,1,1,0,1,0,0,0,1,1,1,0,0,0,0
9226,1,1,0,1,0,0,0,1,1,0,1,0,0,0,1,1,0,0,0,0,1
9227,0,0,0,0,0,0,0,1,1,0,0,0,0,1,1,0,0,0,0,0,0
9228,1,0,0,0,0,0,0,3,0,0,0,0,0,0,0,0,0,0,0,0,0
9229,1,0,0,0,0,0,0,1,0,0,0,0,0,0,0,0,0,0,0,0,0
9230,1,0,0,0,0,0,0,1,0,0,0,0,0,0,1,0,0,0,0,0,0
9231,1,0,0,0,0,0,0,1,0,0,0,0,0,0,1,0,0,0,0,0,0
9232,1,0,0,0,0,0,0,2,0,0,0,0,0,0,0,0,0,0,0,0,0
9233,1,0,0,0,0,0,0,1,0,0,0,0,0,0,0,0,0,0,0,0,0
9234,1,1,0,0,0,0,1,1,1,0,0,0,0,1,1,1,0,0,0,0,1
9235,2,0,0,0,0,0,0,3,0,0,0,0,0,0,3,1,0,0,0,0,1
9236,1,0,0,0,0,0,0,0,0,0,0,0,0,0,0,0,0,0,0,0,0
9237,1,0,0,0,0,0,0,1,0,0,0,0,0,0,0,0,0,0,0,0,0
9238,1,0,0,0,0,0,0,1,0,0,0,0,0,0,0,0,0,0,0,0,0
9239,1,0,0,0,0,0,0,1,0,0,0,0,0,0,0,0,0,0,0,0,0
9240,1,0,0,0,0,0,0,1,0,0,0,0,0,0,0,0,0,0,0,0,0
9241,1,0,0,0,0,0,0,1,0,0,0,0,0,0,2,1,0,0,0,0,1
9242,1,0,0,0,0,0,0,1,0,0,0,0,0,0,0,0,0,0,0,0,0
9243,0,0,0,0,0,0,0,1,0,0,0,0,0,0,0,0,0,0,0,0,0
9244,1,0,0,0,0,0,0,1,0,0,0,0,0,0,0,0,0,0,0,0,0
9245,0,0,0,0,0,0,0,1,0,0,0,0,0,0,1,0,0,0,0,0,0
9246,1,1,1,0,0,0,0,1,1,1,0,0,0,0,2,2,1,0,0,0,1
9247,1,1,0,1,0,0,0,1,1,0,0,0,0,1,1,1,0,0,0,0,1
9248,1,0,0,0,0,0,0,1,0,0,0,0,0,0,0,0,0,0,0,0,0
9249,1,0,0,0,0,0,0,1,0,0,0,0,0,0,1,0,0,0,0,0,0
9250,1,1,0,0,0,0,1,1,0,0,0,0,0,0,0,0,0,0,0,0,0
9251,1,0,0,0,0,0,0,1,0,0,0,0,0,0,0,0,0,0,0,0,0
9252,1,0,0,0,0,0,0,1,0,0,0,0,0,0,1,1,0,0,0,0,1
9253,0,0,0,0,0,0,0,0,0,0,0,0,0,0,1,0,0,0,0,0,0
9254,2,2,0,0,0,0,2,1,1,0,0,1,1,0,0,0,0,0,0,0,0
9255,2,2,0,1,0,0,1,1,1,0,0,1,1,0,1,1,0,0,1,1,0
9256,1,0,0,0,0,0,0,1,0,0,0,0,0,0,1,1,0,0,0,0,1
9257,1,1,0,1,0,0,0,1,1,0,0,0,0,1,1,1,0,0,0,0,1
9258,1,0,0,0,0,0,0,1,0,0,0,0,0,0,1,0,0,0,0,0,0
9259,1,1,0,0,0,0,1,1,1,0,0,0,0,1,1,1,0,0,0,0,1
9260,1,1,0,0,0,0,1,1,1,0,0,0,0,1,1,1,1,0,0,0,0
9261,1,1,0,1,0,0,0,1,1,0,1,0,0,0,1,1,0,1,0,0,0
9262,3,2,0,0,0,0,2,2,2,1,0,0,0,1,2,2,0,1,0,0,1
9263,1,1,1,0,0,0,0,1,1,1,0,0,0,0,1,0,0,0,0,0,0
9264,1,1,0,1,0,0,0,1,1,0,0,0,0,1,1,1,0,0,0,0,1
9265,2,1,0,1,0,0,0,1,1,0,0,0,0,1,1,1,0,0,0,0,1
9266,1,1,0,0,0,0,1,1,1,0,0,0,0,1,1,1,0,0,0,0,1
9267,1,1,1,0,0,0,0,1,1,1,0,0,0,0,1,1,0,1,0,0,0
9268,1,1,0,0,0,0,1,1,1,0,0,0,0,1,1,1,1,0,0,0,0
9269,1,0,0,0,0,0,0,1,0,0,0,0,0,0,1,0,0,0,0,0,0
9270,1,0,0,0,0,0,0,1,0,0,0,0,0,0,0,0,0,0,0,0,0
9271,1,1,0,0,0,0,1,1,1,1,0,0,0,0,1,1,0,0,0,0,1
9272,0,0,0,0,0,0,0,1,0,0,0,0,0,0,0,0,0,0,0,0,0
9273,1,1,0,0,0,0,1,1,1,0,0,0,0,1,1,1,0,0,0,0,1
9274,1,1,0,0,0,0,1,1,0,0,0,0,0,0,0,0,0,0,0,0,0
9276,1,0,0,0,0,0,0,1,0,0,0,0,0,0,1,0,0,0,0,0,0
9277,1,1,0,0,0,0,1,1,1,0,1,0,0,0,1,1,1,0,0,0,0
9278,1,0,0,0,0,0,0,1,0,0,0,0,0,0,1,1,0,0,0,0,1
9279,1,1,1,0,0,0,0,0,0,0,0,0,0,0,0,0,0,0,0,0,0
9280,0,0,0,0,0,0,0,0,0,0,0,0,0,0,1,0,0,0,0,0,0
9281,1,1,0,1,0,0,0,1,1,0,0,0,0,1,1,1,0,1,0,0,0
9282,1,1,1,0,0,0,0,2,2,1,0,1,1,0,1,1,0,1,0,0,0
9283,1,1,0,0,0,0,1,1,1,0,0,0,0,1,1,1,0,0,0,0,1
9284,1,0,0,0,0,0,0,0,0,0,0,0,0,0,1,0,0,0,0,0,0
9285,1,0,0,0,0,0,0,1,0,0,0,0,0,0,1,0,0,0,0,0,0
9286,2,1,1,0,0,0,0,2,2,1,0,0,0,1,3,2,0,0,1,1,1
9287,1,1,0,1,0,0,0,1,1,0,0,0,0,1,1,1,0,1,0,0,0
9288,1,1,0,1,0,0,0,1,1,0,1,0,0,0,1,1,0,0,0,0,1
9289,1,1,0,1,0,0,0,1,1,0,1,0,0,0,0,0,0,0,0,0,0
9290,1,0,0,0,0,0,0,1,0,0,0,0,0,0,1,1,0,0,0,0,1
9291,0,0,0,0,0,0,0,1,1,0,0,0,0,1,1,0,0,0,0,0,0
9292,1,0,0,0,0,0,0,2,0,0,0,0,0,0,0,0,0,0,0,0,0
9293,1,0,0,0,0,0,0,1,0,0,0,0,0,0,0,0,0,0,0,0,0
9294,1,0,0,0,0,0,0,1,1,0,0,0,0,1,0,0,0,0,0,0,0
9295,1,0,0,0,0,0,0,1,0,0,0,0,0,0,0,0,0,0,0,0,0
9296,1,1,0,0,0,0,1,1,1,1,0,0,0,0,1,1,0,1,0,0,0
9297,1,1,0,0,0,0,1,1,1,0,0,1,1,0,0,0,0,0,0,0,0
9298,1,1,0,0,0,0,1,1,1,0,0,0,0,1,1,0,0,0,0,0,0
9299,1,1,0,0,0,0,1,1,1,0,0,0,0,1,1,1,0,0,0,0,1
9300,1,1,0,1,0,0,0,1,1,0,0,0,0,1,1,1,0,0,0,0,1
9301,1,1,1,0,0,0,0,1,1,0,0,0,0,1,1,1,0,0,0,0,1
9302,1,1,0,1,0,0,0,1,1,0,1,0,0,0,1,1,0,1,0,0,0
9303,1,1,0,0,0,0,1,1,1,0,0,0,0,1,0,0,0,0,0,0,0
9304,1,0,0,0,0,0,0,1,0,0,0,0,0,0,0,0,0,0,0,0,0
9305,2,0,0,0,0,0,0,1,0,0,0,0,0,0,0,0,0,0,0,0,0
9306,0,0,0,0,0,0,0,1,0,0,0,0,0,0,0,0,0,0,0,0,0
9307,1,0,0,0,0,0,0,1,0,0,0,0,0,0,1,0,0,0,0,0,0
9308,1,1,0,0,0,0,1,1,1,0,1,0,0,0,1,1,1,0,0,0,0
9309,1,1,0,0,0,0,1,1,1,0,0,0,0,1,0,0,0,0,0,0,0
9310,1,1,1,0,0,0,0,1,1,1,0,0,0,0,1,1,0,0,0,0,1
9311,1,0,0,0,0,0,0,1,0,0,0,0,0,0,0,0,0,0,0,0,0
9312,1,1,0,0,0,0,1,1,1,0,1,0,0,0,1,1,0,0,0,0,1
9313,1,1,0,1,0,0,0,1,1,0,0,1,1,0,2,2,1,0,0,0,1
9314,1,1,0,0,0,0,1,1,1,0,0,0,0,1,1,1,0,0,0,0,1
9315,1,0,0,0,0,0,0,1,0,0,0,0,0,0,0,0,0,0,0,0,0
9316,1,0,0,0,0,0,0,3,0,0,0,0,0,0,0,0,0,0,0,0,0
9317,1,1,0,0,0,0,1,1,1,0,0,0,0,1,1,1,0,0,0,0,1
9318,1,1,0,0,0,0,1,1,1,0,1,0,0,0,1,1,0,1,0,0,0
9319,2,1,0,1,0,0,0,1,1,0,1,0,0,0,1,1,0,0,0,0,1
9320,1,1,0,1,0,0,0,1,1,0,1,0,0,0,0,0,0,0,0,0,0
9321,1,1,0,0,0,0,1,1,0,0,0,0,0,0,0,0,0,0,0,0,0
9322,1,1,0,0,0,0,1,1,1,0,1,0,0,0,1,1,0,0,0,0,1
9323,1,0,0,0,0,0,0,1,0,0,0,0,0,0,0,0,0,0,0,0,0
9324,1,1,0,0,0,0,1,1,1,0,0,0,0,1,1,1,0,0,0,0,1
9325,2,0,0,0,0,0,0,1,0,0,0,0,0,0,3,0,0,0,0,0,0
9326,1,1,0,0,0,0,1,1,1,0,0,0,0,1,1,1,0,1,0,0,0
9327,1,1,0,0,0,0,1,1,0,0,0,0,0,0,1,0,0,0,0,0,0
9328,1,1,0,0,0,0,1,1,1,0,0,0,0,1,1,1,0,0,0,0,1
9329,0,0,0,0,0,0,0,1,0,0,0,0,0,0,0,0,0,0,0,0,0
9330,1,0,0,0,0,0,0,1,0,0,0,0,0,0,1,0,0,0,0,0,0
9331,1,1,0,0,0,0,1,1,1,0,0,0,0,1,1,0,0,0,0,0,0
9332,1,1,0,0,0,0,1,1,1,0,0,0,0,1,0,0,0,0,0,0,0
9333,1,1,1,0,0,0,0,1,1,0,0,1,1,0,1,1,0,0,0,0,1
9334,1,1,0,0,0,0,1,1,1,0,0,0,0,1,1,1,0,0,0,0,1
9335,1,0,0,0,0,0,0,1,0,0,0,0,0,0,1,0,0,0,0,0,0
9336,1,0,0,0,0,0,0,2,0,0,0,0,0,0,0,0,0,0,0,0,0
9337,1,0,0,0,0,0,0,1,0,0,0,0,0,0,0,0,0,0,0,0,0
9338,1,0,0,0,0,0,0,1,0,0,0,0,0,0,0,0,0,0,0,0,0
9339,1,1,0,0,0,0,1,1,1,0,0,0,0,1,1,1,0,0,0,0,1
9340,0,0,0,0,0,0,0,1,0,0,0,0,0,0,0,0,0,0,0,0,0
9342,1,0,0,0,0,0,0,1,0,0,0,0,0,0,1,0,0,0,0,0,0
9343,1,1,0,0,0,0,1,1,1,0,0,0,0,1,1,1,0,0,0,0,1
9344,1,1,0,0,0,0,1,2,1,0,0,0,0,1,2,2,0,0,0,0,2
9345,1,0,0,0,0,0,0,1,1,0,0,0,0,1,1,0,0,0,0,0,0
9346,1,1,0,0,0,0,1,1,0,0,0,0,0,0,0,0,0,0,0,0,0
9347,1,1,0,0,0,0,1,1,1,0,1,0,0,0,0,0,0,0,0,0,0
9348,1,1,0,0,0,0,1,1,1,0,0,0,0,1,1,1,0,0,0,0,1
9349,1,0,0,0,0,0,0,1,0,0,0,0,0,0,0,0,0,0,0,0,0
9350,1,0,0,0,0,0,0,1,0,0,0,0,0,0,0,0,0,0,0,0,0
9351,1,1,0,0,1,1,0,1,1,0,0,1,1,0,1,1,0,0,0,0,1
9352,1,1,0,0,0,0,1,1,0,0,0,0,0,0,0,0,0,0,0,0,0
9353,1,0,0,0,0,0,0,1,1,1,0,0,0,0,0,0,0,0,0,0,0
9354,1,0,0,0,0,0,0,1,0,0,0,0,0,0,1,0,0,0,0,0,0
9355,1,1,0,0,0,0,1,1,1,0,0,0,0,1,1,1,0,0,0,0,1
9356,1,0,0,0,0,0,0,1,0,0,0,0,0,0,1,0,0,0,0,0,0
9357,1,1,0,0,0,0,1,1,1,0,0,0,0,1,0,0,0,0,0,0,0
9358,1,1,1,0,0,0,0,1,0,0,0,0,0,0,0,0,0,0,0,0,0
9359,1,1,0,0,0,0,1,1,0,0,0,0,0,0,0,0,0,0,0,0,0
9360,1,1,0,0,0,0,1,1,1,1,0,0,0,0,1,1,0,0,0,0,1
9361,1,1,0,0,0,0,1,1,1,0,1,0,0,0,1,1,0,1,0,0,0
9362,2,1,0,0,0,0,1,2,1,1,0,0,0,0,1,1,0,1,0,0,0
9363,1,1,0,0,0,0,1,1,1,0,0,0,0,1,1,1,0,0,0,0,1
9364,1,1,0,0,0,0,1,1,1,0,0,0,0,1,1,1,0,0,0,0,1
9365,2,2,0,1,0,0,1,2,2,1,0,0,0,1,1,1,0,0,0,0,1
9366,1,0,0,0,0,0,0,1,0,0,0,0,0,0,0,0,0,0,0,0,0
9367,0,0,0,0,0,0,0,0,0,0,0,0,0,0,1,0,0,0,0,0,0
9368,1,1,0,0,0,0,1,1,1,0,0,0,0,1,1,1,0,0,0,0,1
9369,1,1,0,0,1,1,0,1,1,0,1,0,0,0,1,1,0,1,0,0,0
9370,1,0,0,0,0,0,0,1,1,0,0,0,0,1,0,0,0,0,0,0,0
9371,1,0,0,0,0,0,0,1,1,0,0,0,0,1,0,0,0,0,0,0,0
9372,1,1,0,0,0,0,1,1,1,1,0,0,0,0,1,1,0,0,0,0,1
9373,1,1,0,1,0,0,0,1,1,0,1,0,0,0,1,1,0,0,0,0,1
9374,1,1,0,0,0,0,1,1,1,0,1,0,0,0,1,1,0,0,0,0,1
9375,1,1,0,0,0,0,1,1,1,0,1,0,0,0,1,1,0,0,0,0,1
9376,1,1,0,0,0,0,1,1,1,0,0,0,0,1,1,1,0,0,0,0,1
9377,1,1,0,0,0,0,1,1,1,0,0,0,0,1,1,1,0,0,0,0,1
9378,1,0,0,0,0,0,0,1,0,0,0,0,0,0,0,0,0,0,0,0,0
9379,1,1,0,0,0,0,1,1,1,1,0,0,0,0,1,1,0,0,0,0,1
9380,1,1,0,0,0,0,1,1,1,0,0,0,0,1,0,0,0,0,0,0,0
9381,1,1,1,0,0,0,0,1,1,1,0,0,0,0,1,1,0,0,0,0,1
9382,0,0,0,0,0,0,0,1,0,0,0,0,0,0,1,0,0,0,0,0,0
9383,1,0,0,0,0,0,0,1,0,0,0,0,0,0,0,0,0,0,0,0,0
9384,1,0,0,0,0,0,0,1,0,0,0,0,0,0,1,0,0,0,0,0,0
9385,1,1,1,0,0,0,0,1,1,1,0,0,0,0,1,1,0,0,0,0,1
9386,1,0,0,0,0,0,0,1,0,0,0,0,0,0,0,0,0,0,0,0,0
9387,1,1,0,0,0,0,1,1,1,1,0,0,0,0,1,1,0,0,0,0,1
9388,1,1,0,0,0,0,1,1,1,0,1,0,0,0,1,1,0,0,0,0,1
9390,1,1,0,0,0,0,1,1,1,0,0,0,0,1,1,1,0,0,0,0,1
9391,1,1,1,0,0,0,0,1,1,1,0,0,0,0,1,1,1,0,0,0,0
9392,1,1,0,0,0,0,1,1,1,1,0,0,0,0,1,1,0,0,0,0,1
9393,1,0,0,0,0,0,0,1,0,0,0,0,0,0,1,0,0,0,0,0,0
9394,1,1,1,0,0,0,0,1,1,0,0,0,0,1,1,1,1,0,0,0,0
9395,1,1,1,0,0,0,0,1,1,0,0,0,0,1,2,1,0,0,0,0,1
9396,1,1,0,0,0,0,1,2,2,1,1,0,0,0,2,2,0,0,0,0,2
9397,3,2,0,0,0,0,2,1,1,0,0,0,0,1,4,0,0,0,0,0,0
9398,1,0,0,0,0,0,0,0,0,0,0,0,0,0,1,0,0,0,0,0,0
9399,1,0,0,0,0,0,0,1,1,0,0,0,0,1,2,0,0,0,0,0,0
9400,1,0,0,0,0,0,0,0,0,0,0,0,0,0,0,0,0,0,0,0,0
9401,1,0,0,0,0,0,0,1,0,0,0,0,0,0,1,1,0,0,0,0,1
9402,1,1,0,0,0,0,1,1,1,0,0,0,0,1,1,1,1,0,0,0,0
9403,1,1,0,0,0,0,1,1,1,1,0,0,0,0,0,0,0,0,0,0,0
9404,1,1,0,0,0,0,1,1,1,0,0,0,0,1,1,1,0,0,0,0,1
9405,1,0,0,0,0,0,0,1,1,0,0,0,0,1,0,0,0,0,0,0,0
9406,2,1,0,0,0,0,1,2,2,0,1,0,0,1,1,0,0,0,0,0,0
9407,1,1,0,0,0,0,1,2,2,0,0,0,0,2,2,2,0,1,0,0,1
9408,1,1,0,1,0,0,0,1,1,0,0,0,0,1,1,1,0,1,0,0,0
9409,2,2,1,1,0,0,0,2,1,0,0,1,1,0,1,1,1,0,0,0,0
9410,1,1,1,0,0,0,0,1,1,1,0,0,0,0,1,1,0,0,1,1,0
9411,1,0,0,0,0,0,0,1,0,0,0,0,0,0,1,1,0,0,0,0,1
9412,1,0,0,0,0,0,0,1,0,0,0,0,0,0,1,0,0,0,0,0,0
9413,1,1,0,0,0,0,1,1,1,0,0,0,0,1,1,1,0,0,0,0,1
9414,1,0,0,0,0,0,0,1,0,0,0,0,0,0,1,1,0,0,0,0,1
9415,1,1,0,0,0,0,1,1,1,0,0,0,0,1,1,1,0,0,0,0,1
9416,1,1,0,0,0,0,1,1,1,0,0,0,0,1,1,1,0,0,0,0,1
9417,1,1,0,0,1,1,0,1,1,0,1,0,0,0,1,1,1,0,0,0,0
9418,1,1,0,0,0,0,1,1,1,0,1,0,0,0,1,1,1,0,0,0,0
9419,1,1,0,1,0,0,0,1,1,0,1,0,0,0,1,1,0,0,0,0,1
9420,1,0,0,0,0,0,0,1,0,0,0,0,0,0,1,0,0,0,0,0,0
9421,2,2,0,1,0,0,1,2,2,0,0,1,1,1,1,1,0,0,0,0,1
9422,1,0,0,0,0,0,0,1,0,0,0,0,0,0,0,0,0,0,0,0,0
9423,2,2,1,0,0,0,1,2,2,1,0,0,0,1,1,1,0,0,0,0,1
9424,1,1,0,0,0,0,1,1,1,0,1,0,0,0,1,1,1,0,0,0,0
9425,1,1,0,0,0,0,1,1,1,0,0,0,0,1,1,1,0,0,0,0,1
9426,2,0,0,0,0,0,0,2,0,0,0,0,0,0,1,0,0,0,0,0,0
9428,1,0,0,0,0,0,0,1,0,0,0,0,0,0,1,1,1,0,0,0,0
9429,1,1,1,0,0,0,0,1,1,1,0,0,0,0,1,1,0,0,0,0,1
9430,1,1,1,0,0,0,0,1,1,0,0,0,0,1,1,1,0,0,0,0,1
9431,1,0,0,0,0,0,0,1,0,0,0,0,0,0,0,0,0,0,0,0,0
9432,1,0,0,0,0,0,0,0,0,0,0,0,0,0,0,0,0,0,0,0,0
9433,1,0,0,0,0,0,0,1,0,0,0,0,0,0,0,0,0,0,0,0,0
9434,1,1,0,1,0,0,0,1,1,0,0,0,0,1,1,1,0,0,0,0,1
9435,1,1,0,0,0,0,1,1,1,0,0,0,0,1,0,0,0,0,0,0,0
9436,1,1,0,0,0,0,1,1,1,1,0,0,0,0,1,1,0,1,0,0,0
9437,1,0,0,0,0,0,0,1,1,0,0,0,0,1,0,0,0,0,0,0,0
9438,1,0,0,0,0,0,0,1,0,0,0,0,0,0,1,0,0,0,0,0,0
9439,1,1,0,0,0,0,1,1,0,0,0,0,0,0,0,0,0,0,0,0,0
9440,1,1,0,0,0,0,1,1,1,0,0,0,0,1,1,1,1,0,0,0,0
9441,1,1,0,0,0,0,1,1,1,1,0,0,0,0,1,1,0,0,0,0,1
9443,1,1,1,0,0,0,0,1,1,1,0,0,0,0,1,1,0,0,0,0,1
9444,1,0,0,0,0,0,0,0,0,0,0,0,0,0,0,0,0,0,0,0,0
9445,1,1,0,0,0,0,1,1,1,0,0,0,0,1,1,1,0,0,0,0,1
9446,1,0,0,0,0,0,0,0,0,0,0,0,0,0,0,0,0,0,0,0,0
9447,1,1,0,0,0,0,1,1,0,0,0,0,0,0,1,0,0,0,0,0,0
9448,2,1,0,0,0,0,1,1,1,0,1,0,0,0,1,1,0,0,0,0,1
9449,1,1,0,0,0,0,1,1,1,1,0,0,0,0,1,1,1,0,0,0,0
9450,1,1,0,0,0,0,1,2,1,0,0,0,0,1,2,2,0,0,0,0,2
9451,1,1,0,0,0,0,1,1,1,0,0,0,0,1,1,1,0,0,0,0,1
9452,1,0,0,0,0,0,0,1,0,0,0,0,0,0,1,0,0,0,0,0,0
9454,1,1,0,0,0,0,1,1,1,0,0,0,0,1,0,0,0,0,0,0,0
9457,1,1,0,0,0,0,1,1,1,0,0,0,0,1,1,1,1,0,0,0,0
9458,1,1,0,0,0,0,1,1,1,0,0,0,0,1,1,1,0,0,0,0,1
9459,1,1,1,0,0,0,0,1,1,0,0,0,0,1,2,2,1,1,0,0,0
9460,1,1,0,1,0,0,0,1,1,1,0,0,0,0,1,1,0,0,0,0,1
9461,1,1,0,0,0,0,1,1,1,0,0,0,0,1,1,1,0,0,0,0,1
9462,0,0,0,0,0,0,0,1,0,0,0,0,0,0,1,0,0,0,0,0,0
9463,1,0,0,0,0,0,0,1,0,0,0,0,0,0,0,0,0,0,0,0,0
9464,1,1,0,1,0,0,0,1,1,0,1,0,0,0,1,1,0,0,0,0,1
9465,6,2,0,1,0,0,1,6,2,0,0,0,0,2,5,2,1,0,0,0,1
9466,1,1,0,0,0,0,1,1,1,1,0,0,0,0,1,1,0,0,0,0,1
9467,1,1,0,0,0,0,1,2,2,1,0,0,0,1,0,0,0,0,0,0,0
9468,1,1,0,0,0,0,1,1,1,0,0,0,0,1,0,0,0,0,0,0,0
9469,1,1,0,0,0,0,1,1,1,0,0,0,0,1,1,1,0,0,0,0,1
9471,2,0,0,0,0,0,0,1,0,0,0,0,0,0,2,0,0,0,0,0,0
9472,1,1,0,0,0,0,1,2,1,1,0,0,0,0,1,1,0,0,0,0,1
9473,1,1,1,0,0,0,0,1,1,1,0,0,0,0,1,1,0,0,0,0,1
9474,1,1,1,0,0,0,0,1,1,0,0,0,0,1,2,2,0,0,0,0,2
9476,1,1,0,1,0,0,0,1,1,1,0,0,0,0,0,0,0,0,0,0,0
9477,1,1,0,0,0,0,1,1,1,0,0,0,0,1,1,1,0,0,0,0,1
9478,1,0,0,0,0,0,0,0,0,0,0,0,0,0,0,0,0,0,0,0,0
9479,0,0,0,0,0,0,0,1,0,0,0,0,0,0,1,0,0,0,0,0,0
9480,0,0,0,0,0,0,0,1,0,0,0,0,0,0,0,0,0,0,0,0,0
9481,1,1,0,0,0,0,1,1,1,0,0,0,0,1,0,0,0,0,0,0,0
9482,2,0,0,0,0,0,0,2,0,0,0,0,0,0,2,0,0,0,0,0,0
9483,1,1,0,0,1,1,0,1,1,1,0,0,0,0,2,2,0,0,0,0,2
9484,1,0,0,0,0,0,0,1,0,0,0,0,0,0,0,0,0,0,0,0,0
9485,1,1,0,1,0,0,0,1,1,0,0,0,0,1,0,0,0,0,0,0,0
9486,1,0,0,0,0,0,0,1,0,0,0,0,0,0,0,0,0,0,0,0,0
9487,1,0,0,0,0,0,0,0,0,0,0,0,0,0,0,0,0,0,0,0,0
9488,1,0,0,0,0,0,0,1,1,0,0,0,0,1,0,0,0,0,0,0,0
9489,2,2,0,0,0,0,2,2,2,1,0,0,0,1,2,2,0,0,0,0,2
9490,2,2,0,0,0,0,2,2,2,0,0,0,0,2,2,2,0,0,0,0,2
9491,1,1,0,1,0,0,0,1,1,0,1,0,0,0,1,1,0,1,0,0,0
9492,1,1,0,0,0,0,1,1,1,0,0,0,0,1,1,1,0,0,0,0,1
9493,1,0,0,0,0,0,0,1,0,0,0,0,0,0,1,0,0,0,0,0,0
9494,1,0,0,0,0,0,0,1,0,0,0,0,0,0,1,0,0,0,0,0,0
9495,1,1,0,0,0,0,1,1,1,1,0,0,0,0,1,1,0,0,0,0,1
9496,1,0,0,0,0,0,0,1,0,0,0,0,0,0,1,0,0,0,0,0,0
9497,1,0,0,0,0,0,0,1,0,0,0,0,0,0,0,0,0,0,0,0,0
9498,0,0,0,0,0,0,0,1,0,0,0,0,0,0,1,0,0,0,0,0,0
9499,0,0,0,0,0,0,0,1,0,0,0,0,0,0,1,0,0,0,0,0,0
9500,0,0,0,0,0,0,0,1,0,0,0,0,0,0,1,0,0,0,0,0,0
9501,1,0,0,0,0,0,0,1,0,0,0,0,0,0,0,0,0,0,0,0,0
9502,1,1,0,0,0,0,1,1,1,0,0,0,0,1,1,0,0,0,0,0,0
9503,0,0,0,0,0,0,0,1,0,0,0,0,0,0,0,0,0,0,0,0,0
9504,1,0,0,0,0,0,0,1,0,0,0,0,0,0,1,0,0,0,0,0,0
9505,1,1,0,1,0,0,0,1,1,0,0,0,0,1,1,0,0,0,0,0,0
9506,1,1,1,0,0,0,0,1,1,1,0,0,0,0,1,1,0,0,0,0,1
9507,1,1,0,0,0,0,1,1,1,0,0,0,0,1,0,0,0,0,0,0,0
9508,1,1,0,0,0,0,1,1,1,0,0,0,0,1,1,0,0,0,0,0,0
9509,1,1,0,1,0,0,0,1,1,1,0,0,0,0,1,1,1,0,0,0,0
9510,1,1,0,0,0,0,1,1,1,1,0,0,0,0,1,1,0,0,0,0,1
9511,1,0,0,0,0,0,0,1,0,0,0,0,0,0,0,0,0,0,0,0,0
9512,1,0,0,0,0,0,0,0,0,0,0,0,0,0,0,0,0,0,0,0,0
9513,1,0,0,0,0,0,0,1,0,0,0,0,0,0,1,0,0,0,0,0,0
9514,1,1,1,0,0,0,0,1,1,1,0,0,0,0,1,1,1,0,0,0,0
9515,1,1,0,0,0,0,1,1,1,0,0,0,0,1,1,1,0,1,0,0,0
9516,1,0,0,0,0,0,0,1,1,1,0,0,0,0,1,1,0,0,0,0,1
9517,2,2,1,0,0,0,1,1,1,0,0,0,0,1,1,1,1,0,0,0,0
9518,1,1,0,0,0,0,1,1,1,1,0,0,0,0,1,1,0,0,0,0,1
9519,1,0,0,0,0,0,0,1,1,0,0,0,0,1,1,1,0,0,0,0,1
9520,1,0,0,0,0,0,0,1,0,0,0,0,0,0,0,0,0,0,0,0,0
9522,2,2,0,0,0,0,2,2,2,1,0,0,0,1,2,2,0,0,0,0,2
9523,1,0,0,0,0,0,0,2,0,0,0,0,0,0,1,0,0,0,0,0,0
9524,1,0,0,0,0,0,0,1,0,0,0,0,0,0,1,0,0,0,0,0,0
9525,1,1,1,0,0,0,0,1,1,1,0,0,0,0,1,1,0,0,0,0,1
9526,1,0,0,0,0,0,0,1,0,0,0,0,0,0,0,0,0,0,0,0,0
9527,2,1,0,0,0,0,1,3,2,0,0,0,0,2,2,1,1,0,0,0,0
9528,1,1,1,0,0,0,0,1,1,0,0,0,0,1,1,1,0,1,0,0,0
9529,1,1,0,0,0,0,1,1,1,1,0,0,0,0,1,1,0,0,0,0,1
9530,1,1,0,0,0,0,1,1,1,0,1,0,0,0,1,1,0,0,0,0,1
9531,1,1,0,1,0,0,0,1,1,1,0,0,0,0,1,1,1,0,0,0,0
9532,1,0,0,0,0,0,0,1,0,0,0,0,0,0,1,0,0,0,0,0,0
9533,1,1,0,0,0,0,1,1,1,1,0,0,0,0,1,1,0,0,0,0,1
9534,1,1,0,0,0,0,1,1,1,1,0,0,0,0,1,1,0,1,0,0,0
9535,1,1,0,0,0,0,1,1,1,0,0,0,0,1,1,1,0,0,0,0,1
9536,1,1,0,0,0,0,1,1,1,0,0,0,0,1,0,0,0,0,0,0,0
9537,1,1,0,0,0,0,1,1,1,1,0,0,0,0,1,0,0,0,0,0,0
9538,1,1,1,0,0,0,0,1,1,1,0,0,0,0,1,1,1,0,0,0,0
9539,1,1,0,0,0,0,1,1,1,0,0,0,0,1,1,1,0,0,0,0,1
9540,1,1,0,1,0,0,0,1,1,0,0,1,1,0,1,1,0,0,1,1,0
9541,1,1,0,0,0,0,1,2,2,0,0,0,0,2,2,2,0,0,0,0,2
9542,1,1,0,0,1,1,0,1,1,1,0,0,0,0,1,1,0,0,0,0,1
9543,1,1,0,0,0,0,1,1,1,0,0,0,0,1,1,1,0,0,0,0,1
9544,1,0,0,0,0,0,0,1,0,0,0,0,0,0,0,0,0,0,0,0,0
9545,1,1,0,0,0,0,1,1,1,0,0,0,0,1,1,1,0,0,0,0,1
9546,1,1,0,0,0,0,1,1,1,0,0,0,0,1,2,2,0,0,0,0,2
9547,2,2,1,0,0,0,1,1,1,1,0,0,0,0,2,2,0,0,0,0,2
9548,0,0,0,0,0,0,0,1,0,0,0,0,0,0,1,0,0,0,0,0,0
9549,1,1,0,1,0,0,0,1,1,0,1,0,0,0,2,1,0,0,1,1,0
9550,1,1,0,0,1,1,0,2,2,0,0,0,0,2,1,1,1,0,0,0,0
9551,1,0,0,0,0,0,0,1,0,0,0,0,0,0,1,0,0,0,0,0,0
9552,1,1,0,0,1,1,0,1,1,1,0,0,0,0,1,1,0,0,1,1,0
9553,1,1,0,0,0,0,1,1,1,0,0,0,0,1,1,1,0,1,0,0,0
9554,1,1,0,0,0,0,1,1,1,0,0,0,0,1,1,1,0,0,0,0,1
9555,1,1,1,0,0,0,0,1,0,0,0,0,0,0,0,0,0,0,0,0,0
9556,1,1,1,0,0,0,0,2,2,1,0,0,0,1,1,1,0,0,1,1,0
9557,1,1,0,0,0,0,1,1,1,0,0,0,0,1,1,1,0,0,0,0,1
9558,1,1,0,0,0,0,1,1,1,0,0,0,0,1,1,0,0,0,0,0,0
9559,1,1,1,0,0,0,0,2,1,0,0,1,1,0,2,2,0,0,0,0,2
9560,1,0,0,0,0,0,0,1,0,0,0,0,0,0,0,0,0,0,0,0,0
9562,1,1,0,1,0,0,0,1,0,0,0,0,0,0,0,0,0,0,0,0,0
9563,1,1,0,0,0,0,1,1,1,0,0,0,0,1,1,1,0,0,0,0,1
9564,1,1,0,1,0,0,0,1,1,0,1,0,0,0,1,1,0,0,0,0,1
9565,1,1,0,0,0,0,1,1,1,1,0,0,0,0,0,0,0,0,0,0,0
9566,1,1,0,0,0,0,1,1,1,0,0,0,0,1,1,1,0,0,0,0,1
9567,1,1,0,0,0,0,1,1,1,1,0,0,0,0,1,1,1,0,0,0,0
9568,1,0,0,0,0,0,0,1,0,0,0,0,0,0,1,0,0,0,0,0,0
9569,1,1,0,0,0,0,1,1,1,1,0,0,0,0,1,1,0,0,1,1,0
9570,1,1,0,0,0,0,1,1,1,1,0,0,0,0,1,1,0,0,1,1,0
9571,1,1,0,0,0,0,1,1,1,1,0,0,0,0,0,0,0,0,0,0,0
9572,1,1,0,0,0,0,1,1,1,0,0,0,0,1,1,1,0,0,0,0,1
9573,1,1,0,1,0,0,0,1,1,1,0,0,0,0,0,0,0,0,0,0,0
9574,1,0,0,0,0,0,0,0,0,0,0,0,0,0,0,0,0,0,0,0,0
9575,1,1,1,0,0,0,0,1,1,0,0,0,0,1,1,1,1,0,0,0,0
9576,1,1,0,0,0,0,1,1,1,1,0,0,0,0,1,1,1,0,0,0,0
9577,1,1,0,0,0,0,1,1,1,0,0,0,0,1,1,1,0,1,0,0,0
9578,1,1,0,0,0,0,1,1,0,0,0,0,0,0,0,0,0,0,0,0,0
9579,1,1,1,0,0,0,0,1,1,1,0,0,0,0,1,1,0,1,0,0,0
9580,1,1,0,0,0,0,1,1,1,0,0,0,0,1,1,1,0,0,0,0,1
9581,1,1,1,0,0,0,0,2,2,1,0,0,0,1,1,1,0,0,0,0,1
9582,1,0,0,0,0,0,0,0,0,0,0,0,0,0,0,0,0,0,0,0,0
9583,1,0,0,0,0,0,0,1,0,0,0,0,0,0,1,0,0,0,0,0,0
9584,2,1,0,0,0,0,1,2,1,0,1,0,0,0,2,1,0,0,0,0,1
9585,1,0,0,0,0,0,0,1,0,0,0,0,0,0,0,0,0,0,0,0,0
9586,1,0,0,0,0,0,0,1,0,0,0,0,0,0,1,0,0,0,0,0,0
9587,0,0,0,0,0,0,0,1,0,0,0,0,0,0,0,0,0,0,0,0,0
9588,1,0,0,0,0,0,0,1,0,0,0,0,0,0,0,0,0,0,0,0,0
9589,1,1,0,1,0,0,0,1,1,0,1,0,0,0,2,2,1,0,0,0,1
9590,1,1,1,0,0,0,0,1,1,0,0,0,0,1,1,1,0,0,0,0,1
9591,1,1,0,0,0,0,1,1,1,0,0,0,0,1,1,1,0,0,0,0,1
9592,2,1,0,0,0,0,1,2,0,0,0,0,0,0,2,1,0,0,0,0,1
9593,1,0,0,0,0,0,0,1,0,0,0,0,0,0,0,0,0,0,0,0,0
9594,0,0,0,0,0,0,0,1,0,0,0,0,0,0,1,0,0,0,0,0,0
9595,0,0,0,0,0,0,0,0,0,0,0,0,0,0,1,0,0,0,0,0,0
9596,0,0,0,0,0,0,0,0,0,0,0,0,0,0,1,0,0,0,0,0,0
9597,1,0,0,0,0,0,0,0,0,0,0,0,0,0,0,0,0,0,0,0,0
9598,1,1,0,0,0,0,1,1,1,0,0,0,0,1,1,1,0,0,0,0,1
9599,1,1,0,0,0,0,1,1,1,0,0,1,1,0,1,1,0,1,0,0,0
9600,1,0,0,0,0,0,0,1,0,0,0,0,0,0,0,0,0,0,0,0,0
9601,1,0,0,0,0,0,0,1,0,0,0,0,0,0,1,0,0,0,0,0,0
9602,1,1,0,0,0,0,1,1,1,1,0,0,0,0,1,1,0,0,0,0,1
9603,0,0,0,0,0,0,0,0,0,0,0,0,0,0,1,0,0,0,0,0,0
9604,1,1,0,0,0,0,1,1,1,0,0,0,0,1,2,0,0,0,0,0,0
9605,1,1,0,0,0,0,1,1,1,0,1,0,0,0,1,1,0,0,0,0,1
9606,1,1,0,0,0,0,1,1,1,1,0,0,0,0,0,0,0,0,0,0,0
9607,1,1,0,0,0,0,1,1,1,1,0,0,0,0,1,1,0,0,0,0,1
9608,1,1,1,0,0,0,0,1,1,0,0,0,0,1,1,1,0,0,0,0,1
9609,1,1,0,1,0,0,0,1,1,0,0,0,0,1,0,0,0,0,0,0,0
9610,1,0,0,0,0,0,0,1,0,0,0,0,0,0,1,1,0,0,0,0,1
9611,1,1,0,0,1,1,0,1,1,1,0,0,0,0,1,1,1,0,0,0,0
9612,1,0,0,0,0,0,0,1,0,0,0,0,0,0,1,0,0,0,0,0,0
9613,1,1,0,0,0,0,1,1,1,1,0,0,0,0,1,1,0,0,0,0,1
9614,1,1,1,0,0,0,0,1,1,1,0,0,0,0,1,1,0,0,0,0,1
9615,1,1,0,0,0,0,1,1,1,0,0,0,0,1,1,1,0,0,0,0,1
9616,1,1,0,0,0,0,1,1,1,0,0,0,0,1,1,1,0,0,0,0,1
9617,1,1,0,0,0,0,1,1,1,0,0,0,0,1,1,1,0,0,0,0,1
9618,1,1,0,0,0,0,1,1,1,0,0,0,0,1,0,0,0,0,0,0,0
9619,1,1,1,0,0,0,0,1,1,0,0,0,0,1,2,1,0,1,0,0,0
9620,1,1,1,0,0,0,0,1,1,1,0,0,0,0,1,1,1,0,0,0,0
9621,1,1,0,0,0,0,1,1,1,0,0,0,0,1,1,1,0,0,0,0,1
9622,1,1,1,0,0,0,0,1,1,1,0,0,0,0,1,1,0,0,0,0,1
9623,1,1,0,1,0,0,0,1,1,0,1,0,0,0,0,0,0,0,0,0,0
9624,1,0,0,0,0,0,0,1,0,0,0,0,0,0,1,0,0,0,0,0,0
9625,1,1,0,0,0,0,1,1,1,0,0,0,0,1,1,1,0,0,0,0,1
9626,1,1,0,0,0,0,1,1,1,0,0,0,0,1,1,1,0,1,0,0,0
9627,1,1,0,1,0,0,0,1,1,0,0,0,0,1,1,0,0,0,0,0,0
9628,1,1,1,0,0,0,0,1,1,1,0,0,0,0,0,0,0,0,0,0,0
9629,1,1,0,0,0,0,1,1,1,0,0,0,0,1,1,1,0,0,0,0,1
9630,0,0,0,0,0,0,0,1,0,0,0,0,0,0,0,0,0,0,0,0,0
9631,0,0,0,0,0,0,0,1,0,0,0,0,0,0,0,0,0,0,0,0,0
9632,1,0,0,0,0,0,0,0,0,0,0,0,0,0,1,0,0,0,0,0,0
9633,1,0,0,0,0,0,0,1,0,0,0,0,0,0,2,0,0,0,0,0,0
9635,1,1,0,1,0,0,0,1,1,0,1,0,0,0,1,1,0,0,0,0,1
9636,1,0,0,0,0,0,0,1,0,0,0,0,0,0,0,0,0,0,0,0,0
9638,0,0,0,0,0,0,0,1,0,0,0,0,0,0,0,0,0,0,0,0,0
9639,1,0,0,0,0,0,0,1,0,0,0,0,0,0,0,0,0,0,0,0,0
9640,1,0,0,0,0,0,0,1,0,0,0,0,0,0,0,0,0,0,0,0,0
9641,1,1,1,0,0,0,0,1,1,0,0,0,0,1,1,1,0,0,0,0,1
9642,1,1,0,0,0,0,1,1,1,0,0,0,0,1,1,0,0,0,0,0,0
9643,1,0,0,0,0,0,0,1,0,0,0,0,0,0,1,1,0,0,0,0,1
9644,1,0,0,0,0,0,0,1,0,0,0,0,0,0,0,0,0,0,0,0,0
9645,1,1,0,0,0,0,1,1,1,0,0,0,0,1,0,0,0,0,0,0,0
9646,0,0,0,0,0,0,0,0,0,0,0,0,0,0,2,0,0,0,0,0,0
9647,1,1,0,0,0,0,1,1,1,0,0,0,0,1,1,1,0,0,0,0,1
9648,1,1,0,0,0,0,1,1,1,1,0,0,0,0,1,1,0,0,0,0,1
9649,1,1,0,0,0,0,1,1,1,0,0,0,0,1,1,1,0,1,0,0,0
9650,1,0,0,0,0,0,0,0,0,0,0,0,0,0,0,0,0,0,0,0,0
9651,1,1,0,1,0,0,0,1,1,0,0,0,0,1,0,0,0,0,0,0,0
9652,0,0,0,0,0,0,0,1,0,0,0,0,0,0,1,0,0,0,0,0,0
9653,0,0,0,0,0,0,0,1,0,0,0,0,0,0,0,0,0,0,0,0,0
9654,1,1,0,1,0,0,0,1,1,0,1,0,0,0,1,0,0,0,0,0,0
9655,2,2,0,0,0,0,2,2,1,0,1,0,0,0,2,1,0,0,0,0,1
9656,1,1,1,0,0,0,0,1,1,0,0,0,0,1,1,1,0,0,0,0,1
9657,1,1,0,0,0,0,1,1,0,0,0,0,0,0,0,0,0,0,0,0,0
9658,1,1,0,0,0,0,1,1,1,0,0,0,0,1,1,1,0,0,0,0,1
9659,1,0,0,0,0,0,0,1,0,0,0,0,0,0,0,0,0,0,0,0,0
9660,1,1,0,0,0,0,1,1,1,0,0,0,0,1,0,0,0,0,0,0,0
9661,0,0,0,0,0,0,0,1,0,0,0,0,0,0,0,0,0,0,0,0,0
9663,1,1,0,0,0,0,1,1,1,0,0,0,0,1,1,1,0,1,0,0,0
9665,1,0,0,0,0,0,0,1,1,0,0,0,0,1,0,0,0,0,0,0,0
9666,1,1,0,0,0,0,1,1,1,0,0,0,0,1,1,1,0,0,1,1,0
9667,1,1,0,1,0,0,0,1,1,1,0,0,0,0,1,1,0,0,0,0,1
9669,1,0,0,0,0,0,0,1,0,0,0,0,0,0,0,0,0,0,0,0,0
9670,1,0,0,0,0,0,0,1,0,0,0,0,0,0,0,0,0,0,0,0,0
9671,1,0,0,0,0,0,0,0,0,0,0,0,0,0,0,0,0,0,0,0,0
9672,1,1,0,0,0,0,1,1,1,0,0,0,0,1,0,0,0,0,0,0,0
9673,1,0,0,0,0,0,0,1,0,0,0,0,0,0,0,0,0,0,0,0,0
9674,1,1,1,0,0,0,0,1,1,0,0,0,0,1,1,1,0,0,0,0,1
9675,1,1,0,0,0,0,1,1,1,0,0,0,0,1,1,1,0,0,0,0,1
9676,1,0,0,0,0,0,0,1,0,0,0,0,0,0,0,0,0,0,0,0,0
9677,1,0,0,0,0,0,0,0,0,0,0,0,0,0,2,1,0,0,0,0,1
9678,1,0,0,0,0,0,0,0,0,0,0,0,0,0,0,0,0,0,0,0,0
9679,0,0,0,0,0,0,0,0,0,0,0,0,0,0,1,0,0,0,0,0,0
9680,1,0,0,0,0,0,0,0,0,0,0,0,0,0,0,0,0,0,0,0,0
9681,1,0,0,0,0,0,0,0,0,0,0,0,0,0,0,0,0,0,0,0,0
9682,1,1,0,0,0,0,1,1,0,0,0,0,0,0,1,0,0,0,0,0,0
9683,0,0,0,0,0,0,0,0,0,0,0,0,0,0,1,0,0,0,0,0,0
9684,1,1,0,0,0,0,1,1,1,0,0,0,0,1,1,0,0,0,0,0,0
9685,0,0,0,0,0,0,0,1,0,0,0,0,0,0,0,0,0,0,0,0,0
9686,1,1,1,0,0,0,0,2,1,1,0,0,0,0,1,1,0,0,0,0,1
9687,2,0,0,0,0,0,0,1,0,0,0,0,0,0,1,0,0,0,0,0,0
9688,1,1,0,1,0,0,0,1,1,0,0,0,0,1,0,0,0,0,0,0,0
9689,1,1,0,0,0,0,1,1,1,0,0,0,0,1,1,1,0,0,0,0,1
9690,1,1,0,0,0,0,1,1,1,0,1,0,0,0,0,0,0,0,0,0,0
9691,1,1,0,0,0,0,1,1,0,0,0,0,0,0,1,0,0,0,0,0,0
9692,1,1,0,1,0,0,0,1,1,0,1,0,0,0,1,1,1,0,0,0,0
9693,1,1,0,0,0,0,1,1,1,0,0,0,0,1,1,1,0,0,0,0,1
9694,1,1,0,0,0,0,1,1,1,0,0,0,0,1,2,2,0,0,0,0,2
9695,1,1,1,0,0,0,0,1,1,1,0,0,0,0,1,1,1,0,0,0,0
9696,1,0,0,0,0,0,0,1,0,0,0,0,0,0,0,0,0,0,0,0,0
9697,1,1,0,0,0,0,1,1,1,0,0,0,0,1,1,1,0,0,0,0,1
9698,1,0,0,0,0,0,0,1,1,0,0,0,0,1,0,0,0,0,0,0,0
9699,2,1,0,0,0,0,1,1,1,1,0,0,0,0,3,3,1,0,0,0,2
9700,1,0,0,0,0,0,0,1,1,0,0,0,0,1,0,0,0,0,0,0,0
9701,1,0,0,0,0,0,0,1,0,0,0,0,0,0,0,0,0,0,0,0,0
9702,1,1,1,0,0,0,0,1,1,1,0,0,0,0,2,2,0,1,1,1,0
9703,1,0,0,0,0,0,0,1,0,0,0,0,0,0,1,0,0,0,0,0,0
9704,1,1,0,1,0,0,0,1,0,0,0,0,0,0,1,0,0,0,0,0,0
9705,1,1,0,0,1,1,0,2,2,1,0,0,0,1,2,1,0,0,1,1,0
9706,1,1,0,0,0,0,1,1,1,1,0,0,0,0,1,1,0,0,0,0,1
9707,1,1,1,0,0,0,0,1,1,1,0,0,0,0,1,1,0,0,0,0,1
9708,0,0,0,0,0,0,0,1,0,0,0,0,0,0,1,0,0,0,0,0,0
9709,1,0,0,0,0,0,0,1,0,0,0,0,0,0,0,0,0,0,0,0,0
9710,1,0,0,0,0,0,0,1,0,0,0,0,0,0,1,0,0,0,0,0,0
9711,2,2,0,0,0,0,2,1,1,0,0,0,0,1,1,1,0,0,0,0,1
9712,1,1,0,0,0,0,1,1,1,0,0,0,0,1,1,1,0,0,0,0,1
9714,1,1,0,0,0,0,1,1,1,0,1,0,0,0,1,1,1,0,0,0,0
9715,1,0,0,0,0,0,0,1,0,0,0,0,0,0,1,0,0,0,0,0,0
9716,1,0,0,0,0,0,0,0,0,0,0,0,0,0,0,0,0,0,0,0,0
9717,1,1,1,0,0,0,0,1,1,0,0,0,0,1,1,1,0,0,0,0,1
9718,1,1,0,0,0,0,1,1,1,0,0,0,0,1,1,1,0,0,1,1,0
9719,1,1,0,0,0,0,1,1,1,0,0,1,1,0,1,1,0,0,1,1,0
9720,1,1,1,0,0,0,0,1,1,1,0,0,0,0,1,1,0,1,0,0,0
9721,1,1,1,0,0,0,0,1,1,1,0,0,0,0,1,1,0,1,0,0,0
9722,1,1,1,0,0,0,0,1,1,0,0,1,1,0,1,1,0,0,0,0,1
9723,1,1,0,1,0,0,0,1,1,0,1,0,0,0,1,1,0,0,0,0,1
9724,1,1,0,0,0,0,1,1,0,0,0,0,0,0,1,0,0,0,0,0,0
9725,1,1,0,1,0,0,0,1,1,1,0,0,0,0,1,1,0,0,0,0,1
9726,1,0,0,0,0,0,0,1,0,0,0,0,0,0,1,1,0,0,0,0,1
9727,1,1,1,0,0,0,0,1,1,0,0,0,0,1,1,1,0,0,0,0,1
9728,1,1,0,0,0,0,1,1,1,1,0,0,0,0,1,1,0,0,0,0,1
9729,1,0,0,0,0,0,0,1,0,0,0,0,0,0,0,0,0,0,0,0,0
9731,1,1,0,0,0,0,1,1,1,0,0,0,0,1,2,2,0,0,0,0,2
9732,1,0,0,0,0,0,0,1,0,0,0,0,0,0,0,0,0,0,0,0,0
9733,0,0,0,0,0,0,0,1,0,0,0,0,0,0,1,0,0,0,0,0,0
9734,2,2,0,2,0,0,0,2,2,0,1,0,0,1,1,1,0,0,0,0,1
9735,0,0,0,0,0,0,0,1,1,0,0,0,0,1,0,0,0,0,0,0,0
9736,1,1,0,0,0,0,1,1,0,0,0,0,0,0,0,0,0,0,0,0,0
9737,1,1,0,0,0,0,1,1,1,0,0,0,0,1,1,1,0,0,0,0,1
9738,1,1,0,1,0,0,0,1,1,0,0,0,0,1,0,0,0,0,0,0,0
9739,1,0,0,0,0,0,0,1,0,0,0,0,0,0,1,0,0,0,0,0,0
9740,1,1,0,0,0,0,1,1,1,1,0,0,0,0,1,1,0,0,0,0,1
9741,1,0,0,0,0,0,0,1,0,0,0,0,0,0,0,0,0,0,0,0,0
9742,1,1,0,1,0,0,0,1,1,0,1,0,0,0,0,0,0,0,0,0,0
9743,1,1,0,1,0,0,0,1,1,0,1,0,0,0,0,0,0,0,0,0,0
9745,1,0,0,0,0,0,0,1,1,0,0,0,0,1,1,1,0,0,0,0,1
9746,1,0,0,0,0,0,0,1,0,0,0,0,0,0,0,0,0,0,0,0,0
9747,1,0,0,0,0,0,0,1,0,0,0,0,0,0,0,0,0,0,0,0,0
9749,1,0,0,0,0,0,0,1,0,0,0,0,0,0,0,0,0,0,0,0,0
9750,1,0,0,0,0,0,0,1,0,0,0,0,0,0,1,0,0,0,0,0,0
9751,1,1,0,0,0,0,1,1,1,0,0,0,0,1,1,1,0,0,0,0,1
9752,1,0,0,0,0,0,0,1,0,0,0,0,0,0,1,0,0,0,0,0,0
9753,1,0,0,0,0,0,0,1,0,0,0,0,0,0,2,0,0,0,0,0,0
9755,1,0,0,0,0,0,0,1,0,0,0,0,0,0,0,0,0,0,0,0,0
9756,2,2,1,0,0,0,1,2,2,1,0,0,0,1,1,1,0,0,0,0,1
9757,1,0,0,0,0,0,0,1,0,0,0,0,0,0,1,0,0,0,0,0,0
9758,1,1,0,0,0,0,1,1,1,0,0,0,0,1,1,1,0,0,0,0,1
9759,1,1,1,0,0,0,0,1,1,1,0,0,0,0,1,1,0,0,0,0,1
9760,1,1,0,0,0,0,1,1,0,0,0,0,0,0,0,0,0,0,0,0,0
9761,1,0,0,0,0,0,0,1,0,0,0,0,0,0,0,0,0,0,0,0,0
9762,1,0,0,0,0,0,0,1,0,0,0,0,0,0,1,0,0,0,0,0,0
9763,0,0,0,0,0,0,0,0,0,0,0,0,0,0,1,1,0,0,0,0,1
9764,1,0,0,0,0,0,0,1,0,0,0,0,0,0,0,0,0,0,0,0,0
9766,1,1,0,0,0,0,1,1,1,1,0,0,0,0,1,1,0,0,0,0,1
9767,1,1,1,0,0,0,0,1,1,1,0,0,0,0,1,1,0,0,0,0,1
9768,1,0,0,0,0,0,0,0,0,0,0,0,0,0,1,0,0,0,0,0,0
9769,1,1,0,0,0,0,1,1,1,0,0,0,0,1,1,1,0,0,0,0,1
9770,1,1,0,1,0,0,0,1,1,0,0,0,0,1,0,0,0,0,0,0,0
9771,1,0,0,0,0,0,0,1,0,0,0,0,0,0,0,0,0,0,0,0,0
9772,1,0,0,0,0,0,0,1,0,0,0,0,0,0,0,0,0,0,0,0,0
9773,0,0,0,0,0,0,0,1,0,0,0,0,0,0,0,0,0,0,0,0,0
9774,2,2,1,0,0,0,1,1,1,0,0,0,0,1,1,1,0,0,0,0,1
9776,1,1,1,0,0,0,0,1,1,1,0,0,0,0,1,1,0,0,0,0,1
9777,1,0,0,0,0,0,0,1,0,0,0,0,0,0,2,1,0,0,0,0,1
9778,1,1,0,0,0,0,1,1,1,1,0,0,0,0,1,1,0,0,0,0,1
9779,1,1,0,0,0,0,1,1,0,0,0,0,0,0,0,0,0,0,0,0,0
9780,0,0,0,0,0,0,0,1,0,0,0,0,0,0,1,0,0,0,0,0,0
9781,1,0,0,0,0,0,0,1,0,0,0,0,0,0,0,0,0,0,0,0,0
9782,1,1,0,0,0,0,1,1,1,0,0,0,0,1,0,0,0,0,0,0,0
9783,1,1,0,0,0,0,1,1,1,0,0,0,0,1,0,0,0,0,0,0,0
9784,1,0,0,0,0,0,0,1,0,0,0,0,0,0,0,0,0,0,0,0,0
9785,1,0,0,0,0,0,0,1,0,0,0,0,0,0,0,0,0,0,0,0,0
9786,1,0,0,0,0,0,0,1,0,0,0,0,0,0,0,0,0,0,0,0,0
9787,1,1,0,0,0,0,1,1,1,0,0,0,0,1,1,1,0,0,0,0,1
9788,0,0,0,0,0,0,0,1,0,0,0,0,0,0,1,0,0,0,0,0,0
9789,1,1,0,0,0,0,1,1,0,0,0,0,0,0,1,1,0,0,0,0,1
9790,1,1,0,0,0,0,1,1,1,0,0,0,0,1,1,1,0,0,0,0,1
9791,2,1,0,0,0,0,1,2,1,0,0,0,0,1,1,1,0,0,0,0,1
9792,1,1,0,0,0,0,1,1,1,1,0,0,0,0,0,0,0,0,0,0,0
9793,1,0,0,0,0,0,0,0,0,0,0,0,0,0,1,0,0,0,0,0,0
9796,1,1,1,0,0,0,0,1,1,0,0,0,0,1,1,1,0,0,0,0,1
9798,0,0,0,0,0,0,0,1,0,0,0,0,0,0,0,0,0,0,0,0,0
9799,1,1,0,1,0,0,0,1,1,0,1,0,0,0,1,1,0,0,0,0,1
9800,1,0,0,0,0,0,0,1,0,0,0,0,0,0,0,0,0,0,0,0,0
9801,1,1,0,0,1,1,0,1,1,1,0,0,0,0,2,2,0,1,0,0,1
9802,1,1,0,0,0,0,1,1,1,0,0,0,0,1,1,0,0,0,0,0,0
9803,1,1,0,1,0,0,0,1,1,0,0,0,0,1,0,0,0,0,0,0,0
9804,1,0,0,0,0,0,0,1,0,0,0,0,0,0,1,0,0,0,0,0,0
9806,1,1,1,0,0,0,0,1,1,0,0,0,0,1,1,1,0,0,0,0,1
9807,2,2,1,0,0,0,1,2,2,0,0,1,1,1,2,2,1,0,0,0,1
9808,1,0,0,0,0,0,0,2,0,0,0,0,0,0,0,0,0,0,0,0,0
9809,1,1,1,0,0,0,0,1,1,1,0,0,0,0,0,0,0,0,0,0,0
9810,1,1,0,0,0,0,1,1,1,0,0,0,0,1,0,0,0,0,0,0,0
9811,1,1,1,0,0,0,0,1,1,0,0,1,1,0,1,1,1,0,0,0,0
9812,1,1,0,0,0,0,1,1,1,0,1,0,0,0,1,1,0,0,0,0,1
9813,1,1,1,0,0,0,0,1,1,0,0,0,0,1,0,0,0,0,0,0,0
9814,1,1,0,0,0,0,1,1,1,1,0,0,0,0,0,0,0,0,0,0,0
9815,1,1,1,0,0,0,0,1,1,1,0,0,0,0,0,0,0,0,0,0,0
9816,1,1,0,0,0,0,1,1,1,1,0,0,0,0,1,1,0,0,0,0,1
9817,1,0,0,0,0,0,0,1,0,0,0,0,0,0,0,0,0,0,0,0,0
9818,1,0,0,0,0,0,0,0,0,0,0,0,0,0,0,0,0,0,0,0,0
9819,1,1,0,0,0,0,1,1,1,0,0,0,0,1,1,1,0,0,0,0,1
9820,1,1,0,0,0,0,1,1,0,0,0,0,0,0,1,1,0,0,0,0,1
9821,2,1,0,0,0,0,1,2,0,0,0,0,0,0,2,2,1,0,0,0,1
9822,1,1,1,0,0,0,0,1,1,0,0,0,0,1,1,1,0,0,0,0,1
9823,1,1,0,1,0,0,0,2,2,0,0,0,0,2,1,1,1,0,0,0,0
9824,1,0,0,0,0,0,0,0,0,0,0,0,0,0,1,0,0,0,0,0,0
9825,1,0,0,0,0,0,0,0,0,0,0,0,0,0,1,0,0,0,0,0,0
9826,1,1,0,0,0,0,1,1,1,0,0,0,0,1,1,1,0,0,0,0,1
9827,1,1,0,0,1,1,0,1,1,0,0,0,0,1,1,1,0,0,0,0,1
9828,1,1,1,0,0,0,0,1,1,0,0,0,0,1,1,1,1,0,0,0,0
9829,1,0,0,0,0,0,0,1,0,0,0,0,0,0,0,0,0,0,0,0,0
9831,1,0,0,0,0,0,0,1,0,0,0,0,0,0,1,0,0,0,0,0,0
9832,1,1,0,0,0,0,1,1,1,0,0,0,0,1,1,1,1,0,0,0,0
9833,1,1,0,1,0,0,0,1,1,0,1,0,0,0,1,1,0,1,0,0,0
9834,2,2,1,0,0,0,1,2,2,1,1,0,0,0,2,2,0,0,0,0,2
9835,0,0,0,0,0,0,0,1,1,0,0,0,0,1,0,0,0,0,0,0,0
9836,1,0,0,0,0,0,0,1,0,0,0,0,0,0,0,0,0,0,0,0,0
9837,1,1,0,1,0,0,0,1,1,0,0,0,0,1,1,1,0,1,0,0,0
9838,1,0,0,0,0,0,0,1,0,0,0,0,0,0,0,0,0,0,0,0,0
9839,1,1,0,0,0,0,1,1,1,1,0,0,0,0,1,1,0,1,0,0,0
9840,1,1,1,0,0,0,0,1,1,1,0,0,0,0,1,1,0,0,0,0,1
9841,0,0,0,0,0,0,0,1,0,0,0,0,0,0,0,0,0,0,0,0,0
9842,1,1,0,0,0,0,1,1,1,0,0,0,0,1,1,1,0,0,0,0,1
9843,1,0,0,0,0,0,0,1,0,0,0,0,0,0,0,0,0,0,0,0,0
9844,1,1,0,0,0,0,1,1,1,1,0,0,0,0,1,1,0,0,0,0,1
9845,1,1,0,1,0,0,0,1,1,0,1,0,0,0,1,1,0,0,0,0,1
9846,1,1,1,0,0,0,0,1,1,0,1,0,0,0,1,1,0,0,0,0,1
9847,1,0,0,0,0,0,0,1,0,0,0,0,0,0,1,0,0,0,0,0,0
9848,1,1,0,0,0,0,1,1,1,0,0,0,0,1,1,1,1,0,0,0,0
9849,1,1,0,0,0,0,1,1,1,1,0,0,0,0,1,1,0,0,0,0,1
9850,1,1,0,0,0,0,1,1,1,1,0,0,0,0,2,1,0,0,0,0,1
9851,1,1,0,0,0,0,1,1,1,0,0,0,0,1,0,0,0,0,0,0,0
9852,1,1,1,0,0,0,0,1,1,1,0,0,0,0,1,1,0,0,0,0,1
9853,2,2,0,0,0,0,2,2,2,0,0,0,0,2,1,1,0,0,0,0,1
9854,1,1,0,1,0,0,0,1,1,1,0,0,0,0,1,1,0,1,0,0,0
9855,1,1,0,0,0,0,1,1,1,0,0,0,0,1,1,1,0,0,0,0,1
9856,0,0,0,0,0,0,0,1,1,0,0,0,0,1,0,0,0,0,0,0,0
9857,1,0,0,0,0,0,0,1,0,0,0,0,0,0,1,0,0,0,0,0,0
9858,1,1,0,0,0,0,1,1,1,0,0,0,0,1,1,1,0,0,0,0,1
9859,1,1,0,0,0,0,1,1,1,0,0,0,0,1,1,1,0,1,0,0,0
9860,1,1,0,0,0,0,1,1,1,0,0,0,0,1,1,1,0,0,0,0,1
9861,1,0,0,0,0,0,0,1,0,0,0,0,0,0,0,0,0,0,0,0,0
9862,1,1,0,0,0,0,1,1,1,1,0,0,0,0,1,1,0,0,0,0,1
9863,0,0,0,0,0,0,0,1,0,0,0,0,0,0,0,0,0,0,0,0,0
9864,1,1,1,0,0,0,0,1,1,1,0,0,0,0,0,0,0,0,0,0,0
9865,1,1,0,0,0,0,1,1,1,0,0,0,0,1,1,1,0,0,0,0,1
9866,1,1,0,0,0,0,1,1,1,0,0,0,0,1,1,1,0,0,0,0,1
9867,1,1,0,0,0,0,1,1,1,0,0,0,0,1,1,1,1,0,0,0,0
9868,1,1,0,0,0,0,1,1,1,0,0,0,0,1,1,1,0,0,0,0,1
9869,2,0,0,0,0,0,0,2,0,0,0,0,0,0,1,0,0,0,0,0,0
9870,1,1,0,0,0,0,1,1,1,1,0,0,0,0,1,1,0,1,0,0,0
9871,1,1,0,0,0,0,1,1,1,0,0,0,0,1,0,0,0,0,0,0,0
9872,1,1,0,0,0,0,1,1,1,1,0,0,0,0,1,1,0,0,0,0,1
9873,2,1,0,0,0,0,1,2,2,0,0,1,1,1,1,1,0,0,0,0,1
9874,1,1,0,1,0,0,0,1,1,0,1,0,0,0,1,1,0,0,0,0,1
9875,1,0,0,0,0,0,0,1,0,0,0,0,0,0,0,0,0,0,0,0,0
9876,2,2,0,1,0,0,1,1,1,0,1,0,0,0,2,1,0,0,0,0,1
9877,1,1,0,0,0,0,1,1,1,0,1,0,0,0,2,2,1,0,0,0,1
9878,1,1,0,1,0,0,0,1,1,0,1,0,0,0,1,1,1,0,0,0,0
9879,0,0,0,0,0,0,0,0,0,0,0,0,0,0,1,0,0,0,0,0,0
9882,1,1,0,0,0,0,1,1,1,0,0,0,0,1,0,0,0,0,0,0,0
9883,1,0,0,0,0,0,0,1,0,0,0,0,0,0,0,0,0,0,0,0,0
9884,1,1,1,0,0,0,0,1,1,1,0,0,0,0,1,1,1,0,0,0,0
9885,1,1,1,0,0,0,0,1,1,0,0,0,0,1,1,1,0,0,0,0,1
9886,1,1,1,0,0,0,0,1,1,0,0,0,0,1,0,0,0,0,0,0,0
9887,1,1,0,0,0,0,1,1,1,1,0,0,0,0,1,1,0,0,0,0,1
9888,1,1,1,0,0,0,0,1,1,1,0,0,0,0,1,1,0,0,0,0,1
9889,1,1,0,0,0,0,1,1,1,0,0,0,0,1,1,1,0,0,0,0,1
9890,1,0,0,0,0,0,0,1,0,0,0,0,0,0,0,0,0,0,0,0,0
9891,1,1,0,1,0,0,0,1,1,0,0,0,0,1,0,0,0,0,0,0,0
9892,1,0,0,0,0,0,0,1,0,0,0,0,0,0,0,0,0,0,0,0,0
9893,1,0,0,0,0,0,0,1,0,0,0,0,0,0,1,0,0,0,0,0,0
9894,1,0,0,0,0,0,0,1,1,0,0,0,0,1,1,0,0,0,0,0,0
9895,1,0,0,0,0,0,0,1,0,0,0,0,0,0,1,1,0,0,0,0,1
9896,1,0,0,0,0,0,0,0,0,0,0,0,0,0,1,1,0,0,0,0,1
9897,1,1,0,1,0,0,0,1,1,0,0,0,0,1,0,0,0,0,0,0,0
9898,1,0,0,0,0,0,0,1,0,0,0,0,0,0,2,0,0,0,0,0,0
9899,0,0,0,0,0,0,0,1,0,0,0,0,0,0,0,0,0,0,0,0,0
9900,1,0,0,0,0,0,0,0,0,0,0,0,0,0,0,0,0,0,0,0,0
9901,1,1,0,0,0,0,1,1,1,1,0,0,0,0,1,1,0,0,0,0,1
9902,1,0,0,0,0,0,0,1,0,0,0,0,0,0,1,1,0,0,0,0,1
9903,1,1,0,0,0,0,1,1,0,0,0,0,0,0,0,0,0,0,0,0,0
9904,1,1,0,0,0,0,1,1,1,0,1,0,0,0,1,1,0,0,0,0,1
9905,1,1,0,0,0,0,1,1,1,0,0,0,0,1,1,1,0,0,0,0,1
9906,1,0,0,0,0,0,0,1,0,0,0,0,0,0,0,0,0,0,0,0,0
9907,1,0,0,0,0,0,0,1,0,0,0,0,0,0,1,0,0,0,0,0,0
9908,1,1,0,1,0,0,0,1,1,0,0,0,0,1,1,1,0,0,0,0,1
9909,1,0,0,0,0,0,0,1,0,0,0,0,0,0,1,0,0,0,0,0,0
9910,1,0,0,0,0,0,0,1,0,0,0,0,0,0,2,1,0,0,0,0,1
9911,1,1,0,0,0,0,1,1,1,1,0,0,0,0,1,1,0,0,0,0,1
9912,1,0,0,0,0,0,0,1,0,0,0,0,0,0,0,0,0,0,0,0,0
9913,1,0,0,0,0,0,0,1,0,0,0,0,0,0,0,0,0,0,0,0,0
9914,1,1,0,1,0,0,0,1,1,0,0,0,0,1,1,1,0,0,0,0,1
9915,3,1,0,0,0,0,1,3,1,1,0,0,0,0,1,0,0,0,0,0,0
9916,1,1,0,0,1,1,0,1,1,0,1,0,0,0,1,1,0,0,0,0,1
9917,1,1,0,0,0,0,1,1,1,0,0,0,0,1,1,1,0,0,0,0,1
9918,1,0,0,0,0,0,0,1,0,0,0,0,0,0,0,0,0,0,0,0,0
9919,1,1,1,0,0,0,0,1,1,1,0,0,0,0,1,1,0,0,0,0,1
9920,1,0,0,0,0,0,0,2,0,0,0,0,0,0,0,0,0,0,0,0,0
9921,1,0,0,0,0,0,0,1,0,0,0,0,0,0,0,0,0,0,0,0,0
9922,1,0,0,0,0,0,0,1,0,0,0,0,0,0,1,0,0,0,0,0,0
9924,1,1,0,0,0,0,1,1,1,0,0,0,0,1,0,0,0,0,0,0,0
9925,1,1,0,0,0,0,1,1,1,0,0,0,0,1,0,0,0,0,0,0,0
9926,0,0,0,0,0,0,0,0,0,0,0,0,0,0,1,0,0,0,0,0,0
9927,1,1,0,0,0,0,1,1,1,0,1,0,0,0,1,1,1,0,0,0,0
9928,1,1,0,1,0,0,0,1,1,0,1,0,0,0,1,1,0,0,0,0,1
9929,1,1,0,0,0,0,1,0,0,0,0,0,0,0,0,0,0,0,0,0,0
9930,1,1,1,0,0,0,0,1,1,0,1,0,0,0,1,1,0,0,0,0,1
9931,1,1,0,0,0,0,1,1,1,1,0,0,0,0,0,0,0,0,0,0,0
9932,1,1,0,0,0,0,1,1,1,0,0,0,0,1,1,1,0,0,0,0,1
9933,1,1,0,0,0,0,1,1,1,0,0,0,0,1,0,0,0,0,0,0,0
9934,1,1,0,1,0,0,0,1,1,0,0,0,0,1,1,1,0,0,0,0,1
9935,1,1,0,1,0,0,0,1,1,0,0,0,0,1,0,0,0,0,0,0,0
9937,1,0,0,0,0,0,0,1,0,0,0,0,0,0,1,0,0,0,0,0,0
9938,1,0,0,0,0,0,0,0,0,0,0,0,0,0,1,0,0,0,0,0,0
9939,1,1,0,0,0,0,1,1,1,0,0,0,0,1,2,1,0,0,0,0,1
9940,2,0,0,0,0,0,0,2,0,0,0,0,0,0,0,0,0,0,0,0,0
9941,1,1,0,1,0,0,0,1,1,0,0,0,0,1,1,1,0,0,0,0,1
9942,1,1,0,0,0,0,1,1,1,0,0,0,0,1,1,1,0,0,0,0,1
9943,1,0,0,0,0,0,0,1,1,0,0,0,0,1,1,0,0,0,0,0,0
9944,1,0,0,0,0,0,0,0,0,0,0,0,0,0,1,0,0,0,0,0,0
9945,1,0,0,0,0,0,0,0,0,0,0,0,0,0,1,1,0,0,0,0,1
9946,1,1,1,0,0,0,0,1,1,1,0,0,0,0,1,1,0,0,0,0,1
9947,1,1,0,1,0,0,0,1,1,0,0,0,0,1,1,1,1,0,0,0,0
9948,1,1,0,1,0,0,0,1,1,0,1,0,0,0,1,1,0,0,0,0,1
9949,1,1,0,1,0,0,0,1,1,0,0,0,0,1,1,1,1,0,0,0,0
9951,1,1,0,0,0,0,1,1,1,0,0,0,0,1,1,1,0,0,0,0,1
9952,1,1,0,0,1,1,0,1,1,1,0,0,0,0,1,1,0,0,0,0,1
9953,1,1,0,0,0,0,1,1,1,1,0,0,0,0,1,1,0,0,0,0,1
9954,1,1,1,0,0,0,0,1,1,1,0,0,0,0,1,1,0,0,1,1,0
9955,1,0,0,0,0,0,0,1,0,0,0,0,0,0,1,0,0,0,0,0,0
9956,0,0,0,0,0,0,0,1,0,0,0,0,0,0,0,0,0,0,0,0,0
9957,1,1,0,0,0,0,1,1,1,1,0,0,0,0,1,1,0,1,0,0,0
9958,0,0,0,0,0,0,0,1,0,0,0,0,0,0,1,0,0,0,0,0,0
9959,1,1,1,0,0,0,0,1,1,1,0,0,0,0,1,1,0,0,0,0,1
9960,1,1,0,0,0,0,1,1,1,0,0,0,0,1,0,0,0,0,0,0,0
9961,0,0,0,0,0,0,0,1,0,0,0,0,0,0,1,0,0,0,0,0,0
9962,1,1,0,0,0,0,1,1,1,1,0,0,0,0,1,1,0,0,0,0,1
9963,1,0,0,0,0,0,0,1,0,0,0,0,0,0,1,1,0,0,0,0,1
9964,1,1,0,0,0,0,1,1,1,0,1,0,0,0,1,1,0,0,0,0,1
9965,1,0,0,0,0,0,0,1,0,0,0,0,0,0,0,0,0,0,0,0,0
9966,1,1,1,0,0,0,0,1,1,1,0,0,0,0,1,1,1,0,0,0,0
9967,1,1,0,0,0,0,1,1,1,0,0,0,0,1,0,0,0,0,0,0,0
9968,1,0,0,0,0,0,0,1,0,0,0,0,0,0,0,0,0,0,0,0,0
9969,1,0,0,0,0,0,0,1,0,0,0,0,0,0,0,0,0,0,0,0,0
9970,1,0,0,0,0,0,0,1,0,0,0,0,0,0,0,0,0,0,0,0,0
9971,1,0,0,0,0,0,0,1,0,0,0,0,0,0,0,0,0,0,0,0,0
9972,0,0,0,0,0,0,0,0,0,0,0,0,0,0,1,0,0,0,0,0,0
9973,1,1,0,0,0,0,1,1,1,0,0,0,0,1,1,1,0,0,0,0,1
9974,1,1,0,0,0,0,1,1,1,0,0,0,0,1,1,1,0,0,0,0,1
9975,1,1,0,0,1,1,0,1,1,0,0,0,0,1,1,1,0,0,0,0,1
9977,1,0,0,0,0,0,0,0,0,0,0,0,0,0,1,0,0,0,0,0,0
9978,1,1,0,0,0,0,1,1,0,0,0,0,0,0,1,1,0,0,0,0,1
9979,1,1,0,0,0,0,1,1,1,0,1,0,0,0,1,1,0,1,0,0,0
9980,1,1,0,0,1,1,0,1,1,0,0,1,1,0,1,1,0,1,0,0,0
9981,1,1,0,1,0,0,0,1,1,0,0,1,1,0,0,0,0,0,0,0,0
9982,1,1,0,0,0,0,1,1,1,0,0,0,0,1,1,1,1,0,0,0,0
9983,1,1,0,0,0,0,1,1,1,0,0,0,0,1,1,1,1,0,0,0,0
9984,2,2,0,1,0,0,1,2,2,0,0,0,0,2,2,2,0,0,0,0,2
9985,1,1,0,0,0,0,1,1,1,1,0,0,0,0,1,1,1,0,0,0,0
9986,1,1,1,0,0,0,0,1,1,0,0,0,0,1,2,1,0,0,0,0,1
9987,1,1,0,0,0,0,1,1,1,0,0,0,0,1,1,0,0,0,0,0,0
9988,1,1,0,0,1,1,0,1,1,0,0,1,1,0,1,1,0,0,1,1,0
9989,1,1,1,0,0,0,0,1,1,0,0,0,0,1,0,0,0,0,0,0,0
9990,1,1,0,0,0,0,1,1,1,0,0,0,0,1,0,0,0,0,0,0,0
9991,1,0,0,0,0,0,0,1,0,0,0,0,0,0,1,1,0,0,0,0,1
9992,1,0,0,0,0,0,0,1,0,0,0,0,0,0,1,0,0,0,0,0,0
9993,1,0,0,0,0,0,0,1,0,0,0,0,0,0,1,0,0,0,0,0,0
9994,2,1,0,0,0,0,1,2,0,0,0,0,0,0,1,0,0,0,0,0,0
9995,1,0,0,0,0,0,0,1,0,0,0,0,0,0,1,0,0,0,0,0,0
9996,1,1,0,0,0,0,1,1,1,0,0,0,0,1,1,1,0,0,0,0,1
9997,1,0,0,0,0,0,0,1,0,0,0,0,0,0,1,1,0,0,0,0,1
9998,1,1,0,0,0,0,1,1,1,0,0,0,0,1,0,0,0,0,0,0,0
9999,1,1,0,1,0,0,0,2,1,0,1,0,0,0,1,1,0,0,0,0,1
10000,1,1,0,1,0,0,0,1,1,0,0,0,0,1,1,1,0,0,0,0,1
10001,1,1,0,1,0,0,0,1,1,0,0,0,0,1,2,2,0,0,0,0,2
10002,1,1,1,0,0,0,0,3,1,1,0,0,0,0,0,0,0,0,0,0,0
10004,1,1,1,0,0,0,0,1,1,1,0,0,0,0,1,1,0,0,0,0,1
10005,1,1,0,0,0,0,1,1,0,0,0,0,0,0,0,0,0,0,0,0,0
10006,1,1,0,1,0,0,0,1,1,0,1,0,0,0,1,1,0,1,0,0,0
10007,1,1,1,0,0,0,0,1,1,0,0,0,0,1,1,1,0,1,0,0,0
10008,1,1,0,0,0,0,1,1,0,0,0,0,0,0,0,0,0,0,0,0,0
10009,1,1,0,1,0,0,0,1,0,0,0,0,0,0,1,1,0,0,0,0,1
10010,1,1,0,0,0,0,1,1,1,1,0,0,0,0,0,0,0,0,0,0,0
10011,1,1,0,1,0,0,0,1,1,0,1,0,0,0,1,1,1,0,0,0,0
10012,1,0,0,0,0,0,0,0,0,0,0,0,0,0,0,0,0,0,0,0,0
10013,1,0,0,0,0,0,0,0,0,0,0,0,0,0,1,0,0,0,0,0,0
10014,1,1,0,0,0,0,1,1,1,1,0,0,0,0,1,1,0,0,0,0,1
10015,2,2,1,0,1,1,0,1,1,0,1,0,0,0,0,0,0,0,0,0,0
10016,1,0,0,0,0,0,0,1,0,0,0,0,0,0,1,0,0,0,0,0,0
10018,1,0,0,0,0,0,0,0,0,0,0,0,0,0,0,0,0,0,0,0,0
10019,1,1,0,0,0,0,1,1,1,0,1,0,0,0,1,1,0,1,0,0,0
10020,1,1,0,0,1,1,0,2,2,1,0,1,1,0,1,1,0,0,1,1,0
10021,1,1,0,0,0,0,1,1,1,1,0,0,0,0,1,1,0,0,0,0,1
10022,1,0,0,0,0,0,0,1,1,0,0,0,0,1,0,0,0,0,0,0,0
10023,1,0,0,0,0,0,0,1,0,0,0,0,0,0,0,0,0,0,0,0,0
10024,1,1,1,0,0,0,0,1,1,0,0,0,0,1,1,1,0,0,0,0,1
10025,1,0,0,0,0,0,0,1,0,0,0,0,0,0,0,0,0,0,0,0,0
10026,1,0,0,0,0,0,0,1,0,0,0,0,0,0,1,1,0,0,0,0,1
10027,3,0,0,0,0,0,0,1,0,0,0,0,0,0,0,0,0,0,0,0,0
10028,1,1,0,1,0,0,0,1,1,0,1,0,0,0,0,0,0,0,0,0,0
10029,1,1,0,0,0,0,1,1,1,1,0,0,0,0,1,1,1,0,0,0,0
10030,1,1,0,0,0,0,1,1,1,0,0,0,0,1,1,1,0,0,0,0,1
10031,1,1,0,1,0,0,0,1,1,0,1,0,0,0,1,1,0,0,0,0,1
10032,1,1,0,1,0,0,0,1,1,0,0,0,0,1,1,1,1,0,0,0,0
10033,1,1,1,0,0,0,0,1,1,0,0,0,0,1,1,1,0,0,0,0,1
10034,1,0,0,0,0,0,0,1,0,0,0,0,0,0,1,0,0,0,0,0,0
10035,1,0,0,0,0,0,0,1,0,0,0,0,0,0,1,0,0,0,0,0,0
10036,1,1,0,1,0,0,0,1,1,1,0,0,0,0,1,1,0,0,0,0,1
10037,1,1,0,0,0,0,1,1,1,0,0,0,0,1,0,0,0,0,0,0,0
10038,1,1,0,1,0,0,0,1,1,0,1,0,0,0,1,1,0,0,0,0,1
10039,2,1,0,0,0,0,1,2,0,0,0,0,0,0,0,0,0,0,0,0,0
10040,1,0,0,0,0,0,0,1,1,0,0,0,0,1,1,0,0,0,0,0,0
10041,1,1,1,0,0,0,0,1,1,0,0,0,0,1,1,1,0,0,0,0,1
10042,1,1,1,0,0,0,0,1,1,0,0,0,0,1,1,1,1,0,0,0,0
10043,1,1,1,0,0,0,0,1,1,0,0,0,0,1,1,1,0,0,0,0,1
10044,1,0,0,0,0,0,0,1,0,0,0,0,0,0,1,0,0,0,0,0,0
10045,1,1,0,0,0,0,1,1,1,0,0,0,0,1,1,1,0,0,0,0,1
10046,1,1,0,0,0,0,1,1,1,0,0,0,0,1,0,0,0,0,0,0,0
10047,1,0,0,0,0,0,0,1,0,0,0,0,0,0,0,0,0,0,0,0,0
10048,1,0,0,0,0,0,0,1,0,0,0,0,0,0,0,0,0,0,0,0,0
10049,1,0,0,0,0,0,0,1,0,0,0,0,0,0,0,0,0,0,0,0,0
10050,1,1,0,1,0,0,0,1,1,0,1,0,0,0,0,0,0,0,0,0,0
10051,3,1,1,0,0,0,0,1,1,0,1,0,0,0,1,1,0,0,0,0,1
10052,1,1,0,1,0,0,0,1,1,0,1,0,0,0,1,1,0,1,0,0,0
10053,1,1,0,0,0,0,1,1,1,0,0,0,0,1,1,1,0,1,0,0,0
10054,1,1,0,0,1,1,0,1,1,0,0,0,0,1,1,1,0,1,0,0,0
10055,1,0,0,0,0,0,0,1,0,0,0,0,0,0,0,0,0,0,0,0,0
10056,2,1,0,0,0,0,1,2,2,0,0,0,0,2,1,1,0,0,1,1,0
10057,1,1,0,0,0,0,1,1,1,0,1,0,0,0,1,1,0,1,0,0,0
10058,1,0,0,0,0,0,0,2,0,0,0,0,0,0,1,0,0,0,0,0,0
10059,1,0,0,0,0,0,0,1,0,0,0,0,0,0,1,0,0,0,0,0,0
10060,1,1,0,0,0,0,1,1,1,1,0,0,0,0,1,1,0,0,0,0,1
10061,1,0,0,0,0,0,0,1,0,0,0,0,0,0,1,0,0,0,0,0,0
10062,1,1,0,0,0,0,1,1,1,1,0,0,0,0,0,0,0,0,0,0,0
10063,0,0,0,0,0,0,0,1,0,0,0,0,0,0,0,0,0,0,0,0,0
10064,1,1,0,1,0,0,0,1,1,0,0,0,0,1,0,0,0,0,0,0,0
10065,2,2,0,0,0,0,2,2,1,0,0,0,0,1,1,1,0,0,0,0,1
10066,1,1,0,0,0,0,1,2,1,0,0,0,0,1,1,1,0,1,0,0,0
10067,1,1,0,0,0,0,1,1,1,0,0,0,0,1,1,1,0,1,0,0,0
10068,1,1,0,0,0,0,1,1,1,0,1,0,0,0,1,1,0,0,0,0,1
10069,1,1,0,0,0,0,1,1,1,0,0,0,0,1,1,1,0,0,0,0,1
10070,1,1,0,0,0,0,1,1,1,1,0,0,0,0,1,1,0,0,0,0,1
10071,1,0,0,0,0,0,0,1,0,0,0,0,0,0,0,0,0,0,0,0,0
10073,0,0,0,0,0,0,0,1,0,0,0,0,0,0,0,0,0,0,0,0,0
10074,1,0,0,0,0,0,0,1,0,0,0,0,0,0,1,0,0,0,0,0,0
10075,1,1,0,0,0,0,1,1,1,1,0,0,0,0,1,1,1,0,0,0,0
10076,1,0,0,0,0,0,0,1,0,0,0,0,0,0,0,0,0,0,0,0,0
10077,1,0,0,0,0,0,0,1,0,0,0,0,0,0,1,1,0,0,0,0,1
10078,1,0,0,0,0,0,0,1,0,0,0,0,0,0,0,0,0,0,0,0,0
10079,1,1,0,0,0,0,1,1,1,0,1,0,0,0,0,0,0,0,0,0,0
10080,1,1,0,1,0,0,0,2,1,0,1,0,0,0,1,1,0,1,0,0,0
10081,0,0,0,0,0,0,0,1,1,0,0,0,0,1,0,0,0,0,0,0,0
10082,1,0,0,0,0,0,0,1,0,0,0,0,0,0,0,0,0,0,0,0,0
10083,1,1,0,0,1,1,0,1,1,1,0,0,0,0,1,1,0,1,0,0,0
10085,0,0,0,0,0,0,0,1,0,0,0,0,0,0,1,0,0,0,0,0,0
10087,1,1,0,0,0,0,1,1,1,0,0,0,0,1,1,1,0,0,0,0,1
10088,1,0,0,0,0,0,0,1,0,0,0,0,0,0,1,0,0,0,0,0,0
10089,1,0,0,0,0,0,0,0,0,0,0,0,0,0,1,0,0,0,0,0,0
10090,1,0,0,0,0,0,0,1,0,0,0,0,0,0,0,0,0,0,0,0,0
10091,1,1,0,0,0,0,1,1,1,0,0,0,0,1,1,1,0,0,0,0,1
10092,1,1,0,0,0,0,1,1,1,0,0,0,0,1,1,1,0,0,0,0,1
10093,1,1,0,1,0,0,0,1,1,0,1,0,0,0,1,1,0,0,0,0,1
10094,1,0,0,0,0,0,0,1,1,0,0,0,0,1,0,0,0,0,0,0,0
10095,1,0,0,0,0,0,0,1,0,0,0,0,0,0,1,0,0,0,0,0,0
10096,1,1,0,0,0,0,1,1,1,0,1,0,0,0,1,1,1,0,0,0,0
10097,1,1,0,0,0,0,1,1,0,0,0,0,0,0,1,0,0,0,0,0,0
10098,1,1,0,0,0,0,1,1,1,0,1,0,0,0,1,1,0,0,0,0,1
10099,1,1,0,1,0,0,0,1,0,0,0,0,0,0,1,1,0,0,0,0,1
10100,1,0,0,0,0,0,0,1,0,0,0,0,0,0,1,1,0,0,0,0,1
10101,1,1,1,0,0,0,0,1,1,1,0,0,0,0,1,1,0,1,0,0,0
10102,1,1,0,0,0,0,1,2,2,1,0,0,0,1,2,2,0,0,0,0,2
10103,1,1,0,0,0,0,1,1,1,1,0,0,0,0,1,1,0,0,0,0,1
10104,1,1,0,0,0,0,1,1,0,0,0,0,0,0,1,1,0,0,0,0,1
10105,1,1,1,0,0,0,0,1,1,0,0,0,0,1,1,1,0,1,0,0,0
10106,2,1,0,1,0,0,0,1,1,0,0,0,0,1,1,1,0,0,0,0,1
10107,1,1,1,0,0,0,0,1,1,0,0,0,0,1,0,0,0,0,0,0,0
10108,1,1,0,0,0,0,1,1,1,0,0,0,0,1,1,1,0,0,0,0,1
10109,1,0,0,0,0,0,0,1,0,0,0,0,0,0,0,0,0,0,0,0,0
10110,1,1,0,0,0,0,1,1,1,1,0,0,0,0,1,1,0,0,0,0,1
10111,1,1,0,0,0,0,1,1,1,1,0,0,0,0,1,1,0,1,0,0,0
10112,1,1,0,0,1,1,0,1,1,0,0,1,1,0,1,1,0,0,1,1,0
10113,1,1,0,0,0,0,1,1,1,1,0,0,0,0,1,1,0,0,0,0,1
10114,0,0,0,0,0,0,0,1,0,0,0,0,0,0,0,0,0,0,0,0,0
10115,1,0,0,0,0,0,0,0,0,0,0,0,0,0,0,0,0,0,0,0,0
10116,1,1,0,0,0,0,1,1,1,0,0,0,0,1,1,1,0,1,0,0,0
10117,1,0,0,0,0,0,0,1,0,0,0,0,0,0,1,0,0,0,0,0,0
10118,1,1,0,1,0,0,0,1,1,0,1,0,0,0,1,1,0,1,0,0,0
10119,3,2,0,0,1,1,1,4,3,1,1,0,0,1,5,4,0,0,1,1,3
10120,1,1,0,1,0,0,0,1,1,0,1,0,0,0,1,1,1,0,0,0,0
10121,1,0,0,0,0,0,0,1,1,0,0,0,0,1,1,0,0,0,0,0,0
10122,1,1,1,0,0,0,0,1,1,0,0,0,0,1,1,1,0,0,0,0,1
10123,1,1,1,0,0,0,0,1,1,0,0,0,0,1,1,1,0,0,0,0,1
10124,1,1,0,0,0,0,1,1,1,0,0,0,0,1,1,1,0,0,0,0,1
10125,1,1,1,0,0,0,0,1,1,0,0,1,1,0,1,1,0,0,1,1,0
10126,1,1,1,0,0,0,0,1,1,1,0,0,0,0,1,1,0,1,0,0,0
10127,1,1,0,1,0,0,0,1,1,1,0,0,0,0,1,1,0,0,0,0,1
10128,1,0,0,0,0,0,0,1,0,0,0,0,0,0,0,0,0,0,0,0,0
10129,0,0,0,0,0,0,0,1,0,0,0,0,0,0,1,0,0,0,0,0,0
10130,1,1,0,0,0,0,1,1,1,0,0,0,0,1,0,0,0,0,0,0,0
10131,1,1,0,1,0,0,0,1,1,0,1,0,0,0,0,0,0,0,0,0,0
10132,1,1,0,0,0,0,1,1,1,0,0,0,0,1,1,1,0,0,0,0,1
10133,1,0,0,0,0,0,0,1,0,0,0,0,0,0,0,0,0,0,0,0,0
10134,1,1,0,1,0,0,0,1,1,0,1,0,0,0,1,1,0,1,0,0,0
10135,1,1,0,0,1,1,0,1,1,1,0,0,0,0,1,1,0,0,0,0,1
10136,1,1,1,0,0,0,0,1,1,1,0,0,0,0,1,1,1,0,0,0,0
10137,1,0,0,0,0,0,0,1,1,0,0,0,0,1,1,1,0,0,0,0,1
10138,1,1,0,0,0,0,1,1,1,0,1,0,0,0,1,1,1,0,0,0,0
10139,1,1,0,0,0,0,1,1,1,0,0,0,0,1,1,1,0,0,0,0,1
10140,1,0,0,0,0,0,0,1,1,0,0,0,0,1,0,0,0,0,0,0,0
10141,1,1,0,0,0,0,1,1,1,1,0,0,0,0,1,1,1,0,0,0,0
10142,1,1,0,0,0,0,1,1,1,0,0,0,0,1,1,1,0,0,0,0,1
10143,1,1,1,0,0,0,0,1,1,0,0,0,0,1,0,0,0,0,0,0,0
10144,1,1,1,0,0,0,0,1,1,0,0,0,0,1,1,1,0,0,0,0,1
10145,1,1,0,0,1,1,0,1,1,0,0,1,1,0,1,1,0,0,0,0,1
10146,1,1,0,0,0,0,1,1,1,0,0,0,0,1,1,1,0,0,0,0,1
10147,1,1,1,0,0,0,0,1,1,0,0,1,1,0,1,1,1,0,0,0,0
10148,2,1,0,0,0,0,1,1,1,0,0,0,0,1,0,0,0,0,0,0,0
10149,1,1,1,0,0,0,0,1,0,0,0,0,0,0,0,0,0,0,0,0,0
10150,1,0,0,0,0,0,0,1,0,0,0,0,0,0,0,0,0,0,0,0,0
10151,3,1,0,1,0,0,0,2,1,0,1,0,0,0,1,1,1,0,0,0,0
10152,1,0,0,0,0,0,0,1,0,0,0,0,0,0,0,0,0,0,0,0,0
10153,1,1,0,0,0,0,1,1,1,0,0,0,0,1,1,1,0,0,0,0,1
10154,1,1,0,0,0,0,1,1,1,0,0,0,0,1,1,1,0,0,0,0,1
10155,1,0,0,0,0,0,0,1,0,0,0,0,0,0,0,0,0,0,0,0,0
10156,2,1,0,0,0,0,1,2,1,0,0,0,0,1,1,1,0,0,0,0,1
10166,1,0,0,0,0,0,0,1,0,0,0,0,0,0,0,0,0,0,0,0,0
10167,1,0,0,0,0,0,0,1,0,0,0,0,0,0,1,0,0,0,0,0,0
10168,1,0,0,0,0,0,0,1,0,0,0,0,0,0,0,0,0,0,0,0,0
10169,1,1,0,0,0,0,1,1,1,0,0,0,0,1,1,1,0,0,0,0,1
10171,1,0,0,0,0,0,0,1,1,0,0,0,0,1,0,0,0,0,0,0,0
10172,1,0,0,0,0,0,0,0,0,0,0,0,0,0,0,0,0,0,0,0,0
10173,1,1,0,1,0,0,0,1,1,0,0,0,0,1,1,1,0,1,0,0,0
10174,1,0,0,0,0,0,0,1,0,0,0,0,0,0,0,0,0,0,0,0,0
10175,1,0,0,0,0,0,0,1,1,0,0,0,0,1,1,1,1,0,0,0,0
10176,1,0,0,0,0,0,0,1,0,0,0,0,0,0,1,0,0,0,0,0,0
10178,1,0,0,0,0,0,0,1,0,0,0,0,0,0,1,0,0,0,0,0,0
10179,0,0,0,0,0,0,0,1,0,0,0,0,0,0,0,0,0,0,0,0,0
10180,1,0,0,0,0,0,0,1,0,0,0,0,0,0,0,0,0,0,0,0,0
10181,1,0,0,0,0,0,0,0,0,0,0,0,0,0,0,0,0,0,0,0,0
10182,1,0,0,0,0,0,0,1,1,0,0,0,0,1,1,1,0,0,0,0,1
10183,1,0,0,0,0,0,0,1,0,0,0,0,0,0,0,0,0,0,0,0,0
10184,1,0,0,0,0,0,0,1,0,0,0,0,0,0,0,0,0,0,0,0,0
10185,1,0,0,0,0,0,0,1,0,0,0,0,0,0,1,0,0,0,0,0,0
10186,1,0,0,0,0,0,0,1,0,0,0,0,0,0,1,0,0,0,0,0,0
10187,1,1,0,0,0,0,1,1,1,0,1,0,0,0,1,0,0,0,0,0,0
10188,1,0,0,0,0,0,0,1,0,0,0,0,0,0,1,0,0,0,0,0,0
10189,1,1,0,0,0,0,1,1,1,0,0,0,0,1,1,1,0,0,0,0,1
10190,0,0,0,0,0,0,0,1,0,0,0,0,0,0,1,0,0,0,0,0,0
10191,1,1,0,0,0,0,1,1,1,0,1,0,0,0,1,1,0,1,0,0,0
10192,2,2,0,0,0,0,2,2,2,1,0,0,0,1,1,1,0,0,0,0,1
10193,2,2,1,0,0,0,1,2,2,1,0,0,0,1,1,1,0,0,0,0,1
10194,1,0,0,0,0,0,0,1,0,0,0,0,0,0,0,0,0,0,0,0,0
10195,1,1,0,0,0,0,1,1,1,0,0,0,0,1,1,1,0,0,0,0,1
10197,2,0,0,0,0,0,0,1,0,0,0,0,0,0,2,0,0,0,0,0,0
10198,1,0,0,0,0,0,0,0,0,0,0,0,0,0,1,0,0,0,0,0,0
10199,3,2,0,0,0,0,2,3,2,1,0,0,0,1,1,0,0,0,0,0,0
10200,1,0,0,0,0,0,0,1,1,0,0,0,0,1,1,0,0,0,0,0,0
10202,0,0,0,0,0,0,0,1,0,0,0,0,0,0,0,0,0,0,0,0,0
10203,0,0,0,0,0,0,0,1,0,0,0,0,0,0,0,0,0,0,0,0,0
10204,1,0,0,0,0,0,0,1,0,0,0,0,0,0,0,0,0,0,0,0,0
10205,1,1,0,0,0,0,1,1,1,0,0,0,0,1,0,0,0,0,0,0,0
10206,1,0,0,0,0,0,0,1,0,0,0,0,0,0,0,0,0,0,0,0,0
10207,1,0,0,0,0,0,0,1,0,0,0,0,0,0,0,0,0,0,0,0,0
10208,0,0,0,0,0,0,0,1,0,0,0,0,0,0,0,0,0,0,0,0,0
10209,1,1,0,0,0,0,1,1,1,0,1,0,0,0,1,0,0,0,0,0,0
10210,1,1,0,0,0,0,1,1,1,0,0,0,0,1,0,0,0,0,0,0,0
10211,1,0,0,0,0,0,0,1,0,0,0,0,0,0,0,0,0,0,0,0,0
10212,3,1,1,0,0,0,0,2,1,0,0,0,0,1,1,1,1,0,0,0,0
10213,1,0,0,0,0,0,0,1,0,0,0,0,0,0,0,0,0,0,0,0,0
10214,1,0,0,0,0,0,0,1,0,0,0,0,0,0,0,0,0,0,0,0,0
10215,1,0,0,0,0,0,0,2,0,0,0,0,0,0,0,0,0,0,0,0,0
10216,0,0,0,0,0,0,0,1,0,0,0,0,0,0,0,0,0,0,0,0,0
10217,1,0,0,0,0,0,0,0,0,0,0,0,0,0,0,0,0,0,0,0,0
10218,1,1,0,1,0,0,0,1,1,0,1,0,0,0,1,1,0,0,0,0,1
10219,1,1,0,1,0,0,0,1,1,0,0,1,1,0,0,0,0,0,0,0,0
10220,1,1,0,0,0,0,1,1,1,0,0,0,0,1,1,1,0,1,0,0,0
10221,1,1,0,0,0,0,1,1,1,0,0,0,0,1,1,1,0,0,0,0,1
10222,1,0,0,0,0,0,0,1,0,0,0,0,0,0,1,0,0,0,0,0,0
10223,1,0,0,0,0,0,0,1,1,0,1,0,0,0,1,0,0,0,0,0,0
10224,1,1,0,0,0,0,1,1,1,0,0,0,0,1,1,0,0,0,0,0,0
10225,1,1,0,0,0,0,1,1,1,1,0,0,0,0,1,1,0,0,0,0,1
10226,1,1,0,0,0,0,1,1,1,0,0,0,0,1,1,1,1,0,0,0,0
10227,1,0,0,0,0,0,0,1,1,0,0,0,0,1,1,1,0,0,0,0,1
10228,1,1,0,0,0,0,1,1,1,0,0,0,0,1,1,1,1,0,0,0,0
10229,1,1,0,0,0,0,1,1,1,0,1,0,0,0,1,1,1,0,0,0,0
10230,1,1,0,0,0,0,1,1,1,0,1,0,0,0,1,1,0,0,0,0,1
10231,1,1,1,0,0,0,0,1,1,1,0,0,0,0,1,1,0,0,0,0,1
10232,1,1,0,1,0,0,0,1,1,0,0,0,0,1,1,1,0,0,0,0,1
10233,1,1,0,0,0,0,1,1,1,1,0,0,0,0,1,1,1,0,0,0,0
10234,3,3,1,0,0,0,2,3,3,2,0,0,0,1,2,2,1,0,0,0,1
10235,1,1,0,0,0,0,1,1,1,0,0,0,0,1,1,1,0,1,0,0,0
10236,2,0,0,0,0,0,0,2,0,0,0,0,0,0,0,0,0,0,0,0,0
10237,1,1,1,0,0,0,0,1,1,1,0,0,0,0,1,1,0,1,0,0,0
10238,1,1,1,0,0,0,0,1,1,1,0,0,0,0,1,1,1,0,0,0,0
10239,1,1,0,1,0,0,0,1,1,0,1,0,0,0,2,1,0,0,0,0,1
10240,2,1,0,0,0,0,1,2,1,0,0,0,0,1,1,0,0,0,0,0,0
10241,1,1,0,0,0,0,1,1,1,1,0,0,0,0,1,1,0,1,0,0,0
10242,1,1,0,0,0,0,1,1,1,0,0,0,0,1,1,1,0,0,0,0,1
10244,2,2,1,0,0,0,1,2,2,0,0,1,1,1,2,2,0,0,0,0,2
10245,1,0,0,0,0,0,0,1,0,0,0,0,0,0,0,0,0,0,0,0,0
10250,1,1,0,0,0,0,1,1,1,0,0,0,0,1,1,1,1,0,0,0,0
10251,1,1,1,0,0,0,0,2,1,1,0,0,0,0,1,1,1,0,0,0,0
10252,1,1,0,0,0,0,1,1,1,1,0,0,0,0,1,0,0,0,0,0,0
10253,1,0,0,0,0,0,0,2,0,0,0,0,0,0,0,0,0,0,0,0,0
10254,1,0,0,0,0,0,0,1,0,0,0,0,0,0,0,0,0,0,0,0,0
10255,1,0,0,0,0,0,0,0,0,0,0,0,0,0,0,0,0,0,0,0,0
10256,0,0,0,0,0,0,0,1,0,0,0,0,0,0,0,0,0,0,0,0,0
10257,1,0,0,0,0,0,0,1,0,0,0,0,0,0,1,0,0,0,0,0,0
10258,1,0,0,0,0,0,0,0,0,0,0,0,0,0,0,0,0,0,0,0,0
10259,1,1,1,0,0,0,0,1,1,1,0,0,0,0,1,1,0,1,0,0,0
10260,1,0,0,0,0,0,0,1,0,0,0,0,0,0,0,0,0,0,0,0,0
10262,1,0,0,0,0,0,0,0,0,0,0,0,0,0,0,0,0,0,0,0,0
10263,1,0,0,0,0,0,0,0,0,0,0,0,0,0,0,0,0,0,0,0,0
10264,1,0,0,0,0,0,0,0,0,0,0,0,0,0,0,0,0,0,0,0,0
10265,1,0,0,0,0,0,0,0,0,0,0,0,0,0,0,0,0,0,0,0,0
10267,1,1,0,0,0,0,1,1,0,0,0,0,0,0,0,0,0,0,0,0,0
10268,1,0,0,0,0,0,0,0,0,0,0,0,0,0,0,0,0,0,0,0,0
10269,1,0,0,0,0,0,0,1,0,0,0,0,0,0,0,0,0,0,0,0,0
10270,1,1,1,0,0,0,0,1,1,0,0,0,0,1,1,1,0,0,0,0,1
10271,1,0,0,0,0,0,0,1,0,0,0,0,0,0,0,0,0,0,0,0,0
10273,0,0,0,0,0,0,0,1,0,0,0,0,0,0,0,0,0,0,0,0,0
10275,1,0,0,0,0,0,0,1,0,0,0,0,0,0,2,0,0,0,0,0,0
10277,1,0,0,0,0,0,0,1,0,0,0,0,0,0,0,0,0,0,0,0,0
10279,2,0,0,0,0,0,0,2,0,0,0,0,0,0,1,1,0,0,0,0,1
10285,1,0,0,0,0,0,0,0,0,0,0,0,0,0,0,0,0,0,0,0,0
10286,1,0,0,0,0,0,0,0,0,0,0,0,0,0,1,0,0,0,0,0,0
10287,1,0,0,0,0,0,0,0,0,0,0,0,0,0,0,0,0,0,0,0,0
10288,1,1,0,1,0,0,0,1,1,0,1,0,0,0,1,1,0,1,0,0,0
10289,1,1,0,0,0,0,1,1,0,0,0,0,0,0,1,1,0,0,0,0,1
10290,2,0,0,0,0,0,0,2,0,0,0,0,0,0,2,0,0,0,0,0,0
10291,1,1,0,0,0,0,1,1,0,0,0,0,0,0,0,0,0,0,0,0,0
10292,1,0,0,0,0,0,0,0,0,0,0,0,0,0,0,0,0,0,0,0,0
10293,0,0,0,0,0,0,0,1,0,0,0,0,0,0,0,0,0,0,0,0,0
10294,0,0,0,0,0,0,0,1,0,0,0,0,0,0,0,0,0,0,0,0,0
10295,2,0,0,0,0,0,0,1,1,0,1,0,0,0,4,0,0,0,0,0,0
10296,3,0,0,0,0,0,0,1,1,0,1,0,0,0,4,1,0,0,0,0,1
10297,0,0,0,0,0,0,0,1,1,0,0,0,0,1,2,0,0,0,0,0,0
10298,1,1,0,0,0,0,1,1,1,0,0,0,0,1,0,0,0,0,0,0,0
10299,1,1,0,0,0,0,1,1,1,0,0,0,0,1,1,1,0,0,0,0,1
10300,1,0,0,0,0,0,0,1,0,0,0,0,0,0,0,0,0,0,0,0,0
10301,2,0,0,0,0,0,0,1,0,0,0,0,0,0,0,0,0,0,0,0,0
10302,1,1,0,1,0,0,0,1,1,0,0,0,0,1,0,0,0,0,0,0,0
10303,1,1,0,0,0,0,1,1,1,1,0,0,0,0,1,0,0,0,0,0,0
10304,1,0,0,0,0,0,0,1,0,0,0,0,0,0,0,0,0,0,0,0,0
10305,2,1,0,0,0,0,1,2,0,0,0,0,0,0,2,1,0,0,0,0,1
10306,1,1,0,0,0,0,1,1,1,0,1,0,0,0,1,1,1,0,0,0,0
10307,1,1,0,0,0,0,1,1,1,1,0,0,0,0,1,1,0,1,0,0,0
10308,1,1,0,0,0,0,1,1,0,0,0,0,0,0,1,0,0,0,0,0,0
10309,1,1,0,0,0,0,1,1,1,0,0,0,0,1,1,1,0,0,0,0,1
10310,1,1,0,0,0,0,1,2,2,0,1,0,0,1,3,2,0,0,0,0,2
10311,1,0,0,0,0,0,0,1,0,0,0,0,0,0,1,0,0,0,0,0,0
10312,0,0,0,0,0,0,0,1,0,0,0,0,0,0,1,0,0,0,0,0,0
10313,1,1,0,0,0,0,1,1,1,1,0,0,0,0,1,1,0,1,0,0,0
10314,1,1,0,0,0,0,1,1,1,0,0,0,0,1,1,1,1,0,0,0,0
10315,1,1,1,0,0,0,0,3,3,1,0,0,0,2,2,2,0,2,0,0,0
10316,1,1,0,0,0,0,1,1,1,0,0,0,0,1,1,1,0,0,0,0,1
10317,1,1,0,0,0,0,1,1,1,0,0,0,0,1,1,1,0,0,0,0,1
10318,3,0,0,0,0,0,0,0,0,0,0,0,0,0,0,0,0,0,0,0,0
10319,1,1,0,1,0,0,0,1,1,0,1,0,0,0,0,0,0,0,0,0,0
10320,1,0,0,0,0,0,0,1,0,0,0,0,0,0,0,0,0,0,0,0,0
10321,1,0,0,0,0,0,0,1,0,0,0,0,0,0,0,0,0,0,0,0,0
10322,1,1,0,0,0,0,1,1,1,0,0,0,0,1,0,0,0,0,0,0,0
10323,1,1,0,0,0,0,1,1,1,0,0,0,0,1,0,0,0,0,0,0,0
10324,1,0,0,0,0,0,0,0,0,0,0,0,0,0,0,0,0,0,0,0,0
10325,1,1,0,1,0,0,0,1,1,0,1,0,0,0,0,0,0,0,0,0,0
10326,1,0,0,0,0,0,0,1,1,0,0,0,0,1,0,0,0,0,0,0,0
10327,1,1,0,0,0,0,1,1,1,0,0,0,0,1,1,1,1,0,0,0,0
10328,1,0,0,0,0,0,0,1,0,0,0,0,0,0,0,0,0,0,0,0,0
10329,1,0,0,0,0,0,0,1,0,0,0,0,0,0,1,0,0,0,0,0,0
10330,1,0,0,0,0,0,0,1,1,1,0,0,0,0,0,0,0,0,0,0,0
10331,0,0,0,0,0,0,0,1,0,0,0,0,0,0,0,0,0,0,0,0,0
10332,1,0,0,0,0,0,0,1,0,0,0,0,0,0,0,0,0,0,0,0,0
10333,0,0,0,0,0,0,0,1,0,0,0,0,0,0,0,0,0,0,0,0,0
10334,3,1,0,0,0,0,1,1,1,0,0,0,0,1,0,0,0,0,0,0,0
10335,1,0,0,0,0,0,0,1,1,0,0,0,0,1,1,1,1,0,0,0,0
10336,2,2,0,1,0,0,1,1,1,0,0,0,0,1,2,2,0,0,0,0,2
10337,1,0,0,0,0,0,0,0,0,0,0,0,0,0,0,0,0,0,0,0,0
10338,1,0,0,0,0,0,0,1,0,0,0,0,0,0,0,0,0,0,0,0,0
10339,1,0,0,0,0,0,0,1,0,0,0,0,0,0,0,0,0,0,0,0,0
10340,1,1,0,0,0,0,1,1,0,0,0,0,0,0,0,0,0,0,0,0,0
10341,0,0,0,0,0,0,0,0,0,0,0,0,0,0,1,0,0,0,0,0,0
10342,1,0,0,0,0,0,0,1,0,0,0,0,0,0,0,0,0,0,0,0,0
10343,1,1,0,1,0,0,0,1,1,0,1,0,0,0,0,0,0,0,0,0,0
10344,1,1,0,1,0,0,0,1,1,1,0,0,0,0,2,2,0,0,0,0,2
10345,1,0,0,0,0,0,0,1,1,0,0,0,0,1,0,0,0,0,0,0,0
10346,2,2,0,1,1,1,0,0,0,0,0,0,0,0,0,0,0,0,0,0,0
10347,1,1,1,0,0,0,0,1,1,1,0,0,0,0,1,1,0,0,0,0,1
10348,1,1,0,0,1,1,0,1,1,1,0,0,0,0,1,1,0,0,1,1,0
10349,1,0,0,0,0,0,0,0,0,0,0,0,0,0,0,0,0,0,0,0,0
10350,0,0,0,0,0,0,0,0,0,0,0,0,0,0,1,0,0,0,0,0,0
10351,1,1,0,0,0,0,1,1,1,0,0,0,0,1,0,0,0,0,0,0,0
10352,1,1,0,0,0,0,1,0,0,0,0,0,0,0,0,0,0,0,0,0,0
10353,1,1,0,0,0,0,1,1,1,0,1,0,0,0,0,0,0,0,0,0,0
10354,1,0,0,0,0,0,0,1,1,0,0,0,0,1,0,0,0,0,0,0,0
10355,1,1,0,0,0,0,1,0,0,0,0,0,0,0,0,0,0,0,0,0,0
10356,1,1,0,0,0,0,1,1,1,1,0,0,0,0,0,0,0,0,0,0,0
10357,1,0,0,0,0,0,0,1,0,0,0,0,0,0,0,0,0,0,0,0,0
10358,1,1,0,0,0,0,1,1,1,1,0,0,0,0,1,1,0,0,0,0,1
10359,1,0,0,0,0,0,0,0,0,0,0,0,0,0,0,0,0,0,0,0,0
10360,1,0,0,0,0,0,0,1,1,0,0,0,0,1,0,0,0,0,0,0,0
10361,1,1,0,0,0,0,1,1,1,0,0,0,0,1,1,1,0,0,0,0,1
10362,1,1,0,1,0,0,0,1,1,0,1,0,0,0,1,1,0,0,0,0,1
10363,1,1,0,0,0,0,1,1,1,0,0,0,0,1,2,2,0,1,0,0,1
10364,1,1,0,0,0,0,1,2,2,0,0,0,0,2,2,2,0,0,0,0,2
10365,1,0,0,0,0,0,0,1,0,0,0,0,0,0,0,0,0,0,0,0,0
10366,1,1,1,0,0,0,0,1,1,0,0,0,0,1,1,1,1,0,0,0,0
10367,1,0,0,0,0,0,0,1,0,0,0,0,0,0,0,0,0,0,0,0,0
10368,1,1,0,1,0,0,0,1,1,0,1,0,0,0,1,1,0,1,0,0,0
10369,1,1,0,1,0,0,0,1,1,0,0,0,0,1,1,1,0,0,0,0,1
10370,0,0,0,0,0,0,0,0,0,0,0,0,0,0,1,0,0,0,0,0,0
10371,2,1,0,1,0,0,0,1,1,0,0,0,0,1,1,1,1,0,0,0,0
10372,1,1,1,0,0,0,0,1,1,1,0,0,0,0,1,1,0,1,0,0,0
10373,1,1,0,1,0,0,0,1,1,0,0,0,0,1,1,1,0,1,0,0,0
10374,1,1,0,0,0,0,1,1,1,1,0,0,0,0,1,1,0,0,0,0,1
10375,1,1,0,0,0,0,1,1,1,0,0,0,0,1,1,1,0,1,0,0,0
10376,1,0,0,0,0,0,0,1,0,0,0,0,0,0,1,0,0,0,0,0,0
10377,1,1,0,1,0,0,0,1,1,0,1,0,0,0,0,0,0,0,0,0,0
10378,1,1,1,0,0,0,0,1,1,1,0,0,0,0,1,1,1,0,0,0,0
10380,1,1,0,0,0,0,1,1,1,0,0,0,0,1,0,0,0,0,0,0,0
10381,1,0,0,0,0,0,0,0,0,0,0,0,0,0,0,0,0,0,0,0,0
10382,2,0,0,0,0,0,0,2,0,0,0,0,0,0,1,0,0,0,0,0,0
10383,1,0,0,0,0,0,0,1,0,0,0,0,0,0,0,0,0,0,0,0,0
10384,1,1,0,0,0,0,1,0,0,0,0,0,0,0,0,0,0,0,0,0,0
10385,1,0,0,0,0,0,0,1,0,0,0,0,0,0,0,0,0,0,0,0,0
10386,1,1,0,0,0,0,1,2,2,1,0,0,0,1,2,2,1,0,0,0,1
10387,2,2,0,0,0,0,2,2,2,0,1,0,0,1,1,1,1,0,0,0,0
10388,1,1,0,0,0,0,1,1,1,0,0,0,0,1,1,1,0,0,0,0,1
10389,1,1,1,0,0,0,0,1,1,1,0,0,0,0,0,0,0,0,0,0,0
10390,1,1,1,0,0,0,0,1,1,0,0,0,0,1,1,1,0,0,0,0,1
10391,1,1,0,0,0,0,1,1,1,0,0,0,0,1,1,1,0,0,0,0,1
10392,1,1,0,0,0,0,1,1,1,1,0,0,0,0,1,1,0,0,0,0,1
10393,1,1,0,0,0,0,1,1,1,0,1,0,0,0,1,0,0,0,0,0,0
10394,1,1,1,0,0,0,0,2,2,0,1,0,0,1,1,1,1,0,0,0,0
10395,1,1,0,0,0,0,1,1,1,0,0,0,0,1,1,0,0,0,0,0,0
10396,1,1,0,1,0,0,0,1,1,0,1,0,0,0,0,0,0,0,0,0,0
10397,1,1,1,0,0,0,0,1,1,1,0,0,0,0,2,2,2,0,0,0,0
10398,1,0,0,0,0,0,0,2,0,0,0,0,0,0,1,0,0,0,0,0,0
10399,1,1,0,1,0,0,0,1,1,0,0,1,1,0,1,1,0,0,1,1,0
10400,1,1,0,1,0,0,0,1,1,0,1,0,0,0,1,1,0,0,0,0,1
10401,1,1,0,0,0,0,1,1,1,0,0,0,0,1,1,1,0,0,0,0,1
10402,1,0,0,0,0,0,0,1,1,0,0,0,0,1,0,0,0,0,0,0,0
10403,1,1,0,0,0,0,1,1,1,0,1,0,0,0,1,1,0,0,0,0,1
10404,1,1,0,0,0,0,1,1,1,0,0,0,0,1,0,0,0,0,0,0,0
10405,1,0,0,0,0,0,0,1,1,0,0,0,0,1,0,0,0,0,0,0,0
10406,2,2,0,0,0,0,2,1,1,0,0,1,1,0,1,1,1,0,0,0,0
10407,1,0,0,0,0,0,0,2,0,0,0,0,0,0,2,0,0,0,0,0,0
10408,1,1,0,0,0,0,1,1,0,0,0,0,0,0,0,0,0,0,0,0,0
10409,1,1,0,1,0,0,0,1,1,0,1,0,0,0,1,1,0,1,0,0,0
10410,1,1,1,0,0,0,0,1,1,0,0,1,1,0,1,1,0,0,0,0,1
10411,1,1,0,0,1,1,0,1,1,0,0,0,0,1,1,1,0,0,0,0,1
10412,1,1,0,1,0,0,0,1,1,1,0,0,0,0,1,1,0,0,0,0,1
10413,1,1,0,0,0,0,1,1,1,0,0,0,0,1,0,0,0,0,0,0,0
10414,1,1,1,0,0,0,0,1,1,1,0,0,0,0,1,1,0,0,0,0,1
10415,1,0,0,0,0,0,0,1,0,0,0,0,0,0,1,1,0,0,0,0,1
10416,1,1,0,0,0,0,1,1,1,0,0,0,0,1,1,1,0,0,0,0,1
10417,1,0,0,0,0,0,0,1,0,0,0,0,0,0,0,0,0,0,0,0,0
10418,1,1,0,0,0,0,1,1,1,1,0,0,0,0,1,1,0,0,0,0,1
10419,1,1,0,0,1,1,0,1,1,1,0,0,0,0,1,1,0,0,1,1,0
10420,1,1,0,1,0,0,0,1,1,0,1,0,0,0,1,1,0,0,0,0,1
10421,1,1,0,0,0,0,1,1,1,1,0,0,0,0,1,1,0,0,0,0,1
10422,1,1,0,0,0,0,1,1,1,0,0,0,0,1,1,1,0,0,0,0,1
10423,1,1,0,0,0,0,1,1,1,0,0,0,0,1,1,1,0,0,0,0,1
10424,1,1,0,0,0,0,1,1,1,0,1,0,0,0,1,1,0,0,0,0,1
10425,1,1,0,0,0,0,1,1,1,0,1,0,0,0,1,1,0,0,0,0,1
10426,1,1,0,0,0,0,1,1,1,0,0,0,0,1,0,0,0,0,0,0,0
10427,1,1,1,0,0,0,0,1,1,1,0,0,0,0,1,1,0,0,1,1,0
10428,1,1,0,0,0,0,1,1,1,0,0,1,1,0,1,1,0,0,1,1,0
10429,1,1,0,0,1,1,0,1,1,1,0,0,0,0,1,1,0,0,1,1,0
10430,1,0,0,0,0,0,0,1,1,0,0,0,0,1,0,0,0,0,0,0,0
10431,1,0,0,0,0,0,0,1,0,0,0,0,0,0,1,0,0,0,0,0,0
10432,1,0,0,0,0,0,0,1,0,0,0,0,0,0,0,0,0,0,0,0,0
10433,1,0,0,0,0,0,0,1,0,0,0,0,0,0,1,0,0,0,0,0,0
10434,1,1,0,1,0,0,0,1,1,0,1,0,0,0,0,0,0,0,0,0,0
10435,1,0,0,0,0,0,0,0,0,0,0,0,0,0,0,0,0,0,0,0,0
10436,1,1,1,0,0,0,0,1,1,1,0,0,0,0,0,0,0,0,0,0,0
10437,1,1,0,1,0,0,0,1,1,0,1,0,0,0,0,0,0,0,0,0,0
10438,1,0,0,0,0,0,0,1,0,0,0,0,0,0,0,0,0,0,0,0,0
10439,1,1,0,0,1,1,0,1,1,1,0,0,0,0,1,1,0,0,1,1,0
10440,1,1,0,0,0,0,1,1,1,1,0,0,0,0,1,1,0,0,0,0,1
10441,1,1,0,0,0,0,1,1,1,0,1,0,0,0,1,1,0,0,0,0,1
10442,1,1,1,0,0,0,0,1,1,0,0,0,0,1,1,1,0,0,0,0,1
10444,1,0,0,0,0,0,0,0,0,0,0,0,0,0,0,0,0,0,0,0,0
10445,1,0,0,0,0,0,0,1,0,0,0,0,0,0,0,0,0,0,0,0,0
10446,1,0,0,0,0,0,0,0,0,0,0,0,0,0,0,0,0,0,0,0,0
10447,1,0,0,0,0,0,0,0,0,0,0,0,0,0,0,0,0,0,0,0,0
10448,1,0,0,0,0,0,0,0,0,0,0,0,0,0,0,0,0,0,0,0,0
10449,1,0,0,0,0,0,0,0,0,0,0,0,0,0,0,0,0,0,0,0,0
10450,2,0,0,0,0,0,0,2,1,1,0,0,0,0,1,0,0,0,0,0,0
10451,3,1,0,0,0,0,1,3,0,0,0,0,0,0,2,1,0,0,0,0,1
10454,1,0,0,0,0,0,0,1,0,0,0,0,0,0,0,0,0,0,0,0,0
10455,1,0,0,0,0,0,0,0,0,0,0,0,0,0,0,0,0,0,0,0,0
10457,3,1,0,0,1,1,0,5,1,1,0,0,0,0,4,3,0,0,0,0,3
10459,1,0,0,0,0,0,0,0,0,0,0,0,0,0,0,0,0,0,0,0,0
10460,1,0,0,0,0,0,0,1,0,0,0,0,0,0,0,0,0,0,0,0,0
10461,2,2,0,0,0,0,2,1,1,0,0,0,0,1,2,2,1,0,0,0,1
10462,1,1,0,1,0,0,0,1,1,0,0,0,0,1,0,0,0,0,0,0,0
10463,1,1,0,1,0,0,0,1,1,0,1,0,0,0,1,1,0,1,0,0,0
10464,1,1,1,0,0,0,0,1,1,1,0,0,0,0,1,1,0,0,1,1,0
10465,1,1,0,0,0,0,1,1,1,1,0,0,0,0,1,1,0,0,0,0,1
10466,1,1,1,0,0,0,0,3,3,1,1,0,0,1,4,4,1,2,0,0,1
10467,1,1,0,0,0,0,1,1,1,0,0,0,0,1,1,1,1,0,0,0,0
10468,1,1,1,0,0,0,0,1,1,0,0,1,1,0,1,1,0,0,0,0,1
10469,1,1,0,0,1,1,0,1,1,0,1,0,0,0,1,1,1,0,0,0,0
10470,1,0,0,0,0,0,0,0,0,0,0,0,0,0,0,0,0,0,0,0,0
10471,1,1,1,0,0,0,0,1,1,0,0,0,0,1,1,1,1,0,0,0,0
10472,1,1,0,0,0,0,1,2,2,1,0,0,0,1,2,2,0,0,0,0,2
10473,1,0,0,0,0,0,0,1,1,0,0,0,0,1,1,0,0,0,0,0,0
10474,1,1,0,0,0,0,1,1,0,0,0,0,0,0,1,1,0,0,0,0,1
10475,1,0,0,0,0,0,0,1,0,0,0,0,0,0,2,1,0,0,0,0,1
10476,1,1,0,0,0,0,1,1,1,0,0,0,0,1,1,1,0,0,0,0,1
10477,1,1,0,0,0,0,1,1,1,0,0,0,0,1,0,0,0,0,0,0,0
10478,1,1,0,0,0,0,1,1,1,0,1,0,0,0,0,0,0,0,0,0,0
10479,1,1,1,0,0,0,0,2,1,0,0,1,1,0,1,1,0,0,0,0,1
10480,1,0,0,0,0,0,0,1,0,0,0,0,0,0,1,1,0,0,0,0,1
10481,1,1,0,0,1,1,0,1,1,0,1,0,0,0,1,1,1,0,0,0,0
10482,1,1,1,0,0,0,0,1,1,0,0,1,1,0,1,1,0,0,0,0,1
10483,1,1,0,0,0,0,1,1,1,0,0,0,0,1,1,1,0,0,0,0,1
10484,0,0,0,0,0,0,0,1,0,0,0,0,0,0,0,0,0,0,0,0,0
10485,1,1,0,0,0,0,1,2,2,0,0,0,0,2,2,2,1,0,0,0,1
10486,1,1,0,1,0,0,0,1,1,0,0,0,0,1,1,1,0,1,0,0,0
10487,1,1,0,0,1,1,0,1,1,0,0,0,0,1,1,1,0,0,0,0,1
10488,1,1,0,0,0,0,1,1,1,0,0,0,0,1,1,1,0,0,0,0,1
10489,1,1,0,0,0,0,1,1,0,0,0,0,0,0,0,0,0,0,0,0,0
10490,1,0,0,0,0,0,0,1,1,0,0,0,0,1,1,1,0,0,0,0,1
10491,1,1,0,0,0,0,1,1,1,0,0,0,0,1,2,2,0,0,0,0,2
10492,2,2,1,0,0,0,1,1,1,0,0,0,0,1,2,2,1,0,0,0,1
10493,1,1,0,0,0,0,1,1,1,0,0,0,0,1,1,1,0,0,0,0,1
10494,1,0,0,0,0,0,0,1,0,0,0,0,0,0,1,1,0,0,0,0,1
10495,1,0,0,0,0,0,0,1,0,0,0,0,0,0,0,0,0,0,0,0,0
10496,1,1,0,0,0,0,1,1,1,0,0,0,0,1,1,1,0,0,0,0,1
10497,1,1,0,1,0,0,0,1,1,0,0,0,0,1,1,1,0,0,0,0,1
10498,1,1,0,0,0,0,1,1,1,0,0,0,0,1,1,1,0,0,0,0,1
10499,1,1,1,0,0,0,0,1,1,0,0,0,0,1,1,1,0,0,0,0,1
10500,1,1,0,0,0,0,1,1,1,1,0,0,0,0,0,0,0,0,0,0,0
10501,1,1,0,0,0,0,1,1,1,1,0,0,0,0,1,1,0,0,0,0,1
10502,1,0,0,0,0,0,0,1,0,0,0,0,0,0,0,0,0,0,0,0,0
10503,0,0,0,0,0,0,0,1,0,0,0,0,0,0,0,0,0,0,0,0,0
10504,1,1,0,0,0,0,1,1,1,0,0,0,0,1,1,1,0,0,0,0,1
10505,1,1,0,0,1,1,0,1,1,0,0,0,0,1,2,1,0,0,0,0,1
10506,1,1,1,0,0,0,0,1,1,0,0,1,1,0,1,1,1,0,0,0,0
10507,1,1,0,1,0,0,0,1,1,0,0,0,0,1,0,0,0,0,0,0,0
10508,1,1,0,0,0,0,1,1,1,0,0,0,0,1,1,1,0,0,0,0,1
10509,1,1,0,0,0,0,1,1,1,0,0,0,0,1,1,1,0,0,0,0,1
10510,1,1,0,0,0,0,1,1,1,0,0,0,0,1,1,1,0,0,0,0,1
10511,1,0,0,0,0,0,0,1,0,0,0,0,0,0,0,0,0,0,0,0,0
10512,1,1,0,1,0,0,0,1,1,0,1,0,0,0,0,0,0,0,0,0,0
10513,1,1,0,0,0,0,1,1,1,0,0,0,0,1,0,0,0,0,0,0,0
10514,1,1,0,1,0,0,0,1,1,0,1,0,0,0,1,1,0,1,0,0,0
10515,1,1,0,0,0,0,1,1,0,0,0,0,0,0,0,0,0,0,0,0,0
10518,1,1,0,0,0,0,1,1,1,0,1,0,0,0,1,1,0,1,0,0,0
10519,1,0,0,0,0,0,0,0,0,0,0,0,0,0,0,0,0,0,0,0,0
10520,1,0,0,0,0,0,0,0,0,0,0,0,0,0,2,0,0,0,0,0,0
10521,1,0,0,0,0,0,0,2,0,0,0,0,0,0,1,0,0,0,0,0,0
10522,1,1,1,0,0,0,0,1,1,1,0,0,0,0,0,0,0,0,0,0,0
10524,1,0,0,0,0,0,0,1,0,0,0,0,0,0,0,0,0,0,0,0,0
10525,1,1,0,0,0,0,1,1,1,1,0,0,0,0,1,1,0,0,0,0,1
10526,1,0,0,0,0,0,0,1,0,0,0,0,0,0,1,0,0,0,0,0,0
10527,1,0,0,0,0,0,0,0,0,0,0,0,0,0,0,0,0,0,0,0,0
10528,3,0,0,0,0,0,0,3,1,0,0,0,0,1,4,2,0,0,0,0,2
10529,1,0,0,0,0,0,0,1,0,0,0,0,0,0,1,0,0,0,0,0,0
10530,0,0,0,0,0,0,0,1,0,0,0,0,0,0,1,0,0,0,0,0,0
10531,1,1,0,0,0,0,1,1,1,0,1,0,0,0,1,1,0,0,0,0,1
10532,2,0,0,0,0,0,0,2,0,0,0,0,0,0,2,0,0,0,0,0,0
10533,1,1,0,0,0,0,1,1,1,0,0,0,0,1,1,1,0,0,0,0,1
10535,1,0,0,0,0,0,0,1,0,0,0,0,0,0,1,0,0,0,0,0,0
10536,1,1,0,0,0,0,1,1,1,1,0,0,0,0,0,0,0,0,0,0,0
10537,1,0,0,0,0,0,0,1,0,0,0,0,0,0,0,0,0,0,0,0,0
10538,1,0,0,0,0,0,0,1,0,0,0,0,0,0,0,0,0,0,0,0,0
10539,1,1,0,0,0,0,1,1,1,0,0,0,0,1,1,1,0,0,0,0,1
10540,0,0,0,0,0,0,0,0,0,0,0,0,0,0,1,0,0,0,0,0,0
10541,1,1,0,0,0,0,1,1,1,0,1,0,0,0,1,1,0,0,0,0,1
10542,1,1,0,0,0,0,1,1,1,0,0,0,0,1,0,0,0,0,0,0,0
10543,3,2,0,0,0,0,2,3,3,0,0,0,0,3,3,2,0,0,0,0,2
10544,1,1,0,0,0,0,1,1,1,0,0,0,0,1,1,1,0,0,0,0,1
10546,1,0,0,0,0,0,0,1,0,0,0,0,0,0,0,0,0,0,0,0,0
10547,1,1,0,0,0,0,1,1,1,0,0,0,0,1,0,0,0,0,0,0,0
10548,1,1,0,0,0,0,1,1,1,0,0,0,0,1,0,0,0,0,0,0,0
10549,1,1,0,0,0,0,1,1,1,1,0,0,0,0,1,1,0,0,0,0,1
10550,1,1,0,1,0,0,0,1,1,0,0,0,0,1,0,0,0,0,0,0,0
10551,1,0,0,0,0,0,0,1,1,0,0,0,0,1,0,0,0,0,0,0,0
10552,1,1,0,0,0,0,1,1,1,0,0,0,0,1,1,1,0,0,0,0,1
10553,1,0,0,0,0,0,0,1,0,0,0,0,0,0,1,0,0,0,0,0,0
10555,0,0,0,0,0,0,0,0,0,0,0,0,0,0,1,0,0,0,0,0,0
10556,1,0,0,0,0,0,0,1,0,0,0,0,0,0,0,0,0,0,0,0,0
10557,1,1,1,0,0,0,0,1,1,1,0,0,0,0,1,1,0,0,0,0,1
10558,1,1,0,1,0,0,0,1,1,0,0,0,0,1,1,1,0,0,0,0,1
10559,1,0,0,0,0,0,0,1,0,0,0,0,0,0,0,0,0,0,0,0,0
10560,1,1,0,0,0,0,1,1,1,0,0,0,0,1,1,1,0,0,0,0,1
10561,1,1,0,0,0,0,1,1,1,0,0,0,0,1,0,0,0,0,0,0,0
10562,1,0,0,0,0,0,0,1,0,0,0,0,0,0,1,1,0,0,0,0,1
10563,1,0,0,0,0,0,0,1,0,0,0,0,0,0,0,0,0,0,0,0,0
10564,1,1,0,0,0,0,1,1,1,0,0,0,0,1,0,0,0,0,0,0,0
10565,1,1,0,0,0,0,1,1,0,0,0,0,0,0,1,0,0,0,0,0,0
10566,1,0,0,0,0,0,0,1,0,0,0,0,0,0,0,0,0,0,0,0,0
10567,1,0,0,0,0,0,0,1,0,0,0,0,0,0,1,1,0,0,0,0,1
10568,1,0,0,0,0,0,0,1,0,0,0,0,0,0,1,1,0,0,0,0,1
10569,1,1,0,0,0,0,1,1,1,0,0,0,0,1,1,1,0,0,0,0,1
10570,1,0,0,0,0,0,0,1,1,0,0,0,0,1,1,0,0,0,0,0,0
10571,1,1,0,0,0,0,1,1,0,0,0,0,0,0,0,0,0,0,0,0,0
10572,1,1,0,0,0,0,1,1,1,0,1,0,0,0,0,0,0,0,0,0,0
10573,1,0,0,0,0,0,0,1,0,0,0,0,0,0,1,0,0,0,0,0,0
10574,4,0,0,0,0,0,0,3,0,0,0,0,0,0,1,0,0,0,0,0,0
10575,1,1,0,0,0,0,1,1,0,0,0,0,0,0,1,0,0,0,0,0,0
10576,1,1,0,0,0,0,1,1,1,0,0,0,0,1,1,1,0,0,0,0,1
10577,1,1,0,0,0,0,1,1,1,0,0,0,0,1,1,1,0,0,0,0,1
10578,1,1,0,0,0,0,1,1,1,0,0,0,0,1,0,0,0,0,0,0,0
10579,1,1,0,0,0,0,1,1,1,0,1,0,0,0,1,1,0,0,0,0,1
10580,1,0,0,0,0,0,0,1,0,0,0,0,0,0,1,0,0,0,0,0,0
10581,2,0,0,0,0,0,0,2,0,0,0,0,0,0,1,0,0,0,0,0,0
10583,1,0,0,0,0,0,0,0,0,0,0,0,0,0,0,0,0,0,0,0,0
10584,1,0,0,0,0,0,0,1,0,0,0,0,0,0,1,0,0,0,0,0,0
10585,1,0,0,0,0,0,0,1,0,0,0,0,0,0,1,0,0,0,0,0,0
10586,1,0,0,0,0,0,0,2,0,0,0,0,0,0,1,1,0,0,0,0,1
10587,1,0,0,0,0,0,0,1,0,0,0,0,0,0,0,0,0,0,0,0,0
10588,1,0,0,0,0,0,0,0,0,0,0,0,0,0,0,0,0,0,0,0,0
10590,1,0,0,0,0,0,0,1,0,0,0,0,0,0,0,0,0,0,0,0,0
10591,1,1,0,0,0,0,1,1,1,0,0,0,0,1,1,1,0,0,0,0,1
10592,1,1,0,0,0,0,1,1,1,0,0,0,0,1,1,1,0,0,0,0,1
10594,1,1,1,0,0,0,0,1,1,1,0,0,0,0,1,1,1,0,0,0,0
10595,1,1,0,1,0,0,0,1,1,0,1,0,0,0,0,0,0,0,0,0,0
10596,1,1,0,0,0,0,1,1,1,0,0,0,0,1,1,1,0,0,0,0,1
10598,1,0,0,0,0,0,0,1,0,0,0,0,0,0,0,0,0,0,0,0,0
10599,1,0,0,0,0,0,0,1,0,0,0,0,0,0,1,0,0,0,0,0,0
10600,0,0,0,0,0,0,0,1,0,0,0,0,0,0,0,0,0,0,0,0,0
10601,1,0,0,0,0,0,0,1,0,0,0,0,0,0,0,0,0,0,0,0,0
10602,1,0,0,0,0,0,0,1,0,0,0,0,0,0,1,0,0,0,0,0,0
10603,1,1,0,0,0,0,1,1,1,0,0,0,0,1,1,1,0,0,0,0,1
10604,1,0,0,0,0,0,0,0,0,0,0,0,0,0,0,0,0,0,0,0,0
10605,1,1,0,0,1,1,0,1,0,0,0,0,0,0,0,0,0,0,0,0,0
10606,1,1,0,0,0,0,1,1,1,0,0,0,0,1,1,1,0,0,0,0,1
10607,1,1,0,0,0,0,1,1,1,0,0,0,0,1,2,2,0,0,0,0,2
10608,1,0,0,0,0,0,0,1,0,0,0,0,0,0,1,0,0,0,0,0,0
10609,4,4,1,0,0,0,3,4,3,0,0,0,0,3,4,4,2,1,0,0,1
10610,1,0,0,0,0,0,0,1,0,0,0,0,0,0,0,0,0,0,0,0,0
10611,1,0,0,0,0,0,0,1,0,0,0,0,0,0,1,0,0,0,0,0,0
10612,1,1,0,1,0,0,0,1,1,1,0,0,0,0,1,1,0,1,0,0,0
10613,1,0,0,0,0,0,0,0,0,0,0,0,0,0,0,0,0,0,0,0,0
10614,1,1,0,0,0,0,1,1,1,0,0,0,0,1,0,0,0,0,0,0,0
10615,1,0,0,0,0,0,0,0,0,0,0,0,0,0,0,0,0,0,0,0,0
10616,1,0,0,0,0,0,0,1,0,0,0,0,0,0,0,0,0,0,0,0,0
10617,1,1,0,0,0,0,1,1,1,0,0,0,0,1,0,0,0,0,0,0,0
10618,1,1,0,1,0,0,0,1,1,0,0,1,1,0,1,1,1,0,0,0,0
10619,1,1,0,0,0,0,1,1,1,0,0,0,0,1,1,1,0,0,0,0,1
10620,1,0,0,0,0,0,0,1,1,0,0,0,0,1,1,0,0,0,0,0,0
10621,1,0,0,0,0,0,0,1,0,0,0,0,0,0,0,0,0,0,0,0,0
10622,1,1,0,0,0,0,1,1,1,1,0,0,0,0,1,1,1,0,0,0,0
10623,1,1,0,0,0,0,1,1,1,0,1,0,0,0,1,1,1,0,0,0,0
10624,1,1,0,0,0,0,1,1,1,1,0,0,0,0,1,1,0,0,0,0,1
10625,1,1,0,0,0,0,1,1,1,0,0,0,0,1,1,1,0,1,0,0,0
10626,1,1,0,0,0,0,1,1,1,0,0,0,0,1,1,1,0,0,0,0,1
10627,2,1,0,0,1,1,0,2,2,1,0,0,0,1,2,2,0,1,1,1,0
10628,1,1,1,0,0,0,0,1,1,1,0,0,0,0,2,2,0,1,0,0,1
10629,1,1,1,0,0,0,0,1,1,1,0,0,0,0,2,2,0,0,1,1,1
10630,1,1,0,0,0,0,1,1,1,0,0,0,0,1,1,1,0,0,0,0,1
10631,1,1,1,0,0,0,0,1,1,0,0,0,0,1,1,0,0,0,0,0,0
10632,1,1,0,0,0,0,1,2,1,1,0,0,0,0,1,1,0,0,0,0,1
10633,0,0,0,0,0,0,0,1,0,0,0,0,0,0,1,0,0,0,0,0,0
10634,1,1,0,0,0,0,1,1,1,1,0,0,0,0,1,1,0,0,0,0,1
10635,1,0,0,0,0,0,0,1,0,0,0,0,0,0,1,1,0,0,0,0,1
10636,1,1,0,1,0,0,0,1,1,0,1,0,0,0,1,1,0,0,0,0,1
10637,1,1,1,0,0,0,0,1,1,1,0,0,0,0,4,4,2,0,0,0,2
10638,1,1,1,0,0,0,0,1,1,0,0,0,0,1,1,1,1,0,0,0,0
10639,1,1,0,0,0,0,1,1,1,1,0,0,0,0,1,1,0,0,0,0,1
10640,1,1,0,0,0,0,1,1,1,0,0,0,0,1,1,1,1,0,0,0,0
10641,1,0,0,0,0,0,0,1,0,0,0,0,0,0,1,1,0,0,0,0,1
10642,1,1,1,0,0,0,0,1,1,0,1,0,0,0,1,1,0,1,0,0,0
10643,1,1,1,0,0,0,0,1,1,1,0,0,0,0,1,1,1,0,0,0,0
10644,1,1,0,1,0,0,0,1,1,1,0,0,0,0,1,1,1,0,0,0,0
10645,1,0,0,0,0,0,0,1,0,0,0,0,0,0,1,0,0,0,0,0,0
10646,1,1,0,0,0,0,1,1,1,1,0,0,0,0,1,1,0,0,0,0,1
10647,1,1,0,0,0,0,1,1,1,0,0,0,0,1,1,1,0,0,0,0,1
10648,1,1,0,0,1,1,0,1,1,1,0,0,0,0,1,1,0,0,0,0,1
10649,1,1,0,1,0,0,0,1,1,1,0,0,0,0,1,1,1,0,0,0,0
10650,1,1,1,0,0,0,0,1,1,0,0,0,0,1,1,1,0,0,1,1,0
10651,1,1,0,1,0,0,0,1,1,0,0,1,1,0,3,3,0,0,0,0,3
10652,1,1,0,0,0,0,1,1,1,0,0,0,0,1,1,1,0,0,0,0,1
10653,1,1,1,0,0,0,0,2,2,0,0,0,0,2,1,1,0,0,0,0,1
10654,1,1,0,0,0,0,1,1,1,1,0,0,0,0,1,1,0,0,0,0,1
10655,1,1,0,1,0,0,0,1,1,0,1,0,0,0,1,1,0,0,0,0,1
10656,1,1,0,0,0,0,1,1,1,0,0,0,0,1,1,1,0,0,0,0,1
10657,1,1,1,0,0,0,0,1,1,0,0,0,0,1,1,1,0,1,0,0,0
10658,1,1,0,1,0,0,0,1,1,0,0,0,0,1,1,1,0,0,1,1,0
10659,1,1,1,0,0,0,0,1,1,1,0,0,0,0,2,2,0,0,0,0,2
10660,1,1,0,0,0,0,1,1,1,1,0,0,0,0,1,1,0,0,0,0,1
10661,1,1,0,0,0,0,1,1,1,0,0,1,1,0,1,1,1,0,0,0,0
10662,1,1,1,0,0,0,0,1,1,0,1,0,0,0,1,1,1,0,0,0,0
10663,1,1,0,0,0,0,1,1,1,0,0,0,0,1,1,1,0,0,0,0,1
10664,1,1,0,0,0,0,1,1,1,0,0,0,0,1,1,1,0,0,0,0,1
10665,1,1,1,0,0,0,0,1,1,1,0,0,0,0,1,1,0,0,0,0,1
10666,1,1,0,1,0,0,0,1,1,0,1,0,0,0,1,1,0,1,0,0,0
10667,1,1,0,0,0,0,1,1,1,0,0,0,0,1,1,1,0,1,0,0,0
10668,1,1,0,0,1,1,0,1,1,0,0,1,1,0,1,1,0,0,1,1,0
10669,2,1,1,0,0,0,0,3,2,2,0,0,0,0,2,2,0,1,1,1,0
10670,1,1,1,0,0,0,0,1,1,0,0,0,0,1,1,1,0,0,0,0,1
10671,1,1,0,0,1,1,0,1,1,0,1,0,0,0,1,1,0,0,0,0,1
10672,1,1,0,0,0,0,1,1,1,0,1,0,0,0,1,1,0,1,0,0,0
10673,1,1,0,0,0,0,1,1,1,0,1,0,0,0,1,1,1,0,0,0,0
10674,1,0,0,0,0,0,0,1,0,0,0,0,0,0,1,0,0,0,0,0,0
10675,1,0,0,0,0,0,0,1,0,0,0,0,0,0,0,0,0,0,0,0,0
10676,0,0,0,0,0,0,0,0,0,0,0,0,0,0,1,0,0,0,0,0,0
10677,0,0,0,0,0,0,0,1,0,0,0,0,0,0,1,0,0,0,0,0,0
10679,1,0,0,0,0,0,0,1,0,0,0,0,0,0,1,1,0,1,0,0,0
10680,1,0,0,0,0,0,0,1,0,0,0,0,0,0,0,0,0,0,0,0,0
10683,1,0,0,0,0,0,0,0,0,0,0,0,0,0,0,0,0,0,0,0,0
10684,1,0,0,0,0,0,0,1,1,0,1,0,0,0,0,0,0,0,0,0,0
10685,1,1,0,0,0,0,1,1,0,0,0,0,0,0,0,0,0,0,0,0,0
10686,1,1,0,1,0,0,0,1,1,0,0,0,0,1,1,1,0,1,0,0,0
10687,1,1,0,0,0,0,1,2,2,1,0,0,0,1,2,2,0,0,0,0,2
10688,0,0,0,0,0,0,0,1,0,0,0,0,0,0,1,1,0,0,0,0,1
10689,0,0,0,0,0,0,0,0,0,0,0,0,0,0,1,0,0,0,0,0,0
10691,1,0,0,0,0,0,0,0,0,0,0,0,0,0,1,0,0,0,0,0,0
10692,0,0,0,0,0,0,0,0,0,0,0,0,0,0,1,0,0,0,0,0,0
10693,1,1,0,1,0,0,0,2,2,0,1,0,0,1,2,2,0,1,0,0,1
10694,1,0,0,0,0,0,0,1,0,0,0,0,0,0,1,1,0,0,0,0,1
10695,1,0,0,0,0,0,0,1,0,0,0,0,0,0,1,0,0,0,0,0,0
10696,1,1,0,0,0,0,1,1,0,0,0,0,0,0,1,0,0,0,0,0,0
10697,1,1,0,0,0,0,1,1,1,0,0,0,0,1,0,0,0,0,0,0,0
10698,1,1,0,1,0,0,0,1,1,0,1,0,0,0,0,0,0,0,0,0,0
10699,1,1,0,1,0,0,0,1,1,1,0,0,0,0,1,1,0,0,0,0,1
10700,1,1,0,0,0,0,1,1,1,0,0,0,0,1,1,1,0,0,0,0,1
10701,1,0,0,0,0,0,0,1,0,0,0,0,0,0,2,1,0,0,0,0,1
10702,0,0,0,0,0,0,0,0,0,0,0,0,0,0,2,0,0,0,0,0,0
10703,0,0,0,0,0,0,0,0,0,0,0,0,0,0,1,0,0,0,0,0,0
10704,3,0,0,0,0,0,0,1,0,0,0,0,0,0,0,0,0,0,0,0,0
10706,1,1,0,0,0,0,1,1,1,0,0,0,0,1,0,0,0,0,0,0,0
10708,1,1,0,1,0,0,0,0,0,0,0,0,0,0,0,0,0,0,0,0,0
10710,1,1,0,0,0,0,1,0,0,0,0,0,0,0,0,0,0,0,0,0,0
10711,3,1,0,0,0,0,1,1,1,1,0,0,0,0,1,1,0,0,0,0,1
10712,1,1,1,0,0,0,0,2,1,1,0,0,0,0,2,2,0,0,0,0,2
10713,1,0,0,0,0,0,0,0,0,0,0,0,0,0,0,0,0,0,0,0,0
10714,1,1,0,1,0,0,0,1,1,0,0,0,0,1,0,0,0,0,0,0,0
10715,1,0,0,0,0,0,0,0,0,0,0,0,0,0,0,0,0,0,0,0,0
10716,1,0,0,0,0,0,0,1,0,0,0,0,0,0,0,0,0,0,0,0,0
10717,1,0,0,0,0,0,0,0,0,0,0,0,0,0,0,0,0,0,0,0,0
10718,1,0,0,0,0,0,0,1,0,0,0,0,0,0,0,0,0,0,0,0,0
10719,0,0,0,0,0,0,0,1,0,0,0,0,0,0,0,0,0,0,0,0,0
10721,1,0,0,0,0,0,0,1,0,0,0,0,0,0,0,0,0,0,0,0,0
10722,1,0,0,0,0,0,0,0,0,0,0,0,0,0,0,0,0,0,0,0,0
10723,1,0,0,0,0,0,0,1,0,0,0,0,0,0,0,0,0,0,0,0,0
10724,1,1,0,0,0,0,1,1,1,0,0,0,0,1,0,0,0,0,0,0,0
10725,1,0,0,0,0,0,0,0,0,0,0,0,0,0,0,0,0,0,0,0,0
10727,1,0,0,0,0,0,0,0,0,0,0,0,0,0,0,0,0,0,0,0,0
10728,1,0,0,0,0,0,0,0,0,0,0,0,0,0,0,0,0,0,0,0,0
10729,1,1,0,0,0,0,1,1,0,0,0,0,0,0,0,0,0,0,0,0,0
10731,1,0,0,0,0,0,0,0,0,0,0,0,0,0,0,0,0,0,0,0,0
10732,1,0,0,0,0,0,0,0,0,0,0,0,0,0,0,0,0,0,0,0,0
10733,1,1,0,0,0,0,1,0,0,0,0,0,0,0,0,0,0,0,0,0,0
10734,1,0,0,0,0,0,0,0,0,0,0,0,0,0,0,0,0,0,0,0,0
10735,1,0,0,0,0,0,0,0,0,0,0,0,0,0,0,0,0,0,0,0,0
10736,1,0,0,0,0,0,0,1,0,0,0,0,0,0,0,0,0,0,0,0,0
10737,1,0,0,0,0,0,0,0,0,0,0,0,0,0,0,0,0,0,0,0,0
10738,1,1,0,0,0,0,1,1,1,1,0,0,0,0,1,1,1,0,0,0,0
10739,1,1,0,0,0,0,1,1,1,0,0,0,0,1,1,1,0,0,0,0,1
10740,1,1,0,1,0,0,0,1,1,0,0,0,0,1,1,1,1,0,0,0,0
10741,1,0,0,0,0,0,0,1,0,0,0,0,0,0,1,0,0,0,0,0,0
10742,1,1,0,1,0,0,0,2,2,0,0,0,0,2,0,0,0,0,0,0,0
10743,1,0,0,0,0,0,0,1,1,0,0,0,0,1,1,0,0,0,0,0,0
10744,1,0,0,0,0,0,0,1,1,0,0,0,0,1,0,0,0,0,0,0,0
10745,1,1,0,0,0,0,1,1,1,0,0,0,0,1,1,1,0,0,0,0,1
10746,1,1,0,0,0,0,1,1,1,0,0,0,0,1,1,1,0,0,0,0,1
10747,1,1,0,1,0,0,0,1,1,0,0,0,0,1,1,1,0,0,0,0,1
10748,1,1,0,1,0,0,0,1,1,0,0,0,0,1,0,0,0,0,0,0,0
10749,1,0,0,0,0,0,0,1,0,0,0,0,0,0,1,1,0,0,0,0,1
10750,1,1,0,1,0,0,0,1,1,0,1,0,0,0,1,1,1,0,0,0,0
10751,1,1,0,0,0,0,1,1,1,0,1,0,0,0,1,1,0,0,0,0,1
10752,1,1,0,0,0,0,1,1,1,1,0,0,0,0,1,1,0,0,0,0,1
10753,1,1,1,0,0,0,0,1,1,1,0,0,0,0,1,1,0,0,0,0,1
10754,1,1,0,0,0,0,1,1,1,0,0,0,0,1,1,1,0,0,0,0,1
10755,1,1,0,0,0,0,1,1,1,0,0,0,0,1,1,1,0,0,0,0,1
10756,1,1,0,0,1,1,0,1,1,0,0,1,1,0,1,1,0,0,1,1,0
10757,1,1,0,1,0,0,0,1,1,0,1,0,0,0,1,1,1,0,0,0,0
10758,1,1,0,0,0,0,1,1,1,0,0,1,1,0,1,1,0,0,0,0,1
10759,1,1,0,0,0,0,1,1,1,0,1,0,0,0,1,1,0,0,0,0,1
10760,1,1,0,0,1,1,0,1,1,1,0,0,0,0,1,1,1,0,0,0,0
10761,1,1,1,0,0,0,0,1,1,1,0,0,0,0,1,1,1,0,0,0,0
10762,1,1,0,0,1,1,0,2,1,0,1,0,0,0,1,1,1,0,0,0,0
10763,1,1,0,0,0,0,1,1,1,0,0,0,0,1,1,1,0,0,0,0,1
10764,1,1,0,0,0,0,1,1,1,0,0,0,0,1,1,1,1,0,0,0,0
10765,1,1,0,1,0,0,0,1,1,0,0,0,0,1,1,1,0,0,0,0,1
10766,1,1,1,0,0,0,0,1,1,0,1,0,0,0,1,1,0,0,0,0,1
10767,1,1,0,0,0,0,1,1,1,0,0,0,0,1,1,1,0,0,0,0,1
10768,1,1,0,0,0,0,1,1,1,0,0,0,0,1,1,1,0,0,0,0,1
10769,1,1,0,1,0,0,0,1,1,0,0,0,0,1,1,1,0,0,0,0,1
10770,1,1,0,0,0,0,1,1,1,0,0,0,0,1,0,0,0,0,0,0,0
10771,1,1,0,1,0,0,0,1,1,0,1,0,0,0,1,1,0,1,0,0,0
10772,1,1,0,0,0,0,1,1,1,0,0,0,0,1,1,1,0,0,0,0,1
10773,1,1,0,1,0,0,0,1,1,0,1,0,0,0,1,1,0,1,0,0,0
10774,1,0,0,0,0,0,0,1,0,0,0,0,0,0,1,0,0,0,0,0,0
10775,1,1,0,0,0,0,1,1,1,0,0,1,1,0,1,1,0,1,0,0,0
10776,1,1,0,0,1,1,0,1,1,0,0,1,1,0,1,1,1,0,0,0,0
10777,1,1,0,0,0,0,1,1,1,1,0,0,0,0,1,1,0,0,0,0,1
10778,1,1,0,0,0,0,1,1,1,0,1,0,0,0,1,1,0,0,0,0,1
10779,1,0,0,0,0,0,0,1,0,0,0,0,0,0,0,0,0,0,0,0,0
10780,1,1,1,0,0,0,0,1,1,0,0,0,0,1,1,1,0,0,0,0,1
10781,1,1,0,0,0,0,1,1,1,0,0,1,1,0,1,1,1,0,0,0,0
10782,1,1,0,0,0,0,1,1,1,1,0,0,0,0,1,1,1,0,0,0,0
10783,1,1,1,0,0,0,0,1,0,0,0,0,0,0,0,0,0,0,0,0,0
10784,1,0,0,0,0,0,0,1,1,0,0,0,0,1,0,0,0,0,0,0,0
10785,1,1,0,0,0,0,1,1,1,0,0,0,0,1,1,0,0,0,0,0,0
10786,1,1,0,1,0,0,0,1,1,0,0,0,0,1,1,1,0,0,1,1,0
10787,2,2,0,0,0,0,2,2,2,1,0,0,0,1,2,2,1,0,0,0,1
10788,1,1,1,0,0,0,0,1,1,0,0,0,0,1,1,1,0,0,0,0,1
10789,1,0,0,0,0,0,0,1,0,0,0,0,0,0,0,0,0,0,0,0,0
10790,1,1,0,0,0,0,1,1,1,1,0,0,0,0,0,0,0,0,0,0,0
10791,1,1,0,0,0,0,1,1,1,0,0,0,0,1,1,1,1,0,0,0,0
10792,1,1,0,0,0,0,1,1,1,0,1,0,0,0,1,1,0,0,0,0,1
10793,1,1,0,1,0,0,0,1,1,0,1,0,0,0,1,1,0,0,0,0,1
10794,1,1,0,0,0,0,1,1,1,0,0,0,0,1,1,1,1,0,0,0,0
10795,1,1,0,0,0,0,1,1,1,1,0,0,0,0,1,1,0,0,0,0,1
10796,1,1,0,1,0,0,0,1,1,0,0,0,0,1,1,1,0,0,0,0,1
10797,1,1,0,0,0,0,1,1,1,0,0,0,0,1,1,1,1,0,0,0,0
10798,1,1,0,0,1,1,0,1,1,1,0,0,0,0,1,1,0,0,0,0,1
10799,1,1,0,1,0,0,0,1,1,0,1,0,0,0,1,1,0,1,0,0,0
10800,1,1,0,0,0,0,1,1,1,0,0,0,0,1,1,1,0,0,0,0,1
10801,1,1,0,0,0,0,1,1,1,1,0,0,0,0,1,1,1,0,0,0,0
10802,1,1,0,1,0,0,0,1,1,0,1,0,0,0,0,0,0,0,0,0,0
10803,1,1,1,0,0,0,0,1,1,0,0,0,0,1,1,1,0,0,0,0,1
10804,1,1,0,0,0,0,1,1,1,0,0,0,0,1,1,1,0,0,0,0,1
10805,1,1,0,0,0,0,1,1,1,1,0,0,0,0,1,1,0,0,0,0,1
10806,1,1,1,0,0,0,0,1,1,1,0,0,0,0,1,1,0,0,0,0,1
10807,1,1,1,0,0,0,0,1,1,0,1,0,0,0,1,1,0,0,0,0,1
10808,1,1,0,0,1,1,0,1,1,0,0,1,1,0,1,1,0,0,1,1,0
10809,1,1,0,0,0,0,1,1,1,0,1,0,0,0,1,1,0,1,0,0,0
10810,1,1,0,0,0,0,1,1,1,0,1,0,0,0,1,1,0,0,1,1,0
10811,1,1,0,0,0,0,1,1,1,0,0,0,0,1,1,1,0,0,0,0,1
10812,1,1,0,1,0,0,0,1,1,1,0,0,0,0,1,1,0,0,0,0,1
10813,1,1,0,0,0,0,1,1,1,0,0,0,0,1,0,0,0,0,0,0,0
10814,1,1,0,1,0,0,0,1,1,0,0,0,0,1,1,1,0,0,0,0,1
10815,1,1,0,0,0,0,1,1,1,0,0,0,0,1,1,1,0,0,0,0,1
10816,1,1,0,0,1,1,0,1,1,0,0,1,1,0,3,1,0,1,0,0,0
10817,1,1,0,0,0,0,1,1,1,1,0,0,0,0,1,1,0,0,0,0,1
10818,1,1,0,0,0,0,1,1,1,0,0,0,0,1,1,1,0,0,0,0,1
10819,1,1,0,1,0,0,0,1,1,0,1,0,0,0,2,1,1,0,0,0,0
10820,0,0,0,0,0,0,0,1,0,0,0,0,0,0,0,0,0,0,0,0,0
10821,1,1,0,1,0,0,0,1,1,0,1,0,0,0,1,1,0,1,0,0,0
10822,1,1,1,0,0,0,0,1,1,1,0,0,0,0,1,1,0,0,1,1,0
10823,1,1,1,0,0,0,0,1,1,1,0,0,0,0,1,1,0,0,1,1,0
10824,1,1,0,0,0,0,1,1,1,0,0,0,0,1,1,1,0,0,0,0,1
10825,1,1,0,0,0,0,1,1,1,0,0,0,0,1,1,1,0,0,1,1,0
10826,1,1,0,1,0,0,0,1,1,0,1,0,0,0,1,1,0,0,0,0,1
10827,1,1,0,0,0,0,1,1,1,0,0,0,0,1,0,0,0,0,0,0,0
10828,1,1,0,0,0,0,1,1,0,0,0,0,0,0,1,1,0,0,0,0,1
10829,1,1,0,0,1,1,0,1,1,0,0,0,0,1,1,1,1,0,0,0,0
10830,1,1,0,0,0,0,1,1,1,0,1,0,0,0,1,1,1,0,0,0,0
10831,1,1,1,0,0,0,0,1,1,1,0,0,0,0,1,1,0,0,0,0,1
10832,1,1,0,1,0,0,0,1,1,0,1,0,0,0,1,1,1,0,0,0,0
10833,1,1,1,0,0,0,0,1,1,1,0,0,0,0,1,1,1,0,0,0,0
10834,1,0,0,0,0,0,0,1,0,0,0,0,0,0,1,0,0,0,0,0,0
10835,1,0,0,0,0,0,0,1,0,0,0,0,0,0,1,1,0,0,0,0,1
10836,1,1,0,1,0,0,0,1,1,0,0,0,0,1,1,1,1,0,0,0,0
10837,1,1,0,0,0,0,1,1,1,0,0,0,0,1,1,1,0,0,0,0,1
10838,1,1,0,1,0,0,0,1,1,0,1,0,0,0,1,1,0,1,0,0,0
10839,1,1,0,1,0,0,0,2,2,1,0,0,0,1,1,1,1,0,0,0,0
10840,0,0,0,0,0,0,0,1,1,0,0,0,0,1,1,1,1,0,0,0,0
10841,1,1,0,0,0,0,1,1,1,0,0,0,0,1,1,1,0,0,0,0,1
10842,1,1,0,0,0,0,1,1,1,0,0,0,0,1,1,1,0,0,0,0,1
10843,1,1,0,1,0,0,0,1,1,0,1,0,0,0,1,1,0,0,0,0,1
10844,1,1,0,1,0,0,0,1,1,0,0,1,1,0,1,1,0,1,0,0,0
10845,1,1,1,0,0,0,0,1,1,0,1,0,0,0,1,1,0,0,0,0,1
10846,1,1,1,0,0,0,0,1,1,0,1,0,0,0,1,1,1,0,0,0,0
10847,1,1,0,0,0,0,1,1,1,0,0,0,0,1,1,1,0,0,0,0,1
10848,1,1,0,0,0,0,1,1,1,0,0,0,0,1,1,1,0,0,0,0,1
10849,1,1,1,0,0,0,0,1,1,1,0,0,0,0,1,1,0,0,0,0,1
10850,1,1,0,0,0,0,1,1,1,1,0,0,0,0,1,1,0,0,0,0,1
10851,1,1,0,0,0,0,1,1,1,0,0,0,0,1,1,1,0,0,0,0,1
10852,1,1,0,0,0,0,1,1,0,0,0,0,0,0,1,0,0,0,0,0,0
10853,1,1,0,1,0,0,0,1,1,0,1,0,0,0,1,1,0,1,0,0,0
10854,1,1,0,1,0,0,0,1,1,0,0,0,0,1,1,1,0,1,0,0,0
10855,1,1,0,0,0,0,1,1,1,0,1,0,0,0,1,1,0,1,0,0,0
10856,1,1,1,0,0,0,0,1,1,1,0,0,0,0,1,1,0,1,0,0,0
10857,1,1,0,0,1,1,0,1,1,1,0,0,0,0,1,1,0,0,1,1,0
10858,1,1,0,1,0,0,0,1,1,1,0,0,0,0,1,1,0,1,0,0,0
10859,1,1,0,0,0,0,1,1,1,0,0,0,0,1,1,1,0,1,0,0,0
10860,1,1,1,0,0,0,0,1,1,0,1,0,0,0,1,1,0,0,0,0,1
10861,1,1,0,0,0,0,1,1,1,0,0,0,0,1,1,1,0,0,0,0,1
10862,1,1,0,0,0,0,1,1,1,1,0,0,0,0,1,1,0,0,0,0,1
10863,1,1,0,0,0,0,1,1,1,0,0,0,0,1,1,1,1,0,0,0,0
10864,1,1,1,0,0,0,0,1,1,1,0,0,0,0,1,1,0,0,0,0,1
10865,1,1,0,0,0,0,1,1,1,1,0,0,0,0,1,1,0,0,0,0,1
10867,1,1,0,0,0,0,1,1,1,0,0,0,0,1,1,1,0,0,0,0,1
10868,1,1,1,0,0,0,0,1,1,1,0,0,0,0,1,1,0,0,0,0,1
10869,1,1,1,0,0,0,0,1,1,1,0,0,0,0,1,1,0,1,0,0,0
10870,1,1,0,1,0,0,0,1,1,0,1,0,0,0,1,1,1,0,0,0,0
10871,1,0,0,0,0,0,0,1,1,0,0,0,0,1,0,0,0,0,0,0,0
10872,1,1,0,0,0,0,1,1,1,1,0,0,0,0,0,0,0,0,0,0,0
10873,1,1,0,1,0,0,0,1,1,0,0,1,1,0,1,1,0,0,0,0,1
10874,1,1,0,1,0,0,0,1,1,1,0,0,0,0,1,1,0,0,0,0,1
10875,1,1,0,1,0,0,0,1,1,0,1,0,0,0,1,1,1,0,0,0,0
10876,1,1,0,0,0,0,1,1,1,0,0,1,1,0,1,1,0,0,0,0,1
10877,1,0,0,0,0,0,0,1,0,0,0,0,0,0,1,0,0,0,0,0,0
10878,2,2,1,0,0,0,1,4,3,0,0,0,0,3,4,3,0,0,1,1,2
10879,1,1,0,1,0,0,0,1,1,0,0,0,0,1,1,1,0,0,0,0,1
10880,1,0,0,0,0,0,0,1,0,0,0,0,0,0,0,0,0,0,0,0,0
10881,1,1,1,0,0,0,0,1,1,1,0,0,0,0,1,1,1,0,0,0,0
10882,1,0,0,0,0,0,0,1,1,0,0,0,0,1,0,0,0,0,0,0,0
10883,1,1,0,0,0,0,1,1,1,0,0,0,0,1,1,1,0,0,0,0,1
10884,1,0,0,0,0,0,0,1,0,0,0,0,0,0,0,0,0,0,0,0,0
10885,1,1,0,0,0,0,1,1,1,0,0,0,0,1,0,0,0,0,0,0,0
10886,1,1,0,1,0,0,0,1,1,0,1,0,0,0,1,1,0,1,0,0,0
10887,1,1,0,1,0,0,0,1,1,1,0,0,0,0,1,1,0,0,0,0,1
10888,1,0,0,0,0,0,0,1,0,0,0,0,0,0,0,0,0,0,0,0,0
10889,1,1,0,0,0,0,1,1,1,0,0,0,0,1,1,1,0,1,0,0,0
10890,1,1,0,0,0,0,1,1,1,1,0,0,0,0,1,1,0,0,0,0,1
10891,1,1,0,0,0,0,1,1,1,0,0,0,0,1,0,0,0,0,0,0,0
10892,1,1,0,0,0,0,1,1,1,0,0,0,0,1,1,1,1,0,0,0,0
10893,1,1,0,0,0,0,1,1,1,0,1,0,0,0,1,1,0,0,0,0,1
10894,1,1,0,0,0,0,1,1,1,0,0,0,0,1,1,1,0,0,0,0,1
10895,1,1,0,1,0,0,0,1,1,0,1,0,0,0,1,1,0,1,0,0,0
10896,1,1,0,0,0,0,1,1,1,1,0,0,0,0,1,1,1,0,0,0,0
10897,1,1,0,0,0,0,1,1,0,0,0,0,0,0,1,1,0,0,0,0,1
10898,1,1,1,0,0,0,0,1,1,0,0,0,0,1,1,1,0,0,1,1,0
10899,1,1,0,0,0,0,1,1,1,0,0,0,0,1,1,1,0,0,0,0,1
10900,1,1,0,0,0,0,1,1,1,0,0,0,0,1,1,1,0,0,0,0,1
10901,1,0,0,0,0,0,0,1,0,0,0,0,0,0,0,0,0,0,0,0,0
10902,1,1,0,0,0,0,1,1,1,0,0,0,0,1,2,1,0,0,0,0,1
10903,1,1,0,0,1,1,0,1,1,1,0,0,0,0,2,2,1,0,1,1,0
10904,1,1,0,0,0,0,1,1,1,0,0,0,0,1,1,1,0,0,0,0,1
10905,1,1,0,1,0,0,0,1,1,0,1,0,0,0,1,1,0,1,0,0,0
10906,1,1,1,0,0,0,0,1,1,0,0,0,0,1,1,1,0,0,0,0,1
10907,1,1,0,0,0,0,1,1,1,0,0,0,0,1,1,1,0,1,0,0,0
10908,1,1,0,0,0,0,1,1,1,0,0,0,0,1,1,1,0,1,0,0,0
10909,1,1,0,0,0,0,1,1,1,0,0,1,1,0,1,1,1,0,0,0,0
10910,1,1,1,0,0,0,0,1,1,0,0,0,0,1,1,1,1,0,0,0,0
10911,1,1,0,0,0,0,1,1,1,0,0,0,0,1,1,1,0,0,0,0,1
10912,1,1,0,0,0,0,1,1,1,1,0,0,0,0,1,1,0,1,0,0,0
10913,1,1,0,1,0,0,0,2,2,0,2,0,0,0,2,2,0,0,0,0,2
10914,1,1,1,0,0,0,0,1,1,1,0,0,0,0,1,1,0,0,0,0,1
10915,1,0,0,0,0,0,0,1,1,0,0,0,0,1,0,0,0,0,0,0,0
10916,0,0,0,0,0,0,0,1,0,0,0,0,0,0,0,0,0,0,0,0,0
10917,1,0,0,0,0,0,0,1,0,0,0,0,0,0,1,0,0,0,0,0,0
10918,1,1,0,1,0,0,0,1,1,1,0,0,0,0,1,1,0,0,0,0,1
10919,1,1,0,0,0,0,1,1,1,1,0,0,0,0,1,1,0,0,0,0,1
10920,1,1,1,0,0,0,0,1,1,0,1,0,0,0,1,1,0,0,0,0,1
10921,1,1,1,0,0,0,0,1,1,1,0,0,0,0,4,4,2,1,0,0,1
10922,1,0,0,0,0,0,0,1,0,0,0,0,0,0,1,0,0,0,0,0,0
10923,1,0,0,0,0,0,0,1,1,0,0,0,0,1,1,0,0,0,0,0,0
10924,1,1,0,1,0,0,0,1,1,0,0,0,0,1,0,0,0,0,0,0,0
10925,1,1,1,0,0,0,0,1,1,1,0,0,0,0,0,0,0,0,0,0,0
10926,1,1,1,0,0,0,0,1,1,1,0,0,0,0,1,1,1,0,0,0,0
10927,1,1,0,1,0,0,0,1,1,0,0,1,1,0,1,1,0,1,0,0,0
10928,1,1,0,0,0,0,1,1,1,0,0,0,0,1,1,1,0,0,0,0,1
10929,1,1,1,0,0,0,0,1,1,1,0,0,0,0,1,1,0,0,0,0,1
10930,1,1,0,0,0,0,1,1,1,0,0,0,0,1,1,1,0,0,0,0,1
10931,1,1,0,0,0,0,1,1,1,0,0,0,0,1,1,1,0,0,0,0,1
10932,1,1,0,1,0,0,0,1,1,0,0,0,0,1,1,1,0,1,0,0,0
10933,1,1,0,1,0,0,0,1,1,0,0,0,0,1,1,1,0,0,0,0,1
10934,1,1,0,1,0,0,0,1,1,0,1,0,0,0,1,1,1,0,0,0,0
10935,1,1,1,0,0,0,0,1,1,1,0,0,0,0,1,1,1,0,0,0,0
10936,1,1,0,0,1,1,0,2,2,0,0,1,1,1,1,1,1,0,0,0,0
10937,1,0,0,0,0,0,0,1,0,0,0,0,0,0,0,0,0,0,0,0,0
10938,1,1,0,0,0,0,1,1,0,0,0,0,0,0,0,0,0,0,0,0,0
10939,1,1,1,0,0,0,0,1,1,1,0,0,0,0,1,1,0,0,0,0,1
10940,1,1,0,0,0,0,1,1,1,0,0,0,0,1,1,1,1,0,0,0,0
10941,1,1,0,0,0,0,1,1,1,0,0,0,0,1,1,1,0,0,0,0,1
10942,1,1,1,0,0,0,0,1,1,1,0,0,0,0,1,1,0,0,0,0,1
10943,1,1,0,0,0,0,1,1,1,0,1,0,0,0,1,1,0,0,0,0,1
10944,1,1,0,1,0,0,0,1,1,1,0,0,0,0,1,1,1,0,0,0,0
10945,1,1,0,0,0,0,1,1,1,0,0,0,0,1,0,0,0,0,0,0,0
10946,2,2,0,0,0,0,2,1,1,0,0,1,1,0,1,1,0,0,0,0,1
10947,1,1,1,0,0,0,0,1,1,0,0,0,0,1,0,0,0,0,0,0,0
10948,1,1,0,0,1,1,0,1,1,1,0,0,0,0,1,1,1,0,0,0,0
10949,2,1,0,0,0,0,1,1,1,0,0,0,0,1,1,1,0,0,0,0,1
10950,0,0,0,0,0,0,0,1,0,0,0,0,0,0,0,0,0,0,0,0,0
10951,1,1,1,0,0,0,0,1,1,0,0,0,0,1,1,1,1,0,0,0,0
10952,1,1,0,0,0,0,1,1,1,0,0,0,0,1,1,1,0,0,0,0,1
10953,1,1,0,0,0,0,1,2,2,0,1,0,0,1,1,1,0,1,0,0,0
10954,1,1,1,0,0,0,0,1,1,1,0,0,0,0,1,1,1,0,0,0,0
10955,1,1,0,0,0,0,1,1,1,0,0,0,0,1,1,1,1,0,0,0,0
10956,1,1,0,0,0,0,1,1,1,0,0,0,0,1,1,1,1,0,0,0,0
10957,1,1,1,0,0,0,0,1,1,1,0,0,0,0,1,1,0,0,1,1,0
10958,1,1,0,1,0,0,0,1,1,0,1,0,0,0,1,1,0,0,0,0,1
10959,1,1,0,0,0,0,1,1,1,0,0,0,0,1,1,1,1,0,0,0,0
10960,0,0,0,0,0,0,0,1,0,0,0,0,0,0,0,0,0,0,0,0,0
10961,1,0,0,0,0,0,0,0,0,0,0,0,0,0,1,0,0,0,0,0,0
10962,2,2,0,0,0,0,2,2,2,1,0,0,0,1,2,2,1,0,0,0,1
10963,0,0,0,0,0,0,0,1,0,0,0,0,0,0,1,0,0,0,0,0,0
10964,1,1,0,0,0,0,1,1,1,0,0,0,0,1,1,1,0,0,0,0,1
10965,1,1,1,0,0,0,0,1,1,1,0,0,0,0,1,1,0,0,0,0,1
10966,1,0,0,0,0,0,0,1,0,0,0,0,0,0,0,0,0,0,0,0,0
10967,1,1,0,0,1,1,0,2,2,0,0,0,0,2,1,1,0,0,0,0,1
10968,1,0,0,0,0,0,0,1,0,0,0,0,0,0,1,0,0,0,0,0,0
10969,0,0,0,0,0,0,0,1,1,0,0,0,0,1,0,0,0,0,0,0,0
10970,1,1,0,0,0,0,1,1,1,0,1,0,0,0,1,1,0,1,0,0,0
10971,1,1,1,0,0,0,0,2,2,1,0,0,0,1,2,2,0,0,0,0,2
10972,1,1,0,1,0,0,0,1,1,0,1,0,0,0,1,1,0,0,0,0,1
10973,1,1,1,0,0,0,0,1,1,1,0,0,0,0,1,1,0,1,0,0,0
10974,1,1,0,0,0,0,1,1,1,1,0,0,0,0,1,1,0,1,0,0,0
10975,1,1,0,0,0,0,1,1,1,0,0,0,0,1,1,0,0,0,0,0,0
10976,1,0,0,0,0,0,0,1,0,0,0,0,0,0,1,0,0,0,0,0,0
10977,1,1,0,0,0,0,1,1,1,0,0,1,1,0,1,1,1,0,0,0,0
10978,1,0,0,0,0,0,0,1,0,0,0,0,0,0,1,0,0,0,0,0,0
10979,1,1,1,0,0,0,0,1,1,0,0,0,0,1,1,1,0,0,0,0,1
10980,1,1,0,1,0,0,0,1,1,1,0,0,0,0,1,1,0,1,0,0,0
10981,1,1,0,0,0,0,1,1,1,0,0,0,0,1,1,1,0,0,0,0,1
10982,1,1,1,0,0,0,0,1,1,1,0,0,0,0,2,1,0,0,0,0,1
10983,1,1,1,0,0,0,0,2,2,0,0,1,1,1,2,2,0,0,1,1,1
10984,1,1,0,0,0,0,1,1,1,0,0,0,0,1,1,1,0,0,1,1,0
10985,2,0,0,0,0,0,0,1,1,0,1,0,0,0,1,1,0,1,0,0,0
10986,0,0,0,0,0,0,0,1,1,0,0,0,0,1,1,1,0,0,0,0,1
10987,1,1,0,0,0,0,1,1,1,0,0,0,0,1,1,1,1,0,0,0,0
10988,1,1,1,0,0,0,0,1,1,1,0,0,0,0,1,1,1,0,0,0,0
10989,1,1,0,0,0,0,1,1,1,0,0,0,0,1,1,1,0,0,0,0,1
10990,1,1,0,1,0,0,0,1,1,0,1,0,0,0,1,1,0,1,0,0,0
10991,1,0,0,0,0,0,0,1,0,0,0,0,0,0,0,0,0,0,0,0,0
10992,1,0,0,0,0,0,0,1,0,0,0,0,0,0,1,0,0,0,0,0,0
10993,1,1,0,1,0,0,0,1,0,0,0,0,0,0,0,0,0,0,0,0,0
10994,1,1,0,0,0,0,1,1,1,0,1,0,0,0,1,1,0,1,0,0,0
10995,1,1,1,0,0,0,0,1,1,0,1,0,0,0,3,3,0,1,2,2,0
10996,1,1,0,0,0,0,1,1,1,1,0,0,0,0,1,1,0,0,0,0,1
10997,1,1,0,0,0,0,1,1,1,0,0,0,0,1,1,1,0,0,0,0,1
10998,1,1,0,1,0,0,0,1,1,0,1,0,0,0,1,1,0,1,0,0,0
10999,1,1,1,0,0,0,0,1,1,0,0,0,0,1,2,1,1,0,0,0,0
11000,1,1,0,1,0,0,0,1,1,0,1,0,0,0,1,1,0,0,0,0,1
11001,1,0,0,0,0,0,0,1,0,0,0,0,0,0,1,0,0,0,0,0,0
11002,1,1,1,0,0,0,0,1,0,0,0,0,0,0,2,1,0,0,0,0,1
11003,1,1,0,0,0,0,1,1,1,1,0,0,0,0,1,1,0,0,1,1,0
11004,1,1,0,0,0,0,1,1,1,0,0,0,0,1,1,1,0,0,0,0,1
11005,1,1,0,0,0,0,1,1,1,0,0,0,0,1,1,1,0,0,0,0,1
11006,1,1,1,0,0,0,0,1,1,1,0,0,0,0,1,1,0,0,0,0,1
11007,1,1,1,0,0,0,0,1,1,1,0,0,0,0,1,1,0,0,0,0,1
11008,1,1,0,1,0,0,0,1,1,0,0,0,0,1,1,1,0,0,0,0,1
11009,1,1,0,1,0,0,0,1,1,0,1,0,0,0,1,1,0,0,0,0,1
11010,1,1,0,1,0,0,0,1,1,1,0,0,0,0,1,1,0,0,0,0,1
11011,1,1,0,1,0,0,0,1,1,0,0,0,0,1,1,1,0,0,0,0,1
11012,1,1,1,0,0,0,0,1,1,1,0,0,0,0,1,1,0,0,0,0,1
11013,1,1,1,0,0,0,0,1,1,1,0,0,0,0,2,2,2,0,0,0,0
11014,1,1,0,0,0,0,1,1,1,0,0,0,0,1,1,1,0,0,0,0,1
11015,1,1,0,1,0,0,0,1,1,0,1,0,0,0,1,1,0,0,0,0,1
11016,1,1,1,0,0,0,0,1,1,1,0,0,0,0,1,1,0,0,0,0,1
11017,1,0,0,0,0,0,0,1,0,0,0,0,0,0,0,0,0,0,0,0,0
11018,1,1,0,0,0,0,1,1,1,0,1,0,0,0,1,1,0,0,0,0,1
11019,1,1,1,0,0,0,0,2,2,1,0,0,0,1,1,1,0,0,1,1,0
11020,1,1,1,0,0,0,0,1,1,1,0,0,0,0,1,1,0,0,1,1,0
11021,1,0,0,0,0,0,0,1,1,0,0,0,0,1,1,0,0,0,0,0,0
11022,1,1,0,1,0,0,0,1,1,0,1,0,0,0,1,1,0,0,0,0,1
11023,1,1,0,0,0,0,1,1,1,0,1,0,0,0,1,1,0,0,1,1,0
11024,1,1,0,0,0,0,1,1,1,0,0,0,0,1,1,1,0,0,0,0,1
11025,0,0,0,0,0,0,0,0,0,0,0,0,0,0,1,0,0,0,0,0,0
11026,1,1,0,0,0,0,1,1,1,1,0,0,0,0,1,1,0,0,0,0,1
11027,1,1,0,0,0,0,1,1,1,0,0,0,0,1,1,1,0,0,0,0,1
11028,1,0,0,0,0,0,0,1,0,0,0,0,0,0,0,0,0,0,0,0,0
11029,1,1,1,0,0,0,0,1,1,0,0,0,0,1,2,1,0,0,0,0,1
11030,1,0,0,0,0,0,0,1,1,0,0,0,0,1,1,0,0,0,0,0,0
11031,1,1,1,0,0,0,0,1,1,1,0,0,0,0,1,1,0,1,0,0,0
11032,1,1,1,0,0,0,0,1,1,1,0,0,0,0,1,1,0,0,0,0,1
11033,1,0,0,0,0,0,0,1,1,0,0,0,0,1,1,0,0,0,0,0,0
11034,1,0,0,0,0,0,0,2,0,0,0,0,0,0,1,1,0,0,0,0,1
11035,1,1,1,0,0,0,0,1,1,0,0,1,1,0,1,1,0,0,0,0,1
11036,1,1,0,0,0,0,1,1,1,1,0,0,0,0,1,1,1,0,0,0,0
11037,1,1,0,1,0,0,0,1,1,1,0,0,0,0,1,1,0,0,0,0,1
11038,1,1,0,1,0,0,0,1,1,0,0,1,1,0,1,1,1,0,0,0,0
11039,2,2,1,0,0,0,1,1,1,1,0,0,0,0,1,1,0,0,0,0,1
11040,1,1,0,0,0,0,1,1,1,0,0,0,0,1,1,1,0,0,0,0,1
11041,1,1,0,0,0,0,1,1,1,0,0,0,0,1,1,1,0,1,0,0,0
11042,1,1,0,0,0,0,1,1,1,1,0,0,0,0,1,1,0,0,0,0,1
11043,2,2,0,0,1,1,1,3,3,2,0,0,0,1,5,5,2,1,1,1,1
11044,1,1,0,0,0,0,1,1,1,1,0,0,0,0,2,2,0,0,0,0,2
11045,1,1,0,0,0,0,1,1,1,0,0,0,0,1,1,1,0,0,1,1,0
11046,0,0,0,0,0,0,0,1,0,0,0,0,0,0,1,0,0,0,0,0,0
11047,1,1,0,0,0,0,1,1,1,0,1,0,0,0,1,1,1,0,0,0,0
11048,1,1,1,0,0,0,0,1,1,0,0,0,0,1,1,1,0,0,0,0,1
11049,1,1,1,0,0,0,0,1,1,0,0,0,0,1,1,1,1,0,0,0,0
11050,1,1,0,1,0,0,0,1,1,0,1,0,0,0,1,1,0,0,0,0,1
11051,1,1,0,0,0,0,1,1,0,0,0,0,0,0,2,1,0,0,0,0,1
11052,1,1,0,0,0,0,1,1,1,1,0,0,0,0,1,1,0,0,0,0,1
11053,1,1,1,0,0,0,0,1,1,1,0,0,0,0,1,1,1,0,0,0,0
11054,1,0,0,0,0,0,0,1,1,0,0,0,0,1,1,0,0,0,0,0,0
11055,1,1,0,0,0,0,1,1,0,0,0,0,0,0,0,0,0,0,0,0,0
11056,1,0,0,0,0,0,0,1,0,0,0,0,0,0,0,0,0,0,0,0,0
11057,1,1,0,0,0,0,1,1,1,0,0,0,0,1,1,1,1,0,0,0,0
11058,1,1,0,0,0,0,1,1,1,0,0,0,0,1,1,1,1,0,0,0,0
11059,1,0,0,0,0,0,0,1,0,0,0,0,0,0,0,0,0,0,0,0,0
11060,1,1,0,1,0,0,0,1,1,0,1,0,0,0,1,1,0,1,0,0,0
11061,1,1,0,1,0,0,0,1,1,0,1,0,0,0,1,1,0,1,0,0,0
11062,1,1,0,0,0,0,1,1,1,1,0,0,0,0,1,1,0,0,0,0,1
11064,1,1,0,1,0,0,0,1,1,0,0,1,1,0,1,1,1,0,0,0,0
11065,1,1,0,1,0,0,0,2,2,1,0,0,0,1,1,1,0,0,0,0,1
11066,1,1,0,0,0,0,1,1,1,0,0,0,0,1,1,1,0,1,0,0,0
11067,1,0,0,0,0,0,0,1,0,0,0,0,0,0,0,0,0,0,0,0,0
11068,1,0,0,0,0,0,0,1,0,0,0,0,0,0,1,0,0,0,0,0,0
11069,1,1,0,0,0,0,1,1,1,1,0,0,0,0,1,1,0,0,0,0,1
11070,1,1,0,1,0,0,0,1,1,1,0,0,0,0,1,1,0,0,1,1,0
11071,1,1,0,0,0,0,1,1,1,0,0,0,0,1,1,1,1,0,0,0,0
11072,1,1,0,0,0,0,1,1,1,0,0,0,0,1,1,1,0,0,0,0,1
11073,1,1,0,0,0,0,1,1,1,0,0,0,0,1,1,1,0,0,0,0,1
11074,1,1,0,0,0,0,1,1,1,0,0,0,0,1,1,1,0,0,0,0,1
11075,1,1,0,0,0,0,1,1,1,1,0,0,0,0,1,1,1,0,0,0,0
11076,1,1,0,0,0,0,1,1,1,0,0,0,0,1,1,1,0,0,0,0,1
11077,1,0,0,0,0,0,0,1,1,0,0,0,0,1,1,1,1,0,0,0,0
11078,1,1,0,0,0,0,1,1,1,0,0,0,0,1,1,1,0,0,0,0,1
11079,1,1,0,0,0,0,1,1,1,0,1,0,0,0,1,1,0,0,0,0,1
11080,1,1,0,0,1,1,0,1,1,0,0,1,1,0,2,2,2,0,0,0,0
11081,1,1,0,0,1,1,0,1,1,0,1,0,0,0,1,1,0,1,0,0,0
11082,1,1,1,0,0,0,0,2,1,0,0,0,0,1,2,1,1,0,0,0,0
11083,1,1,0,0,0,0,1,1,1,1,0,0,0,0,1,1,0,0,0,0,1
11084,1,1,1,0,0,0,0,1,1,0,0,1,1,0,1,1,0,1,0,0,0
11085,1,1,1,0,0,0,0,1,1,1,0,0,0,0,1,1,0,0,0,0,1
11086,1,1,0,1,0,0,0,1,1,0,0,0,0,1,1,1,0,0,0,0,1
11087,1,1,0,0,0,0,1,1,1,0,0,0,0,1,1,1,0,0,0,0,1
11088,1,1,0,0,0,0,1,1,1,0,0,0,0,1,2,2,0,0,0,0,2
11089,1,1,1,0,0,0,0,1,1,1,0,0,0,0,1,1,1,0,0,0,0
11090,1,1,0,0,0,0,1,1,1,0,0,0,0,1,1,1,0,0,0,0,1
11091,1,1,0,1,0,0,0,1,1,0,0,0,0,1,1,1,1,0,0,0,0
11092,1,1,1,0,0,0,0,1,1,0,0,0,0,1,1,1,0,1,0,0,0
11093,1,0,0,0,0,0,0,1,0,0,0,0,0,0,1,0,0,0,0,0,0
11094,1,1,1,0,0,0,0,1,1,0,0,0,0,1,1,1,0,0,0,0,1
11095,0,0,0,0,0,0,0,1,0,0,0,0,0,0,1,0,0,0,0,0,0
11096,1,1,0,0,0,0,1,1,1,0,0,0,0,1,0,0,0,0,0,0,0
11097,1,1,0,0,0,0,1,1,1,0,1,0,0,0,1,1,0,0,0,0,1
11098,1,1,0,0,0,0,1,1,1,0,0,0,0,1,2,1,0,0,0,0,1
11099,1,0,0,0,0,0,0,1,1,1,0,0,0,0,1,0,0,0,0,0,0
11100,1,1,0,1,0,0,0,1,1,0,1,0,0,0,1,1,0,0,0,0,1
11101,1,1,0,0,0,0,1,1,1,0,0,0,0,1,1,1,0,1,0,0,0
11102,1,1,0,0,0,0,1,1,1,0,0,0,0,1,1,1,1,0,0,0,0
11103,1,1,1,0,0,0,0,1,1,1,0,0,0,0,1,1,0,0,0,0,1
11104,1,0,0,0,0,0,0,1,0,0,0,0,0,0,1,0,0,0,0,0,0
11105,1,1,0,0,1,1,0,1,1,1,0,0,0,0,1,1,1,0,0,0,0
11106,1,1,0,0,0,0,1,1,0,0,0,0,0,0,1,1,0,0,0,0,1
11107,1,1,1,0,0,0,0,1,1,1,0,0,0,0,1,1,0,0,0,0,1
11108,1,1,1,0,0,0,0,1,1,1,0,0,0,0,1,1,0,0,0,0,1
11109,1,1,1,0,0,0,0,1,1,1,0,0,0,0,2,1,0,0,0,0,1
11110,1,1,1,0,0,0,0,1,1,1,0,0,0,0,1,1,0,0,0,0,1
11111,2,2,1,0,0,0,1,1,1,1,0,0,0,0,1,1,0,1,0,0,0
11112,1,1,1,0,0,0,0,1,1,1,0,0,0,0,1,1,0,0,1,1,0
11113,1,1,0,0,0,0,1,1,1,0,0,0,0,1,1,1,0,0,0,0,1
11114,1,1,1,0,0,0,0,1,1,1,0,0,0,0,1,1,0,0,1,1,0
11115,1,1,0,0,0,0,1,1,1,0,0,0,0,1,1,1,0,0,0,0,1
11116,1,1,0,0,1,1,0,1,1,0,0,1,1,0,2,2,2,0,0,0,0
11117,1,1,0,0,1,1,0,1,1,0,0,0,0,1,2,2,0,0,0,0,2
11118,1,1,0,1,0,0,0,1,1,0,1,0,0,0,1,1,0,0,0,0,1
11119,1,1,1,0,0,0,0,1,1,1,0,0,0,0,1,1,1,0,0,0,0
11120,1,1,0,0,0,0,1,1,1,1,0,0,0,0,1,1,1,0,0,0,0
11121,0,0,0,0,0,0,0,0,0,0,0,0,0,0,1,0,0,0,0,0,0
11122,1,1,0,0,0,0,1,2,2,1,0,0,0,1,2,2,0,0,0,0,2
11123,1,0,0,0,0,0,0,1,0,0,0,0,0,0,0,0,0,0,0,0,0
11124,0,0,0,0,0,0,0,0,0,0,0,0,0,0,1,0,0,0,0,0,0
11125,1,0,0,0,0,0,0,1,0,0,0,0,0,0,0,0,0,0,0,0,0
11126,1,1,0,0,0,0,1,1,0,0,0,0,0,0,0,0,0,0,0,0,0
11127,1,1,0,0,0,0,1,1,1,1,0,0,0,0,1,1,0,0,0,0,1
11128,1,1,0,1,0,0,0,1,1,0,0,0,0,1,1,1,0,0,0,0,1
11129,1,1,0,1,0,0,0,1,1,1,0,0,0,0,1,1,0,1,0,0,0
11130,1,1,0,0,0,0,1,1,1,1,0,0,0,0,1,1,0,0,0,0,1
11131,1,1,0,1,0,0,0,1,1,0,1,0,0,0,1,1,0,0,1,1,0
11132,1,1,0,1,0,0,0,1,1,0,1,0,0,0,0,0,0,0,0,0,0
11133,1,1,0,1,0,0,0,1,1,0,1,0,0,0,1,1,0,0,0,0,1
11134,1,1,0,0,0,0,1,1,1,0,1,0,0,0,1,1,0,0,0,0,1
11135,1,1,1,0,0,0,0,2,1,1,0,0,0,0,1,1,0,0,0,0,1
11136,1,1,0,0,0,0,1,1,1,1,0,0,0,0,1,1,0,0,0,0,1
11137,1,1,0,0,0,0,1,1,1,0,0,0,0,1,1,1,0,0,0,0,1
11138,1,1,1,0,0,0,0,1,1,0,0,0,0,1,1,1,0,0,0,0,1
11139,1,0,0,0,0,0,0,1,0,0,0,0,0,0,1,0,0,0,0,0,0
11140,1,1,1,0,0,0,0,1,1,1,0,0,0,0,1,1,1,0,0,0,0
11141,1,1,0,0,0,0,1,1,1,1,0,0,0,0,1,1,0,0,0,0,1
11142,1,0,0,0,0,0,0,1,0,0,0,0,0,0,0,0,0,0,0,0,0
11143,1,0,0,0,0,0,0,1,0,0,0,0,0,0,0,0,0,0,0,0,0
11144,2,2,0,0,0,0,2,2,2,1,0,0,0,1,2,2,0,0,0,0,2
11145,1,1,1,0,0,0,0,1,1,0,0,0,0,1,1,1,1,0,0,0,0
11146,0,0,0,0,0,0,0,1,0,0,0,0,0,0,0,0,0,0,0,0,0
11147,1,1,0,0,0,0,1,1,1,0,0,0,0,1,1,1,0,0,0,0,1
11148,1,1,0,0,0,0,1,1,1,0,0,0,0,1,1,1,1,0,0,0,0
11149,1,1,0,1,0,0,0,1,1,0,0,0,0,1,1,1,0,0,0,0,1
11150,1,1,0,0,0,0,1,1,1,1,0,0,0,0,1,1,0,0,0,0,1
11151,1,0,0,0,0,0,0,1,0,0,0,0,0,0,0,0,0,0,0,0,0
11152,1,1,0,0,1,1,0,1,1,0,0,1,1,0,1,1,0,0,1,1,0
11153,1,1,0,0,0,0,1,1,1,1,0,0,0,0,1,1,0,0,1,1,0
11154,1,1,0,0,0,0,1,1,1,0,0,1,1,0,1,1,0,0,1,1,0
11155,1,0,0,0,0,0,0,1,0,0,0,0,0,0,0,0,0,0,0,0,0
11156,0,0,0,0,0,0,0,1,0,0,0,0,0,0,0,0,0,0,0,0,0
11157,1,0,0,0,0,0,0,1,0,0,0,0,0,0,1,0,0,0,0,0,0
11158,1,0,0,0,0,0,0,1,0,0,0,0,0,0,0,0,0,0,0,0,0
11159,1,1,0,0,0,0,1,1,1,0,0,0,0,1,1,1,0,0,0,0,1
11161,1,1,0,0,0,0,1,1,1,0,0,0,0,1,1,0,0,0,0,0,0
11162,1,1,0,1,0,0,0,1,1,0,1,0,0,0,1,1,0,0,0,0,1
11163,1,1,0,0,0,0,1,1,1,0,0,0,0,1,1,1,0,0,0,0,1
11164,1,1,1,0,0,0,0,1,1,1,0,0,0,0,1,1,0,1,0,0,0
11165,1,0,0,0,0,0,0,1,0,0,0,0,0,0,0,0,0,0,0,0,0
11166,1,1,1,0,0,0,0,1,1,1,0,0,0,0,1,1,0,0,0,0,1
11167,1,1,1,0,0,0,0,2,2,0,0,0,0,2,1,1,0,0,0,0,1
11168,1,1,0,0,1,1,0,1,1,1,0,0,0,0,1,1,0,0,0,0,1
11169,1,1,0,0,0,0,1,1,1,0,1,0,0,0,1,1,1,0,0,0,0
11170,1,1,0,0,1,1,0,1,1,0,0,1,1,0,1,1,1,0,0,0,0
11171,1,1,0,1,0,0,0,1,1,0,1,0,0,0,2,1,0,0,0,0,1
11172,1,1,0,0,0,0,1,1,1,0,1,0,0,0,1,1,0,0,0,0,1
11173,1,1,1,0,0,0,0,1,1,1,0,0,0,0,1,1,0,1,0,0,0
11174,1,1,0,0,0,0,1,1,1,0,0,0,0,1,1,1,0,0,0,0,1
11175,1,1,0,0,0,0,1,1,1,1,0,0,0,0,1,1,1,0,0,0,0
11176,1,0,0,0,0,0,0,1,1,1,0,0,0,0,1,1,0,0,0,0,1
11177,1,1,0,1,0,0,0,1,1,1,0,0,0,0,1,1,0,0,0,0,1
11178,1,1,0,0,0,0,1,1,1,0,0,0,0,1,1,1,0,0,0,0,1
11179,1,1,0,0,0,0,1,1,1,0,0,0,0,1,1,1,0,0,0,0,1
11180,1,1,1,0,0,0,0,1,1,0,0,0,0,1,1,1,0,0,0,0,1
11181,1,1,0,0,0,0,1,3,2,0,0,0,0,2,1,1,0,0,0,0,1
11182,1,1,1,0,0,0,0,1,1,1,0,0,0,0,3,2,0,0,0,0,2
11183,1,1,0,0,0,0,1,1,1,0,1,0,0,0,1,1,0,1,0,0,0
11184,1,0,0,0,0,0,0,1,0,0,0,0,0,0,0,0,0,0,0,0,0
11185,1,1,1,0,0,0,0,1,1,1,0,0,0,0,1,1,0,0,0,0,1
11186,1,1,0,0,0,0,1,1,1,0,0,0,0,1,1,1,0,0,0,0,1
11187,1,0,0,0,0,0,0,1,0,0,0,0,0,0,1,0,0,0,0,0,0
11188,1,0,0,0,0,0,0,1,0,0,0,0,0,0,1,0,0,0,0,0,0
11189,1,1,0,1,0,0,0,1,1,1,0,0,0,0,1,1,1,0,0,0,0
11190,1,0,0,0,0,0,0,1,1,0,0,0,0,1,1,1,0,0,0,0,1
11191,2,2,0,0,0,0,2,2,2,0,0,0,0,2,2,2,0,0,0,0,2
11192,1,1,1,0,0,0,0,1,1,0,1,0,0,0,1,1,0,0,1,1,0
11193,1,1,1,0,0,0,0,1,1,1,0,0,0,0,1,1,0,0,0,0,1
11194,1,1,0,1,0,0,0,1,1,0,0,0,0,1,1,1,0,1,0,0,0
11195,1,1,0,0,0,0,1,2,1,0,0,0,0,1,1,1,0,0,0,0,1
11196,1,1,0,0,0,0,1,1,1,0,0,0,0,1,1,1,0,1,0,0,0
11197,0,0,0,0,0,0,0,2,2,0,2,0,0,0,1,1,0,0,0,0,1
11198,1,1,0,0,0,0,1,1,1,0,0,0,0,1,1,1,0,0,0,0,1
11200,1,0,0,0,0,0,0,2,0,0,0,0,0,0,0,0,0,0,0,0,0
11201,1,0,0,0,0,0,0,1,0,0,0,0,0,0,0,0,0,0,0,0,0
11203,1,1,0,0,0,0,1,1,1,0,0,0,0,1,1,1,0,0,0,0,1
11204,1,1,1,0,0,0,0,1,1,0,0,0,0,1,1,1,1,0,0,0,0
11205,1,1,0,0,0,0,1,1,1,0,0,0,0,1,1,1,0,0,0,0,1
11206,1,1,0,0,0,0,1,1,1,0,1,0,0,0,1,1,0,1,0,0,0
11207,1,1,1,0,0,0,0,1,1,1,0,0,0,0,1,1,0,0,0,0,1
11208,1,0,0,0,0,0,0,1,1,0,1,0,0,0,0,0,0,0,0,0,0
11209,1,1,1,0,0,0,0,2,2,0,1,0,0,1,1,1,0,0,1,1,0
11210,1,1,0,0,0,0,1,1,1,1,0,0,0,0,1,1,1,0,0,0,0
11211,1,1,0,0,0,0,1,2,1,0,0,0,0,1,1,1,0,0,0,0,1
11212,1,1,1,0,0,0,0,1,1,0,0,0,0,1,1,1,0,0,0,0,1
11213,1,1,1,0,0,0,0,1,1,1,0,0,0,0,1,1,0,0,1,1,0
11214,1,1,0,0,0,0,1,1,1,0,0,0,0,1,1,1,0,0,0,0,1
11215,1,1,0,1,0,0,0,1,1,0,1,0,0,0,1,1,0,0,0,0,1
11216,1,1,0,1,0,0,0,1,1,0,0,0,0,1,1,1,0,0,0,0,1
11217,1,1,1,0,0,0,0,3,3,1,0,0,0,2,1,1,0,1,0,0,0
11218,1,0,0,0,0,0,0,2,0,0,0,0,0,0,0,0,0,0,0,0,0
11219,1,1,0,0,0,0,1,1,1,1,0,0,0,0,1,1,0,0,0,0,1
11220,1,0,0,0,0,0,0,2,1,0,0,0,0,1,1,1,0,0,0,0,1
11221,0,0,0,0,0,0,0,1,0,0,0,0,0,0,0,0,0,0,0,0,0
11222,1,1,0,0,0,0,1,1,1,0,1,0,0,0,1,1,0,0,0,0,1
11223,1,1,0,0,1,1,0,2,2,0,1,1,1,0,2,2,0,0,1,1,1
11224,1,1,0,1,0,0,0,1,1,0,0,1,1,0,1,1,1,0,0,0,0
11225,2,2,0,0,0,0,2,1,1,1,0,0,0,0,1,1,0,1,0,0,0
11226,1,1,0,1,0,0,0,1,1,1,0,0,0,0,1,1,0,0,0,0,1
11227,1,1,0,0,1,1,0,2,1,1,0,0,0,0,1,1,0,0,0,0,1
11228,1,1,1,0,0,0,0,1,1,0,0,1,1,0,1,1,0,0,1,1,0
11229,1,1,0,1,0,0,0,1,1,1,0,0,0,0,1,1,1,0,0,0,0
11230,1,1,1,0,0,0,0,1,1,0,0,1,1,0,1,1,0,1,0,0,0
11231,1,1,0,0,0,0,1,2,2,0,2,0,0,0,2,2,0,0,0,0,2
11232,1,1,0,0,0,0,1,1,1,0,1,0,0,0,1,1,0,0,0,0,1
11233,1,0,0,0,0,0,0,1,0,0,0,0,0,0,0,0,0,0,0,0,0
11234,0,0,0,0,0,0,0,1,0,0,0,0,0,0,0,0,0,0,0,0,0
11235,1,1,0,0,0,0,1,1,1,0,0,0,0,1,1,1,0,0,0,0,1
11236,0,0,0,0,0,0,0,0,0,0,0,0,0,0,1,0,0,0,0,0,0
11237,1,1,0,0,0,0,1,1,1,1,0,0,0,0,0,0,0,0,0,0,0
11238,1,1,1,0,0,0,0,1,1,0,0,0,0,1,1,1,1,0,0,0,0
11239,1,1,0,0,1,1,0,2,2,0,0,0,0,2,1,1,0,1,0,0,0
11240,1,1,1,0,0,0,0,1,1,1,0,0,0,0,1,1,0,1,0,0,0
11241,1,1,0,1,0,0,0,1,1,1,0,0,0,0,1,1,1,0,0,0,0
11242,1,0,0,0,0,0,0,2,0,0,0,0,0,0,0,0,0,0,0,0,0
11243,1,0,0,0,0,0,0,2,0,0,0,0,0,0,0,0,0,0,0,0,0
11244,1,0,0,0,0,0,0,1,0,0,0,0,0,0,1,0,0,0,0,0,0
11245,1,1,0,1,0,0,0,1,1,0,1,0,0,0,1,1,1,0,0,0,0
11246,1,1,0,0,0,0,1,1,1,0,0,0,0,1,1,1,0,0,0,0,1
11247,1,1,1,0,0,0,0,1,1,0,0,0,0,1,1,1,0,0,0,0,1
11248,1,1,1,0,0,0,0,1,1,1,0,0,0,0,1,1,0,0,1,1,0
11249,1,1,0,0,0,0,1,1,1,0,0,0,0,1,1,1,0,0,0,0,1
11250,1,1,0,1,0,0,0,1,1,0,1,0,0,0,1,1,0,0,0,0,1
11251,2,2,2,0,0,0,0,2,2,1,0,1,1,0,1,1,1,0,0,0,0
11252,1,1,0,1,0,0,0,1,1,0,0,0,0,1,1,1,0,0,0,0,1
11253,1,1,0,0,0,0,1,1,1,1,0,0,0,0,2,1,0,0,0,0,1
11254,1,1,0,1,0,0,0,1,1,0,0,0,0,1,1,1,0,0,0,0,1
11255,1,1,0,0,0,0,1,1,1,0,0,0,0,1,2,2,0,1,0,0,1
11256,2,1,0,0,1,1,0,1,1,0,0,1,1,0,1,1,0,1,0,0,0
11257,1,0,0,0,0,0,0,1,0,0,0,0,0,0,0,0,0,0,0,0,0
11258,1,1,1,0,0,0,0,1,1,0,1,0,0,0,1,1,1,0,0,0,0
11259,1,0,0,0,0,0,0,1,0,0,0,0,0,0,0,0,0,0,0,0,0
11260,0,0,0,0,0,0,0,1,0,0,0,0,0,0,0,0,0,0,0,0,0
11261,2,1,0,0,0,0,1,1,1,0,0,1,1,0,1,1,0,0,1,1,0
11262,1,1,0,1,0,0,0,1,1,0,0,0,0,1,1,1,0,1,0,0,0
11263,1,1,1,0,0,0,0,1,1,1,0,0,0,0,1,1,1,0,0,0,0
11264,1,1,0,1,0,0,0,1,1,0,1,0,0,0,0,0,0,0,0,0,0
11265,1,1,1,0,0,0,0,1,0,0,0,0,0,0,1,1,0,0,0,0,1
11266,1,1,0,0,0,0,1,1,1,1,0,0,0,0,1,1,0,1,0,0,0
11267,0,0,0,0,0,0,0,1,0,0,0,0,0,0,0,0,0,0,0,0,0
11268,1,1,0,0,0,0,1,1,1,1,0,0,0,0,1,1,0,0,1,1,0
11269,1,1,1,0,0,0,0,2,2,2,0,0,0,0,1,1,0,0,1,1,0
11270,1,0,0,0,0,0,0,1,0,0,0,0,0,0,1,1,0,0,0,0,1
11271,1,1,0,0,0,0,1,3,2,0,0,0,0,2,3,2,0,0,0,0,2
11272,1,1,0,0,0,0,1,1,1,0,1,0,0,0,1,1,0,0,0,0,1
11273,1,1,1,0,0,0,0,1,1,1,0,0,0,0,1,1,0,1,0,0,0
11274,1,0,0,0,0,0,0,0,0,0,0,0,0,0,0,0,0,0,0,0,0
11275,1,1,0,0,0,0,1,1,1,0,0,0,0,1,1,1,0,0,0,0,1
11276,1,1,0,0,0,0,1,1,1,0,0,0,0,1,2,2,0,1,0,0,1
11277,1,1,0,0,0,0,1,1,1,0,0,1,1,0,1,1,1,0,0,0,0
11278,1,0,0,0,0,0,0,1,0,0,0,0,0,0,0,0,0,0,0,0,0
11279,2,2,1,0,0,0,1,1,1,0,0,0,0,1,2,1,0,1,0,0,0
11280,1,0,0,0,0,0,0,0,0,0,0,0,0,0,0,0,0,0,0,0,0
11281,1,0,0,0,0,0,0,1,1,0,0,0,0,1,0,0,0,0,0,0,0
11282,1,1,0,0,0,0,1,2,1,0,0,0,0,1,1,1,0,0,0,0,1
11283,1,1,0,0,1,1,0,1,1,0,0,1,1,0,1,1,0,0,1,1,0
11284,2,0,0,0,0,0,0,1,0,0,0,0,0,0,1,1,0,0,0,0,1
11285,1,1,0,0,0,0,1,2,2,1,0,0,0,1,1,1,1,0,0,0,0
11286,1,1,0,0,0,0,1,1,1,0,0,0,0,1,1,1,0,1,0,0,0
11287,1,0,0,0,0,0,0,1,0,0,0,0,0,0,1,0,0,0,0,0,0
11288,1,1,0,0,0,0,1,1,1,0,0,0,0,1,2,2,1,0,0,0,1
11289,2,0,0,0,0,0,0,0,0,0,0,0,0,0,0,0,0,0,0,0,0
11290,1,1,1,0,0,0,0,1,1,1,0,0,0,0,1,1,0,0,1,1,0
11291,1,1,0,0,0,0,1,1,1,0,0,0,0,1,1,1,0,0,0,0,1
11292,1,1,0,0,0,0,1,1,1,0,0,0,0,1,1,1,0,0,0,0,1
11293,10,2,0,0,0,0,2,9,2,0,0,0,0,2,8,2,1,0,0,0,1
11295,1,1,0,0,0,0,1,1,1,0,0,0,0,1,1,1,0,0,0,0,1
11296,1,1,0,0,0,0,1,1,1,0,0,0,0,1,1,1,0,0,0,0,1
11297,1,1,1,0,0,0,0,1,1,1,0,0,0,0,1,1,0,0,1,1,0
11298,1,1,0,0,1,1,0,1,1,0,0,1,1,0,1,1,1,0,0,0,0
11299,1,1,1,0,0,0,0,1,1,0,0,1,1,0,1,1,1,0,0,0,0
11300,1,1,0,0,0,0,1,1,1,1,0,0,0,0,1,1,0,0,0,0,1
11301,1,0,0,0,0,0,0,1,0,0,0,0,0,0,1,0,0,0,0,0,0
11302,1,1,0,1,0,0,0,1,1,0,1,0,0,0,1,1,0,0,0,0,1
11303,1,1,1,0,0,0,0,1,1,1,0,0,0,0,1,1,1,0,0,0,0
11304,1,1,0,0,0,0,1,1,1,0,0,0,0,1,1,1,0,0,0,0,1
11305,1,0,0,0,0,0,0,1,0,0,0,0,0,0,1,0,0,0,0,0,0
11306,1,1,0,0,1,1,0,1,1,0,0,0,0,1,1,1,1,0,0,0,0
11307,1,1,0,0,0,0,1,1,1,0,0,0,0,1,1,1,0,0,0,0,1
11308,1,1,0,0,1,1,0,1,1,1,0,0,0,0,1,1,0,0,0,0,1
11309,1,1,1,0,0,0,0,1,1,1,0,0,0,0,1,1,0,1,0,0,0
11310,1,1,0,0,0,0,1,1,1,0,0,0,0,1,1,1,1,0,0,0,0
11311,2,2,0,1,0,0,1,2,2,0,1,0,0,1,1,1,0,0,1,1,0
11312,1,1,1,0,0,0,0,1,1,0,0,0,0,1,1,1,0,0,0,0,1
11313,1,1,0,0,0,0,1,1,1,0,0,0,0,1,1,1,0,1,0,0,0
11314,1,1,1,0,0,0,0,1,1,0,0,0,0,1,1,1,1,0,0,0,0
11315,1,1,1,0,0,0,0,2,2,1,0,0,0,1,1,1,0,0,0,0,1
11316,1,1,0,1,0,0,0,1,1,0,1,0,0,0,1,1,1,0,0,0,0
11317,1,0,0,0,0,0,0,1,0,0,0,0,0,0,0,0,0,0,0,0,0
11318,1,1,0,0,0,0,1,1,0,0,0,0,0,0,0,0,0,0,0,0,0
11319,1,1,0,0,0,0,1,2,2,1,0,0,0,1,1,1,0,0,0,0,1
11320,1,1,0,0,0,0,1,1,1,1,0,0,0,0,1,1,0,0,0,0,1
11321,1,1,0,0,0,0,1,1,1,0,0,1,1,0,1,1,0,0,0,0,1
11322,1,1,0,1,0,0,0,1,1,1,0,0,0,0,1,1,0,0,0,0,1
11323,1,1,0,0,0,0,1,1,0,0,0,0,0,0,1,1,0,0,0,0,1
11324,1,1,1,0,0,0,0,1,1,1,0,0,0,0,1,1,0,0,0,0,1
11325,1,1,0,0,0,0,1,2,1,0,0,0,0,1,1,1,0,0,0,0,1
11327,1,1,0,0,0,0,1,1,1,0,0,0,0,1,1,1,1,0,0,0,0
11328,1,1,0,0,0,0,1,1,1,0,0,0,0,1,1,1,1,0,0,0,0
11329,0,0,0,0,0,0,0,1,0,0,0,0,0,0,0,0,0,0,0,0,0
11330,1,0,0,0,0,0,0,1,0,0,0,0,0,0,0,0,0,0,0,0,0
11331,1,1,1,0,0,0,0,1,1,1,0,0,0,0,1,1,0,0,0,0,1
11332,0,0,0,0,0,0,0,1,1,0,1,0,0,0,1,1,1,0,0,0,0
11333,1,1,0,0,0,0,1,1,1,0,0,0,0,1,1,1,0,1,0,0,0
11334,1,1,0,0,0,0,1,1,1,0,1,0,0,0,1,1,0,0,0,0,1
11335,1,0,0,0,0,0,0,1,0,0,0,0,0,0,1,1,1,0,0,0,0
11336,1,1,0,0,0,0,1,1,1,1,0,0,0,0,0,0,0,0,0,0,0
11337,1,1,0,0,0,0,1,1,1,0,0,0,0,1,1,1,0,1,0,0,0
11338,1,1,1,0,0,0,0,2,2,1,0,0,0,1,1,1,1,0,0,0,0
11339,1,1,1,0,0,0,0,1,1,0,0,0,0,1,1,1,0,0,0,0,1
11340,0,0,0,0,0,0,0,1,0,0,0,0,0,0,0,0,0,0,0,0,0
11341,1,1,0,0,0,0,1,1,1,0,0,0,0,1,1,1,0,0,0,0,1
11342,1,0,0,0,0,0,0,1,0,0,0,0,0,0,1,0,0,0,0,0,0
11343,0,0,0,0,0,0,0,0,0,0,0,0,0,0,1,0,0,0,0,0,0
11344,1,1,1,0,0,0,0,2,1,0,0,0,0,1,1,1,0,0,0,0,1
11346,1,1,0,0,0,0,1,1,1,0,0,0,0,1,1,1,0,0,0,0,1
11347,1,0,0,0,0,0,0,1,0,0,0,0,0,0,0,0,0,0,0,0,0
11349,1,1,1,0,0,0,0,2,2,1,0,0,0,1,2,2,0,1,0,0,1
11350,1,1,0,0,0,0,1,1,1,0,0,0,0,1,1,1,1,0,0,0,0
11352,1,1,1,0,0,0,0,1,1,1,0,0,0,0,1,1,0,0,1,1,0
11353,1,1,0,0,0,0,1,1,1,0,1,0,0,0,0,0,0,0,0,0,0
11354,1,0,0,0,0,0,0,0,0,0,0,0,0,0,0,0,0,0,0,0,0
11355,1,1,0,0,0,0,1,1,1,0,0,0,0,1,1,1,0,0,0,0,1
11356,1,1,1,0,0,0,0,2,2,1,1,0,0,0,1,1,0,0,1,1,0
11357,1,1,0,1,0,0,0,1,1,1,0,0,0,0,0,0,0,0,0,0,0
11358,1,1,1,0,0,0,0,1,1,0,0,0,0,1,1,0,0,0,0,0,0
11359,1,1,0,0,0,0,1,1,1,0,0,0,0,1,1,1,0,0,0,0,1
11360,1,1,0,0,0,0,1,1,1,0,0,0,0,1,1,1,0,0,0,0,1
11361,1,1,0,0,0,0,1,1,1,1,0,0,0,0,0,0,0,0,0,0,0
11362,1,1,0,0,0,0,1,1,1,1,0,0,0,0,1,1,0,0,0,0,1
11363,1,0,0,0,0,0,0,1,0,0,0,0,0,0,0,0,0,0,0,0,0
11364,1,1,1,0,0,0,0,3,3,2,0,0,0,1,1,1,1,0,0,0,0
11365,1,1,0,0,0,0,1,1,1,1,0,0,0,0,1,1,0,0,0,0,1
11366,1,1,0,0,0,0,1,1,1,0,0,0,0,1,1,1,1,0,0,0,0
11367,1,0,0,0,0,0,0,0,0,0,0,0,0,0,0,0,0,0,0,0,0
11369,2,2,1,0,0,0,1,2,2,1,0,0,0,1,1,1,0,0,0,0,1
11370,1,1,0,1,0,0,0,1,1,0,0,0,0,1,1,1,0,0,0,0,1
11371,1,1,0,0,0,0,1,1,1,0,1,0,0,0,1,1,0,0,0,0,1
11372,1,0,0,0,0,0,0,1,0,0,0,0,0,0,0,0,0,0,0,0,0
11373,1,1,1,0,0,0,0,1,1,1,0,0,0,0,1,1,0,0,1,1,0
11374,1,1,0,1,0,0,0,1,1,0,0,0,0,1,1,1,1,0,0,0,0
11375,1,0,0,0,0,0,0,1,0,0,0,0,0,0,0,0,0,0,0,0,0
11376,1,1,0,1,0,0,0,1,1,0,1,0,0,0,1,0,0,0,0,0,0
11377,1,1,0,0,1,1,0,1,1,0,0,0,0,1,1,1,1,0,0,0,0
11378,2,2,0,0,0,0,2,1,1,0,0,1,1,0,1,1,0,0,0,0,1
11379,1,1,0,0,0,0,1,1,1,0,0,0,0,1,1,1,0,0,0,0,1
11380,1,1,0,0,0,0,1,1,1,0,0,0,0,1,1,1,0,0,0,0,1
11381,1,0,0,0,0,0,0,0,0,0,0,0,0,0,1,0,0,0,0,0,0
11382,1,1,1,0,0,0,0,1,1,1,0,0,0,0,1,1,0,0,0,0,1
11383,1,1,0,0,0,0,1,1,1,0,0,0,0,1,1,1,0,0,0,0,1
11384,1,1,1,0,0,0,0,2,2,1,0,0,0,1,0,0,0,0,0,0,0
11385,1,1,0,0,0,0,1,1,1,1,0,0,0,0,1,1,1,0,0,0,0
11386,1,1,0,0,0,0,1,1,1,0,0,0,0,1,1,1,0,0,1,1,0
11387,1,0,0,0,0,0,0,1,1,0,0,0,0,1,0,0,0,0,0,0,0
11388,1,1,0,0,0,0,1,1,1,0,0,0,0,1,1,1,0,0,0,0,1
11389,1,1,0,0,0,0,1,1,1,0,1,0,0,0,1,1,0,0,0,0,1
11390,1,1,0,0,0,0,1,1,1,0,1,0,0,0,1,1,0,0,0,0,1
11391,1,1,0,0,0,0,1,1,1,1,0,0,0,0,0,0,0,0,0,0,0
11392,1,1,0,0,0,0,1,1,1,0,0,0,0,1,1,1,0,1,0,0,0
11393,2,1,1,0,0,0,0,2,1,0,0,0,0,1,1,1,1,0,0,0,0
11394,1,1,1,0,0,0,0,1,1,0,0,1,1,0,1,1,0,0,1,1,0
11395,1,1,0,0,0,0,1,1,1,0,0,0,0,1,1,1,0,0,0,0,1
11396,0,0,0,0,0,0,0,1,1,1,0,0,0,0,1,1,0,0,0,0,1
11397,1,1,0,0,0,0,1,1,1,0,0,0,0,1,1,1,0,0,0,0,1
11398,1,1,0,1,0,0,0,1,1,0,1,0,0,0,1,1,0,0,0,0,1
11399,1,1,0,1,0,0,0,1,1,0,1,0,0,0,1,1,0,1,0,0,0
11400,1,1,1,0,0,0,0,1,1,1,0,0,0,0,1,1,0,1,0,0,0
11401,1,1,0,0,0,0,1,1,1,1,0,0,0,0,1,1,0,0,0,0,1
11402,1,1,0,0,0,0,1,1,1,0,1,0,0,0,1,1,0,0,0,0,1
11403,1,1,0,1,0,0,0,1,1,1,0,0,0,0,1,1,1,0,0,0,0
11404,1,1,0,0,0,0,1,1,1,0,0,0,0,1,1,1,0,0,0,0,1
11405,1,1,1,0,0,0,0,1,1,0,1,0,0,0,1,1,0,1,0,0,0
11406,1,1,0,0,0,0,1,1,1,0,0,0,0,1,1,1,1,0,0,0,0
11407,1,1,0,1,0,0,0,1,1,1,0,0,0,0,1,1,1,0,0,0,0
11408,1,0,0,0,0,0,0,0,0,0,0,0,0,0,0,0,0,0,0,0,0
11409,1,1,0,0,0,0,1,1,1,1,0,0,0,0,1,1,0,0,0,0,1
11411,1,1,0,1,0,0,0,1,1,0,1,0,0,0,0,0,0,0,0,0,0
11412,1,1,0,0,0,0,1,1,1,0,1,0,0,0,1,1,0,0,0,0,1
11413,1,1,0,0,1,1,0,1,1,0,0,0,0,1,1,1,1,0,0,0,0
11415,1,1,0,0,0,0,1,1,1,1,0,0,0,0,1,1,0,0,0,0,1
11416,1,1,0,0,0,0,1,1,1,0,0,0,0,1,1,1,0,0,0,0,1
11417,1,1,0,0,0,0,1,1,1,0,0,1,1,0,1,1,0,0,0,0,1
11418,1,1,0,1,0,0,0,1,1,0,0,0,0,1,1,1,0,0,0,0,1
11419,1,1,1,0,0,0,0,1,1,1,0,0,0,0,1,1,1,0,0,0,0
11420,1,1,0,0,1,1,0,1,1,0,1,0,0,0,1,1,0,1,0,0,0
11421,1,1,0,0,0,0,1,1,1,1,0,0,0,0,2,1,0,0,0,0,1
11422,1,1,1,0,0,0,0,1,1,0,0,0,0,1,1,1,0,0,0,0,1
11424,1,1,0,0,0,0,1,1,1,1,0,0,0,0,1,1,0,0,0,0,1
11425,1,1,0,0,0,0,1,1,1,0,0,0,0,1,1,1,0,1,0,0,0
11426,1,0,0,0,0,0,0,1,0,0,0,0,0,0,0,0,0,0,0,0,0
11427,0,0,0,0,0,0,0,2,1,0,0,0,0,1,0,0,0,0,0,0,0
11428,1,1,0,0,0,0,1,1,1,0,0,0,0,1,1,1,0,0,0,0,1
11429,1,1,1,0,0,0,0,1,1,0,0,0,0,1,1,1,0,0,1,1,0
11430,1,0,0,0,0,0,0,0,0,0,0,0,0,0,0,0,0,0,0,0,0
11431,1,1,1,0,0,0,0,1,1,0,0,0,0,1,1,1,0,0,0,0,1
11432,1,1,1,0,0,0,0,1,1,1,0,0,0,0,1,1,0,0,1,1,0
11433,1,1,0,0,0,0,1,2,2,0,0,0,0,2,1,1,1,0,0,0,0
11434,1,1,1,0,0,0,0,1,1,0,0,0,0,1,1,1,1,0,0,0,0
11435,1,1,0,0,0,0,1,1,1,1,0,0,0,0,0,0,0,0,0,0,0
11439,1,0,0,0,0,0,0,1,0,0,0,0,0,0,1,0,0,0,0,0,0
11440,1,1,1,0,0,0,0,1,1,1,0,0,0,0,1,1,0,0,0,0,1
11441,1,1,1,0,0,0,0,2,2,2,0,0,0,0,1,1,0,0,0,0,1
11442,1,1,0,0,0,0,1,1,0,0,0,0,0,0,0,0,0,0,0,0,0
11443,1,1,0,1,0,0,0,1,1,0,1,0,0,0,1,1,1,0,0,0,0
11444,1,1,0,0,0,0,1,1,1,0,0,0,0,1,1,1,0,0,0,0,1
11445,1,1,0,0,0,0,1,1,1,0,0,0,0,1,1,1,0,0,0,0,1
11446,1,1,0,0,0,0,1,1,1,0,0,0,0,1,1,1,0,0,0,0,1
11447,1,0,0,0,0,0,0,1,0,0,0,0,0,0,1,1,0,0,0,0,1
11448,1,1,0,1,0,0,0,1,1,0,1,0,0,0,2,2,0,1,0,0,1
11449,2,2,2,0,0,0,0,2,2,1,0,0,0,1,2,2,0,0,1,1,1
11450,1,1,0,0,0,0,1,1,1,0,0,0,0,1,1,1,0,0,0,0,1
11451,1,1,0,0,0,0,1,1,1,0,0,0,0,1,1,1,0,0,1,1,0
11452,1,1,0,0,0,0,1,2,2,0,1,0,0,1,1,1,0,0,1,1,0
11453,1,1,1,0,0,0,0,1,1,0,0,0,0,1,1,1,0,1,0,0,0
11454,1,0,0,0,0,0,0,1,0,0,0,0,0,0,0,0,0,0,0,0,0
11455,1,0,0,0,0,0,0,1,1,0,0,0,0,1,0,0,0,0,0,0,0
11456,1,1,0,1,0,0,0,1,1,1,0,0,0,0,1,1,0,0,0,0,1
11457,1,1,1,0,0,0,0,1,1,1,0,0,0,0,1,1,0,0,1,1,0
11458,1,1,0,0,0,0,1,4,4,0,0,0,0,4,4,4,0,0,0,0,4
11459,1,1,0,0,0,0,1,1,1,0,0,0,0,1,0,0,0,0,0,0,0
11460,2,2,0,0,0,0,2,3,2,0,1,0,0,1,3,1,0,0,0,0,1
11461,1,1,0,0,0,0,1,1,1,1,0,0,0,0,1,1,0,0,0,0,1
11462,1,1,0,0,0,0,1,2,2,1,0,0,0,1,1,1,0,1,0,0,0
11463,3,1,0,0,0,0,1,1,1,0,0,0,0,1,2,1,0,0,0,0,1
11464,0,0,0,0,0,0,0,1,0,0,0,0,0,0,0,0,0,0,0,0,0
11465,1,1,1,0,0,0,0,1,1,1,0,0,0,0,1,1,0,0,0,0,1
11466,1,1,0,1,0,0,0,1,1,0,0,0,0,1,1,1,0,0,0,0,1
11467,1,1,0,0,1,1,0,1,1,1,0,0,0,0,1,1,1,0,0,0,0
11468,1,1,0,0,0,0,1,1,1,0,1,0,0,0,1,1,1,0,0,0,0
11469,1,1,0,0,1,1,0,1,1,0,1,0,0,0,1,1,1,0,0,0,0
11470,1,1,1,0,0,0,0,1,1,1,0,0,0,0,2,1,0,0,0,0,1
11471,1,1,1,0,0,0,0,1,1,1,0,0,0,0,1,1,0,0,1,1,0
11472,1,0,0,0,0,0,0,1,0,0,0,0,0,0,0,0,0,0,0,0,0
11473,1,1,0,0,0,0,1,1,1,0,0,0,0,1,1,1,0,0,0,0,1
11474,1,0,0,0,0,0,0,1,0,0,0,0,0,0,1,0,0,0,0,0,0
11475,1,1,1,0,0,0,0,1,1,1,0,0,0,0,1,1,0,0,0,0,1
11476,1,0,0,0,0,0,0,1,0,0,0,0,0,0,0,0,0,0,0,0,0
11477,1,1,0,0,0,0,1,1,1,0,0,0,0,1,1,1,0,0,0,0,1
11478,1,1,0,1,0,0,0,1,1,0,0,0,0,1,0,0,0,0,0,0,0
11479,1,1,0,0,0,0,1,1,1,0,1,0,0,0,1,1,0,1,0,0,0
11480,1,1,1,0,0,0,0,1,1,1,0,0,0,0,1,1,1,0,0,0,0
11481,1,1,1,0,0,0,0,2,2,0,1,0,0,1,2,2,0,0,0,0,2
11482,1,1,0,0,0,0,1,1,1,1,0,0,0,0,1,1,0,1,0,0,0
11483,1,1,0,0,0,0,1,1,1,1,0,0,0,0,1,1,0,0,0,0,1
11484,1,1,0,0,0,0,1,1,1,1,0,0,0,0,1,1,0,0,0,0,1
11485,1,1,0,0,0,0,1,1,1,0,0,0,0,1,2,2,1,0,0,0,1
11486,1,1,0,0,0,0,1,1,1,1,0,0,0,0,1,1,0,0,0,0,1
11487,1,1,1,0,0,0,0,1,1,0,1,0,0,0,1,1,0,0,0,0,1
11488,1,1,0,0,0,0,1,1,1,0,0,0,0,1,1,1,0,0,0,0,1
11489,2,0,0,0,0,0,0,0,0,0,0,0,0,0,1,0,0,0,0,0,0
11490,1,1,1,0,0,0,0,1,1,0,0,0,0,1,1,1,0,1,0,0,0
11491,1,1,0,0,0,0,1,1,1,1,0,0,0,0,1,1,0,1,0,0,0
11492,1,0,0,0,0,0,0,1,0,0,0,0,0,0,1,0,0,0,0,0,0
11493,4,2,0,0,0,0,2,2,2,0,0,0,0,2,1,1,0,0,0,0,1
11494,3,0,0,0,0,0,0,2,0,0,0,0,0,0,1,0,0,0,0,0,0
11495,1,1,1,0,0,0,0,1,1,1,0,0,0,0,1,1,0,0,0,0,1
11496,1,1,0,0,0,0,1,1,1,0,0,0,0,1,1,1,0,0,0,0,1
11497,1,0,0,0,0,0,0,1,1,0,0,0,0,1,1,0,0,0,0,0,0
11498,1,1,0,0,0,0,1,1,1,0,0,0,0,1,1,1,1,0,0,0,0
11499,1,1,0,0,0,0,1,1,1,0,1,0,0,0,1,1,0,1,0,0,0
11500,1,1,0,0,0,0,1,1,1,0,1,0,0,0,2,2,1,0,0,0,1
11501,1,1,0,0,0,0,1,1,1,1,0,0,0,0,1,1,0,0,0,0,1
11502,1,1,1,0,0,0,0,1,1,0,0,0,0,1,1,1,0,0,0,0,1
11503,1,1,0,0,0,0,1,1,1,0,0,0,0,1,1,1,0,0,0,0,1
11504,1,1,0,1,0,0,0,1,1,0,1,0,0,0,1,1,0,0,0,0,1
11505,1,1,0,0,0,0,1,1,1,1,0,0,0,0,1,1,0,1,0,0,0
11507,1,1,0,0,0,0,1,1,1,1,0,0,0,0,2,2,0,2,0,0,0
11508,1,1,0,0,0,0,1,1,1,1,0,0,0,0,1,1,0,0,0,0,1
11509,1,1,1,0,0,0,0,1,1,1,0,0,0,0,1,1,0,0,0,0,1
11510,1,1,0,0,0,0,1,1,1,0,0,0,0,1,1,1,0,1,0,0,0
11511,1,1,0,1,0,0,0,1,1,0,0,0,0,1,1,1,0,0,1,1,0
11512,1,1,0,0,0,0,1,1,1,0,0,0,0,1,1,1,0,0,0,0,1
11513,1,1,0,0,0,0,1,1,1,0,0,0,0,1,1,1,0,0,0,0,1
11514,1,1,0,0,0,0,1,1,1,0,0,0,0,1,1,1,0,0,0,0,1
11515,1,1,0,0,0,0,1,1,1,0,0,0,0,1,1,1,0,0,0,0,1
11516,1,1,0,0,0,0,1,1,1,0,0,0,0,1,1,1,0,0,0,0,1
11517,1,1,0,0,0,0,1,1,1,1,0,0,0,0,1,1,0,0,0,0,1
11518,1,1,1,0,0,0,0,2,2,1,0,0,0,1,1,1,0,1,0,0,0
11519,1,1,0,0,0,0,1,1,1,0,0,0,0,1,1,1,1,0,0,0,0
11520,1,1,0,0,0,0,1,1,1,0,0,0,0,1,1,1,0,0,0,0,1
11521,2,2,1,0,0,0,1,3,2,0,0,0,0,2,1,1,0,0,0,0,1
11522,1,1,0,0,0,0,1,1,1,1,0,0,0,0,1,1,1,0,0,0,0
11523,1,0,0,0,0,0,0,1,0,0,0,0,0,0,0,0,0,0,0,0,0
11524,1,1,0,0,0,0,1,1,1,0,0,0,0,1,1,1,0,0,0,0,1
11525,1,1,0,0,0,0,1,1,1,0,0,0,0,1,1,1,0,0,0,0,1
11526,1,1,0,0,0,0,1,1,1,0,0,0,0,1,1,1,0,0,0,0,1
11527,1,1,0,0,0,0,1,1,1,0,0,0,0,1,1,1,0,0,0,0,1
11528,1,1,0,0,1,1,0,1,1,0,0,1,1,0,1,1,0,0,0,0,1
11529,0,0,0,0,0,0,0,1,0,0,0,0,0,0,0,0,0,0,0,0,0
11530,1,1,0,1,0,0,0,1,1,0,0,1,1,0,1,1,0,0,0,0,1
11532,1,1,0,1,0,0,0,1,1,0,0,0,0,1,0,0,0,0,0,0,0
11533,1,1,0,0,0,0,1,1,1,1,0,0,0,0,1,1,0,0,0,0,1
11534,1,1,0,0,0,0,1,1,1,0,0,0,0,1,1,1,0,0,0,0,1
11535,2,2,0,1,0,0,1,1,1,0,1,0,0,0,1,1,0,0,0,0,1
11536,1,1,0,1,0,0,0,1,1,1,0,0,0,0,1,1,0,0,1,1,0
11537,1,1,0,0,0,0,1,1,1,1,0,0,0,0,1,1,0,0,0,0,1
11538,1,1,0,0,0,0,1,1,1,0,0,0,0,1,1,1,0,0,0,0,1
11539,1,1,0,0,0,0,1,1,1,1,0,0,0,0,1,1,0,0,0,0,1
11540,1,1,0,0,0,0,1,1,1,0,0,0,0,1,1,1,1,0,0,0,0
11541,1,1,1,0,0,0,0,1,1,0,0,0,0,1,1,1,1,0,0,0,0
11542,1,1,0,0,0,0,1,1,1,0,0,0,0,1,1,1,0,1,0,0,0
11543,1,1,1,0,0,0,0,1,1,0,0,0,0,1,1,1,0,0,1,1,0
11544,2,1,0,0,0,0,1,1,1,0,0,0,0,1,1,1,0,0,0,0,1
11545,1,1,0,0,0,0,1,1,0,0,0,0,0,0,1,0,0,0,0,0,0
11546,1,1,0,0,0,0,1,1,1,1,0,0,0,0,1,1,0,1,0,0,0
11547,2,2,1,0,0,0,1,1,1,1,0,0,0,0,2,2,0,0,0,0,2
11548,2,1,0,0,0,0,1,1,1,1,0,0,0,0,1,1,0,0,0,0,1
11549,1,1,1,0,0,0,0,1,1,1,0,0,0,0,1,1,0,1,0,0,0
11550,1,0,0,0,0,0,0,1,0,0,0,0,0,0,0,0,0,0,0,0,0
11551,1,1,0,0,0,0,1,1,1,1,0,0,0,0,1,1,1,0,0,0,0
11552,1,1,1,0,0,0,0,1,1,0,0,1,1,0,1,1,1,0,0,0,0
11553,1,1,0,0,1,1,0,1,1,1,0,0,0,0,1,1,1,0,0,0,0
11554,1,1,0,0,0,0,1,1,1,1,0,0,0,0,1,1,1,0,0,0,0
11555,1,1,0,0,0,0,1,1,1,0,0,0,0,1,1,1,0,0,0,0,1
11556,1,1,0,0,0,0,1,1,1,1,0,0,0,0,1,1,0,0,0,0,1
11557,1,1,0,0,0,0,1,1,1,1,0,0,0,0,1,1,0,0,0,0,1
11558,1,1,0,0,0,0,1,1,1,0,0,1,1,0,1,1,0,1,0,0,0
11559,1,1,0,1,0,0,0,1,1,0,0,0,0,1,1,1,0,0,0,0,1
11560,1,1,1,0,0,0,0,1,1,1,0,0,0,0,1,1,0,0,1,1,0
11561,1,1,0,0,0,0,1,1,1,0,0,0,0,1,1,1,0,0,0,0,1
11562,3,3,2,0,0,0,1,1,1,1,0,0,0,0,1,1,0,0,1,1,0
11563,1,1,0,0,1,1,0,1,1,0,0,0,0,1,1,1,1,0,0,0,0
11565,1,1,1,0,0,0,0,1,1,1,0,0,0,0,1,1,0,0,0,0,1
11566,1,1,0,0,0,0,1,1,1,0,0,0,0,1,1,1,0,0,0,0,1
11567,1,1,1,0,0,0,0,1,1,0,1,0,0,0,1,1,0,1,0,0,0
11568,1,1,0,0,0,0,1,1,1,0,0,0,0,1,0,0,0,0,0,0,0
11569,1,1,0,1,0,0,0,1,1,0,0,0,0,1,1,1,1,0,0,0,0
11570,1,1,0,0,0,0,1,1,1,1,0,0,0,0,1,1,1,0,0,0,0
11571,1,1,0,0,0,0,1,1,1,0,0,1,1,0,2,1,0,0,1,1,0
11572,1,1,0,0,0,0,1,1,1,0,0,0,0,1,1,1,0,0,0,0,1
11573,1,1,1,0,0,0,0,1,1,1,0,0,0,0,2,2,0,0,0,0,2
11574,1,1,0,1,0,0,0,1,1,0,0,0,0,1,1,1,0,1,0,0,0
11575,1,1,0,0,0,0,1,1,1,0,0,0,0,1,0,0,0,0,0,0,0
11576,1,0,0,0,0,0,0,1,0,0,0,0,0,0,1,0,0,0,0,0,0
11577,1,1,0,0,0,0,1,1,1,0,0,0,0,1,1,1,0,0,0,0,1
11578,1,1,1,0,0,0,0,1,1,0,1,0,0,0,1,1,0,1,0,0,0
11579,1,1,0,0,1,1,0,1,1,0,1,0,0,0,1,1,0,0,0,0,1
11580,1,1,0,0,0,0,1,1,1,1,0,0,0,0,1,1,1,0,0,0,0
11581,1,1,0,0,1,1,0,1,1,1,0,0,0,0,1,1,0,0,0,0,1
11582,1,1,0,0,0,0,1,1,1,0,0,0,0,1,0,0,0,0,0,0,0
11583,1,1,0,0,0,0,1,1,1,0,0,0,0,1,1,0,0,0,0,0,0
11584,1,1,0,1,0,0,0,1,1,0,0,0,0,1,1,1,0,0,0,0,1
11585,1,1,0,0,0,0,1,1,1,0,1,0,0,0,1,1,0,0,0,0,1
11586,1,1,0,0,0,0,1,1,1,0,0,0,0,1,1,1,0,0,0,0,1
11587,1,1,0,0,0,0,1,1,1,0,0,0,0,1,1,1,0,0,0,0,1
11588,1,1,0,0,0,0,1,1,1,1,0,0,0,0,1,0,0,0,0,0,0
11589,1,1,1,0,0,0,0,1,1,1,0,0,0,0,1,1,0,0,0,0,1
11590,2,2,1,0,0,0,1,2,1,1,0,0,0,0,1,1,1,0,0,0,0
11591,1,1,0,0,0,0,1,1,1,1,0,0,0,0,1,1,0,0,0,0,1
11592,2,1,0,0,0,0,1,2,0,0,0,0,0,0,0,0,0,0,0,0,0
11593,1,0,0,0,0,0,0,1,0,0,0,0,0,0,1,0,0,0,0,0,0
11594,1,1,0,0,0,0,1,1,1,1,0,0,0,0,1,1,1,0,0,0,0
11595,1,1,0,0,0,0,1,1,1,1,0,0,0,0,1,1,0,0,0,0,1
11596,1,0,0,0,0,0,0,1,0,0,0,0,0,0,1,1,0,0,0,0,1
11597,1,1,0,0,0,0,1,1,1,0,0,0,0,1,1,1,0,0,0,0,1
11598,1,1,0,0,0,0,1,1,1,0,0,0,0,1,1,1,1,0,0,0,0
11599,1,1,0,0,0,0,1,1,1,0,0,0,0,1,1,1,0,0,0,0,1
11600,1,1,1,0,0,0,0,1,1,0,0,1,1,0,1,1,0,0,0,0,1
11601,1,1,0,0,0,0,1,1,1,1,0,0,0,0,1,1,0,0,0,0,1
11602,1,0,0,0,0,0,0,1,1,0,0,0,0,1,1,0,0,0,0,0,0
11603,1,1,0,0,0,0,1,1,1,0,0,0,0,1,1,1,0,0,0,0,1
11604,1,1,0,0,0,0,1,1,1,0,0,0,0,1,1,1,0,1,0,0,0
11605,1,1,0,0,0,0,1,2,2,2,0,0,0,0,1,1,1,0,0,0,0
11606,1,1,1,0,0,0,0,1,1,0,0,0,0,1,1,1,0,0,0,0,1
11607,1,1,0,0,0,0,1,1,1,0,0,0,0,1,0,0,0,0,0,0,0
11608,1,1,0,0,1,1,0,1,1,0,0,0,0,1,1,1,0,0,0,0,1
11609,1,0,0,0,0,0,0,1,0,0,0,0,0,0,1,0,0,0,0,0,0
11610,1,1,0,1,0,0,0,1,1,0,1,0,0,0,1,1,0,0,0,0,1
11611,1,1,1,0,0,0,0,1,1,1,0,0,0,0,1,1,1,0,0,0,0
11612,1,1,1,0,0,0,0,1,1,0,0,0,0,1,0,0,0,0,0,0,0
11613,2,1,0,0,0,0,1,1,1,0,0,0,0,1,1,1,1,0,0,0,0
11614,1,1,0,0,0,0,1,1,1,0,0,0,0,1,0,0,0,0,0,0,0
11615,1,1,0,0,0,0,1,1,1,1,0,0,0,0,0,0,0,0,0,0,0
11616,1,1,1,0,0,0,0,1,1,1,0,0,0,0,1,1,0,0,0,0,1
11617,1,1,1,0,0,0,0,1,1,1,0,0,0,0,3,3,1,0,0,0,2
11618,1,1,0,0,0,0,1,1,1,0,0,0,0,1,1,1,0,0,0,0,1
11619,1,1,0,0,0,0,1,1,1,0,0,0,0,1,1,0,0,0,0,0,0
11620,1,1,0,0,0,0,1,2,2,0,0,0,0,2,2,2,0,0,0,0,2
11621,1,1,0,0,0,0,1,1,1,1,0,0,0,0,1,1,0,1,0,0,0
11622,1,1,0,0,0,0,1,1,1,0,0,0,0,1,1,1,0,0,0,0,1
11623,1,1,0,0,0,0,1,1,1,0,0,0,0,1,2,1,0,0,0,0,1
11624,0,0,0,0,0,0,0,1,0,0,0,0,0,0,0,0,0,0,0,0,0
11625,1,1,0,0,0,0,1,1,1,0,0,0,0,1,2,2,0,0,0,0,2
11626,1,1,0,0,0,0,1,1,1,0,0,0,0,1,1,1,0,1,0,0,0
11627,1,1,1,0,0,0,0,1,1,0,0,0,0,1,1,1,0,0,0,0,1
11628,1,1,0,1,0,0,0,1,1,0,1,0,0,0,1,1,0,1,0,0,0
11629,1,1,1,0,0,0,0,1,1,1,0,0,0,0,1,1,0,0,1,1,0
11630,1,1,0,1,0,0,0,1,1,0,0,0,0,1,1,1,0,0,0,0,1
11631,1,0,0,0,0,0,0,1,0,0,0,0,0,0,1,0,0,0,0,0,0
11632,0,0,0,0,0,0,0,1,0,0,0,0,0,0,1,0,0,0,0,0,0
11633,1,1,0,0,0,0,1,1,1,0,0,1,1,0,1,1,0,1,0,0,0
11634,1,1,1,0,0,0,0,1,1,0,0,0,0,1,1,1,1,0,0,0,0
11635,1,0,0,0,0,0,0,1,0,0,0,0,0,0,0,0,0,0,0,0,0
11636,1,0,0,0,0,0,0,2,0,0,0,0,0,0,2,0,0,0,0,0,0
11637,1,1,0,0,0,0,1,1,1,1,0,0,0,0,1,1,0,0,0,0,1
11638,1,1,0,1,0,0,0,1,1,0,1,0,0,0,1,1,0,0,0,0,1
11639,1,1,1,0,0,0,0,1,1,1,0,0,0,0,1,1,0,0,0,0,1
11640,1,1,0,0,0,0,1,1,1,0,1,0,0,0,1,1,0,0,0,0,1
11641,1,1,0,0,0,0,1,1,1,0,0,0,0,1,1,1,0,0,0,0,1
11642,1,1,0,0,0,0,1,1,1,0,0,0,0,1,0,0,0,0,0,0,0
11643,0,0,0,0,0,0,0,1,0,0,0,0,0,0,0,0,0,0,0,0,0
11644,1,0,0,0,0,0,0,1,0,0,0,0,0,0,0,0,0,0,0,0,0
11645,2,0,0,0,0,0,0,1,0,0,0,0,0,0,0,0,0,0,0,0,0
11646,1,1,0,0,0,0,1,1,1,0,0,0,0,1,1,1,1,0,0,0,0
11647,1,1,0,0,0,0,1,1,1,0,0,0,0,1,0,0,0,0,0,0,0
11648,1,1,0,0,0,0,1,1,1,0,0,0,0,1,1,1,0,0,0,0,1
11649,1,1,0,0,0,0,1,1,1,1,0,0,0,0,1,1,0,0,0,0,1
11650,1,1,0,0,0,0,1,1,1,1,0,0,0,0,1,1,0,0,0,0,1
11651,1,0,0,0,0,0,0,1,1,0,0,0,0,1,0,0,0,0,0,0,0
11652,1,0,0,0,0,0,0,1,0,0,0,0,0,0,0,0,0,0,0,0,0
11653,1,0,0,0,0,0,0,1,0,0,0,0,0,0,1,1,0,0,0,0,1
11654,1,1,0,0,0,0,1,1,1,0,0,0,0,1,1,1,0,0,0,0,1
11655,1,1,0,1,0,0,0,1,1,0,0,1,1,0,1,1,1,0,0,0,0
11656,1,1,0,1,0,0,0,1,1,0,1,0,0,0,0,0,0,0,0,0,0
11657,1,1,0,0,0,0,1,1,1,0,0,0,0,1,1,1,0,1,0,0,0
11658,2,2,1,0,0,0,1,3,2,0,0,0,0,2,1,1,0,0,0,0,1
11659,1,1,1,0,0,0,0,1,1,0,1,0,0,0,1,1,1,0,0,0,0
11660,1,1,0,0,0,0,1,1,1,1,0,0,0,0,1,1,0,1,0,0,0
11661,1,1,0,0,0,0,1,1,1,0,0,0,0,1,0,0,0,0,0,0,0
11662,1,1,0,1,0,0,0,1,1,0,1,0,0,0,2,2,0,1,0,0,1
11663,1,0,0,0,0,0,0,1,0,0,0,0,0,0,0,0,0,0,0,0,0
11664,1,0,0,0,0,0,0,1,0,0,0,0,0,0,0,0,0,0,0,0,0
11665,0,0,0,0,0,0,0,1,0,0,0,0,0,0,0,0,0,0,0,0,0
11666,1,1,0,0,0,0,1,1,1,0,1,0,0,0,1,1,0,0,0,0,1
11667,1,1,1,0,0,0,0,1,1,1,0,0,0,0,1,1,0,0,0,0,1
11668,1,1,1,0,0,0,0,1,1,1,0,0,0,0,1,1,0,0,0,0,1
11669,1,1,0,0,0,0,1,1,1,0,0,0,0,1,1,1,0,0,0,0,1
11670,1,0,0,0,0,0,0,1,0,0,0,0,0,0,0,0,0,0,0,0,0
11671,1,1,0,0,0,0,1,1,1,0,0,0,0,1,1,1,0,0,0,0,1
11672,1,1,0,0,0,0,1,1,1,1,0,0,0,0,1,1,0,0,0,0,1
11673,1,1,0,0,0,0,1,1,1,0,0,0,0,1,1,1,0,0,0,0,1
11674,1,1,0,1,0,0,0,1,1,0,1,0,0,0,1,1,1,0,0,0,0
11675,1,1,0,0,0,0,1,1,1,0,0,0,0,1,0,0,0,0,0,0,0
11676,1,1,0,0,0,0,1,1,1,0,0,0,0,1,1,1,0,0,0,0,1
11677,1,1,0,0,0,0,1,1,1,0,0,0,0,1,1,1,0,0,0,0,1
11678,1,0,0,0,0,0,0,0,0,0,0,0,0,0,0,0,0,0,0,0,0
11679,1,1,0,1,0,0,0,1,1,0,0,0,0,1,1,1,0,0,0,0,1
11680,1,1,0,0,0,0,1,1,1,0,0,0,0,1,1,0,0,0,0,0,0
11681,1,1,0,0,0,0,1,1,1,0,0,0,0,1,1,1,0,1,0,0,0
11682,1,1,1,0,0,0,0,1,1,1,0,0,0,0,1,1,0,0,0,0,1
11683,1,0,0,0,0,0,0,1,0,0,0,0,0,0,0,0,0,0,0,0,0
11684,1,1,0,0,0,0,1,1,1,0,1,0,0,0,1,1,0,0,1,1,0
11685,0,0,0,0,0,0,0,1,0,0,0,0,0,0,0,0,0,0,0,0,0
11686,1,1,1,0,0,0,0,1,1,1,0,0,0,0,2,1,0,1,0,0,0
11687,1,1,0,0,0,0,1,2,1,1,0,0,0,0,1,1,0,0,0,0,1
11688,1,1,0,1,0,0,0,1,1,0,1,0,0,0,1,1,0,1,0,0,0
11689,1,1,0,0,0,0,1,1,1,1,0,0,0,0,1,1,0,0,0,0,1
11690,1,1,0,0,1,1,0,1,1,0,0,1,1,0,2,2,1,0,0,0,1
11691,1,1,0,0,0,0,1,1,1,1,0,0,0,0,2,2,0,0,0,0,2
11692,1,1,0,0,0,0,1,1,1,0,0,0,0,1,1,1,0,1,0,0,0
11693,0,0,0,0,0,0,0,1,0,0,0,0,0,0,0,0,0,0,0,0,0
11694,1,0,0,0,0,0,0,1,0,0,0,0,0,0,0,0,0,0,0,0,0
11695,1,1,0,1,0,0,0,1,1,0,1,0,0,0,1,1,0,0,0,0,1
11696,1,1,0,0,0,0,1,1,1,1,0,0,0,0,0,0,0,0,0,0,0
11697,1,1,0,1,0,0,0,1,1,0,0,0,0,1,1,1,1,0,0,0,0
11698,1,1,0,0,0,0,1,1,1,1,0,0,0,0,1,1,0,1,0,0,0
11699,1,1,0,0,0,0,1,1,1,1,0,0,0,0,1,1,0,1,0,0,0
11700,1,1,1,0,0,0,0,1,1,1,0,0,0,0,1,1,1,0,0,0,0
11702,1,1,0,1,0,0,0,1,1,0,1,0,0,0,1,1,0,0,1,1,0
11703,1,1,0,1,0,0,0,1,1,0,1,0,0,0,1,1,0,0,0,0,1
11704,0,0,0,0,0,0,0,1,0,0,0,0,0,0,0,0,0,0,0,0,0
11705,1,1,0,0,0,0,1,1,1,1,0,0,0,0,1,1,0,0,0,0,1
11706,2,2,0,0,0,0,2,2,2,0,0,0,0,2,0,0,0,0,0,0,0
11707,1,1,0,0,0,0,1,1,1,1,0,0,0,0,1,1,0,0,0,0,1
11708,1,1,0,0,0,0,1,1,1,0,0,0,0,1,1,1,0,0,0,0,1
11709,1,1,0,0,0,0,1,1,1,0,0,0,0,1,1,1,1,0,0,0,0
11710,1,1,0,0,1,1,0,1,1,0,0,0,0,1,1,1,0,0,0,0,1
11711,1,1,1,0,0,0,0,1,1,0,0,0,0,1,1,1,0,0,0,0,1
11712,0,0,0,0,0,0,0,1,1,0,1,0,0,0,0,0,0,0,0,0,0
11713,1,1,0,0,0,0,1,1,1,0,1,0,0,0,2,2,1,0,0,0,1
11714,0,0,0,0,0,0,0,0,0,0,0,0,0,0,1,0,0,0,0,0,0
11716,1,1,0,1,0,0,0,1,1,0,0,0,0,1,2,2,2,0,0,0,0
11717,0,0,0,0,0,0,0,1,0,0,0,0,0,0,0,0,0,0,0,0,0
11718,1,0,0,0,0,0,0,1,0,0,0,0,0,0,1,0,0,0,0,0,0
11719,1,1,0,0,0,0,1,1,1,0,1,0,0,0,1,1,0,0,0,0,1
11720,1,1,0,0,0,0,1,1,1,0,0,0,0,1,1,1,0,0,0,0,1
11721,1,1,0,0,0,0,1,1,1,0,1,0,0,0,1,1,0,0,0,0,1
11722,1,1,1,0,0,0,0,1,1,1,0,0,0,0,1,1,1,0,0,0,0
11723,1,1,0,1,0,0,0,1,1,0,0,0,0,1,1,1,0,0,0,0,1
11724,1,1,1,0,0,0,0,1,1,0,0,1,1,0,1,1,0,0,1,1,0
11725,1,1,0,1,0,0,0,2,2,0,0,1,1,1,1,1,1,0,0,0,0
11726,1,1,0,0,0,0,1,1,1,1,0,0,0,0,2,2,0,0,0,0,2
11727,1,1,0,0,0,0,1,1,1,0,0,0,0,1,1,1,0,0,0,0,1
11728,1,1,0,0,0,0,1,1,1,0,1,0,0,0,1,1,0,0,0,0,1
11729,1,1,0,0,0,0,1,1,1,0,0,0,0,1,1,1,0,0,0,0,1
11730,1,1,0,1,0,0,0,1,1,0,0,0,0,1,1,1,0,0,0,0,1
11731,1,1,1,0,0,0,0,1,1,1,0,0,0,0,1,1,0,0,0,0,1
11732,0,0,0,0,0,0,0,1,0,0,0,0,0,0,0,0,0,0,0,0,0
11733,1,1,0,1,0,0,0,1,1,1,0,0,0,0,1,1,1,0,0,0,0
11734,1,1,0,0,0,0,1,1,1,0,1,0,0,0,2,2,1,0,0,0,1
11735,2,2,0,0,0,0,2,2,2,0,0,0,0,2,2,1,0,0,0,0,1
11736,1,1,0,0,0,0,1,1,1,0,0,1,1,0,1,1,0,0,0,0,1
11737,1,1,0,0,0,0,1,1,1,1,0,0,0,0,1,1,0,0,0,0,1
11738,1,1,0,0,0,0,1,1,1,0,0,0,0,1,0,0,0,0,0,0,0
11739,1,1,1,0,0,0,0,1,1,0,0,0,0,1,1,1,0,0,0,0,1
11740,1,1,0,0,0,0,1,1,0,0,0,0,0,0,0,0,0,0,0,0,0
11741,1,1,0,1,0,0,0,1,1,0,1,0,0,0,1,1,0,1,0,0,0
11742,0,0,0,0,0,0,0,1,0,0,0,0,0,0,0,0,0,0,0,0,0
11743,1,1,0,1,0,0,0,1,1,0,0,0,0,1,1,1,0,0,0,0,1
11744,1,1,0,0,0,0,1,1,1,0,0,0,0,1,1,1,0,0,0,0,1
11745,1,0,0,0,0,0,0,1,0,0,0,0,0,0,0,0,0,0,0,0,0
11746,1,0,0,0,0,0,0,1,0,0,0,0,0,0,0,0,0,0,0,0,0
11747,1,0,0,0,0,0,0,1,0,0,0,0,0,0,1,1,0,0,0,0,1
11748,1,1,1,0,0,0,0,1,1,0,0,0,0,1,1,1,0,1,0,0,0
11749,1,1,0,0,0,0,1,1,1,1,0,0,0,0,1,1,0,0,1,1,0
11750,1,1,0,0,0,0,1,1,1,0,0,0,0,1,2,1,0,0,0,0,1
11751,1,1,0,0,0,0,1,1,1,0,0,0,0,1,1,1,0,0,0,0,1
11752,1,0,0,0,0,0,0,1,0,0,0,0,0,0,0,0,0,0,0,0,0
11753,1,1,0,0,0,0,1,2,1,1,0,0,0,0,1,1,0,0,0,0,1
11754,1,1,0,0,0,0,1,1,1,1,0,0,0,0,1,1,1,0,0,0,0
11755,1,1,0,1,0,0,0,1,1,0,1,0,0,0,1,1,0,0,0,0,1
11756,1,1,1,0,0,0,0,1,1,0,0,0,0,1,1,1,0,1,0,0,0
11757,1,0,0,0,0,0,0,1,0,0,0,0,0,0,0,0,0,0,0,0,0
11758,1,1,0,0,0,0,1,1,1,0,0,0,0,1,1,1,0,0,0,0,1
11759,1,0,0,0,0,0,0,1,0,0,0,0,0,0,0,0,0,0,0,0,0
11760,1,1,0,1,0,0,0,1,1,1,0,0,0,0,1,1,1,0,0,0,0
11761,1,1,0,0,0,0,1,1,1,0,0,0,0,1,1,1,0,0,0,0,1
11762,1,1,0,0,0,0,1,2,1,0,0,0,0,1,1,1,0,0,0,0,1
11763,1,1,0,0,0,0,1,1,1,0,1,0,0,0,1,1,0,1,0,0,0
11764,1,1,1,0,0,0,0,1,1,1,0,0,0,0,1,1,1,0,0,0,0
11765,1,1,0,0,0,0,1,1,1,0,0,0,0,1,1,1,0,0,0,0,1
11766,1,1,0,0,0,0,1,1,1,0,1,0,0,0,1,1,0,0,0,0,1
11767,1,1,0,1,0,0,0,1,1,0,1,0,0,0,2,1,1,0,0,0,0
11768,1,1,0,0,0,0,1,1,1,0,0,0,0,1,1,1,0,0,0,0,1
11769,1,0,0,0,0,0,0,1,0,0,0,0,0,0,0,0,0,0,0,0,0
11770,1,1,0,0,0,0,1,1,1,0,0,0,0,1,1,1,0,0,0,0,1
11771,0,0,0,0,0,0,0,1,0,0,0,0,0,0,0,0,0,0,0,0,0
11772,1,1,0,1,0,0,0,1,1,0,1,0,0,0,1,1,0,1,0,0,0
11773,1,1,1,0,0,0,0,1,1,1,0,0,0,0,1,1,1,0,0,0,0
11774,1,1,0,1,0,0,0,1,1,0,1,0,0,0,1,1,0,0,0,0,1
11775,1,0,0,0,0,0,0,1,0,0,0,0,0,0,1,0,0,0,0,0,0
11776,1,1,0,0,0,0,1,1,1,0,0,0,0,1,1,1,0,0,0,0,1
11777,1,0,0,0,0,0,0,1,0,0,0,0,0,0,1,0,0,0,0,0,0
11778,1,1,1,0,0,0,0,1,1,0,0,0,0,1,1,1,1,0,0,0,0
11779,1,1,0,0,1,1,0,1,1,0,0,0,0,1,1,1,1,0,0,0,0
11780,1,1,0,1,0,0,0,1,1,0,0,0,0,1,1,1,0,0,0,0,1
11781,1,1,0,1,0,0,0,1,1,0,0,0,0,1,1,1,0,0,0,0,1
11782,1,0,0,0,0,0,0,1,0,0,0,0,0,0,1,0,0,0,0,0,0
11783,1,1,0,0,0,0,1,1,1,0,0,0,0,1,1,1,1,0,0,0,0
11784,1,1,0,0,0,0,1,1,1,0,0,0,0,1,0,0,0,0,0,0,0
11786,1,1,1,0,0,0,0,1,1,1,0,0,0,0,1,1,1,0,0,0,0
11787,1,1,0,0,0,0,1,1,1,0,0,0,0,1,1,1,0,0,0,0,1
11788,1,1,1,0,0,0,0,1,1,1,0,0,0,0,1,1,0,0,0,0,1
11789,2,0,0,0,0,0,0,2,0,0,0,0,0,0,2,0,0,0,0,0,0
11790,1,1,0,0,0,0,1,1,1,1,0,0,0,0,1,1,0,0,0,0,1
11791,1,0,0,0,0,0,0,1,0,0,0,0,0,0,1,1,0,0,0,0,1
11792,1,1,0,0,1,1,0,1,1,0,0,1,1,0,1,1,1,0,0,0,0
11793,1,0,0,0,0,0,0,1,0,0,0,0,0,0,0,0,0,0,0,0,0
11794,2,2,1,0,0,0,1,1,1,1,0,0,0,0,2,2,0,0,0,0,2
11795,1,1,0,1,0,0,0,1,1,0,0,0,0,1,0,0,0,0,0,0,0
11796,0,0,0,0,0,0,0,1,0,0,0,0,0,0,0,0,0,0,0,0,0
11797,1,0,0,0,0,0,0,1,1,0,0,0,0,1,1,1,0,0,0,0,1
11798,1,1,0,1,0,0,0,1,1,0,1,0,0,0,2,1,0,0,0,0,1
11799,1,1,0,0,0,0,1,1,1,0,0,0,0,1,1,1,0,0,0,0,1
11800,1,1,0,1,0,0,0,3,2,0,0,0,0,2,1,1,0,0,0,0,1
11801,1,1,0,0,1,1,0,1,1,0,0,0,0,1,1,1,0,0,0,0,1
11802,1,0,0,0,0,0,0,1,0,0,0,0,0,0,1,0,0,0,0,0,0
11803,1,0,0,0,0,0,0,1,0,0,0,0,0,0,0,0,0,0,0,0,0
11805,1,0,0,0,0,0,0,0,0,0,0,0,0,0,0,0,0,0,0,0,0
11806,1,1,0,0,0,0,1,1,1,0,0,0,0,1,1,1,0,0,0,0,1
11807,1,1,0,0,0,0,1,1,0,0,0,0,0,0,1,1,0,0,0,0,1
11809,1,1,1,0,0,0,0,1,1,1,0,0,0,0,1,1,1,0,0,0,0
11810,1,1,0,0,0,0,1,2,1,0,0,0,0,1,2,2,0,0,0,0,2
11811,1,1,1,0,0,0,0,1,0,0,0,0,0,0,0,0,0,0,0,0,0
11812,1,1,0,0,0,0,1,1,1,0,0,1,1,0,1,1,0,0,0,0,1
11813,1,1,0,1,0,0,0,1,1,0,0,0,0,1,1,1,1,0,0,0,0
11814,1,1,0,0,1,1,0,1,1,0,0,1,1,0,1,1,1,0,0,0,0
11815,3,2,0,0,0,0,2,2,1,0,0,0,0,1,2,2,1,0,0,0,1
11816,1,1,0,0,0,0,1,1,1,0,0,0,0,1,1,1,1,0,0,0,0
11817,1,1,1,0,0,0,0,1,1,0,0,0,0,1,1,1,0,1,0,0,0
11818,1,0,0,0,0,0,0,1,0,0,0,0,0,0,0,0,0,0,0,0,0
11819,2,2,0,0,0,0,2,1,1,0,0,0,0,1,1,1,1,0,0,0,0
11820,1,0,0,0,0,0,0,2,1,0,0,0,0,1,0,0,0,0,0,0,0
11821,1,1,0,0,0,0,1,2,1,1,0,0,0,0,1,1,0,0,0,0,1
11822,1,1,0,0,0,0,1,1,1,1,0,0,0,0,1,1,0,0,1,1,0
11823,1,1,0,0,0,0,1,1,0,0,0,0,0,0,1,0,0,0,0,0,0
11824,1,1,0,0,0,0,1,1,1,0,1,0,0,0,1,1,1,0,0,0,0
11825,1,1,0,0,0,0,1,1,1,0,0,0,0,1,1,1,0,0,0,0,1
11826,1,1,0,0,1,1,0,2,2,2,0,0,0,0,1,1,0,0,1,1,0
11827,1,1,0,0,0,0,1,1,1,1,0,0,0,0,1,1,1,0,0,0,0
11828,1,1,0,0,0,0,1,1,1,0,1,0,0,0,2,1,0,0,0,0,1
11829,1,0,0,0,0,0,0,1,0,0,0,0,0,0,0,0,0,0,0,0,0
11830,0,0,0,0,0,0,0,1,0,0,0,0,0,0,0,0,0,0,0,0,0
11831,1,1,0,0,0,0,1,1,1,0,0,0,0,1,1,1,1,0,0,0,0
11832,1,1,0,0,0,0,1,2,1,1,0,0,0,0,0,0,0,0,0,0,0
11834,1,1,0,1,0,0,0,1,1,0,0,0,0,1,1,1,0,1,0,0,0
11835,1,1,0,0,0,0,1,1,1,0,0,0,0,1,1,1,1,0,0,0,0
11837,1,1,0,0,0,0,1,1,1,0,0,1,1,0,1,1,0,1,0,0,0
11838,1,1,0,0,0,0,1,1,1,0,1,0,0,0,1,1,0,0,0,0,1
11839,2,1,0,0,0,0,1,2,1,0,0,0,0,1,1,1,0,0,0,0,1
11840,1,1,0,0,0,0,1,2,2,0,0,0,0,2,0,0,0,0,0,0,0
11841,1,0,0,0,0,0,0,1,0,0,0,0,0,0,0,0,0,0,0,0,0
11842,1,1,0,0,0,0,1,1,1,0,0,0,0,1,1,1,0,0,0,0,1
11843,1,1,0,0,0,0,1,1,1,1,0,0,0,0,3,3,0,1,1,1,1
11844,1,1,0,0,0,0,1,1,1,0,0,0,0,1,1,1,1,0,0,0,0
11845,1,1,0,0,0,0,1,1,1,1,0,0,0,0,2,1,0,1,0,0,0
11846,1,1,0,0,1,1,0,1,1,0,0,1,1,0,2,2,0,0,1,1,1
11847,1,1,0,1,0,0,0,1,1,0,0,1,1,0,1,1,1,0,0,0,0
11848,1,1,0,0,0,0,1,1,1,0,0,0,0,1,1,1,0,0,0,0,1
11849,1,0,0,0,0,0,0,1,0,0,0,0,0,0,0,0,0,0,0,0,0
11850,1,1,1,0,0,0,0,1,1,0,0,0,0,1,1,1,0,0,0,0,1
11851,1,1,1,0,0,0,0,1,1,1,0,0,0,0,1,1,1,0,0,0,0
11852,1,0,0,0,0,0,0,1,0,0,0,0,0,0,1,0,0,0,0,0,0
11853,1,1,0,0,0,0,1,1,1,0,0,0,0,1,2,2,0,0,0,0,2
11854,1,1,0,0,0,0,1,1,1,0,0,0,0,1,1,1,0,0,0,0,1
11855,1,1,0,0,0,0,1,1,1,0,0,1,1,0,2,1,0,1,0,0,0
11856,1,1,0,1,0,0,0,1,1,1,0,0,0,0,1,1,0,0,0,0,1
11857,1,1,0,0,0,0,1,1,1,0,0,0,0,1,2,2,0,0,0,0,2
11858,1,1,0,0,0,0,1,0,0,0,0,0,0,0,0,0,0,0,0,0,0
11859,2,1,0,0,0,0,1,2,1,0,0,0,0,1,2,1,0,0,0,0,1
11860,1,1,0,1,0,0,0,1,1,0,1,0,0,0,1,1,0,0,0,0,1
11861,1,1,0,0,0,0,1,1,1,0,0,0,0,1,1,1,0,1,0,0,0
11862,1,1,0,1,0,0,0,1,1,0,0,0,0,1,1,1,0,0,0,0,1
11863,1,1,0,1,0,0,0,1,1,0,0,0,0,1,1,1,0,0,0,0,1
11864,2,1,0,1,0,0,0,2,1,0,0,0,0,1,1,1,1,0,0,0,0
11865,1,1,0,0,0,0,1,1,1,1,0,0,0,0,1,1,0,0,0,0,1
11866,1,1,0,0,1,1,0,1,1,0,0,1,1,0,1,1,1,0,0,0,0
11867,1,0,0,0,0,0,0,2,0,0,0,0,0,0,0,0,0,0,0,0,0
11868,1,1,0,1,0,0,0,1,1,0,1,0,0,0,1,1,1,0,0,0,0
11869,0,0,0,0,0,0,0,1,0,0,0,0,0,0,0,0,0,0,0,0,0
11870,1,1,0,0,0,0,1,1,1,0,0,0,0,1,1,1,0,0,0,0,1
11871,1,1,0,1,0,0,0,1,1,0,0,0,0,1,1,1,0,0,0,0,1
11872,1,1,1,0,0,0,0,1,1,1,0,0,0,0,2,2,0,1,0,0,1
11873,1,1,0,0,0,0,1,2,1,0,1,0,0,0,2,1,0,0,0,0,1
11874,1,1,0,0,1,1,0,1,1,0,1,0,0,0,1,1,0,0,0,0,1
11875,1,1,0,1,0,0,0,1,1,1,0,0,0,0,1,1,1,0,0,0,0
11876,1,1,0,0,0,0,1,1,1,1,0,0,0,0,1,1,1,0,0,0,0
11877,1,1,1,0,0,0,0,1,1,0,0,0,0,1,1,1,0,0,0,0,1
11878,1,0,0,0,0,0,0,1,1,0,0,0,0,1,1,1,0,0,0,0,1
11879,1,1,0,0,0,0,1,1,1,0,0,0,0,1,1,1,0,0,0,0,1
11880,1,1,0,0,0,0,1,1,1,0,0,0,0,1,1,1,0,0,1,1,0
11881,1,0,0,0,0,0,0,0,0,0,0,0,0,0,0,0,0,0,0,0,0
11882,1,1,0,0,0,0,1,1,1,0,0,0,0,1,1,1,0,0,0,0,1
11883,1,1,0,0,0,0,1,1,1,0,0,0,0,1,1,1,0,0,0,0,1
11884,1,1,0,0,0,0,1,1,1,0,1,0,0,0,1,1,0,0,0,0,1
11885,1,1,0,1,0,0,0,1,1,1,0,0,0,0,1,1,0,0,0,0,1
11886,1,1,1,0,0,0,0,1,1,0,0,1,1,0,1,1,0,0,1,1,0
11887,1,1,0,0,0,0,1,1,1,1,0,0,0,0,1,1,0,1,0,0,0
11888,1,1,1,0,0,0,0,1,1,1,0,0,0,0,2,1,1,0,0,0,0
11889,0,0,0,0,0,0,0,1,0,0,0,0,0,0,0,0,0,0,0,0,0
11890,1,1,0,0,0,0,1,1,1,0,1,0,0,0,1,1,0,0,0,0,1
11891,1,1,0,0,1,1,0,1,1,1,0,0,0,0,1,1,0,1,0,0,0
11892,1,0,0,0,0,0,0,1,0,0,0,0,0,0,0,0,0,0,0,0,0
11893,1,1,0,0,0,0,1,1,1,0,0,0,0,1,0,0,0,0,0,0,0
11894,1,1,0,0,0,0,1,1,1,0,0,0,0,1,1,1,0,0,0,0,1
11895,1,1,0,0,1,1,0,1,1,0,0,1,1,0,1,1,0,0,0,0,1
11896,1,1,1,0,0,0,0,1,1,0,1,0,0,0,1,1,0,0,1,1,0
11897,1,1,0,0,0,0,1,1,1,0,0,0,0,1,1,1,0,0,0,0,1
11898,1,1,0,0,0,0,1,1,1,1,0,0,0,0,1,1,0,1,0,0,0
11899,1,1,0,1,0,0,0,1,1,0,0,1,1,0,1,1,0,0,0,0,1
11900,1,1,0,0,0,0,1,1,1,0,0,0,0,1,1,0,0,0,0,0,0
11901,1,0,0,0,0,0,0,1,0,0,0,0,0,0,0,0,0,0,0,0,0
11902,1,1,0,0,0,0,1,1,1,0,1,0,0,0,0,0,0,0,0,0,0
11903,1,1,0,1,0,0,0,1,1,0,1,0,0,0,0,0,0,0,0,0,0
11904,1,1,0,0,0,0,1,1,1,0,0,0,0,1,0,0,0,0,0,0,0
11905,1,0,0,0,0,0,0,1,0,0,0,0,0,0,0,0,0,0,0,0,0
11907,0,0,0,0,0,0,0,0,0,0,0,0,0,0,1,0,0,0,0,0,0
11908,1,1,0,0,0,0,1,1,1,0,0,0,0,1,1,1,0,0,0,0,1
11909,1,1,0,0,0,0,1,1,1,0,0,0,0,1,1,1,0,1,0,0,0
11910,1,1,0,0,0,0,1,1,1,0,0,0,0,1,1,1,0,0,0,0,1
11911,1,1,0,0,0,0,1,1,1,1,0,0,0,0,1,1,0,0,0,0,1
11912,1,1,1,0,0,0,0,1,1,1,0,0,0,0,1,1,1,0,0,0,0
11913,1,1,0,0,0,0,1,2,1,1,0,0,0,0,2,2,1,0,0,0,1
11914,1,1,0,0,0,0,1,1,1,1,0,0,0,0,1,1,0,0,1,1,0
11915,1,1,0,1,0,0,0,1,1,0,1,0,0,0,1,1,0,0,1,1,0
11916,1,1,0,0,0,0,1,1,0,0,0,0,0,0,1,1,0,0,0,0,1
11917,1,1,1,0,0,0,0,1,1,1,0,0,0,0,1,1,0,0,0,0,1
11918,1,1,0,0,0,0,1,1,1,0,0,0,0,1,1,1,1,0,0,0,0
11919,1,1,0,1,0,0,0,1,1,0,1,0,0,0,1,1,0,0,0,0,1
11920,1,1,0,0,0,0,1,1,1,0,0,0,0,1,1,1,0,0,0,0,1
11921,1,1,0,0,1,1,0,1,1,1,0,0,0,0,1,1,0,0,0,0,1
11922,1,1,1,0,0,0,0,1,1,1,0,0,0,0,1,1,0,0,0,0,1
11923,1,1,0,0,0,0,1,1,1,0,0,0,0,1,1,1,0,0,0,0,1
11924,1,1,0,1,0,0,0,1,1,0,0,0,0,1,2,2,1,0,0,0,1
11925,1,1,0,0,1,1,0,1,1,0,0,1,1,0,1,1,0,0,1,1,0
11926,1,1,0,0,0,0,1,1,1,1,0,0,0,0,1,1,0,0,0,0,1
11927,1,0,0,0,0,0,0,1,0,0,0,0,0,0,0,0,0,0,0,0,0
11928,1,1,0,1,0,0,0,1,1,0,0,0,0,1,0,0,0,0,0,0,0
11929,1,1,1,0,0,0,0,1,1,0,0,1,1,0,1,1,0,0,0,0,1
11930,3,2,0,0,0,0,2,2,1,1,0,0,0,0,1,1,1,0,0,0,0
11931,0,0,0,0,0,0,0,0,0,0,0,0,0,0,1,0,0,0,0,0,0
11932,1,1,0,0,0,0,1,1,1,1,0,0,0,0,1,1,0,0,0,0,1
11933,1,0,0,0,0,0,0,1,0,0,0,0,0,0,1,1,0,0,0,0,1
11934,1,0,0,0,0,0,0,1,0,0,0,0,0,0,1,0,0,0,0,0,0
11935,1,1,0,0,0,0,1,1,1,0,0,0,0,1,1,1,0,1,0,0,0
11936,1,1,1,0,0,0,0,1,1,1,0,0,0,0,1,1,1,0,0,0,0
11937,1,1,1,0,0,0,0,1,1,1,0,0,0,0,1,1,1,0,0,0,0
11938,1,1,0,0,0,0,1,1,1,0,0,0,0,1,1,1,0,0,0,0,1
11939,1,1,0,1,0,0,0,1,1,0,0,0,0,1,1,1,0,0,0,0,1
11940,1,1,0,1,0,0,0,1,1,0,0,1,1,0,1,1,0,0,0,0,1
11941,2,2,1,0,0,0,1,1,1,0,0,1,1,0,2,2,0,0,1,1,1
11942,1,1,0,1,0,0,0,1,1,0,0,1,1,0,1,1,1,0,0,0,0
11943,1,1,1,0,0,0,0,1,1,0,0,0,0,1,1,1,0,0,0,0,1
11944,1,1,0,0,0,0,1,1,1,0,0,0,0,1,1,1,0,0,0,0,1
11945,1,1,0,0,0,0,1,1,1,0,0,0,0,1,1,0,0,0,0,0,0
11947,1,1,0,0,0,0,1,1,1,0,0,0,0,1,1,0,0,0,0,0,0
11948,1,0,0,0,0,0,0,1,0,0,0,0,0,0,0,0,0,0,0,0,0
11949,1,1,1,0,0,0,0,1,1,0,0,0,0,1,1,1,0,0,0,0,1
11950,1,0,0,0,0,0,0,1,0,0,0,0,0,0,0,0,0,0,0,0,0
11951,1,1,0,0,1,1,0,1,1,1,0,0,0,0,1,1,1,0,0,0,0
11952,0,0,0,0,0,0,0,1,0,0,0,0,0,0,0,0,0,0,0,0,0
11954,1,1,0,0,0,0,1,1,1,0,1,0,0,0,1,1,0,0,0,0,1
11955,0,0,0,0,0,0,0,1,0,0,0,0,0,0,0,0,0,0,0,0,0
11956,1,1,0,0,0,0,1,1,1,0,0,0,0,1,1,1,0,0,0,0,1
11957,1,0,0,0,0,0,0,1,0,0,0,0,0,0,0,0,0,0,0,0,0
11958,1,1,0,0,0,0,1,1,1,0,0,0,0,1,0,0,0,0,0,0,0
11959,2,1,0,0,0,0,1,1,0,0,0,0,0,0,1,1,0,1,0,0,0
11963,0,0,0,0,0,0,0,1,0,0,0,0,0,0,0,0,0,0,0,0,0
11965,2,2,1,0,0,0,1,2,2,0,0,0,0,2,1,1,0,0,0,0,1
11966,1,0,0,0,0,0,0,1,1,0,0,0,0,1,1,0,0,0,0,0,0
11967,1,1,1,0,0,0,0,1,1,0,0,0,0,1,1,1,0,0,0,0,1
11968,1,0,0,0,0,0,0,1,0,0,0,0,0,0,0,0,0,0,0,0,0
11969,1,0,0,0,0,0,0,1,0,0,0,0,0,0,0,0,0,0,0,0,0
11971,1,1,0,0,0,0,1,1,0,0,0,0,0,0,1,1,0,0,0,0,1
11972,1,0,0,0,0,0,0,1,0,0,0,0,0,0,0,0,0,0,0,0,0
11973,1,0,0,0,0,0,0,0,0,0,0,0,0,0,0,0,0,0,0,0,0
11974,1,0,0,0,0,0,0,1,0,0,0,0,0,0,0,0,0,0,0,0,0
11975,2,2,0,1,0,0,1,2,2,0,0,0,0,2,0,0,0,0,0,0,0
11976,1,0,0,0,0,0,0,1,0,0,0,0,0,0,0,0,0,0,0,0,0
11977,1,1,0,0,0,0,1,1,1,0,0,0,0,1,1,1,0,0,0,0,1
11978,1,1,0,0,0,0,1,2,1,0,0,0,0,1,1,1,0,0,0,0,1
11979,1,1,0,0,0,0,1,1,1,0,0,0,0,1,1,1,0,0,0,0,1
11980,1,0,0,0,0,0,0,0,0,0,0,0,0,0,0,0,0,0,0,0,0
11981,1,0,0,0,0,0,0,1,0,0,0,0,0,0,0,0,0,0,0,0,0
11982,1,0,0,0,0,0,0,1,0,0,0,0,0,0,0,0,0,0,0,0,0
11983,1,0,0,0,0,0,0,1,0,0,0,0,0,0,0,0,0,0,0,0,0
11984,1,0,0,0,0,0,0,0,0,0,0,0,0,0,0,0,0,0,0,0,0
11985,1,0,0,0,0,0,0,0,0,0,0,0,0,0,0,0,0,0,0,0,0
11986,1,0,0,0,0,0,0,0,0,0,0,0,0,0,0,0,0,0,0,0,0
11991,1,1,0,0,0,0,1,1,0,0,0,0,0,0,0,0,0,0,0,0,0
11992,1,0,0,0,0,0,0,0,0,0,0,0,0,0,0,0,0,0,0,0,0
11993,1,0,0,0,0,0,0,1,0,0,0,0,0,0,0,0,0,0,0,0,0
11995,1,0,0,0,0,0,0,1,0,0,0,0,0,0,0,0,0,0,0,0,0
11996,1,0,0,0,0,0,0,0,0,0,0,0,0,0,0,0,0,0,0,0,0
11997,1,0,0,0,0,0,0,0,0,0,0,0,0,0,0,0,0,0,0,0,0
11998,1,0,0,0,0,0,0,1,0,0,0,0,0,0,0,0,0,0,0,0,0
11999,1,0,0,0,0,0,0,0,0,0,0,0,0,0,0,0,0,0,0,0,0
12000,1,0,0,0,0,0,0,1,0,0,0,0,0,0,0,0,0,0,0,0,0
12001,1,1,0,0,0,0,1,1,1,0,0,0,0,1,1,1,0,0,0,0,1
12002,1,1,0,0,0,0,1,1,1,0,0,0,0,1,1,1,0,0,0,0,1
12003,1,1,1,0,0,0,0,2,1,0,0,0,0,1,0,0,0,0,0,0,0
12004,1,1,0,0,0,0,1,1,1,0,0,0,0,1,0,0,0,0,0,0,0
12005,1,1,0,0,0,0,1,0,0,0,0,0,0,0,0,0,0,0,0,0,0
12006,1,0,0,0,0,0,0,1,0,0,0,0,0,0,0,0,0,0,0,0,0
12007,1,0,0,0,0,0,0,1,0,0,0,0,0,0,1,0,0,0,0,0,0
12008,1,0,0,0,0,0,0,1,0,0,0,0,0,0,1,0,0,0,0,0,0
12009,0,0,0,0,0,0,0,1,0,0,0,0,0,0,0,0,0,0,0,0,0
12010,1,1,0,0,0,0,1,1,0,0,0,0,0,0,0,0,0,0,0,0,0
12011,1,1,0,0,0,0,1,1,1,0,0,0,0,1,1,1,0,0,0,0,1
12012,1,1,0,0,1,1,0,1,1,0,0,1,1,0,1,1,0,0,0,0,1
12013,1,1,0,1,0,0,0,1,1,0,0,0,0,1,0,0,0,0,0,0,0
12014,1,1,0,0,0,0,1,1,1,0,0,0,0,1,1,1,0,0,0,0,1
12015,1,1,1,0,0,0,0,1,1,0,0,0,0,1,1,1,0,1,0,0,0
12016,1,1,0,0,0,0,1,1,1,0,0,0,0,1,1,1,0,0,0,0,1
12017,1,0,0,0,0,0,0,1,0,0,0,0,0,0,0,0,0,0,0,0,0
12018,1,0,0,0,0,0,0,1,1,0,0,0,0,1,1,0,0,0,0,0,0
12020,1,0,0,0,0,0,0,1,0,0,0,0,0,0,0,0,0,0,0,0,0
12021,1,0,0,0,0,0,0,1,1,0,0,0,0,1,0,0,0,0,0,0,0
12022,1,0,0,0,0,0,0,1,1,0,0,0,0,1,0,0,0,0,0,0,0
12023,1,0,0,0,0,0,0,0,0,0,0,0,0,0,0,0,0,0,0,0,0
12024,1,1,1,0,0,0,0,1,1,1,0,0,0,0,1,1,0,0,0,0,1
12025,1,1,0,0,0,0,1,1,1,0,0,0,0,1,1,1,0,0,0,0,1
12026,1,1,0,0,0,0,1,1,1,0,0,0,0,1,0,0,0,0,0,0,0
12027,1,1,0,1,0,0,0,1,1,0,0,0,0,1,1,1,1,0,0,0,0
12028,0,0,0,0,0,0,0,0,0,0,0,0,0,0,1,0,0,0,0,0,0
12029,1,1,0,1,0,0,0,2,2,1,0,0,0,1,1,1,1,0,0,0,0
12030,1,0,0,0,0,0,0,1,0,0,0,0,0,0,0,0,0,0,0,0,0
12032,1,0,0,0,0,0,0,1,0,0,0,0,0,0,0,0,0,0,0,0,0
12033,1,0,0,0,0,0,0,1,1,0,0,0,0,1,0,0,0,0,0,0,0
12034,1,0,0,0,0,0,0,0,0,0,0,0,0,0,0,0,0,0,0,0,0
12037,1,0,0,0,0,0,0,0,0,0,0,0,0,0,0,0,0,0,0,0,0
12039,1,1,0,0,0,0,1,1,1,0,1,0,0,0,0,0,0,0,0,0,0
12040,1,0,0,0,0,0,0,0,0,0,0,0,0,0,0,0,0,0,0,0,0
12041,1,1,0,0,0,0,1,1,0,0,0,0,0,0,0,0,0,0,0,0,0
12042,1,0,0,0,0,0,0,1,0,0,0,0,0,0,1,0,0,0,0,0,0
12043,1,0,0,0,0,0,0,1,0,0,0,0,0,0,0,0,0,0,0,0,0
12044,1,1,0,1,0,0,0,2,2,0,1,1,1,0,1,1,0,1,0,0,0
12045,1,1,0,1,0,0,0,1,1,0,1,0,0,0,1,1,0,0,0,0,1
12047,1,0,0,0,0,0,0,1,0,0,0,0,0,0,1,1,0,1,0,0,0
12048,7,2,0,1,0,0,1,6,2,0,1,0,0,1,5,1,0,0,0,0,1
12049,1,1,0,0,0,0,1,1,1,0,0,0,0,1,0,0,0,0,0,0,0
12050,1,0,0,0,0,0,0,1,0,0,0,0,0,0,0,0,0,0,0,0,0
12051,1,0,0,0,0,0,0,0,0,0,0,0,0,0,1,0,0,0,0,0,0
12052,1,0,0,0,0,0,0,1,0,0,0,0,0,0,0,0,0,0,0,0,0
12053,1,1,0,0,0,0,1,1,1,0,0,0,0,1,1,1,0,0,0,0,1
12054,1,0,0,0,0,0,0,0,0,0,0,0,0,0,0,0,0,0,0,0,0
12055,1,1,0,0,1,1,0,1,1,1,0,0,0,0,1,1,0,0,1,1,0
12056,1,1,0,0,0,0,1,1,1,0,1,0,0,0,0,0,0,0,0,0,0
12057,1,1,0,0,0,0,1,1,1,0,0,0,0,1,1,1,0,0,0,0,1
12058,1,0,0,0,0,0,0,1,0,0,0,0,0,0,1,0,0,0,0,0,0
12059,0,0,0,0,0,0,0,0,0,0,0,0,0,0,1,0,0,0,0,0,0
12060,1,1,0,0,0,0,1,1,1,0,0,0,0,1,0,0,0,0,0,0,0
12061,1,1,0,1,0,0,0,1,1,1,0,0,0,0,1,1,0,0,0,0,1
12062,1,1,0,0,0,0,1,1,1,0,0,0,0,1,1,1,0,0,0,0,1
12063,1,1,0,0,0,0,1,2,2,1,0,0,0,1,0,0,0,0,0,0,0
12065,1,0,0,0,0,0,0,1,0,0,0,0,0,0,0,0,0,0,0,0,0
12066,1,0,0,0,0,0,0,1,0,0,0,0,0,0,0,0,0,0,0,0,0
12067,1,0,0,0,0,0,0,1,0,0,0,0,0,0,0,0,0,0,0,0,0
12068,1,0,0,0,0,0,0,1,1,0,0,0,0,1,0,0,0,0,0,0,0
12069,1,0,0,0,0,0,0,1,0,0,0,0,0,0,2,0,0,0,0,0,0
12070,1,0,0,0,0,0,0,1,0,0,0,0,0,0,0,0,0,0,0,0,0
12071,1,0,0,0,0,0,0,1,0,0,0,0,0,0,0,0,0,0,0,0,0
12072,1,1,1,0,0,0,0,1,1,0,0,0,0,1,1,1,0,0,0,0,1
12073,1,1,0,0,1,1,0,1,1,0,0,1,1,0,0,0,0,0,0,0,0
12074,1,1,0,1,0,0,0,1,1,1,0,0,0,0,1,1,0,0,0,0,1
12075,1,1,0,0,0,0,1,2,2,1,0,0,0,1,1,1,0,1,0,0,0
12076,1,1,0,0,0,0,1,1,0,0,0,0,0,0,0,0,0,0,0,0,0
12077,1,0,0,0,0,0,0,0,0,0,0,0,0,0,0,0,0,0,0,0,0
12079,1,1,0,0,0,0,1,1,1,0,1,0,0,0,1,1,0,0,0,0,1
12080,0,0,0,0,0,0,0,1,1,0,0,0,0,1,1,0,0,0,0,0,0
12081,1,0,0,0,0,0,0,1,0,0,0,0,0,0,1,0,0,0,0,0,0
12083,1,0,0,0,0,0,0,0,0,0,0,0,0,0,0,0,0,0,0,0,0
12084,1,0,0,0,0,0,0,1,0,0,0,0,0,0,0,0,0,0,0,0,0
12087,1,0,0,0,0,0,0,1,1,0,0,0,0,1,0,0,0,0,0,0,0
12088,1,0,0,0,0,0,0,0,0,0,0,0,0,0,0,0,0,0,0,0,0
12089,1,0,0,0,0,0,0,0,0,0,0,0,0,0,0,0,0,0,0,0,0
12091,0,0,0,0,0,0,0,2,0,0,0,0,0,0,0,0,0,0,0,0,0
12095,1,0,0,0,0,0,0,0,0,0,0,0,0,0,0,0,0,0,0,0,0
12098,0,0,0,0,0,0,0,1,0,0,0,0,0,0,1,0,0,0,0,0,0
12099,1,0,0,0,0,0,0,1,0,0,0,0,0,0,0,0,0,0,0,0,0
12102,1,0,0,0,0,0,0,0,0,0,0,0,0,0,0,0,0,0,0,0,0
12104,1,0,0,0,0,0,0,0,0,0,0,0,0,0,0,0,0,0,0,0,0
12105,1,0,0,0,0,0,0,0,0,0,0,0,0,0,0,0,0,0,0,0,0
12106,1,0,0,0,0,0,0,0,0,0,0,0,0,0,0,0,0,0,0,0,0
12107,1,0,0,0,0,0,0,0,0,0,0,0,0,0,0,0,0,0,0,0,0
12108,1,0,0,0,0,0,0,0,0,0,0,0,0,0,0,0,0,0,0,0,0
12110,1,1,0,0,0,0,1,2,0,0,0,0,0,0,1,0,0,0,0,0,0
12112,1,0,0,0,0,0,0,1,0,0,0,0,0,0,0,0,0,0,0,0,0
12115,1,0,0,0,0,0,0,0,0,0,0,0,0,0,0,0,0,0,0,0,0
12117,1,1,0,0,0,0,1,1,1,0,0,0,0,1,0,0,0,0,0,0,0
12118,1,0,0,0,0,0,0,1,0,0,0,0,0,0,0,0,0,0,0,0,0
12119,1,0,0,0,0,0,0,0,0,0,0,0,0,0,0,0,0,0,0,0,0
12120,1,0,0,0,0,0,0,1,0,0,0,0,0,0,0,0,0,0,0,0,0
12121,1,0,0,0,0,0,0,1,0,0,0,0,0,0,0,0,0,0,0,0,0
12122,1,1,0,0,0,0,1,1,1,0,0,0,0,1,0,0,0,0,0,0,0
12123,1,1,0,0,0,0,1,1,1,0,0,0,0,1,1,1,0,0,0,0,1
12124,1,1,0,1,0,0,0,1,1,0,1,0,0,0,0,0,0,0,0,0,0
12127,1,1,0,0,0,0,1,0,0,0,0,0,0,0,0,0,0,0,0,0,0
12130,1,0,0,0,0,0,0,1,0,0,0,0,0,0,0,0,0,0,0,0,0
12131,1,0,0,0,0,0,0,0,0,0,0,0,0,0,0,0,0,0,0,0,0
12132,1,1,0,0,0,0,1,1,0,0,0,0,0,0,1,1,0,0,0,0,1
12134,1,0,0,0,0,0,0,1,1,0,0,0,0,1,0,0,0,0,0,0,0
12136,1,0,0,0,0,0,0,1,0,0,0,0,0,0,0,0,0,0,0,0,0
12137,1,0,0,0,0,0,0,0,0,0,0,0,0,0,1,0,0,0,0,0,0
12138,1,1,0,1,0,0,0,1,1,0,1,0,0,0,0,0,0,0,0,0,0
12139,1,0,0,0,0,0,0,1,0,0,0,0,0,0,0,0,0,0,0,0,0
12140,1,1,0,0,0,0,1,1,1,0,0,0,0,1,0,0,0,0,0,0,0
12141,1,0,0,0,0,0,0,1,0,0,0,0,0,0,0,0,0,0,0,0,0
12142,0,0,0,0,0,0,0,1,0,0,0,0,0,0,0,0,0,0,0,0,0
12143,0,0,0,0,0,0,0,1,0,0,0,0,0,0,0,0,0,0,0,0,0
12145,1,0,0,0,0,0,0,1,0,0,0,0,0,0,1,0,0,0,0,0,0
12146,1,1,0,0,0,0,1,1,1,0,0,0,0,1,0,0,0,0,0,0,0
12147,0,0,0,0,0,0,0,1,0,0,0,0,0,0,0,0,0,0,0,0,0
12148,1,1,0,0,0,0,1,1,1,1,0,0,0,0,0,0,0,0,0,0,0
12149,1,1,1,0,0,0,0,1,1,1,0,0,0,0,0,0,0,0,0,0,0
12150,1,1,0,0,0,0,1,1,1,1,0,0,0,0,0,0,0,0,0,0,0
12151,1,1,1,0,0,0,0,1,1,1,0,0,0,0,0,0,0,0,0,0,0
12152,1,1,0,0,0,0,1,1,1,0,0,0,0,1,1,1,0,0,0,0,1
12153,1,0,0,0,0,0,0,1,0,0,0,0,0,0,0,0,0,0,0,0,0
12154,1,0,0,0,0,0,0,1,0,0,0,0,0,0,0,0,0,0,0,0,0
12155,0,0,0,0,0,0,0,1,0,0,0,0,0,0,0,0,0,0,0,0,0
12156,1,0,0,0,0,0,0,1,0,0,0,0,0,0,1,0,0,0,0,0,0
12157,1,1,0,1,0,0,0,1,1,0,1,0,0,0,0,0,0,0,0,0,0
12158,1,0,0,0,0,0,0,1,0,0,0,0,0,0,0,0,0,0,0,0,0
12159,1,1,0,0,0,0,1,1,1,0,0,0,0,1,1,1,0,0,0,0,1
12161,1,0,0,0,0,0,0,0,0,0,0,0,0,0,0,0,0,0,0,0,0
12162,1,0,0,0,0,0,0,1,1,0,1,0,0,0,0,0,0,0,0,0,0
12163,1,1,0,0,0,0,1,1,1,0,0,0,0,1,1,0,0,0,0,0,0
12164,1,1,0,1,0,0,0,1,1,0,0,0,0,1,0,0,0,0,0,0,0
12166,1,0,0,0,0,0,0,0,0,0,0,0,0,0,0,0,0,0,0,0,0
12167,1,0,0,0,0,0,0,0,0,0,0,0,0,0,0,0,0,0,0,0,0
12168,1,0,0,0,0,0,0,2,0,0,0,0,0,0,0,0,0,0,0,0,0
12169,1,1,0,0,0,0,1,1,0,0,0,0,0,0,0,0,0,0,0,0,0
12170,1,1,1,0,0,0,0,1,1,0,0,0,0,1,0,0,0,0,0,0,0
12171,1,1,0,0,1,1,0,1,1,1,0,0,0,0,0,0,0,0,0,0,0
12172,0,0,0,0,0,0,0,1,0,0,0,0,0,0,0,0,0,0,0,0,0
12173,1,0,0,0,0,0,0,1,0,0,0,0,0,0,0,0,0,0,0,0,0
12174,1,1,0,0,0,0,1,1,0,0,0,0,0,0,0,0,0,0,0,0,0
12175,0,0,0,0,0,0,0,1,0,0,0,0,0,0,0,0,0,0,0,0,0
12177,1,0,0,0,0,0,0,1,0,0,0,0,0,0,0,0,0,0,0,0,0
12178,1,0,0,0,0,0,0,0,0,0,0,0,0,0,0,0,0,0,0,0,0
12179,1,1,0,0,0,0,1,1,0,0,0,0,0,0,1,0,0,0,0,0,0
12180,1,1,0,0,0,0,1,1,1,0,0,0,0,1,1,1,0,0,0,0,1
12181,1,1,0,0,0,0,1,2,1,0,0,0,0,1,1,0,0,0,0,0,0
12182,1,1,1,0,0,0,0,1,1,0,0,0,0,1,0,0,0,0,0,0,0
12183,0,0,0,0,0,0,0,0,0,0,0,0,0,0,1,0,0,0,0,0,0
12184,1,0,0,0,0,0,0,1,1,0,0,0,0,1,1,1,0,0,0,0,1
12185,1,0,0,0,0,0,0,1,0,0,0,0,0,0,0,0,0,0,0,0,0
12186,0,0,0,0,0,0,0,0,0,0,0,0,0,0,1,0,0,0,0,0,0
12187,0,0,0,0,0,0,0,0,0,0,0,0,0,0,1,0,0,0,0,0,0
12189,1,1,0,0,0,0,1,1,1,0,0,0,0,1,0,0,0,0,0,0,0
12190,1,0,0,0,0,0,0,0,0,0,0,0,0,0,1,0,0,0,0,0,0
12191,1,1,0,1,0,0,0,1,1,0,1,0,0,0,0,0,0,0,0,0,0
12192,0,0,0,0,0,0,0,1,0,0,0,0,0,0,0,0,0,0,0,0,0
12193,1,0,0,0,0,0,0,0,0,0,0,0,0,0,0,0,0,0,0,0,0
12194,1,0,0,0,0,0,0,1,0,0,0,0,0,0,1,0,0,0,0,0,0
12195,0,0,0,0,0,0,0,1,0,0,0,0,0,0,0,0,0,0,0,0,0
12196,1,0,0,0,0,0,0,1,0,0,0,0,0,0,1,0,0,0,0,0,0
12197,2,1,0,0,0,0,1,2,1,0,0,0,0,1,1,1,0,1,0,0,0
12198,0,0,0,0,0,0,0,1,0,0,0,0,0,0,0,0,0,0,0,0,0
12199,1,1,1,0,0,0,0,1,1,0,0,0,0,1,1,1,0,0,0,0,1
12200,1,1,0,0,0,0,1,0,0,0,0,0,0,0,0,0,0,0,0,0,0
12201,2,1,0,0,0,0,1,2,1,0,0,0,0,1,1,1,0,0,0,0,1
12202,1,0,0,0,0,0,0,1,0,0,0,0,0,0,0,0,0,0,0,0,0
12203,1,0,0,0,0,0,0,1,0,0,0,0,0,0,0,0,0,0,0,0,0
12204,1,0,0,0,0,0,0,1,0,0,0,0,0,0,0,0,0,0,0,0,0
12205,1,0,0,0,0,0,0,0,0,0,0,0,0,0,0,0,0,0,0,0,0
12206,1,0,0,0,0,0,0,0,0,0,0,0,0,0,0,0,0,0,0,0,0
12207,1,0,0,0,0,0,0,1,0,0,0,0,0,0,0,0,0,0,0,0,0
12209,1,0,0,0,0,0,0,0,0,0,0,0,0,0,0,0,0,0,0,0,0
12210,1,0,0,0,0,0,0,1,0,0,0,0,0,0,0,0,0,0,0,0,0
12211,1,0,0,0,0,0,0,1,0,0,0,0,0,0,1,0,0,0,0,0,0
12212,1,0,0,0,0,0,0,1,0,0,0,0,0,0,0,0,0,0,0,0,0
12213,0,0,0,0,0,0,0,1,0,0,0,0,0,0,0,0,0,0,0,0,0
12214,1,0,0,0,0,0,0,0,0,0,0,0,0,0,0,0,0,0,0,0,0
12215,1,0,0,0,0,0,0,1,0,0,0,0,0,0,0,0,0,0,0,0,0
12217,1,1,0,1,0,0,0,1,1,0,1,0,0,0,0,0,0,0,0,0,0
12220,1,1,0,0,0,0,1,0,0,0,0,0,0,0,0,0,0,0,0,0,0
12221,1,0,0,0,0,0,0,1,0,0,0,0,0,0,0,0,0,0,0,0,0
12222,1,1,0,0,0,0,1,1,1,0,0,0,0,1,1,1,0,0,0,0,1
12223,1,0,0,0,0,0,0,1,0,0,0,0,0,0,0,0,0,0,0,0,0
12225,2,0,0,0,0,0,0,2,1,0,0,0,0,1,2,1,0,0,0,0,1
12226,1,0,0,0,0,0,0,1,0,0,0,0,0,0,0,0,0,0,0,0,0
12227,1,0,0,0,0,0,0,1,0,0,0,0,0,0,1,0,0,0,0,0,0
12228,2,1,1,0,0,0,0,2,1,1,0,0,0,0,2,1,0,1,0,0,0
12230,1,1,0,0,0,0,1,1,1,0,0,0,0,1,0,0,0,0,0,0,0
12231,0,0,0,0,0,0,0,1,0,0,0,0,0,0,0,0,0,0,0,0,0
12232,1,0,0,0,0,0,0,1,0,0,0,0,0,0,1,0,0,0,0,0,0
12233,1,1,0,0,0,0,1,1,0,0,0,0,0,0,0,0,0,0,0,0,0
12234,0,0,0,0,0,0,0,0,0,0,0,0,0,0,1,0,0,0,0,0,0
12235,1,1,0,0,0,0,1,1,1,0,1,0,0,0,0,0,0,0,0,0,0
12236,0,0,0,0,0,0,0,0,0,0,0,0,0,0,1,0,0,0,0,0,0
12237,2,1,1,0,0,0,0,2,1,0,1,0,0,0,1,1,0,0,0,0,1
12238,1,0,0,0,0,0,0,1,0,0,0,0,0,0,0,0,0,0,0,0,0
12239,1,0,0,0,0,0,0,0,0,0,0,0,0,0,0,0,0,0,0,0,0
12240,1,0,0,0,0,0,0,0,0,0,0,0,0,0,0,0,0,0,0,0,0
12241,1,0,0,0,0,0,0,1,0,0,0,0,0,0,0,0,0,0,0,0,0
12242,1,0,0,0,0,0,0,0,0,0,0,0,0,0,0,0,0,0,0,0,0
12243,1,0,0,0,0,0,0,0,0,0,0,0,0,0,0,0,0,0,0,0,0
12244,1,0,0,0,0,0,0,0,0,0,0,0,0,0,0,0,0,0,0,0,0
12245,1,0,0,0,0,0,0,0,0,0,0,0,0,0,0,0,0,0,0,0,0
12246,1,1,0,0,0,0,1,1,0,0,0,0,0,0,0,0,0,0,0,0,0
12247,1,1,0,0,0,0,1,0,0,0,0,0,0,0,0,0,0,0,0,0,0
12248,1,0,0,0,0,0,0,0,0,0,0,0,0,0,0,0,0,0,0,0,0
12249,1,0,0,0,0,0,0,0,0,0,0,0,0,0,0,0,0,0,0,0,0
12250,1,0,0,0,0,0,0,0,0,0,0,0,0,0,0,0,0,0,0,0,0
12252,1,0,0,0,0,0,0,1,0,0,0,0,0,0,0,0,0,0,0,0,0
12253,1,0,0,0,0,0,0,1,1,0,0,0,0,1,0,0,0,0,0,0,0
12254,1,0,0,0,0,0,0,1,0,0,0,0,0,0,0,0,0,0,0,0,0
12256,1,0,0,0,0,0,0,0,0,0,0,0,0,0,0,0,0,0,0,0,0
12257,1,0,0,0,0,0,0,0,0,0,0,0,0,0,0,0,0,0,0,0,0
12258,1,0,0,0,0,0,0,1,0,0,0,0,0,0,0,0,0,0,0,0,0
12259,2,0,0,0,0,0,0,2,0,0,0,0,0,0,1,0,0,0,0,0,0
12260,1,1,0,0,0,0,1,1,1,0,0,0,0,1,0,0,0,0,0,0,0
12261,1,1,1,0,0,0,0,1,1,1,0,0,0,0,0,0,0,0,0,0,0
12262,1,1,0,0,0,0,1,1,0,0,0,0,0,0,0,0,0,0,0,0,0
12263,1,1,0,0,0,0,1,1,0,0,0,0,0,0,0,0,0,0,0,0,0
12264,1,1,0,0,0,0,1,1,0,0,0,0,0,0,0,0,0,0,0,0,0
12265,1,0,0,0,0,0,0,1,0,0,0,0,0,0,0,0,0,0,0,0,0
12268,1,1,0,0,0,0,1,1,1,0,0,0,0,1,0,0,0,0,0,0,0
12269,1,1,0,1,0,0,0,1,1,0,0,0,0,1,0,0,0,0,0,0,0
12270,1,0,0,0,0,0,0,1,1,0,0,0,0,1,0,0,0,0,0,0,0
12272,1,0,0,0,0,0,0,1,0,0,0,0,0,0,0,0,0,0,0,0,0
12273,1,0,0,0,0,0,0,1,1,0,0,0,0,1,0,0,0,0,0,0,0
12274,1,0,0,0,0,0,0,1,0,0,0,0,0,0,0,0,0,0,0,0,0
12275,1,0,0,0,0,0,0,1,0,0,0,0,0,0,0,0,0,0,0,0,0
12276,1,1,0,0,0,0,1,1,1,0,0,0,0,1,0,0,0,0,0,0,0
12277,1,1,0,1,0,0,0,1,1,0,0,0,0,1,0,0,0,0,0,0,0
12278,1,0,0,0,0,0,0,0,0,0,0,0,0,0,0,0,0,0,0,0,0
12283,1,1,0,0,0,0,1,0,0,0,0,0,0,0,0,0,0,0,0,0,0
12285,1,0,0,0,0,0,0,1,0,0,0,0,0,0,1,0,0,0,0,0,0
12287,0,0,0,0,0,0,0,1,0,0,0,0,0,0,0,0,0,0,0,0,0
12289,0,0,0,0,0,0,0,1,0,0,0,0,0,0,0,0,0,0,0,0,0
12290,0,0,0,0,0,0,0,1,0,0,0,0,0,0,0,0,0,0,0,0,0
12291,0,0,0,0,0,0,0,1,0,0,0,0,0,0,0,0,0,0,0,0,0
12292,0,0,0,0,0,0,0,1,0,0,0,0,0,0,0,0,0,0,0,0,0
12294,0,0,0,0,0,0,0,1,0,0,0,0,0,0,0,0,0,0,0,0,0
12295,0,0,0,0,0,0,0,1,0,0,0,0,0,0,0,0,0,0,0,0,0
12297,1,1,0,0,0,0,1,1,0,0,0,0,0,0,0,0,0,0,0,0,0
12298,0,0,0,0,0,0,0,1,0,0,0,0,0,0,0,0,0,0,0,0,0
12299,1,0,0,0,0,0,0,1,0,0,0,0,0,0,0,0,0,0,0,0,0
12300,1,0,0,0,0,0,0,0,0,0,0,0,0,0,0,0,0,0,0,0,0
12301,1,0,0,0,0,0,0,1,1,0,0,0,0,1,0,0,0,0,0,0,0
12302,1,1,0,0,0,0,1,1,0,0,0,0,0,0,0,0,0,0,0,0,0
12303,1,0,0,0,0,0,0,1,0,0,0,0,0,0,0,0,0,0,0,0,0
12305,2,2,0,0,0,0,2,3,0,0,0,0,0,0,2,1,0,0,0,0,1
12307,2,0,0,0,0,0,0,2,0,0,0,0,0,0,1,0,0,0,0,0,0
12308,1,1,1,0,0,0,0,1,1,0,0,0,0,1,0,0,0,0,0,0,0
12309,1,0,0,0,0,0,0,1,0,0,0,0,0,0,1,0,0,0,0,0,0
12310,0,0,0,0,0,0,0,1,0,0,0,0,0,0,1,0,0,0,0,0,0
12311,1,1,0,1,0,0,0,1,1,0,1,0,0,0,0,0,0,0,0,0,0
12312,1,0,0,0,0,0,0,1,1,0,0,0,0,1,1,1,0,0,0,0,1
12313,0,0,0,0,0,0,0,0,0,0,0,0,0,0,1,0,0,0,0,0,0
12314,1,0,0,0,0,0,0,1,0,0,0,0,0,0,0,0,0,0,0,0,0
12315,1,0,0,0,0,0,0,1,0,0,0,0,0,0,0,0,0,0,0,0,0
12316,1,0,0,0,0,0,0,1,0,0,0,0,0,0,0,0,0,0,0,0,0
12317,1,0,0,0,0,0,0,1,0,0,0,0,0,0,0,0,0,0,0,0,0
12318,1,0,0,0,0,0,0,1,0,0,0,0,0,0,1,0,0,0,0,0,0
12319,1,1,0,0,0,0,1,1,1,1,0,0,0,0,1,1,0,0,0,0,1
12321,1,1,0,0,0,0,1,1,1,0,0,0,0,1,0,0,0,0,0,0,0
12322,1,0,0,0,0,0,0,1,0,0,0,0,0,0,1,0,0,0,0,0,0
12323,0,0,0,0,0,0,0,1,0,0,0,0,0,0,0,0,0,0,0,0,0
12325,1,1,0,0,0,0,1,1,1,0,0,0,0,1,1,0,0,0,0,0,0
12326,1,0,0,0,0,0,0,1,0,0,0,0,0,0,0,0,0,0,0,0,0
12327,1,0,0,0,0,0,0,1,0,0,0,0,0,0,1,0,0,0,0,0,0
12328,1,0,0,0,0,0,0,0,0,0,0,0,0,0,1,0,0,0,0,0,0
12329,1,0,0,0,0,0,0,0,0,0,0,0,0,0,1,0,0,0,0,0,0
12330,1,1,0,0,0,0,1,1,1,0,0,0,0,1,1,1,0,0,0,0,1
12331,1,0,0,0,0,0,0,1,0,0,0,0,0,0,1,0,0,0,0,0,0
12332,1,1,0,1,0,0,0,1,1,0,1,0,0,0,0,0,0,0,0,0,0
12333,1,0,0,0,0,0,0,0,0,0,0,0,0,0,0,0,0,0,0,0,0
12334,1,0,0,0,0,0,0,1,0,0,0,0,0,0,0,0,0,0,0,0,0
12335,1,1,0,0,0,0,1,1,1,1,0,0,0,0,0,0,0,0,0,0,0
12336,1,0,0,0,0,0,0,1,0,0,0,0,0,0,0,0,0,0,0,0,0
12337,1,0,0,0,0,0,0,1,1,0,0,0,0,1,0,0,0,0,0,0,0
12338,1,1,0,0,0,0,1,1,0,0,0,0,0,0,0,0,0,0,0,0,0
12340,1,0,0,0,0,0,0,0,0,0,0,0,0,0,0,0,0,0,0,0,0
12341,1,0,0,0,0,0,0,1,0,0,0,0,0,0,1,0,0,0,0,0,0
12342,1,1,0,0,0,0,1,1,1,0,0,0,0,1,0,0,0,0,0,0,0
12343,1,1,0,0,1,1,0,1,1,0,0,1,1,0,1,1,0,0,1,1,0
12344,1,0,0,0,0,0,0,1,1,1,0,0,0,0,1,0,0,0,0,0,0
12345,1,0,0,0,0,0,0,0,0,0,0,0,0,0,0,0,0,0,0,0,0
12346,1,0,0,0,0,0,0,1,0,0,0,0,0,0,0,0,0,0,0,0,0
12347,1,0,0,0,0,0,0,1,0,0,0,0,0,0,0,0,0,0,0,0,0
12348,1,0,0,0,0,0,0,0,0,0,0,0,0,0,0,0,0,0,0,0,0
12349,1,0,0,0,0,0,0,1,0,0,0,0,0,0,0,0,0,0,0,0,0
12350,1,1,0,0,0,0,1,0,0,0,0,0,0,0,0,0,0,0,0,0,0
12351,1,0,0,0,0,0,0,1,0,0,0,0,0,0,0,0,0,0,0,0,0
12352,1,0,0,0,0,0,0,1,0,0,0,0,0,0,0,0,0,0,0,0,0
12353,1,0,0,0,0,0,0,1,0,0,0,0,0,0,0,0,0,0,0,0,0
12354,1,1,0,0,0,0,1,1,1,0,0,0,0,1,0,0,0,0,0,0,0
12355,1,0,0,0,0,0,0,1,0,0,0,0,0,0,0,0,0,0,0,0,0
12356,1,1,0,0,0,0,1,1,1,0,0,0,0,1,1,1,0,0,0,0,1
12357,1,0,0,0,0,0,0,1,0,0,0,0,0,0,1,0,0,0,0,0,0
12358,0,0,0,0,0,0,0,1,0,0,0,0,0,0,1,0,0,0,0,0,0
12359,1,1,0,0,0,0,1,1,1,0,0,0,0,1,0,0,0,0,0,0,0
12360,1,1,0,0,0,0,1,1,0,0,0,0,0,0,2,0,0,0,0,0,0
12361,1,0,0,0,0,0,0,1,0,0,0,0,0,0,0,0,0,0,0,0,0
12362,1,0,0,0,0,0,0,1,1,0,0,0,0,1,0,0,0,0,0,0,0
12363,1,0,0,0,0,0,0,0,0,0,0,0,0,0,0,0,0,0,0,0,0
12364,1,0,0,0,0,0,0,0,0,0,0,0,0,0,0,0,0,0,0,0,0
12365,1,0,0,0,0,0,0,0,0,0,0,0,0,0,0,0,0,0,0,0,0
12366,1,0,0,0,0,0,0,1,1,0,1,0,0,0,0,0,0,0,0,0,0
12367,1,1,1,0,0,0,0,1,1,0,0,0,0,1,0,0,0,0,0,0,0
12368,1,1,0,0,0,0,1,2,0,0,0,0,0,0,1,0,0,0,0,0,0
12369,1,1,0,0,0,0,1,1,1,0,0,0,0,1,0,0,0,0,0,0,0
12370,2,1,0,0,0,0,1,1,1,0,0,0,0,1,0,0,0,0,0,0,0
12372,1,1,0,0,0,0,1,0,0,0,0,0,0,0,0,0,0,0,0,0,0
12374,1,1,0,0,0,0,1,1,1,0,0,0,0,1,0,0,0,0,0,0,0
12375,1,0,0,0,0,0,0,1,0,0,0,0,0,0,0,0,0,0,0,0,0
12376,1,0,0,0,0,0,0,1,0,0,0,0,0,0,0,0,0,0,0,0,0
12377,0,0,0,0,0,0,0,1,0,0,0,0,0,0,0,0,0,0,0,0,0
12378,1,0,0,0,0,0,0,0,0,0,0,0,0,0,0,0,0,0,0,0,0
12379,1,0,0,0,0,0,0,1,1,0,0,0,0,1,0,0,0,0,0,0,0
12380,1,1,0,0,0,0,1,1,1,0,0,0,0,1,0,0,0,0,0,0,0
12381,1,1,0,0,0,0,1,2,0,0,0,0,0,0,0,0,0,0,0,0,0
12382,2,1,0,0,0,0,1,2,1,0,0,0,0,1,1,1,0,0,0,0,1
12383,2,1,0,0,0,0,1,2,1,0,0,0,0,1,1,0,0,0,0,0,0
12384,1,1,0,0,0,0,1,1,1,0,0,0,0,1,1,0,0,0,0,0,0
12385,0,0,0,0,0,0,0,1,0,0,0,0,0,0,0,0,0,0,0,0,0
12386,1,1,0,0,0,0,1,0,0,0,0,0,0,0,0,0,0,0,0,0,0
12388,1,1,0,0,0,0,1,1,1,0,0,0,0,1,0,0,0,0,0,0,0
12389,1,1,0,0,0,0,1,1,0,0,0,0,0,0,0,0,0,0,0,0,0
12390,1,1,0,0,0,0,1,1,1,0,1,0,0,0,1,0,0,0,0,0,0
12391,0,0,0,0,0,0,0,1,0,0,0,0,0,0,0,0,0,0,0,0,0
12392,1,1,0,0,0,0,1,1,1,0,1,0,0,0,0,0,0,0,0,0,0
12393,1,0,0,0,0,0,0,1,1,0,1,0,0,0,0,0,0,0,0,0,0
12394,1,1,0,0,0,0,1,1,1,0,0,0,0,1,1,0,0,0,0,0,0
12395,3,0,0,0,0,0,0,3,0,0,0,0,0,0,2,0,0,0,0,0,0
12396,1,1,0,0,0,0,1,1,1,0,0,0,0,1,0,0,0,0,0,0,0
12397,0,0,0,0,0,0,0,1,0,0,0,0,0,0,1,0,0,0,0,0,0
12398,1,0,0,0,0,0,0,2,0,0,0,0,0,0,1,0,0,0,0,0,0
12399,1,1,0,0,0,0,1,1,1,0,0,0,0,1,1,0,0,0,0,0,0
12400,1,0,0,0,0,0,0,0,0,0,0,0,0,0,0,0,0,0,0,0,0
12401,1,0,0,0,0,0,0,0,0,0,0,0,0,0,0,0,0,0,0,0,0
12402,3,1,0,0,0,0,1,3,0,0,0,0,0,0,3,2,0,0,0,0,2
12403,1,1,0,0,0,0,1,1,1,0,0,0,0,1,0,0,0,0,0,0,0
12404,1,0,0,0,0,0,0,1,0,0,0,0,0,0,1,0,0,0,0,0,0
12405,1,0,0,0,0,0,0,1,0,0,0,0,0,0,1,0,0,0,0,0,0
12407,1,0,0,0,0,0,0,1,0,0,0,0,0,0,1,0,0,0,0,0,0
12408,1,0,0,0,0,0,0,1,0,0,0,0,0,0,0,0,0,0,0,0,0
12409,3,1,0,0,0,0,1,4,1,0,0,0,0,1,2,0,0,0,0,0,0
12410,1,0,0,0,0,0,0,0,0,0,0,0,0,0,1,0,0,0,0,0,0
12411,1,0,0,0,0,0,0,0,0,0,0,0,0,0,0,0,0,0,0,0,0
12412,2,0,0,0,0,0,0,2,1,0,0,0,0,1,2,1,0,0,0,0,1
12413,0,0,0,0,0,0,0,1,0,0,0,0,0,0,0,0,0,0,0,0,0
12415,0,0,0,0,0,0,0,0,0,0,0,0,0,0,1,0,0,0,0,0,0
12416,1,0,0,0,0,0,0,1,0,0,0,0,0,0,0,0,0,0,0,0,0
12417,0,0,0,0,0,0,0,0,0,0,0,0,0,0,1,0,0,0,0,0,0
12418,2,0,0,0,0,0,0,2,1,0,0,0,0,1,0,0,0,0,0,0,0
12420,1,1,1,0,0,0,0,1,1,0,0,0,0,1,2,2,0,0,0,0,2
12421,3,1,0,1,0,0,0,1,1,0,0,0,0,1,1,1,0,1,0,0,0
12422,1,0,0,0,0,0,0,1,0,0,0,0,0,0,0,0,0,0,0,0,0
12423,2,0,0,0,0,0,0,2,0,0,0,0,0,0,1,0,0,0,0,0,0
12425,2,0,0,0,0,0,0,2,0,0,0,0,0,0,2,0,0,0,0,0,0
12426,1,0,0,0,0,0,0,1,0,0,0,0,0,0,0,0,0,0,0,0,0
12428,0,0,0,0,0,0,0,1,0,0,0,0,0,0,0,0,0,0,0,0,0
12429,1,1,0,0,0,0,1,1,1,0,0,0,0,1,0,0,0,0,0,0,0
12430,0,0,0,0,0,0,0,1,0,0,0,0,0,0,0,0,0,0,0,0,0
12432,4,0,0,0,0,0,0,3,1,1,0,0,0,0,2,0,0,0,0,0,0
12433,1,0,0,0,0,0,0,1,0,0,0,0,0,0,0,0,0,0,0,0,0
12434,2,2,0,0,0,0,2,2,1,0,0,0,0,1,0,0,0,0,0,0,0
12435,1,0,0,0,0,0,0,0,0,0,0,0,0,0,0,0,0,0,0,0,0
12436,1,1,0,1,0,0,0,1,1,0,1,0,0,0,1,1,0,0,0,0,1
12437,1,1,0,1,0,0,0,1,1,0,1,0,0,0,1,1,0,0,0,0,1
12438,1,0,0,0,0,0,0,1,0,0,0,0,0,0,0,0,0,0,0,0,0
12440,0,0,0,0,0,0,0,1,0,0,0,0,0,0,0,0,0,0,0,0,0
12441,1,0,0,0,0,0,0,1,0,0,0,0,0,0,0,0,0,0,0,0,0
12442,1,1,0,0,1,1,0,1,1,0,1,0,0,0,1,1,0,0,1,1,0
12444,1,1,0,0,0,0,1,1,0,0,0,0,0,0,0,0,0,0,0,0,0
12445,1,1,0,0,0,0,1,1,1,0,0,0,0,1,2,1,1,0,0,0,0
12446,1,0,0,0,0,0,0,1,0,0,0,0,0,0,1,0,0,0,0,0,0
12450,1,1,0,0,1,1,0,2,2,0,0,0,0,2,0,0,0,0,0,0,0
12452,1,1,0,1,0,0,0,1,1,1,0,0,0,0,0,0,0,0,0,0,0
12453,1,1,0,0,0,0,1,1,1,1,0,0,0,0,1,1,0,0,0,0,1
12454,1,1,0,0,0,0,1,1,1,0,0,0,0,1,1,1,0,0,0,0,1
12455,2,2,1,0,0,0,1,2,2,0,0,0,0,2,1,1,0,0,0,0,1
12456,0,0,0,0,0,0,0,1,0,0,0,0,0,0,1,0,0,0,0,0,0
12457,1,0,0,0,0,0,0,1,0,0,0,0,0,0,0,0,0,0,0,0,0
12458,0,0,0,0,0,0,0,1,0,0,0,0,0,0,0,0,0,0,0,0,0
12459,1,0,0,0,0,0,0,1,0,0,0,0,0,0,1,0,0,0,0,0,0
12460,1,0,0,0,0,0,0,1,1,0,0,0,0,1,0,0,0,0,0,0,0
12461,1,1,0,0,0,0,1,1,0,0,0,0,0,0,1,1,0,0,0,0,1
12462,1,1,0,0,0,0,1,1,1,0,0,0,0,1,1,0,0,0,0,0,0
12463,1,1,0,1,0,0,0,1,1,0,0,1,1,0,1,1,0,0,0,0,1
12464,1,1,0,0,0,0,1,1,0,0,0,0,0,0,1,1,0,0,0,0,1
12465,1,0,0,0,0,0,0,1,0,0,0,0,0,0,1,0,0,0,0,0,0
12467,1,0,0,0,0,0,0,0,0,0,0,0,0,0,1,1,0,0,0,0,1
12468,1,1,0,0,0,0,1,1,1,0,1,0,0,0,2,1,1,0,0,0,0
12469,1,1,1,0,0,0,0,1,1,1,0,0,0,0,1,1,0,0,1,1,0
12470,1,0,0,0,0,0,0,1,1,0,0,0,0,1,0,0,0,0,0,0,0
12471,1,0,0,0,0,0,0,1,0,0,0,0,0,0,0,0,0,0,0,0,0
12472,1,1,0,0,0,0,1,1,1,0,0,1,1,0,1,1,0,0,0,0,1
12473,1,0,0,0,0,0,0,0,0,0,0,0,0,0,1,0,0,0,0,0,0
12474,1,0,0,0,0,0,0,1,1,0,0,0,0,1,0,0,0,0,0,0,0
12475,1,1,0,0,0,0,1,1,1,0,0,0,0,1,1,1,0,0,0,0,1
12477,1,1,1,0,0,0,0,1,1,0,0,0,0,1,1,1,0,0,0,0,1
12478,1,1,0,0,0,0,1,1,1,0,0,0,0,1,1,1,0,0,0,0,1
12479,2,1,0,1,0,0,0,3,2,1,0,0,0,1,1,1,0,0,0,0,1
12480,3,1,0,0,0,0,1,2,1,0,0,0,0,1,2,1,0,0,0,0,1
12481,3,1,1,0,0,0,0,2,1,0,0,0,0,1,0,0,0,0,0,0,0
12483,1,0,0,0,0,0,0,0,0,0,0,0,0,0,0,0,0,0,0,0,0
12484,1,1,0,0,0,0,1,1,1,0,1,0,0,0,1,1,0,0,0,0,1
12485,1,0,0,0,0,0,0,1,1,0,0,0,0,1,0,0,0,0,0,0,0
12487,1,1,0,0,0,0,1,1,1,0,0,0,0,1,1,1,0,0,0,0,1
12488,1,0,0,0,0,0,0,1,0,0,0,0,0,0,1,0,0,0,0,0,0
12489,0,0,0,0,0,0,0,1,0,0,0,0,0,0,0,0,0,0,0,0,0
12490,0,0,0,0,0,0,0,0,0,0,0,0,0,0,1,0,0,0,0,0,0
12491,1,0,0,0,0,0,0,1,0,0,0,0,0,0,1,0,0,0,0,0,0
12493,1,1,0,0,0,0,1,0,0,0,0,0,0,0,0,0,0,0,0,0,0
12495,1,0,0,0,0,0,0,0,0,0,0,0,0,0,0,0,0,0,0,0,0
12497,0,0,0,0,0,0,0,1,0,0,0,0,0,0,0,0,0,0,0,0,0
12498,1,0,0,0,0,0,0,1,0,0,0,0,0,0,0,0,0,0,0,0,0
12499,1,1,0,0,0,0,1,1,1,0,0,0,0,1,0,0,0,0,0,0,0
12500,1,1,0,0,0,0,1,1,1,0,1,0,0,0,1,1,0,0,0,0,1
12501,1,1,0,0,0,0,1,0,0,0,0,0,0,0,0,0,0,0,0,0,0
12503,2,0,0,0,0,0,0,1,0,0,0,0,0,0,0,0,0,0,0,0,0
12504,2,0,0,0,0,0,0,3,1,0,0,0,0,1,1,0,0,0,0,0,0
12506,1,0,0,0,0,0,0,1,0,0,0,0,0,0,0,0,0,0,0,0,0
12507,1,1,0,0,0,0,1,1,1,0,0,0,0,1,0,0,0,0,0,0,0
12508,1,0,0,0,0,0,0,0,0,0,0,0,0,0,0,0,0,0,0,0,0
12509,1,0,0,0,0,0,0,1,0,0,0,0,0,0,1,0,0,0,0,0,0
12510,1,0,0,0,0,0,0,1,0,0,0,0,0,0,0,0,0,0,0,0,0
12511,1,1,0,0,0,0,1,1,1,0,0,0,0,1,1,0,0,0,0,0,0
12512,1,0,0,0,0,0,0,1,0,0,0,0,0,0,0,0,0,0,0,0,0
12513,2,0,0,0,0,0,0,1,0,0,0,0,0,0,0,0,0,0,0,0,0
12514,2,1,0,0,0,0,1,2,2,0,0,0,0,2,0,0,0,0,0,0,0
12515,1,0,0,0,0,0,0,1,0,0,0,0,0,0,0,0,0,0,0,0,0
12516,1,0,0,0,0,0,0,1,0,0,0,0,0,0,0,0,0,0,0,0,0
12517,1,1,0,0,0,0,1,1,1,0,0,0,0,1,0,0,0,0,0,0,0
12518,1,0,0,0,0,0,0,1,0,0,0,0,0,0,0,0,0,0,0,0,0
12519,1,1,0,0,0,0,1,1,0,0,0,0,0,0,1,1,0,0,0,0,1
12521,1,0,0,0,0,0,0,1,0,0,0,0,0,0,0,0,0,0,0,0,0
12522,1,0,0,0,0,0,0,0,0,0,0,0,0,0,0,0,0,0,0,0,0
12523,1,1,0,0,0,0,1,1,1,0,0,0,0,1,0,0,0,0,0,0,0
12524,1,0,0,0,0,0,0,0,0,0,0,0,0,0,0,0,0,0,0,0,0
12525,1,0,0,0,0,0,0,0,0,0,0,0,0,0,0,0,0,0,0,0,0
12526,1,1,0,0,0,0,1,1,1,0,0,0,0,1,0,0,0,0,0,0,0
12527,0,0,0,0,0,0,0,1,0,0,0,0,0,0,1,0,0,0,0,0,0
12528,1,0,0,0,0,0,0,0,0,0,0,0,0,0,0,0,0,0,0,0,0
12530,1,1,1,0,0,0,0,3,1,0,0,0,0,1,1,0,0,0,0,0,0
12531,0,0,0,0,0,0,0,0,0,0,0,0,0,0,1,0,0,0,0,0,0
12532,0,0,0,0,0,0,0,0,0,0,0,0,0,0,1,0,0,0,0,0,0
12534,0,0,0,0,0,0,0,1,0,0,0,0,0,0,1,0,0,0,0,0,0
12535,1,0,0,0,0,0,0,1,1,0,0,0,0,1,1,1,0,0,0,0,1
12536,1,0,0,0,0,0,0,1,1,0,0,0,0,1,0,0,0,0,0,0,0
12537,1,0,0,0,0,0,0,1,0,0,0,0,0,0,1,0,0,0,0,0,0
12538,1,0,0,0,0,0,0,0,0,0,0,0,0,0,1,0,0,0,0,0,0
12539,1,0,0,0,0,0,0,0,0,0,0,0,0,0,0,0,0,0,0,0,0
12540,1,0,0,0,0,0,0,0,0,0,0,0,0,0,0,0,0,0,0,0,0
12541,1,0,0,0,0,0,0,0,0,0,0,0,0,0,0,0,0,0,0,0,0
12542,1,0,0,0,0,0,0,0,0,0,0,0,0,0,0,0,0,0,0,0,0
12544,0,0,0,0,0,0,0,2,0,0,0,0,0,0,2,1,0,0,0,0,1
12545,1,1,0,0,0,0,1,1,1,0,0,0,0,1,0,0,0,0,0,0,0
12546,1,0,0,0,0,0,0,1,0,0,0,0,0,0,0,0,0,0,0,0,0
12547,1,0,0,0,0,0,0,1,0,0,0,0,0,0,0,0,0,0,0,0,0
12548,1,1,0,0,0,0,1,1,0,0,0,0,0,0,1,1,0,0,0,0,1
12554,1,1,0,0,0,0,1,1,1,0,0,0,0,1,1,1,0,0,0,0,1
12555,1,1,0,0,0,0,1,1,1,0,0,0,0,1,0,0,0,0,0,0,0
12556,1,0,0,0,0,0,0,1,0,0,0,0,0,0,1,0,0,0,0,0,0
12557,1,0,0,0,0,0,0,1,0,0,0,0,0,0,2,1,0,0,0,0,1
12558,1,0,0,0,0,0,0,1,0,0,0,0,0,0,0,0,0,0,0,0,0
12559,1,0,0,0,0,0,0,1,0,0,0,0,0,0,1,0,0,0,0,0,0
12560,1,0,0,0,0,0,0,1,0,0,0,0,0,0,0,0,0,0,0,0,0
12561,2,2,0,0,0,0,2,2,2,0,0,0,0,2,1,1,1,0,0,0,0
12562,1,1,0,1,0,0,0,1,1,0,0,0,0,1,0,0,0,0,0,0,0
12563,1,0,0,0,0,0,0,1,0,0,0,0,0,0,0,0,0,0,0,0,0
12564,2,1,0,0,0,0,1,2,1,0,0,0,0,1,0,0,0,0,0,0,0
12565,1,0,0,0,0,0,0,1,1,0,0,0,0,1,0,0,0,0,0,0,0
12566,1,0,0,0,0,0,0,1,0,0,0,0,0,0,2,0,0,0,0,0,0
12567,1,0,0,0,0,0,0,0,0,0,0,0,0,0,0,0,0,0,0,0,0
12568,1,0,0,0,0,0,0,1,0,0,0,0,0,0,0,0,0,0,0,0,0
12569,1,1,1,0,0,0,0,1,1,1,0,0,0,0,1,1,0,1,0,0,0
12570,1,0,0,0,0,0,0,0,0,0,0,0,0,0,0,0,0,0,0,0,0
12577,1,1,0,1,0,0,0,0,0,0,0,0,0,0,0,0,0,0,0,0,0
12578,0,0,0,0,0,0,0,1,0,0,0,0,0,0,1,0,0,0,0,0,0
12579,1,0,0,0,0,0,0,0,0,0,0,0,0,0,0,0,0,0,0,0,0
12580,1,0,0,0,0,0,0,1,0,0,0,0,0,0,1,0,0,0,0,0,0
12581,1,1,0,0,0,0,1,1,1,0,0,0,0,1,1,0,0,0,0,0,0
12582,1,0,0,0,0,0,0,1,0,0,0,0,0,0,0,0,0,0,0,0,0
12583,2,1,0,0,0,0,1,2,0,0,0,0,0,0,2,1,0,0,0,0,1
12584,1,0,0,0,0,0,0,1,1,0,0,0,0,1,1,0,0,0,0,0,0
12585,0,0,0,0,0,0,0,1,1,0,0,0,0,1,0,0,0,0,0,0,0
12586,0,0,0,0,0,0,0,1,0,0,0,0,0,0,0,0,0,0,0,0,0
12587,0,0,0,0,0,0,0,1,0,0,0,0,0,0,0,0,0,0,0,0,0
12588,0,0,0,0,0,0,0,1,0,0,0,0,0,0,0,0,0,0,0,0,0
12589,1,0,0,0,0,0,0,1,0,0,0,0,0,0,0,0,0,0,0,0,0
12590,0,0,0,0,0,0,0,1,0,0,0,0,0,0,0,0,0,0,0,0,0
12591,1,1,0,0,0,0,1,1,1,0,1,0,0,0,0,0,0,0,0,0,0
12593,1,0,0,0,0,0,0,0,0,0,0,0,0,0,0,0,0,0,0,0,0
12594,0,0,0,0,0,0,0,1,0,0,0,0,0,0,0,0,0,0,0,0,0
12595,0,0,0,0,0,0,0,1,1,0,0,0,0,1,0,0,0,0,0,0,0
12596,1,0,0,0,0,0,0,1,0,0,0,0,0,0,0,0,0,0,0,0,0
12597,1,1,1,0,0,0,0,2,2,1,0,0,0,1,1,1,0,1,0,0,0
12598,1,0,0,0,0,0,0,0,0,0,0,0,0,0,0,0,0,0,0,0,0
12599,1,0,0,0,0,0,0,1,0,0,0,0,0,0,0,0,0,0,0,0,0
12600,1,0,0,0,0,0,0,1,1,0,0,0,0,1,0,0,0,0,0,0,0
12602,1,0,0,0,0,0,0,1,0,0,0,0,0,0,1,0,0,0,0,0,0
12604,1,0,0,0,0,0,0,1,1,0,0,0,0,1,1,0,0,0,0,0,0
12605,1,0,0,0,0,0,0,1,0,0,0,0,0,0,1,0,0,0,0,0,0
12607,1,0,0,0,0,0,0,1,0,0,0,0,0,0,0,0,0,0,0,0,0
12608,1,0,0,0,0,0,0,1,1,0,0,0,0,1,0,0,0,0,0,0,0
12609,0,0,0,0,0,0,0,1,0,0,0,0,0,0,0,0,0,0,0,0,0
12610,1,0,0,0,0,0,0,1,0,0,0,0,0,0,0,0,0,0,0,0,0
12611,1,0,0,0,0,0,0,1,0,0,0,0,0,0,1,0,0,0,0,0,0
12612,0,0,0,0,0,0,0,1,0,0,0,0,0,0,0,0,0,0,0,0,0
12613,0,0,0,0,0,0,0,1,0,0,0,0,0,0,0,0,0,0,0,0,0
12614,1,0,0,0,0,0,0,1,0,0,0,0,0,0,1,1,0,0,0,0,1
12615,1,0,0,0,0,0,0,1,0,0,0,0,0,0,0,0,0,0,0,0,0
12616,1,1,1,0,0,0,0,2,2,0,0,0,0,2,1,1,1,0,0,0,0
12618,0,0,0,0,0,0,0,1,0,0,0,0,0,0,0,0,0,0,0,0,0
12619,0,0,0,0,0,0,0,1,0,0,0,0,0,0,0,0,0,0,0,0,0
12620,1,0,0,0,0,0,0,1,0,0,0,0,0,0,0,0,0,0,0,0,0
12621,1,1,0,0,0,0,1,1,1,0,0,0,0,1,0,0,0,0,0,0,0
12622,0,0,0,0,0,0,0,1,0,0,0,0,0,0,0,0,0,0,0,0,0
12624,0,0,0,0,0,0,0,1,0,0,0,0,0,0,0,0,0,0,0,0,0
12626,0,0,0,0,0,0,0,1,0,0,0,0,0,0,0,0,0,0,0,0,0
12629,1,1,0,0,0,0,1,1,1,0,0,0,0,1,0,0,0,0,0,0,0
12630,0,0,0,0,0,0,0,1,1,1,0,0,0,0,0,0,0,0,0,0,0
12631,1,1,0,0,0,0,1,1,1,0,0,0,0,1,0,0,0,0,0,0,0
12632,1,1,0,0,0,0,1,1,1,0,0,0,0,1,0,0,0,0,0,0,0
12634,1,0,0,0,0,0,0,1,1,0,0,0,0,1,0,0,0,0,0,0,0
12635,0,0,0,0,0,0,0,1,1,0,0,0,0,1,0,0,0,0,0,0,0
12636,0,0,0,0,0,0,0,1,0,0,0,0,0,0,0,0,0,0,0,0,0
12638,0,0,0,0,0,0,0,1,1,0,0,0,0,1,1,0,0,0,0,0,0
12639,0,0,0,0,0,0,0,1,1,0,0,0,0,1,0,0,0,0,0,0,0
12640,0,0,0,0,0,0,0,0,0,0,0,0,0,0,1,0,0,0,0,0,0
12641,1,1,0,0,0,0,1,1,1,0,0,0,0,1,1,1,0,1,0,0,0
12642,0,0,0,0,0,0,0,1,0,0,0,0,0,0,0,0,0,0,0,0,0
12643,1,1,0,0,0,0,1,1,0,0,0,0,0,0,1,1,0,0,0,0,1
12644,1,0,0,0,0,0,0,1,0,0,0,0,0,0,0,0,0,0,0,0,0
12645,1,0,0,0,0,0,0,2,0,0,0,0,0,0,0,0,0,0,0,0,0
12646,1,1,0,0,0,0,1,1,1,0,0,0,0,1,1,1,0,0,0,0,1
12647,0,0,0,0,0,0,0,1,0,0,0,0,0,0,1,0,0,0,0,0,0
12648,1,0,0,0,0,0,0,1,1,0,0,0,0,1,1,1,0,0,0,0,1
12649,1,0,0,0,0,0,0,0,0,0,0,0,0,0,0,0,0,0,0,0,0
12650,1,0,0,0,0,0,0,0,0,0,0,0,0,0,0,0,0,0,0,0,0
12651,0,0,0,0,0,0,0,1,0,0,0,0,0,0,0,0,0,0,0,0,0
12652,0,0,0,0,0,0,0,1,0,0,0,0,0,0,0,0,0,0,0,0,0
12653,0,0,0,0,0,0,0,1,0,0,0,0,0,0,0,0,0,0,0,0,0
12654,1,0,0,0,0,0,0,0,0,0,0,0,0,0,0,0,0,0,0,0,0
12655,0,0,0,0,0,0,0,1,0,0,0,0,0,0,0,0,0,0,0,0,0
12656,0,0,0,0,0,0,0,1,0,0,0,0,0,0,0,0,0,0,0,0,0
12657,1,0,0,0,0,0,0,0,0,0,0,0,0,0,0,0,0,0,0,0,0
12658,1,1,0,0,0,0,1,1,1,0,0,0,0,1,1,0,0,0,0,0,0
12660,1,0,0,0,0,0,0,1,0,0,0,0,0,0,0,0,0,0,0,0,0
12661,1,0,0,0,0,0,0,1,1,0,0,0,0,1,1,0,0,0,0,0,0
12662,2,1,0,0,0,0,1,2,0,0,0,0,0,0,0,0,0,0,0,0,0
12663,1,1,0,0,0,0,1,1,1,0,0,0,0,1,1,1,0,0,0,0,1
12664,1,1,0,1,0,0,0,1,1,0,0,0,0,1,1,1,0,0,0,0,1
12665,1,1,0,0,0,0,1,1,1,1,0,0,0,0,1,1,0,0,0,0,1
12666,0,0,0,0,0,0,0,1,1,0,0,0,0,1,1,1,0,0,0,0,1
12667,1,1,1,0,0,0,0,1,1,1,0,0,0,0,1,1,0,0,0,0,1
12668,0,0,0,0,0,0,0,1,1,0,0,0,0,1,0,0,0,0,0,0,0
12669,1,0,0,0,0,0,0,0,0,0,0,0,0,0,0,0,0,0,0,0,0
12670,0,0,0,0,0,0,0,1,0,0,0,0,0,0,0,0,0,0,0,0,0
12671,1,1,0,0,0,0,1,1,1,0,0,0,0,1,0,0,0,0,0,0,0
12672,1,0,0,0,0,0,0,1,0,0,0,0,0,0,1,0,0,0,0,0,0
12673,0,0,0,0,0,0,0,1,0,0,0,0,0,0,0,0,0,0,0,0,0
12674,1,0,0,0,0,0,0,0,0,0,0,0,0,0,1,0,0,0,0,0,0
12675,0,0,0,0,0,0,0,1,1,0,0,0,0,1,0,0,0,0,0,0,0
12676,1,0,0,0,0,0,0,0,0,0,0,0,0,0,1,0,0,0,0,0,0
12678,1,1,0,0,0,0,1,1,1,0,0,0,0,1,0,0,0,0,0,0,0
12679,1,0,0,0,0,0,0,1,0,0,0,0,0,0,0,0,0,0,0,0,0
12680,0,0,0,0,0,0,0,1,0,0,0,0,0,0,0,0,0,0,0,0,0
12681,1,1,0,0,0,0,1,1,1,0,0,0,0,1,1,1,0,0,0,0,1
12682,0,0,0,0,0,0,0,1,0,0,0,0,0,0,0,0,0,0,0,0,0
12683,1,0,0,0,0,0,0,2,0,0,0,0,0,0,1,0,0,0,0,0,0
12684,1,0,0,0,0,0,0,1,1,0,0,0,0,1,0,0,0,0,0,0,0
12685,0,0,0,0,0,0,0,1,1,0,0,0,0,1,0,0,0,0,0,0,0
12687,1,0,0,0,0,0,0,1,0,0,0,0,0,0,0,0,0,0,0,0,0
12688,0,0,0,0,0,0,0,1,0,0,0,0,0,0,0,0,0,0,0,0,0
12689,0,0,0,0,0,0,0,1,0,0,0,0,0,0,0,0,0,0,0,0,0
12690,0,0,0,0,0,0,0,1,1,1,0,0,0,0,0,0,0,0,0,0,0
12691,1,0,0,0,0,0,0,1,0,0,0,0,0,0,1,0,0,0,0,0,0
12692,0,0,0,0,0,0,0,1,0,0,0,0,0,0,0,0,0,0,0,0,0
12693,1,1,0,0,0,0,1,1,0,0,0,0,0,0,1,1,0,0,0,0,1
12694,1,0,0,0,0,0,0,1,0,0,0,0,0,0,1,0,0,0,0,0,0
12695,1,1,0,0,0,0,1,1,1,0,1,0,0,0,1,1,0,0,0,0,1
12698,1,1,0,0,0,0,1,1,1,0,0,0,0,1,1,1,0,0,0,0,1
12699,1,0,0,0,0,0,0,1,0,0,0,0,0,0,1,0,0,0,0,0,0
12700,1,0,0,0,0,0,0,1,1,0,0,0,0,1,0,0,0,0,0,0,0
12702,0,0,0,0,0,0,0,1,1,0,0,0,0,1,0,0,0,0,0,0,0
12703,1,1,0,0,0,0,1,1,1,0,0,1,1,0,0,0,0,0,0,0,0
12704,0,0,0,0,0,0,0,1,0,0,0,0,0,0,0,0,0,0,0,0,0
12705,0,0,0,0,0,0,0,1,0,0,0,0,0,0,0,0,0,0,0,0,0
12706,2,2,1,0,0,0,1,2,1,0,0,0,0,1,1,0,0,0,0,0,0
12707,1,0,0,0,0,0,0,1,0,0,0,0,0,0,1,0,0,0,0,0,0
12708,1,0,0,0,0,0,0,1,0,0,0,0,0,0,0,0,0,0,0,0,0
12709,1,1,0,0,0,0,1,1,1,0,0,0,0,1,0,0,0,0,0,0,0
12711,1,1,0,0,0,0,1,1,1,1,0,0,0,0,1,1,0,0,0,0,1
12712,1,0,0,0,0,0,0,0,0,0,0,0,0,0,0,0,0,0,0,0,0
12713,0,0,0,0,0,0,0,1,0,0,0,0,0,0,0,0,0,0,0,0,0
12717,1,1,0,0,0,0,1,1,1,0,0,0,0,1,1,1,0,0,0,0,1
12719,1,0,0,0,0,0,0,0,0,0,0,0,0,0,0,0,0,0,0,0,0
12720,0,0,0,0,0,0,0,1,0,0,0,0,0,0,0,0,0,0,0,0,0
12721,1,0,0,0,0,0,0,0,0,0,0,0,0,0,0,0,0,0,0,0,0
12722,1,1,0,0,0,0,1,0,0,0,0,0,0,0,1,1,1,0,0,0,0
12723,1,0,0,0,0,0,0,1,0,0,0,0,0,0,0,0,0,0,0,0,0
12724,1,1,0,0,0,0,1,1,0,0,0,0,0,0,1,0,0,0,0,0,0
12726,2,0,0,0,0,0,0,1,0,0,0,0,0,0,2,0,0,0,0,0,0
12727,1,1,0,1,0,0,0,1,1,0,0,0,0,1,0,0,0,0,0,0,0
12728,1,1,0,0,0,0,1,1,1,0,0,0,0,1,1,1,0,0,0,0,1
12729,1,0,0,0,0,0,0,1,0,0,0,0,0,0,1,0,0,0,0,0,0
12731,1,0,0,0,0,0,0,1,0,0,0,0,0,0,1,0,0,0,0,0,0
12732,1,1,0,0,0,0,1,1,1,0,0,0,0,1,1,1,0,0,0,0,1
12735,1,0,0,0,0,0,0,1,0,0,0,0,0,0,1,0,0,0,0,0,0
12740,0,0,0,0,0,0,0,1,0,0,0,0,0,0,0,0,0,0,0,0,0
12741,1,0,0,0,0,0,0,0,0,0,0,0,0,0,1,0,0,0,0,0,0
12742,2,0,0,0,0,0,0,2,0,0,0,0,0,0,0,0,0,0,0,0,0
12743,0,0,0,0,0,0,0,1,0,0,0,0,0,0,0,0,0,0,0,0,0
12744,1,0,0,0,0,0,0,1,0,0,0,0,0,0,0,0,0,0,0,0,0
12745,0,0,0,0,0,0,0,1,0,0,0,0,0,0,1,0,0,0,0,0,0
12746,0,0,0,0,0,0,0,1,0,0,0,0,0,0,0,0,0,0,0,0,0
12747,0,0,0,0,0,0,0,1,0,0,0,0,0,0,0,0,0,0,0,0,0
12750,1,1,0,0,0,0,1,1,1,0,0,0,0,1,1,0,0,0,0,0,0
12754,1,0,0,0,0,0,0,1,0,0,0,0,0,0,1,0,0,0,0,0,0
12755,1,0,0,0,0,0,0,1,1,0,0,0,0,1,0,0,0,0,0,0,0
12756,1,0,0,0,0,0,0,1,0,0,0,0,0,0,0,0,0,0,0,0,0
12757,0,0,0,0,0,0,0,0,0,0,0,0,0,0,1,0,0,0,0,0,0
12758,1,1,0,0,0,0,1,1,0,0,0,0,0,0,0,0,0,0,0,0,0
12759,0,0,0,0,0,0,0,1,0,0,0,0,0,0,1,1,0,0,0,0,1
12761,1,0,0,0,0,0,0,0,0,0,0,0,0,0,0,0,0,0,0,0,0
12764,0,0,0,0,0,0,0,1,0,0,0,0,0,0,0,0,0,0,0,0,0
12766,0,0,0,0,0,0,0,0,0,0,0,0,0,0,1,0,0,0,0,0,0
12767,1,1,0,0,0,0,1,1,1,0,0,0,0,1,1,1,0,0,0,0,1
12769,1,0,0,0,0,0,0,1,0,0,0,0,0,0,0,0,0,0,0,0,0
12773,1,1,0,0,0,0,1,0,0,0,0,0,0,0,0,0,0,0,0,0,0
12774,1,0,0,0,0,0,0,0,0,0,0,0,0,0,0,0,0,0,0,0,0
12785,0,0,0,0,0,0,0,0,0,0,0,0,0,0,1,0,0,0,0,0,0
12788,1,1,0,0,0,0,1,0,0,0,0,0,0,0,0,0,0,0,0,0,0
12790,1,0,0,0,0,0,0,1,1,0,0,0,0,1,0,0,0,0,0,0,0
12791,1,0,0,0,0,0,0,1,0,0,0,0,0,0,0,0,0,0,0,0,0
12792,1,0,0,0,0,0,0,1,1,0,0,0,0,1,0,0,0,0,0,0,0
12793,1,1,0,0,0,0,1,1,1,0,0,0,0,1,0,0,0,0,0,0,0
12801,0,0,0,0,0,0,0,0,0,0,0,0,0,0,1,0,0,0,0,0,0
12802,0,0,0,0,0,0,0,1,0,0,0,0,0,0,1,0,0,0,0,0,0
12803,1,1,0,0,0,0,1,1,1,0,0,0,0,1,1,1,0,0,0,0,1
12804,1,0,0,0,0,0,0,1,0,0,0,0,0,0,0,0,0,0,0,0,0
12805,1,0,0,0,0,0,0,1,0,0,0,0,0,0,0,0,0,0,0,0,0
12809,1,0,0,0,0,0,0,1,1,0,0,0,0,1,0,0,0,0,0,0,0
12811,1,0,0,0,0,0,0,0,0,0,0,0,0,0,0,0,0,0,0,0,0
12812,0,0,0,0,0,0,0,0,0,0,0,0,0,0,1,0,0,0,0,0,0
12813,1,1,0,0,0,0,1,1,1,0,0,0,0,1,1,1,0,0,0,0,1
12814,1,0,0,0,0,0,0,0,0,0,0,0,0,0,0,0,0,0,0,0,0
12816,1,1,0,0,0,0,1,1,1,0,0,0,0,1,0,0,0,0,0,0,0
12817,1,1,0,0,0,0,1,1,0,0,0,0,0,0,1,0,0,0,0,0,0
12818,1,0,0,0,0,0,0,0,0,0,0,0,0,0,0,0,0,0,0,0,0
12819,1,0,0,0,0,0,0,0,0,0,0,0,0,0,0,0,0,0,0,0,0
12821,1,0,0,0,0,0,0,1,1,0,0,0,0,1,1,1,0,0,0,0,1
12822,0,0,0,0,0,0,0,1,0,0,0,0,0,0,1,0,0,0,0,0,0
12825,1,0,0,0,0,0,0,0,0,0,0,0,0,0,0,0,0,0,0,0,0
12826,1,0,0,0,0,0,0,1,0,0,0,0,0,0,1,1,0,0,0,0,1
12827,1,0,0,0,0,0,0,1,0,0,0,0,0,0,0,0,0,0,0,0,0
12829,1,1,0,0,0,0,1,1,1,1,0,0,0,0,0,0,0,0,0,0,0
12833,1,0,0,0,0,0,0,1,0,0,0,0,0,0,1,0,0,0,0,0,0
12835,0,0,0,0,0,0,0,0,0,0,0,0,0,0,1,0,0,0,0,0,0
12840,1,0,0,0,0,0,0,1,0,0,0,0,0,0,0,0,0,0,0,0,0
12841,0,0,0,0,0,0,0,1,0,0,0,0,0,0,0,0,0,0,0,0,0
12842,0,0,0,0,0,0,0,1,0,0,0,0,0,0,0,0,0,0,0,0,0
12845,1,0,0,0,0,0,0,1,1,0,0,0,0,1,0,0,0,0,0,0,0
12848,1,1,0,1,0,0,0,1,1,0,0,0,0,1,0,0,0,0,0,0,0
12851,0,0,0,0,0,0,0,0,0,0,0,0,0,0,1,1,0,1,0,0,0
12852,1,1,0,0,0,0,1,1,1,0,0,0,0,1,0,0,0,0,0,0,0
12853,1,1,0,0,0,0,1,1,1,0,0,0,0,1,0,0,0,0,0,0,0
12856,1,1,0,0,0,0,1,1,1,1,0,0,0,0,0,0,0,0,0,0,0
12857,1,0,0,0,0,0,0,0,0,0,0,0,0,0,0,0,0,0,0,0,0
12858,1,1,0,0,0,0,1,1,1,0,0,0,0,1,0,0,0,0,0,0,0
12872,0,0,0,0,0,0,0,0,0,0,0,0,0,0,1,0,0,0,0,0,0
12873,0,0,0,0,0,0,0,0,0,0,0,0,0,0,1,0,0,0,0,0,0
12874,0,0,0,0,0,0,0,0,0,0,0,0,0,0,1,0,0,0,0,0,0
12875,0,0,0,0,0,0,0,0,0,0,0,0,0,0,1,0,0,0,0,0,0
12876,0,0,0,0,0,0,0,0,0,0,0,0,0,0,1,0,0,0,0,0,0
12877,0,0,0,0,0,0,0,0,0,0,0,0,0,0,1,1,0,0,0,0,1
12878,0,0,0,0,0,0,0,0,0,0,0,0,0,0,1,0,0,0,0,0,0
12879,0,0,0,0,0,0,0,0,0,0,0,0,0,0,1,0,0,0,0,0,0
12880,0,0,0,0,0,0,0,0,0,0,0,0,0,0,1,1,0,0,0,0,1
12881,0,0,0,0,0,0,0,0,0,0,0,0,0,0,1,0,0,0,0,0,0
12882,0,0,0,0,0,0,0,0,0,0,0,0,0,0,1,0,0,0,0,0,0
12883,0,0,0,0,0,0,0,0,0,0,0,0,0,0,1,0,0,0,0,0,0
12884,0,0,0,0,0,0,0,0,0,0,0,0,0,0,1,0,0,0,0,0,0
12885,0,0,0,0,0,0,0,0,0,0,0,0,0,0,1,0,0,0,0,0,0
12886,0,0,0,0,0,0,0,0,0,0,0,0,0,0,1,0,0,0,0,0,0
12887,0,0,0,0,0,0,0,0,0,0,0,0,0,0,1,1,0,0,0,0,1
12888,0,0,0,0,0,0,0,0,0,0,0,0,0,0,1,0,0,0,0,0,0
12889,0,0,0,0,0,0,0,0,0,0,0,0,0,0,1,0,0,0,0,0,0
12890,0,0,0,0,0,0,0,0,0,0,0,0,0,0,1,0,0,0,0,0,0
12891,0,0,0,0,0,0,0,0,0,0,0,0,0,0,1,1,0,0,0,0,1
12892,0,0,0,0,0,0,0,0,0,0,0,0,0,0,1,0,0,0,0,0,0
12893,0,0,0,0,0,0,0,0,0,0,0,0,0,0,1,0,0,0,0,0,0
12894,0,0,0,0,0,0,0,0,0,0,0,0,0,0,1,0,0,0,0,0,0
12895,0,0,0,0,0,0,0,0,0,0,0,0,0,0,1,0,0,0,0,0,0
12896,0,0,0,0,0,0,0,0,0,0,0,0,0,0,1,0,0,0,0,0,0
12897,0,0,0,0,0,0,0,0,0,0,0,0,0,0,1,0,0,0,0,0,0
12898,0,0,0,0,0,0,0,0,0,0,0,0,0,0,1,1,0,1,0,0,0
12899,0,0,0,0,0,0,0,0,0,0,0,0,0,0,1,1,0,0,0,0,1
12900,0,0,0,0,0,0,0,0,0,0,0,0,0,0,1,0,0,0,0,0,0
12901,0,0,0,0,0,0,0,0,0,0,0,0,0,0,1,0,0,0,0,0,0
12902,0,0,0,0,0,0,0,0,0,0,0,0,0,0,1,0,0,0,0,0,0
12903,0,0,0,0,0,0,0,0,0,0,0,0,0,0,1,0,0,0,0,0,0
12904,0,0,0,0,0,0,0,0,0,0,0,0,0,0,1,0,0,0,0,0,0
12906,0,0,0,0,0,0,0,0,0,0,0,0,0,0,1,0,0,0,0,0,0
12907,0,0,0,0,0,0,0,0,0,0,0,0,0,0,1,0,0,0,0,0,0
12909,0,0,0,0,0,0,0,0,0,0,0,0,0,0,1,0,0,0,0,0,0
12910,0,0,0,0,0,0,0,0,0,0,0,0,0,0,1,0,0,0,0,0,0
12911,0,0,0,0,0,0,0,0,0,0,0,0,0,0,1,0,0,0,0,0,0
12912,0,0,0,0,0,0,0,0,0,0,0,0,0,0,1,1,0,0,0,0,1
12913,0,0,0,0,0,0,0,0,0,0,0,0,0,0,1,1,0,1,0,0,0
12914,0,0,0,0,0,0,0,0,0,0,0,0,0,0,1,1,0,0,0,0,1
12915,0,0,0,0,0,0,0,0,0,0,0,0,0,0,1,0,0,0,0,0,0
12916,0,0,0,0,0,0,0,0,0,0,0,0,0,0,1,0,0,0,0,0,0
12917,0,0,0,0,0,0,0,0,0,0,0,0,0,0,1,0,0,0,0,0,0
12918,0,0,0,0,0,0,0,0,0,0,0,0,0,0,1,0,0,0,0,0,0
12919,0,0,0,0,0,0,0,0,0,0,0,0,0,0,1,1,0,0,0,0,1
12920,0,0,0,0,0,0,0,0,0,0,0,0,0,0,1,1,0,0,0,0,1
12921,0,0,0,0,0,0,0,0,0,0,0,0,0,0,1,1,0,0,0,0,1
12923,0,0,0,0,0,0,0,0,0,0,0,0,0,0,1,1,0,0,0,0,1
12924,0,0,0,0,0,0,0,0,0,0,0,0,0,0,1,0,0,0,0,0,0
12925,0,0,0,0,0,0,0,0,0,0,0,0,0,0,1,0,0,0,0,0,0
12926,0,0,0,0,0,0,0,0,0,0,0,0,0,0,1,0,0,0,0,0,0
12927,0,0,0,0,0,0,0,0,0,0,0,0,0,0,1,0,0,0,0,0,0
12928,0,0,0,0,0,0,0,0,0,0,0,0,0,0,1,0,0,0,0,0,0
12929,0,0,0,0,0,0,0,0,0,0,0,0,0,0,1,0,0,0,0,0,0
12931,0,0,0,0,0,0,0,0,0,0,0,0,0,0,1,0,0,0,0,0,0
12932,0,0,0,0,0,0,0,0,0,0,0,0,0,0,1,0,0,0,0,0,0
12933,0,0,0,0,0,0,0,0,0,0,0,0,0,0,1,0,0,0,0,0,0
12934,0,0,0,0,0,0,0,0,0,0,0,0,0,0,1,0,0,0,0,0,0
12935,0,0,0,0,0,0,0,0,0,0,0,0,0,0,1,1,0,0,0,0,1
12936,0,0,0,0,0,0,0,0,0,0,0,0,0,0,1,1,0,0,0,0,1
12938,0,0,0,0,0,0,0,0,0,0,0,0,0,0,1,0,0,0,0,0,0
12939,0,0,0,0,0,0,0,0,0,0,0,0,0,0,1,0,0,0,0,0,0
12940,0,0,0,0,0,0,0,0,0,0,0,0,0,0,1,0,0,0,0,0,0
12942,0,0,0,0,0,0,0,0,0,0,0,0,0,0,1,0,0,0,0,0,0
12943,0,0,0,0,0,0,0,0,0,0,0,0,0,0,1,0,0,0,0,0,0
12944,0,0,0,0,0,0,0,0,0,0,0,0,0,0,1,0,0,0,0,0,0
12945,0,0,0,0,0,0,0,0,0,0,0,0,0,0,1,0,0,0,0,0,0
12946,0,0,0,0,0,0,0,0,0,0,0,0,0,0,1,1,0,1,0,0,0
12950,0,0,0,0,0,0,0,0,0,0,0,0,0,0,1,0,0,0,0,0,0
12951,0,0,0,0,0,0,0,0,0,0,0,0,0,0,1,1,1,0,0,0,0
12953,0,0,0,0,0,0,0,0,0,0,0,0,0,0,1,0,0,0,0,0,0
12954,0,0,0,0,0,0,0,0,0,0,0,0,0,0,1,1,1,0,0,0,0
12955,0,0,0,0,0,0,0,0,0,0,0,0,0,0,1,1,0,1,0,0,0
12956,0,0,0,0,0,0,0,0,0,0,0,0,0,0,1,0,0,0,0,0,0
12957,0,0,0,0,0,0,0,0,0,0,0,0,0,0,1,0,0,0,0,0,0
12959,0,0,0,0,0,0,0,0,0,0,0,0,0,0,1,1,1,0,0,0,0
12960,0,0,0,0,0,0,0,0,0,0,0,0,0,0,1,1,0,0,0,0,1
12961,0,0,0,0,0,0,0,0,0,0,0,0,0,0,1,1,0,0,0,0,1
12962,0,0,0,0,0,0,0,0,0,0,0,0,0,0,1,1,0,0,0,0,1
12967,0,0,0,0,0,0,0,0,0,0,0,0,0,0,1,1,0,0,0,0,1
12968,0,0,0,0,0,0,0,0,0,0,0,0,0,0,1,0,0,0,0,0,0
12969,0,0,0,0,0,0,0,0,0,0,0,0,0,0,1,1,0,0,0,0,1
12971,0,0,0,0,0,0,0,0,0,0,0,0,0,0,1,0,0,0,0,0,0
12973,0,0,0,0,0,0,0,0,0,0,0,0,0,0,1,1,0,0,0,0,1
12974,0,0,0,0,0,0,0,0,0,0,0,0,0,0,1,0,0,0,0,0,0
12975,0,0,0,0,0,0,0,0,0,0,0,0,0,0,1,0,0,0,0,0,0
12976,0,0,0,0,0,0,0,0,0,0,0,0,0,0,1,1,0,0,0,0,1
12977,0,0,0,0,0,0,0,0,0,0,0,0,0,0,1,0,0,0,0,0,0
12978,0,0,0,0,0,0,0,0,0,0,0,0,0,0,1,0,0,0,0,0,0
12979,0,0,0,0,0,0,0,0,0,0,0,0,0,0,1,1,0,1,0,0,0
12980,0,0,0,0,0,0,0,0,0,0,0,0,0,0,1,1,0,0,0,0,1
12981,0,0,0,0,0,0,0,0,0,0,0,0,0,0,1,1,0,0,0,0,1
12982,0,0,0,0,0,0,0,0,0,0,0,0,0,0,1,1,0,0,0,0,1
12983,0,0,0,0,0,0,0,0,0,0,0,0,0,0,1,0,0,0,0,0,0
12984,0,0,0,0,0,0,0,0,0,0,0,0,0,0,1,0,0,0,0,0,0
12985,0,0,0,0,0,0,0,0,0,0,0,0,0,0,1,0,0,0,0,0,0
12986,0,0,0,0,0,0,0,0,0,0,0,0,0,0,1,0,0,0,0,0,0
12989,0,0,0,0,0,0,0,0,0,0,0,0,0,0,1,0,0,0,0,0,0
12990,0,0,0,0,0,0,0,0,0,0,0,0,0,0,1,0,0,0,0,0,0
12991,0,0,0,0,0,0,0,0,0,0,0,0,0,0,1,0,0,0,0,0,0
12992,0,0,0,0,0,0,0,0,0,0,0,0,0,0,1,0,0,0,0,0,0
12993,0,0,0,0,0,0,0,0,0,0,0,0,0,0,1,0,0,0,0,0,0
12994,0,0,0,0,0,0,0,0,0,0,0,0,0,0,1,1,0,0,0,0,1
12995,0,0,0,0,0,0,0,0,0,0,0,0,0,0,1,1,0,0,0,0,1
12996,0,0,0,0,0,0,0,0,0,0,0,0,0,0,1,1,0,0,0,0,1
12997,0,0,0,0,0,0,0,0,0,0,0,0,0,0,1,1,0,0,0,0,1
12998,0,0,0,0,0,0,0,0,0,0,0,0,0,0,1,0,0,0,0,0,0
13000,0,0,0,0,0,0,0,0,0,0,0,0,0,0,1,0,0,0,0,0,0
13001,0,0,0,0,0,0,0,0,0,0,0,0,0,0,1,0,0,0,0,0,0
13002,0,0,0,0,0,0,0,0,0,0,0,0,0,0,1,0,0,0,0,0,0
13003,0,0,0,0,0,0,0,0,0,0,0,0,0,0,1,0,0,0,0,0,0
13004,0,0,0,0,0,0,0,0,0,0,0,0,0,0,1,0,0,0,0,0,0
13005,0,0,0,0,0,0,0,0,0,0,0,0,0,0,1,1,0,0,0,0,1
13006,0,0,0,0,0,0,0,0,0,0,0,0,0,0,1,0,0,0,0,0,0
13007,0,0,0,0,0,0,0,0,0,0,0,0,0,0,1,1,0,0,0,0,1
13008,0,0,0,0,0,0,0,0,0,0,0,0,0,0,1,1,0,0,0,0,1
13009,0,0,0,0,0,0,0,0,0,0,0,0,0,0,1,0,0,0,0,0,0
13010,0,0,0,0,0,0,0,0,0,0,0,0,0,0,1,0,0,0,0,0,0
13011,0,0,0,0,0,0,0,0,0,0,0,0,0,0,1,0,0,0,0,0,0
13012,0,0,0,0,0,0,0,0,0,0,0,0,0,0,1,0,0,0,0,0,0
13013,0,0,0,0,0,0,0,0,0,0,0,0,0,0,1,0,0,0,0,0,0
13014,0,0,0,0,0,0,0,0,0,0,0,0,0,0,1,0,0,0,0,0,0
13015,0,0,0,0,0,0,0,0,0,0,0,0,0,0,1,0,0,0,0,0,0
13016,0,0,0,0,0,0,0,0,0,0,0,0,0,0,1,0,0,0,0,0,0
13018,0,0,0,0,0,0,0,0,0,0,0,0,0,0,1,0,0,0,0,0,0
13019,0,0,0,0,0,0,0,0,0,0,0,0,0,0,1,0,0,0,0,0,0
13020,0,0,0,0,0,0,0,0,0,0,0,0,0,0,1,0,0,0,0,0,0
13021,0,0,0,0,0,0,0,0,0,0,0,0,0,0,1,1,0,0,0,0,1
13022,0,0,0,0,0,0,0,0,0,0,0,0,0,0,1,1,0,0,0,0,1
13023,0,0,0,0,0,0,0,0,0,0,0,0,0,0,1,1,0,0,0,0,1
13024,0,0,0,0,0,0,0,0,0,0,0,0,0,0,1,1,0,0,0,0,1
13025,0,0,0,0,0,0,0,0,0,0,0,0,0,0,1,0,0,0,0,0,0
13026,0,0,0,0,0,0,0,0,0,0,0,0,0,0,1,1,0,1,0,0,0
13027,0,0,0,0,0,0,0,0,0,0,0,0,0,0,1,1,0,0,0,0,1
13028,0,0,0,0,0,0,0,0,0,0,0,0,0,0,1,0,0,0,0,0,0
13029,0,0,0,0,0,0,0,0,0,0,0,0,0,0,1,0,0,0,0,0,0
13030,0,0,0,0,0,0,0,0,0,0,0,0,0,0,1,0,0,0,0,0,0
13031,0,0,0,0,0,0,0,0,0,0,0,0,0,0,1,0,0,0,0,0,0
13032,0,0,0,0,0,0,0,0,0,0,0,0,0,0,1,1,0,0,0,0,1
13033,0,0,0,0,0,0,0,0,0,0,0,0,0,0,1,0,0,0,0,0,0
13034,0,0,0,0,0,0,0,0,0,0,0,0,0,0,1,0,0,0,0,0,0
13035,0,0,0,0,0,0,0,0,0,0,0,0,0,0,1,1,0,0,0,0,1
13036,0,0,0,0,0,0,0,0,0,0,0,0,0,0,1,1,0,0,0,0,1
13037,0,0,0,0,0,0,0,0,0,0,0,0,0,0,1,0,0,0,0,0,0
13038,0,0,0,0,0,0,0,0,0,0,0,0,0,0,1,0,0,0,0,0,0
13039,0,0,0,0,0,0,0,0,0,0,0,0,0,0,1,0,0,0,0,0,0
13040,0,0,0,0,0,0,0,0,0,0,0,0,0,0,1,0,0,0,0,0,0
13041,0,0,0,0,0,0,0,0,0,0,0,0,0,0,1,1,0,0,0,0,1
13042,0,0,0,0,0,0,0,0,0,0,0,0,0,0,1,1,0,0,0,0,1
13043,0,0,0,0,0,0,0,0,0,0,0,0,0,0,1,1,0,0,0,0,1
13044,0,0,0,0,0,0,0,0,0,0,0,0,0,0,1,1,0,0,0,0,1
13046,0,0,0,0,0,0,0,0,0,0,0,0,0,0,1,0,0,0,0,0,0
13047,0,0,0,0,0,0,0,0,0,0,0,0,0,0,1,1,0,0,0,0,1
13048,0,0,0,0,0,0,0,0,0,0,0,0,0,0,1,0,0,0,0,0,0
13049,0,0,0,0,0,0,0,0,0,0,0,0,0,0,1,1,0,0,0,0,1
13050,0,0,0,0,0,0,0,0,0,0,0,0,0,0,1,1,0,0,0,0,1
13051,0,0,0,0,0,0,0,0,0,0,0,0,0,0,1,1,0,0,0,0,1
13052,0,0,0,0,0,0,0,0,0,0,0,0,0,0,1,0,0,0,0,0,0
13053,0,0,0,0,0,0,0,0,0,0,0,0,0,0,1,0,0,0,0,0,0
13054,0,0,0,0,0,0,0,0,0,0,0,0,0,0,1,1,0,0,0,0,1
13055,0,0,0,0,0,0,0,0,0,0,0,0,0,0,1,0,0,0,0,0,0
13056,0,0,0,0,0,0,0,0,0,0,0,0,0,0,1,0,0,0,0,0,0
13057,0,0,0,0,0,0,0,0,0,0,0,0,0,0,1,0,0,0,0,0,0
13058,0,0,0,0,0,0,0,0,0,0,0,0,0,0,1,0,0,0,0,0,0
13059,0,0,0,0,0,0,0,0,0,0,0,0,0,0,1,0,0,0,0,0,0
13060,0,0,0,0,0,0,0,0,0,0,0,0,0,0,1,1,0,0,0,0,1
13061,0,0,0,0,0,0,0,0,0,0,0,0,0,0,1,1,0,0,0,0,1
13062,0,0,0,0,0,0,0,0,0,0,0,0,0,0,1,0,0,0,0,0,0
13063,0,0,0,0,0,0,0,0,0,0,0,0,0,0,1,1,0,0,0,0,1
13065,0,0,0,0,0,0,0,0,0,0,0,0,0,0,1,0,0,0,0,0,0
13066,0,0,0,0,0,0,0,0,0,0,0,0,0,0,1,0,0,0,0,0,0
13068,0,0,0,0,0,0,0,0,0,0,0,0,0,0,1,1,1,0,0,0,0
13069,0,0,0,0,0,0,0,0,0,0,0,0,0,0,1,1,0,0,0,0,1
13070,0,0,0,0,0,0,0,0,0,0,0,0,0,0,1,1,0,0,0,0,1
13071,0,0,0,0,0,0,0,0,0,0,0,0,0,0,1,0,0,0,0,0,0
13072,0,0,0,0,0,0,0,0,0,0,0,0,0,0,1,0,0,0,0,0,0
13073,0,0,0,0,0,0,0,0,0,0,0,0,0,0,1,0,0,0,0,0,0
13074,0,0,0,0,0,0,0,0,0,0,0,0,0,0,1,0,0,0,0,0,0
13075,0,0,0,0,0,0,0,0,0,0,0,0,0,0,1,0,0,0,0,0,0
13076,0,0,0,0,0,0,0,0,0,0,0,0,0,0,1,0,0,0,0,0,0
13077,0,0,0,0,0,0,0,0,0,0,0,0,0,0,1,1,0,0,0,0,1
13078,0,0,0,0,0,0,0,0,0,0,0,0,0,0,1,1,0,0,0,0,1
13079,0,0,0,0,0,0,0,0,0,0,0,0,0,0,1,1,0,0,0,0,1
13080,0,0,0,0,0,0,0,0,0,0,0,0,0,0,1,0,0,0,0,0,0
13081,0,0,0,0,0,0,0,0,0,0,0,0,0,0,1,1,0,0,0,0,1
13082,0,0,0,0,0,0,0,0,0,0,0,0,0,0,1,1,0,0,0,0,1
13083,0,0,0,0,0,0,0,0,0,0,0,0,0,0,1,1,0,0,0,0,1
13084,0,0,0,0,0,0,0,0,0,0,0,0,0,0,1,1,0,0,0,0,1
13085,0,0,0,0,0,0,0,0,0,0,0,0,0,0,1,0,0,0,0,0,0
13086,0,0,0,0,0,0,0,0,0,0,0,0,0,0,1,1,0,0,0,0,1
13087,0,0,0,0,0,0,0,0,0,0,0,0,0,0,1,1,0,0,0,0,1
13088,0,0,0,0,0,0,0,0,0,0,0,0,0,0,1,1,0,0,0,0,1
13089,0,0,0,0,0,0,0,0,0,0,0,0,0,0,1,1,0,0,0,0,1
13090,0,0,0,0,0,0,0,0,0,0,0,0,0,0,1,1,0,1,0,0,0
13091,0,0,0,0,0,0,0,0,0,0,0,0,0,0,1,1,0,0,0,0,1
13092,0,0,0,0,0,0,0,0,0,0,0,0,0,0,1,1,0,0,0,0,1
13093,0,0,0,0,0,0,0,0,0,0,0,0,0,0,1,1,0,0,0,0,1
13094,0,0,0,0,0,0,0,0,0,0,0,0,0,0,1,0,0,0,0,0,0
13095,0,0,0,0,0,0,0,0,0,0,0,0,0,0,1,1,0,0,0,0,1
13096,0,0,0,0,0,0,0,0,0,0,0,0,0,0,1,0,0,0,0,0,0
13097,0,0,0,0,0,0,0,0,0,0,0,0,0,0,1,0,0,0,0,0,0
13098,0,0,0,0,0,0,0,0,0,0,0,0,0,0,1,0,0,0,0,0,0
13101,0,0,0,0,0,0,0,0,0,0,0,0,0,0,1,1,0,0,0,0,1
13102,0,0,0,0,0,0,0,0,0,0,0,0,0,0,1,1,0,0,0,0,1
13103,0,0,0,0,0,0,0,0,0,0,0,0,0,0,1,1,0,1,0,0,0
13104,0,0,0,0,0,0,0,0,0,0,0,0,0,0,1,1,0,0,0,0,1
13105,0,0,0,0,0,0,0,0,0,0,0,0,0,0,1,1,0,0,0,0,1
13106,0,0,0,0,0,0,0,0,0,0,0,0,0,0,1,1,0,1,0,0,0
13107,0,0,0,0,0,0,0,0,0,0,0,0,0,0,1,1,0,1,0,0,0
13108,0,0,0,0,0,0,0,0,0,0,0,0,0,0,1,1,0,0,0,0,1
13109,0,0,0,0,0,0,0,0,0,0,0,0,0,0,1,0,0,0,0,0,0
13110,0,0,0,0,0,0,0,0,0,0,0,0,0,0,1,1,0,0,0,0,1
13111,0,0,0,0,0,0,0,0,0,0,0,0,0,0,1,1,0,0,0,0,1
13112,0,0,0,0,0,0,0,0,0,0,0,0,0,0,1,1,0,0,0,0,1
13113,0,0,0,0,0,0,0,0,0,0,0,0,0,0,1,1,0,0,0,0,1
13114,0,0,0,0,0,0,0,0,0,0,0,0,0,0,1,1,0,0,0,0,1
13115,0,0,0,0,0,0,0,0,0,0,0,0,0,0,1,0,0,0,0,0,0
13116,0,0,0,0,0,0,0,0,0,0,0,0,0,0,1,0,0,0,0,0,0
13117,0,0,0,0,0,0,0,0,0,0,0,0,0,0,1,0,0,0,0,0,0
13118,0,0,0,0,0,0,0,0,0,0,0,0,0,0,1,0,0,0,0,0,0
13119,0,0,0,0,0,0,0,0,0,0,0,0,0,0,1,0,0,0,0,0,0
13120,0,0,0,0,0,0,0,0,0,0,0,0,0,0,1,1,0,0,0,0,1
13121,0,0,0,0,0,0,0,0,0,0,0,0,0,0,1,0,0,0,0,0,0
13122,0,0,0,0,0,0,0,0,0,0,0,0,0,0,1,1,0,0,0,0,1
13123,0,0,0,0,0,0,0,0,0,0,0,0,0,0,1,1,1,0,0,0,0
13124,0,0,0,0,0,0,0,0,0,0,0,0,0,0,1,1,0,0,0,0,1
13125,0,0,0,0,0,0,0,0,0,0,0,0,0,0,1,1,0,0,0,0,1
13126,0,0,0,0,0,0,0,0,0,0,0,0,0,0,1,1,0,0,0,0,1
13127,0,0,0,0,0,0,0,0,0,0,0,0,0,0,1,0,0,0,0,0,0
13128,0,0,0,0,0,0,0,0,0,0,0,0,0,0,1,1,0,0,0,0,1
13129,0,0,0,0,0,0,0,0,0,0,0,0,0,0,1,0,0,0,0,0,0
13130,0,0,0,0,0,0,0,0,0,0,0,0,0,0,1,0,0,0,0,0,0
13131,0,0,0,0,0,0,0,0,0,0,0,0,0,0,1,0,0,0,0,0,0
13132,0,0,0,0,0,0,0,0,0,0,0,0,0,0,1,0,0,0,0,0,0
13133,0,0,0,0,0,0,0,0,0,0,0,0,0,0,1,1,1,0,0,0,0
13134,0,0,0,0,0,0,0,0,0,0,0,0,0,0,1,0,0,0,0,0,0
13135,0,0,0,0,0,0,0,0,0,0,0,0,0,0,1,0,0,0,0,0,0
13136,0,0,0,0,0,0,0,0,0,0,0,0,0,0,1,0,0,0,0,0,0
13138,0,0,0,0,0,0,0,0,0,0,0,0,0,0,1,1,0,1,0,0,0
13139,0,0,0,0,0,0,0,0,0,0,0,0,0,0,1,0,0,0,0,0,0
13140,0,0,0,0,0,0,0,0,0,0,0,0,0,0,1,1,0,0,0,0,1
13141,0,0,0,0,0,0,0,0,0,0,0,0,0,0,1,0,0,0,0,0,0
13142,0,0,0,0,0,0,0,0,0,0,0,0,0,0,1,1,0,0,0,0,1
13143,0,0,0,0,0,0,0,0,0,0,0,0,0,0,1,0,0,0,0,0,0
13144,0,0,0,0,0,0,0,0,0,0,0,0,0,0,1,0,0,0,0,0,0
13145,0,0,0,0,0,0,0,0,0,0,0,0,0,0,1,0,0,0,0,0,0
13146,0,0,0,0,0,0,0,0,0,0,0,0,0,0,1,1,0,0,0,0,1
13147,0,0,0,0,0,0,0,0,0,0,0,0,0,0,1,0,0,0,0,0,0
13149,0,0,0,0,0,0,0,0,0,0,0,0,0,0,1,0,0,0,0,0,0
13151,0,0,0,0,0,0,0,0,0,0,0,0,0,0,1,0,0,0,0,0,0
13152,0,0,0,0,0,0,0,0,0,0,0,0,0,0,1,0,0,0,0,0,0
13153,0,0,0,0,0,0,0,0,0,0,0,0,0,0,1,1,0,0,0,0,1
13154,0,0,0,0,0,0,0,0,0,0,0,0,0,0,1,0,0,0,0,0,0
13155,0,0,0,0,0,0,0,0,0,0,0,0,0,0,1,0,0,0,0,0,0
13156,0,0,0,0,0,0,0,0,0,0,0,0,0,0,1,0,0,0,0,0,0
13157,0,0,0,0,0,0,0,0,0,0,0,0,0,0,1,0,0,0,0,0,0
13158,0,0,0,0,0,0,0,0,0,0,0,0,0,0,1,0,0,0,0,0,0
13159,0,0,0,0,0,0,0,0,0,0,0,0,0,0,1,1,0,0,0,0,1
13160,0,0,0,0,0,0,0,0,0,0,0,0,0,0,1,1,0,0,0,0,1
13161,0,0,0,0,0,0,0,0,0,0,0,0,0,0,1,1,0,0,0,0,1
13162,0,0,0,0,0,0,0,0,0,0,0,0,0,0,1,0,0,0,0,0,0
13163,0,0,0,0,0,0,0,0,0,0,0,0,0,0,1,0,0,0,0,0,0
13164,0,0,0,0,0,0,0,0,0,0,0,0,0,0,1,0,0,0,0,0,0
13165,0,0,0,0,0,0,0,0,0,0,0,0,0,0,1,0,0,0,0,0,0
13166,0,0,0,0,0,0,0,0,0,0,0,0,0,0,1,1,0,0,0,0,1
13167,0,0,0,0,0,0,0,0,0,0,0,0,0,0,1,0,0,0,0,0,0
13168,0,0,0,0,0,0,0,0,0,0,0,0,0,0,1,0,0,0,0,0,0
13169,0,0,0,0,0,0,0,0,0,0,0,0,0,0,1,1,0,0,0,0,1
13170,0,0,0,0,0,0,0,0,0,0,0,0,0,0,1,1,0,0,0,0,1
13171,0,0,0,0,0,0,0,0,0,0,0,0,0,0,1,0,0,0,0,0,0
13172,0,0,0,0,0,0,0,0,0,0,0,0,0,0,1,0,0,0,0,0,0
13173,0,0,0,0,0,0,0,0,0,0,0,0,0,0,1,1,0,0,0,0,1
13175,0,0,0,0,0,0,0,0,0,0,0,0,0,0,1,0,0,0,0,0,0
13176,0,0,0,0,0,0,0,0,0,0,0,0,0,0,1,0,0,0,0,0,0
13177,0,0,0,0,0,0,0,0,0,0,0,0,0,0,1,0,0,0,0,0,0
13178,0,0,0,0,0,0,0,0,0,0,0,0,0,0,1,0,0,0,0,0,0
13179,0,0,0,0,0,0,0,0,0,0,0,0,0,0,1,1,0,0,0,0,1
13180,0,0,0,0,0,0,0,0,0,0,0,0,0,0,1,0,0,0,0,0,0
13181,0,0,0,0,0,0,0,0,0,0,0,0,0,0,1,0,0,0,0,0,0
13182,0,0,0,0,0,0,0,0,0,0,0,0,0,0,1,1,0,0,0,0,1
13183,0,0,0,0,0,0,0,0,0,0,0,0,0,0,1,0,0,0,0,0,0
13184,0,0,0,0,0,0,0,0,0,0,0,0,0,0,1,1,0,0,0,0,1
13185,0,0,0,0,0,0,0,0,0,0,0,0,0,0,1,1,0,0,0,0,1
13186,0,0,0,0,0,0,0,0,0,0,0,0,0,0,1,1,1,0,0,0,0
13187,0,0,0,0,0,0,0,0,0,0,0,0,0,0,1,0,0,0,0,0,0
13188,0,0,0,0,0,0,0,0,0,0,0,0,0,0,1,0,0,0,0,0,0
13189,0,0,0,0,0,0,0,0,0,0,0,0,0,0,1,0,0,0,0,0,0
13190,0,0,0,0,0,0,0,0,0,0,0,0,0,0,1,0,0,0,0,0,0
13191,0,0,0,0,0,0,0,0,0,0,0,0,0,0,1,0,0,0,0,0,0
13192,0,0,0,0,0,0,0,0,0,0,0,0,0,0,1,1,0,0,0,0,1
13193,0,0,0,0,0,0,0,0,0,0,0,0,0,0,1,1,0,0,0,0,1
13194,0,0,0,0,0,0,0,0,0,0,0,0,0,0,1,0,0,0,0,0,0
13195,0,0,0,0,0,0,0,0,0,0,0,0,0,0,1,1,0,0,0,0,1
13196,0,0,0,0,0,0,0,0,0,0,0,0,0,0,1,0,0,0,0,0,0
13197,0,0,0,0,0,0,0,0,0,0,0,0,0,0,1,0,0,0,0,0,0
13199,0,0,0,0,0,0,0,0,0,0,0,0,0,0,1,1,0,1,0,0,0
13200,0,0,0,0,0,0,0,0,0,0,0,0,0,0,1,0,0,0,0,0,0
13201,0,0,0,0,0,0,0,0,0,0,0,0,0,0,1,0,0,0,0,0,0
13202,0,0,0,0,0,0,0,0,0,0,0,0,0,0,1,0,0,0,0,0,0
13203,0,0,0,0,0,0,0,0,0,0,0,0,0,0,1,0,0,0,0,0,0
13204,0,0,0,0,0,0,0,0,0,0,0,0,0,0,1,0,0,0,0,0,0
13205,0,0,0,0,0,0,0,0,0,0,0,0,0,0,1,0,0,0,0,0,0
13206,0,0,0,0,0,0,0,0,0,0,0,0,0,0,1,0,0,0,0,0,0
13207,0,0,0,0,0,0,0,0,0,0,0,0,0,0,1,0,0,0,0,0,0
13208,0,0,0,0,0,0,0,0,0,0,0,0,0,0,1,0,0,0,0,0,0
13210,0,0,0,0,0,0,0,0,0,0,0,0,0,0,1,0,0,0,0,0,0
13211,0,0,0,0,0,0,0,0,0,0,0,0,0,0,1,0,0,0,0,0,0
13212,0,0,0,0,0,0,0,0,0,0,0,0,0,0,1,0,0,0,0,0,0
13213,0,0,0,0,0,0,0,0,0,0,0,0,0,0,1,1,0,0,0,0,1
13214,0,0,0,0,0,0,0,0,0,0,0,0,0,0,1,0,0,0,0,0,0
13215,0,0,0,0,0,0,0,0,0,0,0,0,0,0,1,1,0,0,0,0,1
13216,0,0,0,0,0,0,0,0,0,0,0,0,0,0,1,1,0,0,0,0,1
13217,0,0,0,0,0,0,0,0,0,0,0,0,0,0,1,0,0,0,0,0,0
13218,0,0,0,0,0,0,0,0,0,0,0,0,0,0,1,1,0,0,0,0,1
13219,0,0,0,0,0,0,0,0,0,0,0,0,0,0,1,0,0,0,0,0,0
13220,0,0,0,0,0,0,0,0,0,0,0,0,0,0,1,0,0,0,0,0,0
13221,0,0,0,0,0,0,0,0,0,0,0,0,0,0,1,1,0,0,0,0,1
13222,0,0,0,0,0,0,0,0,0,0,0,0,0,0,1,0,0,0,0,0,0
13223,0,0,0,0,0,0,0,0,0,0,0,0,0,0,1,0,0,0,0,0,0
13224,0,0,0,0,0,0,0,0,0,0,0,0,0,0,1,0,0,0,0,0,0
13225,0,0,0,0,0,0,0,0,0,0,0,0,0,0,1,1,0,0,0,0,1
13226,0,0,0,0,0,0,0,0,0,0,0,0,0,0,1,0,0,0,0,0,0
13227,0,0,0,0,0,0,0,0,0,0,0,0,0,0,1,0,0,0,0,0,0
13228,0,0,0,0,0,0,0,0,0,0,0,0,0,0,1,1,0,0,0,0,1
13229,0,0,0,0,0,0,0,0,0,0,0,0,0,0,1,0,0,0,0,0,0
13230,0,0,0,0,0,0,0,0,0,0,0,0,0,0,1,0,0,0,0,0,0
13231,0,0,0,0,0,0,0,0,0,0,0,0,0,0,1,0,0,0,0,0,0
13232,0,0,0,0,0,0,0,0,0,0,0,0,0,0,1,0,0,0,0,0,0
13233,0,0,0,0,0,0,0,0,0,0,0,0,0,0,1,0,0,0,0,0,0
13234,0,0,0,0,0,0,0,0,0,0,0,0,0,0,1,0,0,0,0,0,0
13235,0,0,0,0,0,0,0,0,0,0,0,0,0,0,1,0,0,0,0,0,0
13236,0,0,0,0,0,0,0,0,0,0,0,0,0,0,1,0,0,0,0,0,0
13237,0,0,0,0,0,0,0,0,0,0,0,0,0,0,1,0,0,0,0,0,0
13238,0,0,0,0,0,0,0,0,0,0,0,0,0,0,1,0,0,0,0,0,0
13239,0,0,0,0,0,0,0,0,0,0,0,0,0,0,1,0,0,0,0,0,0
13240,0,0,0,0,0,0,0,0,0,0,0,0,0,0,1,0,0,0,0,0,0
13241,0,0,0,0,0,0,0,0,0,0,0,0,0,0,1,0,0,0,0,0,0
13242,0,0,0,0,0,0,0,0,0,0,0,0,0,0,1,0,0,0,0,0,0
13243,0,0,0,0,0,0,0,0,0,0,0,0,0,0,1,0,0,0,0,0,0
13244,0,0,0,0,0,0,0,0,0,0,0,0,0,0,1,0,0,0,0,0,0
13245,0,0,0,0,0,0,0,0,0,0,0,0,0,0,1,0,0,0,0,0,0
13246,0,0,0,0,0,0,0,0,0,0,0,0,0,0,1,0,0,0,0,0,0
13247,0,0,0,0,0,0,0,0,0,0,0,0,0,0,1,1,0,0,0,0,1
13248,0,0,0,0,0,0,0,0,0,0,0,0,0,0,1,0,0,0,0,0,0
13249,0,0,0,0,0,0,0,0,0,0,0,0,0,0,1,0,0,0,0,0,0
13251,0,0,0,0,0,0,0,0,0,0,0,0,0,0,1,1,0,0,0,0,1
13252,0,0,0,0,0,0,0,0,0,0,0,0,0,0,1,1,0,0,0,0,1
13253,0,0,0,0,0,0,0,0,0,0,0,0,0,0,1,1,0,0,0,0,1
13254,0,0,0,0,0,0,0,0,0,0,0,0,0,0,1,0,0,0,0,0,0
13255,0,0,0,0,0,0,0,0,0,0,0,0,0,0,1,1,0,0,0,0,1
13256,0,0,0,0,0,0,0,0,0,0,0,0,0,0,1,1,0,0,0,0,1
13257,0,0,0,0,0,0,0,0,0,0,0,0,0,0,1,1,0,1,0,0,0
13258,0,0,0,0,0,0,0,0,0,0,0,0,0,0,1,0,0,0,0,0,0
13259,0,0,0,0,0,0,0,0,0,0,0,0,0,0,1,0,0,0,0,0,0
13260,0,0,0,0,0,0,0,0,0,0,0,0,0,0,1,0,0,0,0,0,0
13261,0,0,0,0,0,0,0,0,0,0,0,0,0,0,1,0,0,0,0,0,0
13262,0,0,0,0,0,0,0,0,0,0,0,0,0,0,1,0,0,0,0,0,0
13263,0,0,0,0,0,0,0,0,0,0,0,0,0,0,1,0,0,0,0,0,0
13264,0,0,0,0,0,0,0,0,0,0,0,0,0,0,1,0,0,0,0,0,0
13265,0,0,0,0,0,0,0,0,0,0,0,0,0,0,1,0,0,0,0,0,0
13266,0,0,0,0,0,0,0,0,0,0,0,0,0,0,1,0,0,0,0,0,0
13267,0,0,0,0,0,0,0,0,0,0,0,0,0,0,1,1,1,0,0,0,0
13268,0,0,0,0,0,0,0,0,0,0,0,0,0,0,1,0,0,0,0,0,0
13269,0,0,0,0,0,0,0,0,0,0,0,0,0,0,1,0,0,0,0,0,0
13270,0,0,0,0,0,0,0,0,0,0,0,0,0,0,1,0,0,0,0,0,0
13271,0,0,0,0,0,0,0,0,0,0,0,0,0,0,1,1,0,1,0,0,0
13272,0,0,0,0,0,0,0,0,0,0,0,0,0,0,1,1,0,0,0,0,1
13273,0,0,0,0,0,0,0,0,0,0,0,0,0,0,1,1,0,0,0,0,1
13274,0,0,0,0,0,0,0,0,0,0,0,0,0,0,1,0,0,0,0,0,0
13275,0,0,0,0,0,0,0,0,0,0,0,0,0,0,1,1,0,1,0,0,0
13276,0,0,0,0,0,0,0,0,0,0,0,0,0,0,1,1,0,0,0,0,1
13277,0,0,0,0,0,0,0,0,0,0,0,0,0,0,1,0,0,0,0,0,0
13278,0,0,0,0,0,0,0,0,0,0,0,0,0,0,1,0,0,0,0,0,0
13279,0,0,0,0,0,0,0,0,0,0,0,0,0,0,1,0,0,0,0,0,0
13280,0,0,0,0,0,0,0,0,0,0,0,0,0,0,1,0,0,0,0,0,0
13281,0,0,0,0,0,0,0,0,0,0,0,0,0,0,1,0,0,0,0,0,0
13282,0,0,0,0,0,0,0,0,0,0,0,0,0,0,1,1,0,1,0,0,0
13283,0,0,0,0,0,0,0,0,0,0,0,0,0,0,1,1,0,0,0,0,1
13284,0,0,0,0,0,0,0,0,0,0,0,0,0,0,1,0,0,0,0,0,0
13285,0,0,0,0,0,0,0,0,0,0,0,0,0,0,1,0,0,0,0,0,0
13286,0,0,0,0,0,0,0,0,0,0,0,0,0,0,1,1,0,1,0,0,0
13287,0,0,0,0,0,0,0,0,0,0,0,0,0,0,1,0,0,0,0,0,0
13288,0,0,0,0,0,0,0,0,0,0,0,0,0,0,1,0,0,0,0,0,0
13289,0,0,0,0,0,0,0,0,0,0,0,0,0,0,1,0,0,0,0,0,0
13290,0,0,0,0,0,0,0,0,0,0,0,0,0,0,1,0,0,0,0,0,0
13291,0,0,0,0,0,0,0,0,0,0,0,0,0,0,1,0,0,0,0,0,0
13292,0,0,0,0,0,0,0,0,0,0,0,0,0,0,1,0,0,0,0,0,0
13293,0,0,0,0,0,0,0,0,0,0,0,0,0,0,1,0,0,0,0,0,0
13294,0,0,0,0,0,0,0,0,0,0,0,0,0,0,1,1,0,0,0,0,1
13295,0,0,0,0,0,0,0,0,0,0,0,0,0,0,1,1,1,0,0,0,0
13296,0,0,0,0,0,0,0,0,0,0,0,0,0,0,1,1,0,0,0,0,1
13297,0,0,0,0,0,0,0,0,0,0,0,0,0,0,1,1,0,0,0,0,1
13298,0,0,0,0,0,0,0,0,0,0,0,0,0,0,1,0,0,0,0,0,0
13299,0,0,0,0,0,0,0,0,0,0,0,0,0,0,1,1,0,0,1,1,0
13300,0,0,0,0,0,0,0,0,0,0,0,0,0,0,1,0,0,0,0,0,0
13301,0,0,0,0,0,0,0,0,0,0,0,0,0,0,1,1,0,0,0,0,1
13302,0,0,0,0,0,0,0,0,0,0,0,0,0,0,1,0,0,0,0,0,0
13303,0,0,0,0,0,0,0,0,0,0,0,0,0,0,1,0,0,0,0,0,0
13304,0,0,0,0,0,0,0,0,0,0,0,0,0,0,1,0,0,0,0,0,0
13305,0,0,0,0,0,0,0,0,0,0,0,0,0,0,1,0,0,0,0,0,0
13306,0,0,0,0,0,0,0,0,0,0,0,0,0,0,1,0,0,0,0,0,0
13307,0,0,0,0,0,0,0,0,0,0,0,0,0,0,1,0,0,0,0,0,0
13308,0,0,0,0,0,0,0,0,0,0,0,0,0,0,1,1,0,1,0,0,0
13309,0,0,0,0,0,0,0,0,0,0,0,0,0,0,1,0,0,0,0,0,0
13310,0,0,0,0,0,0,0,0,0,0,0,0,0,0,1,1,0,0,0,0,1
13311,0,0,0,0,0,0,0,0,0,0,0,0,0,0,1,1,0,0,0,0,1
13312,0,0,0,0,0,0,0,0,0,0,0,0,0,0,1,1,0,0,0,0,1
13313,0,0,0,0,0,0,0,0,0,0,0,0,0,0,1,1,0,0,0,0,1
13314,0,0,0,0,0,0,0,0,0,0,0,0,0,0,1,0,0,0,0,0,0
13315,0,0,0,0,0,0,0,0,0,0,0,0,0,0,1,0,0,0,0,0,0
13316,0,0,0,0,0,0,0,0,0,0,0,0,0,0,1,0,0,0,0,0,0
13317,0,0,0,0,0,0,0,0,0,0,0,0,0,0,1,1,0,0,0,0,1
13318,0,0,0,0,0,0,0,0,0,0,0,0,0,0,1,0,0,0,0,0,0
13319,0,0,0,0,0,0,0,0,0,0,0,0,0,0,1,1,0,0,0,0,1
13320,0,0,0,0,0,0,0,0,0,0,0,0,0,0,1,0,0,0,0,0,0
13321,0,0,0,0,0,0,0,0,0,0,0,0,0,0,1,1,0,0,0,0,1
13322,0,0,0,0,0,0,0,0,0,0,0,0,0,0,1,0,0,0,0,0,0
13323,0,0,0,0,0,0,0,0,0,0,0,0,0,0,1,1,0,0,0,0,1
13324,0,0,0,0,0,0,0,0,0,0,0,0,0,0,1,1,0,0,0,0,1
13325,0,0,0,0,0,0,0,0,0,0,0,0,0,0,1,1,0,0,0,0,1
13326,0,0,0,0,0,0,0,0,0,0,0,0,0,0,1,0,0,0,0,0,0
13327,0,0,0,0,0,0,0,0,0,0,0,0,0,0,1,0,0,0,0,0,0
13328,0,0,0,0,0,0,0,0,0,0,0,0,0,0,1,1,0,0,0,0,1
13329,0,0,0,0,0,0,0,0,0,0,0,0,0,0,1,0,0,0,0,0,0
13330,0,0,0,0,0,0,0,0,0,0,0,0,0,0,1,0,0,0,0,0,0
13331,0,0,0,0,0,0,0,0,0,0,0,0,0,0,1,1,0,0,0,0,1
13332,0,0,0,0,0,0,0,0,0,0,0,0,0,0,1,0,0,0,0,0,0
13333,0,0,0,0,0,0,0,0,0,0,0,0,0,0,1,1,0,0,0,0,1
13334,0,0,0,0,0,0,0,0,0,0,0,0,0,0,1,0,0,0,0,0,0
13335,0,0,0,0,0,0,0,0,0,0,0,0,0,0,1,0,0,0,0,0,0
13336,0,0,0,0,0,0,0,0,0,0,0,0,0,0,1,0,0,0,0,0,0
13337,0,0,0,0,0,0,0,0,0,0,0,0,0,0,1,0,0,0,0,0,0
13338,0,0,0,0,0,0,0,0,0,0,0,0,0,0,1,0,0,0,0,0,0
13339,0,0,0,0,0,0,0,0,0,0,0,0,0,0,1,0,0,0,0,0,0
13340,0,0,0,0,0,0,0,0,0,0,0,0,0,0,1,0,0,0,0,0,0
13341,0,0,0,0,0,0,0,0,0,0,0,0,0,0,1,0,0,0,0,0,0
13342,0,0,0,0,0,0,0,0,0,0,0,0,0,0,1,0,0,0,0,0,0
13344,0,0,0,0,0,0,0,0,0,0,0,0,0,0,1,0,0,0,0,0,0
13345,0,0,0,0,0,0,0,0,0,0,0,0,0,0,1,0,0,0,0,0,0
13346,0,0,0,0,0,0,0,0,0,0,0,0,0,0,1,0,0,0,0,0,0
13347,0,0,0,0,0,0,0,0,0,0,0,0,0,0,1,1,0,0,0,0,1
13348,0,0,0,0,0,0,0,0,0,0,0,0,0,0,1,0,0,0,0,0,0
13349,0,0,0,0,0,0,0,0,0,0,0,0,0,0,1,0,0,0,0,0,0
13350,0,0,0,0,0,0,0,0,0,0,0,0,0,0,1,1,0,0,0,0,1
13351,0,0,0,0,0,0,0,0,0,0,0,0,0,0,1,0,0,0,0,0,0
13352,0,0,0,0,0,0,0,0,0,0,0,0,0,0,1,0,0,0,0,0,0
13353,0,0,0,0,0,0,0,0,0,0,0,0,0,0,1,0,0,0,0,0,0
13354,0,0,0,0,0,0,0,0,0,0,0,0,0,0,1,0,0,0,0,0,0
13355,0,0,0,0,0,0,0,0,0,0,0,0,0,0,1,1,0,0,0,0,1
13356,0,0,0,0,0,0,0,0,0,0,0,0,0,0,1,0,0,0,0,0,0
13357,0,0,0,0,0,0,0,0,0,0,0,0,0,0,1,0,0,0,0,0,0
13358,0,0,0,0,0,0,0,0,0,0,0,0,0,0,1,1,0,0,0,0,1
13359,0,0,0,0,0,0,0,0,0,0,0,0,0,0,1,0,0,0,0,0,0
13360,0,0,0,0,0,0,0,0,0,0,0,0,0,0,1,0,0,0,0,0,0
13361,0,0,0,0,0,0,0,0,0,0,0,0,0,0,1,0,0,0,0,0,0
13362,0,0,0,0,0,0,0,0,0,0,0,0,0,0,1,1,0,0,0,0,1
13363,0,0,0,0,0,0,0,0,0,0,0,0,0,0,1,0,0,0,0,0,0
13366,0,0,0,0,0,0,0,0,0,0,0,0,0,0,1,0,0,0,0,0,0
13367,0,0,0,0,0,0,0,0,0,0,0,0,0,0,1,1,0,1,0,0,0
13368,0,0,0,0,0,0,0,0,0,0,0,0,0,0,1,0,0,0,0,0,0
13369,0,0,0,0,0,0,0,0,0,0,0,0,0,0,1,0,0,0,0,0,0
13370,0,0,0,0,0,0,0,0,0,0,0,0,0,0,1,0,0,0,0,0,0
13371,0,0,0,0,0,0,0,0,0,0,0,0,0,0,1,1,0,1,0,0,0
13372,0,0,0,0,0,0,0,0,0,0,0,0,0,0,1,0,0,0,0,0,0
13373,0,0,0,0,0,0,0,0,0,0,0,0,0,0,1,0,0,0,0,0,0
13374,0,0,0,0,0,0,0,0,0,0,0,0,0,0,1,0,0,0,0,0,0
13375,0,0,0,0,0,0,0,0,0,0,0,0,0,0,1,1,0,0,0,0,1
13376,0,0,0,0,0,0,0,0,0,0,0,0,0,0,1,0,0,0,0,0,0
13377,0,0,0,0,0,0,0,0,0,0,0,0,0,0,1,1,0,0,0,0,1
13378,0,0,0,0,0,0,0,0,0,0,0,0,0,0,1,1,0,0,0,0,1
13379,0,0,0,0,0,0,0,0,0,0,0,0,0,0,1,0,0,0,0,0,0
13380,0,0,0,0,0,0,0,0,0,0,0,0,0,0,1,0,0,0,0,0,0
13381,0,0,0,0,0,0,0,0,0,0,0,0,0,0,1,0,0,0,0,0,0
13382,0,0,0,0,0,0,0,0,0,0,0,0,0,0,1,0,0,0,0,0,0
13383,0,0,0,0,0,0,0,0,0,0,0,0,0,0,1,0,0,0,0,0,0
13384,0,0,0,0,0,0,0,0,0,0,0,0,0,0,1,1,0,0,0,0,1
13385,0,0,0,0,0,0,0,0,0,0,0,0,0,0,1,1,0,0,0,0,1
13386,0,0,0,0,0,0,0,0,0,0,0,0,0,0,1,1,0,0,0,0,1
13387,0,0,0,0,0,0,0,0,0,0,0,0,0,0,1,0,0,0,0,0,0
13388,0,0,0,0,0,0,0,0,0,0,0,0,0,0,1,0,0,0,0,0,0
13389,0,0,0,0,0,0,0,0,0,0,0,0,0,0,1,0,0,0,0,0,0
13390,0,0,0,0,0,0,0,0,0,0,0,0,0,0,1,0,0,0,0,0,0
13391,0,0,0,0,0,0,0,0,0,0,0,0,0,0,1,1,0,0,0,0,1
13392,0,0,0,0,0,0,0,0,0,0,0,0,0,0,1,0,0,0,0,0,0
13393,0,0,0,0,0,0,0,0,0,0,0,0,0,0,1,0,0,0,0,0,0
13395,0,0,0,0,0,0,0,0,0,0,0,0,0,0,1,1,0,0,0,0,1
13396,0,0,0,0,0,0,0,0,0,0,0,0,0,0,1,1,0,0,0,0,1
13397,0,0,0,0,0,0,0,0,0,0,0,0,0,0,1,1,0,0,0,0,1
13398,0,0,0,0,0,0,0,0,0,0,0,0,0,0,1,0,0,0,0,0,0
13399,0,0,0,0,0,0,0,0,0,0,0,0,0,0,1,0,0,0,0,0,0
13400,0,0,0,0,0,0,0,0,0,0,0,0,0,0,1,0,0,0,0,0,0
13401,0,0,0,0,0,0,0,0,0,0,0,0,0,0,1,1,0,1,0,0,0
13402,0,0,0,0,0,0,0,0,0,0,0,0,0,0,1,1,1,0,0,0,0
13403,0,0,0,0,0,0,0,0,0,0,0,0,0,0,1,1,1,0,0,0,0
13404,0,0,0,0,0,0,0,0,0,0,0,0,0,0,1,0,0,0,0,0,0
13405,0,0,0,0,0,0,0,0,0,0,0,0,0,0,1,0,0,0,0,0,0
13406,0,0,0,0,0,0,0,0,0,0,0,0,0,0,1,0,0,0,0,0,0
13407,0,0,0,0,0,0,0,0,0,0,0,0,0,0,1,0,0,0,0,0,0
13408,0,0,0,0,0,0,0,0,0,0,0,0,0,0,1,1,0,0,0,0,1
13409,0,0,0,0,0,0,0,0,0,0,0,0,0,0,1,1,0,1,0,0,0
13410,0,0,0,0,0,0,0,0,0,0,0,0,0,0,1,1,0,0,0,0,1
13411,0,0,0,0,0,0,0,0,0,0,0,0,0,0,1,0,0,0,0,0,0
13412,0,0,0,0,0,0,0,0,0,0,0,0,0,0,1,0,0,0,0,0,0
13413,0,0,0,0,0,0,0,0,0,0,0,0,0,0,1,0,0,0,0,0,0
13414,0,0,0,0,0,0,0,0,0,0,0,0,0,0,1,0,0,0,0,0,0
13415,0,0,0,0,0,0,0,0,0,0,0,0,0,0,1,0,0,0,0,0,0
13417,0,0,0,0,0,0,0,0,0,0,0,0,0,0,1,1,0,0,0,0,1
13418,0,0,0,0,0,0,0,0,0,0,0,0,0,0,1,1,0,0,0,0,1
13419,0,0,0,0,0,0,0,0,0,0,0,0,0,0,1,0,0,0,0,0,0
13420,0,0,0,0,0,0,0,0,0,0,0,0,0,0,1,0,0,0,0,0,0
13422,0,0,0,0,0,0,0,0,0,0,0,0,0,0,1,1,0,0,0,0,1
13423,0,0,0,0,0,0,0,0,0,0,0,0,0,0,1,1,0,0,0,0,1
13424,0,0,0,0,0,0,0,0,0,0,0,0,0,0,1,1,0,0,0,0,1
13426,0,0,0,0,0,0,0,0,0,0,0,0,0,0,1,1,0,0,0,0,1
13427,0,0,0,0,0,0,0,0,0,0,0,0,0,0,1,1,0,0,0,0,1
13428,0,0,0,0,0,0,0,0,0,0,0,0,0,0,1,0,0,0,0,0,0
13429,0,0,0,0,0,0,0,0,0,0,0,0,0,0,1,0,0,0,0,0,0
13431,0,0,0,0,0,0,0,0,0,0,0,0,0,0,1,0,0,0,0,0,0
13432,0,0,0,0,0,0,0,0,0,0,0,0,0,0,1,0,0,0,0,0,0
13433,0,0,0,0,0,0,0,0,0,0,0,0,0,0,1,1,0,0,0,0,1
13434,0,0,0,0,0,0,0,0,0,0,0,0,0,0,1,1,0,0,0,0,1
13435,0,0,0,0,0,0,0,0,0,0,0,0,0,0,1,1,0,0,0,0,1
13436,0,0,0,0,0,0,0,0,0,0,0,0,0,0,1,1,0,0,0,0,1
13437,0,0,0,0,0,0,0,0,0,0,0,0,0,0,1,0,0,0,0,0,0
13438,0,0,0,0,0,0,0,0,0,0,0,0,0,0,1,0,0,0,0,0,0
13439,0,0,0,0,0,0,0,0,0,0,0,0,0,0,1,0,0,0,0,0,0
13440,0,0,0,0,0,0,0,0,0,0,0,0,0,0,1,0,0,0,0,0,0
13441,0,0,0,0,0,0,0,0,0,0,0,0,0,0,1,1,0,0,0,0,1
13442,0,0,0,0,0,0,0,0,0,0,0,0,0,0,1,0,0,0,0,0,0
13443,0,0,0,0,0,0,0,0,0,0,0,0,0,0,1,0,0,0,0,0,0
13444,0,0,0,0,0,0,0,0,0,0,0,0,0,0,1,1,0,0,0,0,1
13445,0,0,0,0,0,0,0,0,0,0,0,0,0,0,1,0,0,0,0,0,0
13446,0,0,0,0,0,0,0,0,0,0,0,0,0,0,1,0,0,0,0,0,0
13447,0,0,0,0,0,0,0,0,0,0,0,0,0,0,1,1,0,0,0,0,1
13448,0,0,0,0,0,0,0,0,0,0,0,0,0,0,1,1,0,1,0,0,0
13449,0,0,0,0,0,0,0,0,0,0,0,0,0,0,1,0,0,0,0,0,0
13450,0,0,0,0,0,0,0,0,0,0,0,0,0,0,1,0,0,0,0,0,0
13451,0,0,0,0,0,0,0,0,0,0,0,0,0,0,1,0,0,0,0,0,0
13452,0,0,0,0,0,0,0,0,0,0,0,0,0,0,1,1,0,0,0,0,1
13453,0,0,0,0,0,0,0,0,0,0,0,0,0,0,1,0,0,0,0,0,0
13454,0,0,0,0,0,0,0,0,0,0,0,0,0,0,1,0,0,0,0,0,0
13455,0,0,0,0,0,0,0,0,0,0,0,0,0,0,1,0,0,0,0,0,0
13456,0,0,0,0,0,0,0,0,0,0,0,0,0,0,1,1,0,0,0,0,1
13457,0,0,0,0,0,0,0,0,0,0,0,0,0,0,1,1,0,0,0,0,1
13458,0,0,0,0,0,0,0,0,0,0,0,0,0,0,1,1,0,0,0,0,1
13459,0,0,0,0,0,0,0,0,0,0,0,0,0,0,1,1,0,0,0,0,1
13460,0,0,0,0,0,0,0,0,0,0,0,0,0,0,1,0,0,0,0,0,0
13461,0,0,0,0,0,0,0,0,0,0,0,0,0,0,1,0,0,0,0,0,0
13462,0,0,0,0,0,0,0,0,0,0,0,0,0,0,1,1,0,0,0,0,1
13463,0,0,0,0,0,0,0,0,0,0,0,0,0,0,1,1,0,0,0,0,1
13464,0,0,0,0,0,0,0,0,0,0,0,0,0,0,1,1,1,0,0,0,0
13465,0,0,0,0,0,0,0,0,0,0,0,0,0,0,1,1,0,0,0,0,1
13466,0,0,0,0,0,0,0,0,0,0,0,0,0,0,1,1,0,1,0,0,0
13467,0,0,0,0,0,0,0,0,0,0,0,0,0,0,1,0,0,0,0,0,0
13468,0,0,0,0,0,0,0,0,0,0,0,0,0,0,1,1,0,0,0,0,1
13469,0,0,0,0,0,0,0,0,0,0,0,0,0,0,1,0,0,0,0,0,0
13470,0,0,0,0,0,0,0,0,0,0,0,0,0,0,1,1,1,0,0,0,0
13471,0,0,0,0,0,0,0,0,0,0,0,0,0,0,1,0,0,0,0,0,0
13472,0,0,0,0,0,0,0,0,0,0,0,0,0,0,1,0,0,0,0,0,0
13473,0,0,0,0,0,0,0,0,0,0,0,0,0,0,1,1,0,0,0,0,1
13474,0,0,0,0,0,0,0,0,0,0,0,0,0,0,1,0,0,0,0,0,0
13475,0,0,0,0,0,0,0,0,0,0,0,0,0,0,1,0,0,0,0,0,0
13476,0,0,0,0,0,0,0,0,0,0,0,0,0,0,1,1,0,0,0,0,1
13477,0,0,0,0,0,0,0,0,0,0,0,0,0,0,1,1,0,0,0,0,1
13478,0,0,0,0,0,0,0,0,0,0,0,0,0,0,1,0,0,0,0,0,0
13479,0,0,0,0,0,0,0,0,0,0,0,0,0,0,1,0,0,0,0,0,0
13480,0,0,0,0,0,0,0,0,0,0,0,0,0,0,1,0,0,0,0,0,0
13482,0,0,0,0,0,0,0,0,0,0,0,0,0,0,1,0,0,0,0,0,0
13483,0,0,0,0,0,0,0,0,0,0,0,0,0,0,1,0,0,0,0,0,0
13484,0,0,0,0,0,0,0,0,0,0,0,0,0,0,1,0,0,0,0,0,0
13485,0,0,0,0,0,0,0,0,0,0,0,0,0,0,1,0,0,0,0,0,0
13486,0,0,0,0,0,0,0,0,0,0,0,0,0,0,1,0,0,0,0,0,0
13487,0,0,0,0,0,0,0,0,0,0,0,0,0,0,1,0,0,0,0,0,0
13488,0,0,0,0,0,0,0,0,0,0,0,0,0,0,1,0,0,0,0,0,0
13489,0,0,0,0,0,0,0,0,0,0,0,0,0,0,1,0,0,0,0,0,0
13490,0,0,0,0,0,0,0,0,0,0,0,0,0,0,1,1,0,0,0,0,1
13491,0,0,0,0,0,0,0,0,0,0,0,0,0,0,1,1,1,0,0,0,0
13492,0,0,0,0,0,0,0,0,0,0,0,0,0,0,1,0,0,0,0,0,0
13494,0,0,0,0,0,0,0,0,0,0,0,0,0,0,1,0,0,0,0,0,0
13496,0,0,0,0,0,0,0,0,0,0,0,0,0,0,1,0,0,0,0,0,0
13498,0,0,0,0,0,0,0,0,0,0,0,0,0,0,1,0,0,0,0,0,0
13499,0,0,0,0,0,0,0,0,0,0,0,0,0,0,1,0,0,0,0,0,0
13500,0,0,0,0,0,0,0,0,0,0,0,0,0,0,1,0,0,0,0,0,0
13502,0,0,0,0,0,0,0,0,0,0,0,0,0,0,1,0,0,0,0,0,0
13503,0,0,0,0,0,0,0,0,0,0,0,0,0,0,1,0,0,0,0,0,0
13504,0,0,0,0,0,0,0,0,0,0,0,0,0,0,1,1,0,0,0,0,1
13505,0,0,0,0,0,0,0,0,0,0,0,0,0,0,1,0,0,0,0,0,0
13506,0,0,0,0,0,0,0,0,0,0,0,0,0,0,1,0,0,0,0,0,0
13507,0,0,0,0,0,0,0,0,0,0,0,0,0,0,1,1,0,0,0,0,1
13508,0,0,0,0,0,0,0,0,0,0,0,0,0,0,1,1,0,0,0,0,1
13509,0,0,0,0,0,0,0,0,0,0,0,0,0,0,1,1,0,0,0,0,1
13510,0,0,0,0,0,0,0,0,0,0,0,0,0,0,1,0,0,0,0,0,0
13511,0,0,0,0,0,0,0,0,0,0,0,0,0,0,1,0,0,0,0,0,0
13513,0,0,0,0,0,0,0,0,0,0,0,0,0,0,1,1,0,0,0,0,1
13514,0,0,0,0,0,0,0,0,0,0,0,0,0,0,1,1,0,0,0,0,1
13515,0,0,0,0,0,0,0,0,0,0,0,0,0,0,1,1,0,1,0,0,0
13516,0,0,0,0,0,0,0,0,0,0,0,0,0,0,1,0,0,0,0,0,0
13517,0,0,0,0,0,0,0,0,0,0,0,0,0,0,1,1,0,0,0,0,1
13518,0,0,0,0,0,0,0,0,0,0,0,0,0,0,1,0,0,0,0,0,0
13519,0,0,0,0,0,0,0,0,0,0,0,0,0,0,1,1,0,0,0,0,1
13520,0,0,0,0,0,0,0,0,0,0,0,0,0,0,1,1,0,0,0,0,1
13521,0,0,0,0,0,0,0,0,0,0,0,0,0,0,1,0,0,0,0,0,0
13522,0,0,0,0,0,0,0,0,0,0,0,0,0,0,1,0,0,0,0,0,0
13523,0,0,0,0,0,0,0,0,0,0,0,0,0,0,1,0,0,0,0,0,0
13524,0,0,0,0,0,0,0,0,0,0,0,0,0,0,1,0,0,0,0,0,0
13525,0,0,0,0,0,0,0,0,0,0,0,0,0,0,1,0,0,0,0,0,0
13526,0,0,0,0,0,0,0,0,0,0,0,0,0,0,1,0,0,0,0,0,0
13527,0,0,0,0,0,0,0,0,0,0,0,0,0,0,1,0,0,0,0,0,0
13528,0,0,0,0,0,0,0,0,0,0,0,0,0,0,1,0,0,0,0,0,0
13529,0,0,0,0,0,0,0,0,0,0,0,0,0,0,1,0,0,0,0,0,0
13530,0,0,0,0,0,0,0,0,0,0,0,0,0,0,1,0,0,0,0,0,0
13531,0,0,0,0,0,0,0,0,0,0,0,0,0,0,1,0,0,0,0,0,0
13533,0,0,0,0,0,0,0,0,0,0,0,0,0,0,1,0,0,0,0,0,0
13534,0,0,0,0,0,0,0,0,0,0,0,0,0,0,1,0,0,0,0,0,0
13535,0,0,0,0,0,0,0,0,0,0,0,0,0,0,1,1,0,0,0,0,1
13536,0,0,0,0,0,0,0,0,0,0,0,0,0,0,1,0,0,0,0,0,0
13537,0,0,0,0,0,0,0,0,0,0,0,0,0,0,1,0,0,0,0,0,0
13538,0,0,0,0,0,0,0,0,0,0,0,0,0,0,1,1,0,0,0,0,1
13539,0,0,0,0,0,0,0,0,0,0,0,0,0,0,1,1,0,0,0,0,1
13540,0,0,0,0,0,0,0,0,0,0,0,0,0,0,1,0,0,0,0,0,0
13541,0,0,0,0,0,0,0,0,0,0,0,0,0,0,1,0,0,0,0,0,0
13542,0,0,0,0,0,0,0,0,0,0,0,0,0,0,1,0,0,0,0,0,0
13543,0,0,0,0,0,0,0,0,0,0,0,0,0,0,1,1,0,0,0,0,1
13544,0,0,0,0,0,0,0,0,0,0,0,0,0,0,1,0,0,0,0,0,0
13545,0,0,0,0,0,0,0,0,0,0,0,0,0,0,1,0,0,0,0,0,0
13546,0,0,0,0,0,0,0,0,0,0,0,0,0,0,1,0,0,0,0,0,0
13547,0,0,0,0,0,0,0,0,0,0,0,0,0,0,1,0,0,0,0,0,0
13548,0,0,0,0,0,0,0,0,0,0,0,0,0,0,1,1,1,0,0,0,0
13549,0,0,0,0,0,0,0,0,0,0,0,0,0,0,1,0,0,0,0,0,0
13550,0,0,0,0,0,0,0,0,0,0,0,0,0,0,1,0,0,0,0,0,0
13551,0,0,0,0,0,0,0,0,0,0,0,0,0,0,1,0,0,0,0,0,0
13552,0,0,0,0,0,0,0,0,0,0,0,0,0,0,1,0,0,0,0,0,0
13553,0,0,0,0,0,0,0,0,0,0,0,0,0,0,1,0,0,0,0,0,0
13554,0,0,0,0,0,0,0,0,0,0,0,0,0,0,1,0,0,0,0,0,0
13555,0,0,0,0,0,0,0,0,0,0,0,0,0,0,1,0,0,0,0,0,0
13556,0,0,0,0,0,0,0,0,0,0,0,0,0,0,1,0,0,0,0,0,0
13557,0,0,0,0,0,0,0,0,0,0,0,0,0,0,1,1,0,0,0,0,1
13558,0,0,0,0,0,0,0,0,0,0,0,0,0,0,1,0,0,0,0,0,0
13559,0,0,0,0,0,0,0,0,0,0,0,0,0,0,1,0,0,0,0,0,0
13560,0,0,0,0,0,0,0,0,0,0,0,0,0,0,1,0,0,0,0,0,0
13561,0,0,0,0,0,0,0,0,0,0,0,0,0,0,1,0,0,0,0,0,0
13562,0,0,0,0,0,0,0,0,0,0,0,0,0,0,1,0,0,0,0,0,0
13563,0,0,0,0,0,0,0,0,0,0,0,0,0,0,1,0,0,0,0,0,0
13564,0,0,0,0,0,0,0,0,0,0,0,0,0,0,1,0,0,0,0,0,0
13565,0,0,0,0,0,0,0,0,0,0,0,0,0,0,1,0,0,0,0,0,0
13566,0,0,0,0,0,0,0,0,0,0,0,0,0,0,1,0,0,0,0,0,0
13567,0,0,0,0,0,0,0,0,0,0,0,0,0,0,1,1,0,0,0,0,1
13568,0,0,0,0,0,0,0,0,0,0,0,0,0,0,1,0,0,0,0,0,0
13569,0,0,0,0,0,0,0,0,0,0,0,0,0,0,1,0,0,0,0,0,0
13570,0,0,0,0,0,0,0,0,0,0,0,0,0,0,1,0,0,0,0,0,0
13571,0,0,0,0,0,0,0,0,0,0,0,0,0,0,1,0,0,0,0,0,0
13572,0,0,0,0,0,0,0,0,0,0,0,0,0,0,1,1,0,0,0,0,1
13573,0,0,0,0,0,0,0,0,0,0,0,0,0,0,1,1,0,0,0,0,1
13574,0,0,0,0,0,0,0,0,0,0,0,0,0,0,1,0,0,0,0,0,0
13575,0,0,0,0,0,0,0,0,0,0,0,0,0,0,1,1,0,0,0,0,1
13576,0,0,0,0,0,0,0,0,0,0,0,0,0,0,1,1,0,0,0,0,1
13577,0,0,0,0,0,0,0,0,0,0,0,0,0,0,1,1,0,0,0,0,1
13578,0,0,0,0,0,0,0,0,0,0,0,0,0,0,1,0,0,0,0,0,0
13579,0,0,0,0,0,0,0,0,0,0,0,0,0,0,1,1,1,0,0,0,0
13580,0,0,0,0,0,0,0,0,0,0,0,0,0,0,1,0,0,0,0,0,0
13581,0,0,0,0,0,0,0,0,0,0,0,0,0,0,1,1,0,0,0,0,1
13582,0,0,0,0,0,0,0,0,0,0,0,0,0,0,1,0,0,0,0,0,0
13583,0,0,0,0,0,0,0,0,0,0,0,0,0,0,1,0,0,0,0,0,0
13584,0,0,0,0,0,0,0,0,0,0,0,0,0,0,1,0,0,0,0,0,0
13585,0,0,0,0,0,0,0,0,0,0,0,0,0,0,1,0,0,0,0,0,0
13586,0,0,0,0,0,0,0,0,0,0,0,0,0,0,1,0,0,0,0,0,0
13587,0,0,0,0,0,0,0,0,0,0,0,0,0,0,1,1,1,0,0,0,0
13588,0,0,0,0,0,0,0,0,0,0,0,0,0,0,1,1,0,0,0,0,1
13589,0,0,0,0,0,0,0,0,0,0,0,0,0,0,1,0,0,0,0,0,0
13590,0,0,0,0,0,0,0,0,0,0,0,0,0,0,1,0,0,0,0,0,0
13591,0,0,0,0,0,0,0,0,0,0,0,0,0,0,1,0,0,0,0,0,0
13592,0,0,0,0,0,0,0,0,0,0,0,0,0,0,1,0,0,0,0,0,0
13593,0,0,0,0,0,0,0,0,0,0,0,0,0,0,1,0,0,0,0,0,0
13594,0,0,0,0,0,0,0,0,0,0,0,0,0,0,1,0,0,0,0,0,0
13595,0,0,0,0,0,0,0,0,0,0,0,0,0,0,1,0,0,0,0,0,0
13596,0,0,0,0,0,0,0,0,0,0,0,0,0,0,1,0,0,0,0,0,0
13597,0,0,0,0,0,0,0,0,0,0,0,0,0,0,1,0,0,0,0,0,0
13598,0,0,0,0,0,0,0,0,0,0,0,0,0,0,1,1,0,0,0,0,1
13599,0,0,0,0,0,0,0,0,0,0,0,0,0,0,1,0,0,0,0,0,0
13600,0,0,0,0,0,0,0,0,0,0,0,0,0,0,1,1,0,0,0,0,1
13601,0,0,0,0,0,0,0,0,0,0,0,0,0,0,1,1,0,0,0,0,1
13602,0,0,0,0,0,0,0,0,0,0,0,0,0,0,1,1,0,0,0,0,1
13603,0,0,0,0,0,0,0,0,0,0,0,0,0,0,1,0,0,0,0,0,0
13605,0,0,0,0,0,0,0,0,0,0,0,0,0,0,1,0,0,0,0,0,0
13606,0,0,0,0,0,0,0,0,0,0,0,0,0,0,1,0,0,0,0,0,0
13608,0,0,0,0,0,0,0,0,0,0,0,0,0,0,1,0,0,0,0,0,0
13609,0,0,0,0,0,0,0,0,0,0,0,0,0,0,1,0,0,0,0,0,0
13610,0,0,0,0,0,0,0,0,0,0,0,0,0,0,1,0,0,0,0,0,0
13611,0,0,0,0,0,0,0,0,0,0,0,0,0,0,1,1,0,0,0,0,1
13612,0,0,0,0,0,0,0,0,0,0,0,0,0,0,1,0,0,0,0,0,0
13613,0,0,0,0,0,0,0,0,0,0,0,0,0,0,1,0,0,0,0,0,0
13614,0,0,0,0,0,0,0,0,0,0,0,0,0,0,1,0,0,0,0,0,0
13616,0,0,0,0,0,0,0,0,0,0,0,0,0,0,1,0,0,0,0,0,0
13617,0,0,0,0,0,0,0,0,0,0,0,0,0,0,1,0,0,0,0,0,0
13618,0,0,0,0,0,0,0,0,0,0,0,0,0,0,1,1,0,0,0,0,1
13619,0,0,0,0,0,0,0,0,0,0,0,0,0,0,1,0,0,0,0,0,0
13621,0,0,0,0,0,0,0,0,0,0,0,0,0,0,1,0,0,0,0,0,0
13622,0,0,0,0,0,0,0,0,0,0,0,0,0,0,1,1,0,0,0,0,1
13623,0,0,0,0,0,0,0,0,0,0,0,0,0,0,1,0,0,0,0,0,0
13624,0,0,0,0,0,0,0,0,0,0,0,0,0,0,1,0,0,0,0,0,0
13625,0,0,0,0,0,0,0,0,0,0,0,0,0,0,1,1,0,0,0,0,1
13626,0,0,0,0,0,0,0,0,0,0,0,0,0,0,1,0,0,0,0,0,0
13627,0,0,0,0,0,0,0,0,0,0,0,0,0,0,1,1,0,1,0,0,0
13628,0,0,0,0,0,0,0,0,0,0,0,0,0,0,1,0,0,0,0,0,0
13629,0,0,0,0,0,0,0,0,0,0,0,0,0,0,1,0,0,0,0,0,0
13632,0,0,0,0,0,0,0,0,0,0,0,0,0,0,1,0,0,0,0,0,0
13633,0,0,0,0,0,0,0,0,0,0,0,0,0,0,1,0,0,0,0,0,0
13634,0,0,0,0,0,0,0,0,0,0,0,0,0,0,1,0,0,0,0,0,0
13635,0,0,0,0,0,0,0,0,0,0,0,0,0,0,1,0,0,0,0,0,0
13636,0,0,0,0,0,0,0,0,0,0,0,0,0,0,1,0,0,0,0,0,0
13637,0,0,0,0,0,0,0,0,0,0,0,0,0,0,1,0,0,0,0,0,0
13638,0,0,0,0,0,0,0,0,0,0,0,0,0,0,1,0,0,0,0,0,0
13639,0,0,0,0,0,0,0,0,0,0,0,0,0,0,1,0,0,0,0,0,0
13640,0,0,0,0,0,0,0,0,0,0,0,0,0,0,1,0,0,0,0,0,0
13642,0,0,0,0,0,0,0,0,0,0,0,0,0,0,1,1,0,0,0,0,1
13643,0,0,0,0,0,0,0,0,0,0,0,0,0,0,1,1,0,0,0,0,1
13644,0,0,0,0,0,0,0,0,0,0,0,0,0,0,1,1,0,1,0,0,0
13645,0,0,0,0,0,0,0,0,0,0,0,0,0,0,1,1,0,1,0,0,0
13646,0,0,0,0,0,0,0,0,0,0,0,0,0,0,1,1,0,0,0,0,1
13647,0,0,0,0,0,0,0,0,0,0,0,0,0,0,1,1,0,0,0,0,1
13648,0,0,0,0,0,0,0,0,0,0,0,0,0,0,1,0,0,0,0,0,0
13650,0,0,0,0,0,0,0,0,0,0,0,0,0,0,1,0,0,0,0,0,0
13651,0,0,0,0,0,0,0,0,0,0,0,0,0,0,1,0,0,0,0,0,0
13652,0,0,0,0,0,0,0,0,0,0,0,0,0,0,1,0,0,0,0,0,0
13655,0,0,0,0,0,0,0,0,0,0,0,0,0,0,1,0,0,0,0,0,0
13656,0,0,0,0,0,0,0,0,0,0,0,0,0,0,1,1,0,0,0,0,1
13657,0,0,0,0,0,0,0,0,0,0,0,0,0,0,1,1,0,0,0,0,1
13662,0,0,0,0,0,0,0,0,0,0,0,0,0,0,1,1,0,0,0,0,1
13663,0,0,0,0,0,0,0,0,0,0,0,0,0,0,1,1,1,0,0,0,0
13664,0,0,0,0,0,0,0,0,0,0,0,0,0,0,1,0,0,0,0,0,0
13665,0,0,0,0,0,0,0,0,0,0,0,0,0,0,1,1,0,0,0,0,1
13666,0,0,0,0,0,0,0,0,0,0,0,0,0,0,1,0,0,0,0,0,0
13667,0,0,0,0,0,0,0,0,0,0,0,0,0,0,1,0,0,0,0,0,0
13669,0,0,0,0,0,0,0,0,0,0,0,0,0,0,1,0,0,0,0,0,0
13675,0,0,0,0,0,0,0,0,0,0,0,0,0,0,1,0,0,0,0,0,0
13677,0,0,0,0,0,0,0,0,0,0,0,0,0,0,1,0,0,0,0,0,0
13678,0,0,0,0,0,0,0,0,0,0,0,0,0,0,1,1,0,0,0,0,1
13680,0,0,0,0,0,0,0,0,0,0,0,0,0,0,1,1,0,0,0,0,1
13681,0,0,0,0,0,0,0,0,0,0,0,0,0,0,1,1,0,0,0,0,1
13683,0,0,0,0,0,0,0,0,0,0,0,0,0,0,1,0,0,0,0,0,0
13684,0,0,0,0,0,0,0,0,0,0,0,0,0,0,1,1,0,0,0,0,1
13685,0,0,0,0,0,0,0,0,0,0,0,0,0,0,1,0,0,0,0,0,0
13686,0,0,0,0,0,0,0,0,0,0,0,0,0,0,1,0,0,0,0,0,0
13687,0,0,0,0,0,0,0,0,0,0,0,0,0,0,1,0,0,0,0,0,0
13688,0,0,0,0,0,0,0,0,0,0,0,0,0,0,1,0,0,0,0,0,0
13689,0,0,0,0,0,0,0,0,0,0,0,0,0,0,1,1,0,0,0,0,1
13690,0,0,0,0,0,0,0,0,0,0,0,0,0,0,1,0,0,0,0,0,0
13691,0,0,0,0,0,0,0,0,0,0,0,0,0,0,1,0,0,0,0,0,0
13693,0,0,0,0,0,0,0,0,0,0,0,0,0,0,1,1,0,1,0,0,0
13694,0,0,0,0,0,0,0,0,0,0,0,0,0,0,1,1,0,1,0,0,0
13695,0,0,0,0,0,0,0,0,0,0,0,0,0,0,1,0,0,0,0,0,0
13696,0,0,0,0,0,0,0,0,0,0,0,0,0,0,1,1,0,0,0,0,1
13697,0,0,0,0,0,0,0,0,0,0,0,0,0,0,1,0,0,0,0,0,0
13698,0,0,0,0,0,0,0,0,0,0,0,0,0,0,1,1,0,1,0,0,0
13699,0,0,0,0,0,0,0,0,0,0,0,0,0,0,1,0,0,0,0,0,0
13700,0,0,0,0,0,0,0,0,0,0,0,0,0,0,1,1,0,1,0,0,0
13701,0,0,0,0,0,0,0,0,0,0,0,0,0,0,1,1,0,1,0,0,0
13703,0,0,0,0,0,0,0,0,0,0,0,0,0,0,1,1,0,0,0,0,1
13704,0,0,0,0,0,0,0,0,0,0,0,0,0,0,1,1,0,0,0,0,1
13705,0,0,0,0,0,0,0,0,0,0,0,0,0,0,1,0,0,0,0,0,0
13706,0,0,0,0,0,0,0,0,0,0,0,0,0,0,1,1,1,0,0,0,0
13707,0,0,0,0,0,0,0,0,0,0,0,0,0,0,1,0,0,0,0,0,0
13708,0,0,0,0,0,0,0,0,0,0,0,0,0,0,1,0,0,0,0,0,0
13709,0,0,0,0,0,0,0,0,0,0,0,0,0,0,1,0,0,0,0,0,0
13710,0,0,0,0,0,0,0,0,0,0,0,0,0,0,1,1,0,0,0,0,1
13711,0,0,0,0,0,0,0,0,0,0,0,0,0,0,1,0,0,0,0,0,0
13712,0,0,0,0,0,0,0,0,0,0,0,0,0,0,1,0,0,0,0,0,0
13713,0,0,0,0,0,0,0,0,0,0,0,0,0,0,1,0,0,0,0,0,0
13714,0,0,0,0,0,0,0,0,0,0,0,0,0,0,1,1,0,0,0,0,1
13715,0,0,0,0,0,0,0,0,0,0,0,0,0,0,1,1,0,0,0,0,1
13716,0,0,0,0,0,0,0,0,0,0,0,0,0,0,1,1,0,0,0,0,1
13717,0,0,0,0,0,0,0,0,0,0,0,0,0,0,1,0,0,0,0,0,0
13718,0,0,0,0,0,0,0,0,0,0,0,0,0,0,1,0,0,0,0,0,0
13719,0,0,0,0,0,0,0,0,0,0,0,0,0,0,1,1,0,0,0,0,1
13721,0,0,0,0,0,0,0,0,0,0,0,0,0,0,1,1,0,0,0,0,1
13722,0,0,0,0,0,0,0,0,0,0,0,0,0,0,1,0,0,0,0,0,0
13723,0,0,0,0,0,0,0,0,0,0,0,0,0,0,1,0,0,0,0,0,0
13724,0,0,0,0,0,0,0,0,0,0,0,0,0,0,1,1,0,0,0,0,1
13725,0,0,0,0,0,0,0,0,0,0,0,0,0,0,1,1,0,0,0,0,1
13726,0,0,0,0,0,0,0,0,0,0,0,0,0,0,1,0,0,0,0,0,0
13727,0,0,0,0,0,0,0,0,0,0,0,0,0,0,1,0,0,0,0,0,0
13728,0,0,0,0,0,0,0,0,0,0,0,0,0,0,1,1,0,0,0,0,1
13729,0,0,0,0,0,0,0,0,0,0,0,0,0,0,1,1,0,0,0,0,1
13730,0,0,0,0,0,0,0,0,0,0,0,0,0,0,1,0,0,0,0,0,0
13731,0,0,0,0,0,0,0,0,0,0,0,0,0,0,1,0,0,0,0,0,0
13732,0,0,0,0,0,0,0,0,0,0,0,0,0,0,1,0,0,0,0,0,0
13733,0,0,0,0,0,0,0,0,0,0,0,0,0,0,1,1,1,0,0,0,0
13734,0,0,0,0,0,0,0,0,0,0,0,0,0,0,1,1,0,0,0,0,1
13735,0,0,0,0,0,0,0,0,0,0,0,0,0,0,1,1,0,0,0,0,1
13736,0,0,0,0,0,0,0,0,0,0,0,0,0,0,1,1,1,0,0,0,0
13737,0,0,0,0,0,0,0,0,0,0,0,0,0,0,1,0,0,0,0,0,0
13738,0,0,0,0,0,0,0,0,0,0,0,0,0,0,1,0,0,0,0,0,0
13739,0,0,0,0,0,0,0,0,0,0,0,0,0,0,1,0,0,0,0,0,0
13740,0,0,0,0,0,0,0,0,0,0,0,0,0,0,1,1,0,1,0,0,0
13741,0,0,0,0,0,0,0,0,0,0,0,0,0,0,1,1,0,0,0,0,1
13742,0,0,0,0,0,0,0,0,0,0,0,0,0,0,1,0,0,0,0,0,0
13743,0,0,0,0,0,0,0,0,0,0,0,0,0,0,1,0,0,0,0,0,0
13744,0,0,0,0,0,0,0,0,0,0,0,0,0,0,1,0,0,0,0,0,0
13745,0,0,0,0,0,0,0,0,0,0,0,0,0,0,1,1,0,0,0,0,1
13746,0,0,0,0,0,0,0,0,0,0,0,0,0,0,1,1,0,0,0,0,1
13747,0,0,0,0,0,0,0,0,0,0,0,0,0,0,1,1,0,0,0,0,1
13748,0,0,0,0,0,0,0,0,0,0,0,0,0,0,1,0,0,0,0,0,0
13750,0,0,0,0,0,0,0,0,0,0,0,0,0,0,1,0,0,0,0,0,0
13751,0,0,0,0,0,0,0,0,0,0,0,0,0,0,1,1,0,0,0,0,1
13752,0,0,0,0,0,0,0,0,0,0,0,0,0,0,1,1,0,0,0,0,1
13753,0,0,0,0,0,0,0,0,0,0,0,0,0,0,1,1,1,0,0,0,0
13754,0,0,0,0,0,0,0,0,0,0,0,0,0,0,1,0,0,0,0,0,0
13755,0,0,0,0,0,0,0,0,0,0,0,0,0,0,1,1,0,0,0,0,1
13757,0,0,0,0,0,0,0,0,0,0,0,0,0,0,1,0,0,0,0,0,0
13758,0,0,0,0,0,0,0,0,0,0,0,0,0,0,1,0,0,0,0,0,0
13760,0,0,0,0,0,0,0,0,0,0,0,0,0,0,1,0,0,0,0,0,0
13761,0,0,0,0,0,0,0,0,0,0,0,0,0,0,1,0,0,0,0,0,0
13762,0,0,0,0,0,0,0,0,0,0,0,0,0,0,1,1,0,0,0,0,1
13763,0,0,0,0,0,0,0,0,0,0,0,0,0,0,1,1,1,0,0,0,0
13764,0,0,0,0,0,0,0,0,0,0,0,0,0,0,1,1,0,0,1,1,0
13765,0,0,0,0,0,0,0,0,0,0,0,0,0,0,1,1,0,0,0,0,1
13766,0,0,0,0,0,0,0,0,0,0,0,0,0,0,1,0,0,0,0,0,0
13767,0,0,0,0,0,0,0,0,0,0,0,0,0,0,1,0,0,0,0,0,0
13768,0,0,0,0,0,0,0,0,0,0,0,0,0,0,1,0,0,0,0,0,0
13769,0,0,0,0,0,0,0,0,0,0,0,0,0,0,1,1,0,0,0,0,1
13770,0,0,0,0,0,0,0,0,0,0,0,0,0,0,1,0,0,0,0,0,0
13771,0,0,0,0,0,0,0,0,0,0,0,0,0,0,1,0,0,0,0,0,0
13772,0,0,0,0,0,0,0,0,0,0,0,0,0,0,1,1,0,0,0,0,1
13773,0,0,0,0,0,0,0,0,0,0,0,0,0,0,1,0,0,0,0,0,0
13774,0,0,0,0,0,0,0,0,0,0,0,0,0,0,1,0,0,0,0,0,0
13775,0,0,0,0,0,0,0,0,0,0,0,0,0,0,1,1,0,1,0,0,0
13776,0,0,0,0,0,0,0,0,0,0,0,0,0,0,1,1,0,0,0,0,1
13777,0,0,0,0,0,0,0,0,0,0,0,0,0,0,1,0,0,0,0,0,0
13778,0,0,0,0,0,0,0,0,0,0,0,0,0,0,1,0,0,0,0,0,0
13779,0,0,0,0,0,0,0,0,0,0,0,0,0,0,1,0,0,0,0,0,0
13780,0,0,0,0,0,0,0,0,0,0,0,0,0,0,1,0,0,0,0,0,0
13781,0,0,0,0,0,0,0,0,0,0,0,0,0,0,1,0,0,0,0,0,0
13782,0,0,0,0,0,0,0,0,0,0,0,0,0,0,1,0,0,0,0,0,0
13783,0,0,0,0,0,0,0,0,0,0,0,0,0,0,1,0,0,0,0,0,0
13784,0,0,0,0,0,0,0,0,0,0,0,0,0,0,1,0,0,0,0,0,0
13785,0,0,0,0,0,0,0,0,0,0,0,0,0,0,1,1,0,0,1,1,0
13786,0,0,0,0,0,0,0,0,0,0,0,0,0,0,1,0,0,0,0,0,0
13787,0,0,0,0,0,0,0,0,0,0,0,0,0,0,1,1,0,0,0,0,1
13788,0,0,0,0,0,0,0,0,0,0,0,0,0,0,1,0,0,0,0,0,0
13789,0,0,0,0,0,0,0,0,0,0,0,0,0,0,1,0,0,0,0,0,0
13790,0,0,0,0,0,0,0,0,0,0,0,0,0,0,1,0,0,0,0,0,0
13791,0,0,0,0,0,0,0,0,0,0,0,0,0,0,1,0,0,0,0,0,0
13792,0,0,0,0,0,0,0,0,0,0,0,0,0,0,1,0,0,0,0,0,0
13793,0,0,0,0,0,0,0,0,0,0,0,0,0,0,1,0,0,0,0,0,0
13794,0,0,0,0,0,0,0,0,0,0,0,0,0,0,1,0,0,0,0,0,0
13795,0,0,0,0,0,0,0,0,0,0,0,0,0,0,1,0,0,0,0,0,0
13796,0,0,0,0,0,0,0,0,0,0,0,0,0,0,1,0,0,0,0,0,0
13797,0,0,0,0,0,0,0,0,0,0,0,0,0,0,1,0,0,0,0,0,0
13798,0,0,0,0,0,0,0,0,0,0,0,0,0,0,1,0,0,0,0,0,0
13799,0,0,0,0,0,0,0,0,0,0,0,0,0,0,1,0,0,0,0,0,0
13800,0,0,0,0,0,0,0,0,0,0,0,0,0,0,1,0,0,0,0,0,0
13802,0,0,0,0,0,0,0,0,0,0,0,0,0,0,1,1,0,0,0,0,1
13803,0,0,0,0,0,0,0,0,0,0,0,0,0,0,1,0,0,0,0,0,0
13804,0,0,0,0,0,0,0,0,0,0,0,0,0,0,1,1,0,0,0,0,1
13805,0,0,0,0,0,0,0,0,0,0,0,0,0,0,1,0,0,0,0,0,0
13806,0,0,0,0,0,0,0,0,0,0,0,0,0,0,1,0,0,0,0,0,0
13807,0,0,0,0,0,0,0,0,0,0,0,0,0,0,1,1,0,0,0,0,1
13808,0,0,0,0,0,0,0,0,0,0,0,0,0,0,1,1,0,1,0,0,0
13809,0,0,0,0,0,0,0,0,0,0,0,0,0,0,1,1,0,0,0,0,1
13810,0,0,0,0,0,0,0,0,0,0,0,0,0,0,1,0,0,0,0,0,0
13811,0,0,0,0,0,0,0,0,0,0,0,0,0,0,1,1,0,0,0,0,1
13812,0,0,0,0,0,0,0,0,0,0,0,0,0,0,1,0,0,0,0,0,0
13813,0,0,0,0,0,0,0,0,0,0,0,0,0,0,1,0,0,0,0,0,0
13814,0,0,0,0,0,0,0,0,0,0,0,0,0,0,1,0,0,0,0,0,0
13816,0,0,0,0,0,0,0,0,0,0,0,0,0,0,1,0,0,0,0,0,0
13817,0,0,0,0,0,0,0,0,0,0,0,0,0,0,1,0,0,0,0,0,0
13818,0,0,0,0,0,0,0,0,0,0,0,0,0,0,1,0,0,0,0,0,0
13819,0,0,0,0,0,0,0,0,0,0,0,0,0,0,1,0,0,0,0,0,0
13820,0,0,0,0,0,0,0,0,0,0,0,0,0,0,1,1,0,0,0,0,1
13821,0,0,0,0,0,0,0,0,0,0,0,0,0,0,1,1,0,0,0,0,1
13822,0,0,0,0,0,0,0,0,0,0,0,0,0,0,1,0,0,0,0,0,0
13823,0,0,0,0,0,0,0,0,0,0,0,0,0,0,1,1,1,0,0,0,0
13824,0,0,0,0,0,0,0,0,0,0,0,0,0,0,1,0,0,0,0,0,0
13825,0,0,0,0,0,0,0,0,0,0,0,0,0,0,1,0,0,0,0,0,0
13826,0,0,0,0,0,0,0,0,0,0,0,0,0,0,1,1,0,0,0,0,1
13827,0,0,0,0,0,0,0,0,0,0,0,0,0,0,1,1,0,1,0,0,0
13828,0,0,0,0,0,0,0,0,0,0,0,0,0,0,1,1,0,0,0,0,1
13829,0,0,0,0,0,0,0,0,0,0,0,0,0,0,1,1,0,0,0,0,1
13830,0,0,0,0,0,0,0,0,0,0,0,0,0,0,1,0,0,0,0,0,0
13831,0,0,0,0,0,0,0,0,0,0,0,0,0,0,1,0,0,0,0,0,0
13832,0,0,0,0,0,0,0,0,0,0,0,0,0,0,1,0,0,0,0,0,0
13833,0,0,0,0,0,0,0,0,0,0,0,0,0,0,1,1,0,0,0,0,1
13834,0,0,0,0,0,0,0,0,0,0,0,0,0,0,1,1,0,0,0,0,1
13835,0,0,0,0,0,0,0,0,0,0,0,0,0,0,1,0,0,0,0,0,0
13836,0,0,0,0,0,0,0,0,0,0,0,0,0,0,1,0,0,0,0,0,0
13837,0,0,0,0,0,0,0,0,0,0,0,0,0,0,1,0,0,0,0,0,0
13838,0,0,0,0,0,0,0,0,0,0,0,0,0,0,1,0,0,0,0,0,0
13839,0,0,0,0,0,0,0,0,0,0,0,0,0,0,1,0,0,0,0,0,0
13840,0,0,0,0,0,0,0,0,0,0,0,0,0,0,1,1,0,0,0,0,1
13842,0,0,0,0,0,0,0,0,0,0,0,0,0,0,1,0,0,0,0,0,0
13843,0,0,0,0,0,0,0,0,0,0,0,0,0,0,1,0,0,0,0,0,0
13844,0,0,0,0,0,0,0,0,0,0,0,0,0,0,1,0,0,0,0,0,0
13845,0,0,0,0,0,0,0,0,0,0,0,0,0,0,1,1,0,0,0,0,1
13846,0,0,0,0,0,0,0,0,0,0,0,0,0,0,1,0,0,0,0,0,0
13847,0,0,0,0,0,0,0,0,0,0,0,0,0,0,1,0,0,0,0,0,0
13848,0,0,0,0,0,0,0,0,0,0,0,0,0,0,1,0,0,0,0,0,0
13849,0,0,0,0,0,0,0,0,0,0,0,0,0,0,1,0,0,0,0,0,0
13850,0,0,0,0,0,0,0,0,0,0,0,0,0,0,1,0,0,0,0,0,0
13851,0,0,0,0,0,0,0,0,0,0,0,0,0,0,1,1,0,0,0,0,1
13853,0,0,0,0,0,0,0,0,0,0,0,0,0,0,1,0,0,0,0,0,0
13854,0,0,0,0,0,0,0,0,0,0,0,0,0,0,1,0,0,0,0,0,0
13855,0,0,0,0,0,0,0,0,0,0,0,0,0,0,1,0,0,0,0,0,0
13856,0,0,0,0,0,0,0,0,0,0,0,0,0,0,1,1,0,0,0,0,1
13857,0,0,0,0,0,0,0,0,0,0,0,0,0,0,1,0,0,0,0,0,0
13858,0,0,0,0,0,0,0,0,0,0,0,0,0,0,1,0,0,0,0,0,0
13859,0,0,0,0,0,0,0,0,0,0,0,0,0,0,1,0,0,0,0,0,0
13860,0,0,0,0,0,0,0,0,0,0,0,0,0,0,1,0,0,0,0,0,0
13861,0,0,0,0,0,0,0,0,0,0,0,0,0,0,1,1,0,0,0,0,1
13862,0,0,0,0,0,0,0,0,0,0,0,0,0,0,1,0,0,0,0,0,0
13863,0,0,0,0,0,0,0,0,0,0,0,0,0,0,1,0,0,0,0,0,0
13864,0,0,0,0,0,0,0,0,0,0,0,0,0,0,1,1,0,0,0,0,1
13865,0,0,0,0,0,0,0,0,0,0,0,0,0,0,1,0,0,0,0,0,0
13866,0,0,0,0,0,0,0,0,0,0,0,0,0,0,1,0,0,0,0,0,0
13867,0,0,0,0,0,0,0,0,0,0,0,0,0,0,1,0,0,0,0,0,0
13868,0,0,0,0,0,0,0,0,0,0,0,0,0,0,1,0,0,0,0,0,0
13869,0,0,0,0,0,0,0,0,0,0,0,0,0,0,1,0,0,0,0,0,0
13870,0,0,0,0,0,0,0,0,0,0,0,0,0,0,1,1,0,0,0,0,1
13871,0,0,0,0,0,0,0,0,0,0,0,0,0,0,1,1,0,0,0,0,1
13872,0,0,0,0,0,0,0,0,0,0,0,0,0,0,1,1,0,0,0,0,1
13873,0,0,0,0,0,0,0,0,0,0,0,0,0,0,1,0,0,0,0,0,0
13874,0,0,0,0,0,0,0,0,0,0,0,0,0,0,1,0,0,0,0,0,0
13875,0,0,0,0,0,0,0,0,0,0,0,0,0,0,1,1,0,0,0,0,1
13876,0,0,0,0,0,0,0,0,0,0,0,0,0,0,1,0,0,0,0,0,0
13877,0,0,0,0,0,0,0,0,0,0,0,0,0,0,1,0,0,0,0,0,0
13878,0,0,0,0,0,0,0,0,0,0,0,0,0,0,1,0,0,0,0,0,0
13879,0,0,0,0,0,0,0,0,0,0,0,0,0,0,1,0,0,0,0,0,0
13880,0,0,0,0,0,0,0,0,0,0,0,0,0,0,1,0,0,0,0,0,0
13881,0,0,0,0,0,0,0,0,0,0,0,0,0,0,1,0,0,0,0,0,0
13882,0,0,0,0,0,0,0,0,0,0,0,0,0,0,1,1,0,0,0,0,1
13883,0,0,0,0,0,0,0,0,0,0,0,0,0,0,1,0,0,0,0,0,0
13884,0,0,0,0,0,0,0,0,0,0,0,0,0,0,1,0,0,0,0,0,0
13885,0,0,0,0,0,0,0,0,0,0,0,0,0,0,1,1,0,0,0,0,1
13886,0,0,0,0,0,0,0,0,0,0,0,0,0,0,1,1,0,0,0,0,1
13887,0,0,0,0,0,0,0,0,0,0,0,0,0,0,1,0,0,0,0,0,0
13888,0,0,0,0,0,0,0,0,0,0,0,0,0,0,1,1,0,0,0,0,1
13890,0,0,0,0,0,0,0,0,0,0,0,0,0,0,1,0,0,0,0,0,0
13891,0,0,0,0,0,0,0,0,0,0,0,0,0,0,1,0,0,0,0,0,0
13892,0,0,0,0,0,0,0,0,0,0,0,0,0,0,1,0,0,0,0,0,0
13893,0,0,0,0,0,0,0,0,0,0,0,0,0,0,1,0,0,0,0,0,0
13894,0,0,0,0,0,0,0,0,0,0,0,0,0,0,1,0,0,0,0,0,0
13895,0,0,0,0,0,0,0,0,0,0,0,0,0,0,1,0,0,0,0,0,0
13896,0,0,0,0,0,0,0,0,0,0,0,0,0,0,1,0,0,0,0,0,0
13897,0,0,0,0,0,0,0,0,0,0,0,0,0,0,1,1,0,0,0,0,1
13898,0,0,0,0,0,0,0,0,0,0,0,0,0,0,1,0,0,0,0,0,0
13899,0,0,0,0,0,0,0,0,0,0,0,0,0,0,1,1,0,0,0,0,1
13900,0,0,0,0,0,0,0,0,0,0,0,0,0,0,1,0,0,0,0,0,0
13901,0,0,0,0,0,0,0,0,0,0,0,0,0,0,1,0,0,0,0,0,0
13902,0,0,0,0,0,0,0,0,0,0,0,0,0,0,1,0,0,0,0,0,0
13903,0,0,0,0,0,0,0,0,0,0,0,0,0,0,1,0,0,0,0,0,0
13904,0,0,0,0,0,0,0,0,0,0,0,0,0,0,1,0,0,0,0,0,0
13905,0,0,0,0,0,0,0,0,0,0,0,0,0,0,1,1,0,1,0,0,0
13906,0,0,0,0,0,0,0,0,0,0,0,0,0,0,1,0,0,0,0,0,0
13907,0,0,0,0,0,0,0,0,0,0,0,0,0,0,1,0,0,0,0,0,0
13908,0,0,0,0,0,0,0,0,0,0,0,0,0,0,1,0,0,0,0,0,0
13909,0,0,0,0,0,0,0,0,0,0,0,0,0,0,1,0,0,0,0,0,0
13911,0,0,0,0,0,0,0,0,0,0,0,0,0,0,1,0,0,0,0,0,0
13912,0,0,0,0,0,0,0,0,0,0,0,0,0,0,1,0,0,0,0,0,0
13913,0,0,0,0,0,0,0,0,0,0,0,0,0,0,1,0,0,0,0,0,0
13914,0,0,0,0,0,0,0,0,0,0,0,0,0,0,1,1,0,0,0,0,1
13915,0,0,0,0,0,0,0,0,0,0,0,0,0,0,1,1,0,0,0,0,1
13916,0,0,0,0,0,0,0,0,0,0,0,0,0,0,1,0,0,0,0,0,0
13917,0,0,0,0,0,0,0,0,0,0,0,0,0,0,1,1,0,0,0,0,1
13918,0,0,0,0,0,0,0,0,0,0,0,0,0,0,1,1,0,0,0,0,1
13919,0,0,0,0,0,0,0,0,0,0,0,0,0,0,1,0,0,0,0,0,0
13920,0,0,0,0,0,0,0,0,0,0,0,0,0,0,1,0,0,0,0,0,0
13921,0,0,0,0,0,0,0,0,0,0,0,0,0,0,1,0,0,0,0,0,0
13922,0,0,0,0,0,0,0,0,0,0,0,0,0,0,1,0,0,0,0,0,0
13923,0,0,0,0,0,0,0,0,0,0,0,0,0,0,1,0,0,0,0,0,0
13924,0,0,0,0,0,0,0,0,0,0,0,0,0,0,1,1,0,1,0,0,0
13925,0,0,0,0,0,0,0,0,0,0,0,0,0,0,1,1,0,0,0,0,1
13926,0,0,0,0,0,0,0,0,0,0,0,0,0,0,1,1,0,0,0,0,1
13927,0,0,0,0,0,0,0,0,0,0,0,0,0,0,1,0,0,0,0,0,0
13928,0,0,0,0,0,0,0,0,0,0,0,0,0,0,1,0,0,0,0,0,0
13929,0,0,0,0,0,0,0,0,0,0,0,0,0,0,1,0,0,0,0,0,0
13930,0,0,0,0,0,0,0,0,0,0,0,0,0,0,1,0,0,0,0,0,0
13931,0,0,0,0,0,0,0,0,0,0,0,0,0,0,1,0,0,0,0,0,0
13932,0,0,0,0,0,0,0,0,0,0,0,0,0,0,1,0,0,0,0,0,0
13934,0,0,0,0,0,0,0,0,0,0,0,0,0,0,1,0,0,0,0,0,0
13936,0,0,0,0,0,0,0,0,0,0,0,0,0,0,1,0,0,0,0,0,0
13937,0,0,0,0,0,0,0,0,0,0,0,0,0,0,1,0,0,0,0,0,0
13938,0,0,0,0,0,0,0,0,0,0,0,0,0,0,1,0,0,0,0,0,0
13939,0,0,0,0,0,0,0,0,0,0,0,0,0,0,1,0,0,0,0,0,0
13940,0,0,0,0,0,0,0,0,0,0,0,0,0,0,1,1,0,1,0,0,0
13941,0,0,0,0,0,0,0,0,0,0,0,0,0,0,1,0,0,0,0,0,0
13942,0,0,0,0,0,0,0,0,0,0,0,0,0,0,1,0,0,0,0,0,0
13943,0,0,0,0,0,0,0,0,0,0,0,0,0,0,1,0,0,0,0,0,0
13944,0,0,0,0,0,0,0,0,0,0,0,0,0,0,1,0,0,0,0,0,0
13945,0,0,0,0,0,0,0,0,0,0,0,0,0,0,1,0,0,0,0,0,0
13946,0,0,0,0,0,0,0,0,0,0,0,0,0,0,1,0,0,0,0,0,0
13947,0,0,0,0,0,0,0,0,0,0,0,0,0,0,1,0,0,0,0,0,0
13948,0,0,0,0,0,0,0,0,0,0,0,0,0,0,1,0,0,0,0,0,0
13949,0,0,0,0,0,0,0,0,0,0,0,0,0,0,1,0,0,0,0,0,0
13950,0,0,0,0,0,0,0,0,0,0,0,0,0,0,1,1,0,0,0,0,1
13951,0,0,0,0,0,0,0,0,0,0,0,0,0,0,1,0,0,0,0,0,0
13952,0,0,0,0,0,0,0,0,0,0,0,0,0,0,1,1,0,0,0,0,1
13953,0,0,0,0,0,0,0,0,0,0,0,0,0,0,1,1,1,0,0,0,0
13954,0,0,0,0,0,0,0,0,0,0,0,0,0,0,1,1,0,0,0,0,1
13955,0,0,0,0,0,0,0,0,0,0,0,0,0,0,1,1,0,0,0,0,1
13956,0,0,0,0,0,0,0,0,0,0,0,0,0,0,1,1,0,0,0,0,1
13957,0,0,0,0,0,0,0,0,0,0,0,0,0,0,1,1,0,0,1,1,0
13958,0,0,0,0,0,0,0,0,0,0,0,0,0,0,1,0,0,0,0,0,0
13959,0,0,0,0,0,0,0,0,0,0,0,0,0,0,1,0,0,0,0,0,0
13960,0,0,0,0,0,0,0,0,0,0,0,0,0,0,1,1,0,0,0,0,1
13961,0,0,0,0,0,0,0,0,0,0,0,0,0,0,1,0,0,0,0,0,0
13962,0,0,0,0,0,0,0,0,0,0,0,0,0,0,1,1,0,0,0,0,1
13963,0,0,0,0,0,0,0,0,0,0,0,0,0,0,1,0,0,0,0,0,0
13964,0,0,0,0,0,0,0,0,0,0,0,0,0,0,1,1,0,0,0,0,1
13965,0,0,0,0,0,0,0,0,0,0,0,0,0,0,1,0,0,0,0,0,0
13966,0,0,0,0,0,0,0,0,0,0,0,0,0,0,1,1,0,0,0,0,1
13967,0,0,0,0,0,0,0,0,0,0,0,0,0,0,1,1,0,0,0,0,1
13968,0,0,0,0,0,0,0,0,0,0,0,0,0,0,1,1,1,0,0,0,0
13969,0,0,0,0,0,0,0,0,0,0,0,0,0,0,1,0,0,0,0,0,0
13970,0,0,0,0,0,0,0,0,0,0,0,0,0,0,1,1,0,0,0,0,1
13971,0,0,0,0,0,0,0,0,0,0,0,0,0,0,1,0,0,0,0,0,0
13972,0,0,0,0,0,0,0,0,0,0,0,0,0,0,1,0,0,0,0,0,0
13973,0,0,0,0,0,0,0,0,0,0,0,0,0,0,1,0,0,0,0,0,0
13974,0,0,0,0,0,0,0,0,0,0,0,0,0,0,1,0,0,0,0,0,0
13975,0,0,0,0,0,0,0,0,0,0,0,0,0,0,1,1,0,1,0,0,0
13976,0,0,0,0,0,0,0,0,0,0,0,0,0,0,1,0,0,0,0,0,0
13977,0,0,0,0,0,0,0,0,0,0,0,0,0,0,1,1,0,0,0,0,1
13978,0,0,0,0,0,0,0,0,0,0,0,0,0,0,1,1,0,0,0,0,1
13979,0,0,0,0,0,0,0,0,0,0,0,0,0,0,1,1,0,0,0,0,1
13980,0,0,0,0,0,0,0,0,0,0,0,0,0,0,1,1,1,0,0,0,0
13982,0,0,0,0,0,0,0,0,0,0,0,0,0,0,1,0,0,0,0,0,0
13983,0,0,0,0,0,0,0,0,0,0,0,0,0,0,1,1,1,0,0,0,0
13984,0,0,0,0,0,0,0,0,0,0,0,0,0,0,1,1,0,0,0,0,1
13985,0,0,0,0,0,0,0,0,0,0,0,0,0,0,1,0,0,0,0,0,0
13986,0,0,0,0,0,0,0,0,0,0,0,0,0,0,1,0,0,0,0,0,0
13987,0,0,0,0,0,0,0,0,0,0,0,0,0,0,1,0,0,0,0,0,0
13988,0,0,0,0,0,0,0,0,0,0,0,0,0,0,1,0,0,0,0,0,0
13989,0,0,0,0,0,0,0,0,0,0,0,0,0,0,1,0,0,0,0,0,0
13990,0,0,0,0,0,0,0,0,0,0,0,0,0,0,1,0,0,0,0,0,0
13991,0,0,0,0,0,0,0,0,0,0,0,0,0,0,1,1,0,1,0,0,0
13993,0,0,0,0,0,0,0,0,0,0,0,0,0,0,1,0,0,0,0,0,0
13994,0,0,0,0,0,0,0,0,0,0,0,0,0,0,1,0,0,0,0,0,0
13995,0,0,0,0,0,0,0,0,0,0,0,0,0,0,1,0,0,0,0,0,0
13996,0,0,0,0,0,0,0,0,0,0,0,0,0,0,1,0,0,0,0,0,0
13997,0,0,0,0,0,0,0,0,0,0,0,0,0,0,1,1,0,1,0,0,0
13998,0,0,0,0,0,0,0,0,0,0,0,0,0,0,1,0,0,0,0,0,0
13999,0,0,0,0,0,0,0,0,0,0,0,0,0,0,1,1,0,0,0,0,1
14000,0,0,0,0,0,0,0,0,0,0,0,0,0,0,1,1,0,0,0,0,1
14001,0,0,0,0,0,0,0,0,0,0,0,0,0,0,1,0,0,0,0,0,0
14002,0,0,0,0,0,0,0,0,0,0,0,0,0,0,1,0,0,0,0,0,0
14003,0,0,0,0,0,0,0,0,0,0,0,0,0,0,1,0,0,0,0,0,0
14004,0,0,0,0,0,0,0,0,0,0,0,0,0,0,1,0,0,0,0,0,0
14005,0,0,0,0,0,0,0,0,0,0,0,0,0,0,1,0,0,0,0,0,0
14006,0,0,0,0,0,0,0,0,0,0,0,0,0,0,1,1,0,1,0,0,0
14007,0,0,0,0,0,0,0,0,0,0,0,0,0,0,1,1,0,0,0,0,1
14008,0,0,0,0,0,0,0,0,0,0,0,0,0,0,1,1,0,1,0,0,0
14009,0,0,0,0,0,0,0,0,0,0,0,0,0,0,1,1,0,0,0,0,1
14010,0,0,0,0,0,0,0,0,0,0,0,0,0,0,1,1,0,0,0,0,1
14011,0,0,0,0,0,0,0,0,0,0,0,0,0,0,1,0,0,0,0,0,0
14012,0,0,0,0,0,0,0,0,0,0,0,0,0,0,1,1,0,0,0,0,1
14013,0,0,0,0,0,0,0,0,0,0,0,0,0,0,1,1,0,0,0,0,1
14014,0,0,0,0,0,0,0,0,0,0,0,0,0,0,1,1,1,0,0,0,0
14015,0,0,0,0,0,0,0,0,0,0,0,0,0,0,1,1,0,0,0,0,1
14016,0,0,0,0,0,0,0,0,0,0,0,0,0,0,1,1,1,0,0,0,0
14017,0,0,0,0,0,0,0,0,0,0,0,0,0,0,1,0,0,0,0,0,0
14018,0,0,0,0,0,0,0,0,0,0,0,0,0,0,1,0,0,0,0,0,0
14019,0,0,0,0,0,0,0,0,0,0,0,0,0,0,1,0,0,0,0,0,0
14020,0,0,0,0,0,0,0,0,0,0,0,0,0,0,1,1,0,0,0,0,1
14021,0,0,0,0,0,0,0,0,0,0,0,0,0,0,1,1,0,0,0,0,1
14022,0,0,0,0,0,0,0,0,0,0,0,0,0,0,1,0,0,0,0,0,0
14023,0,0,0,0,0,0,0,0,0,0,0,0,0,0,1,1,0,1,0,0,0
14024,0,0,0,0,0,0,0,0,0,0,0,0,0,0,1,1,0,0,0,0,1
14025,0,0,0,0,0,0,0,0,0,0,0,0,0,0,1,0,0,0,0,0,0
14026,0,0,0,0,0,0,0,0,0,0,0,0,0,0,1,1,0,0,0,0,1
14027,0,0,0,0,0,0,0,0,0,0,0,0,0,0,1,0,0,0,0,0,0
14028,0,0,0,0,0,0,0,0,0,0,0,0,0,0,1,1,0,0,0,0,1
14029,0,0,0,0,0,0,0,0,0,0,0,0,0,0,1,0,0,0,0,0,0
14030,0,0,0,0,0,0,0,0,0,0,0,0,0,0,1,0,0,0,0,0,0
14031,0,0,0,0,0,0,0,0,0,0,0,0,0,0,1,0,0,0,0,0,0
14032,0,0,0,0,0,0,0,0,0,0,0,0,0,0,1,1,0,0,0,0,1
14033,0,0,0,0,0,0,0,0,0,0,0,0,0,0,1,0,0,0,0,0,0
14034,0,0,0,0,0,0,0,0,0,0,0,0,0,0,1,0,0,0,0,0,0
14035,0,0,0,0,0,0,0,0,0,0,0,0,0,0,1,0,0,0,0,0,0
14036,0,0,0,0,0,0,0,0,0,0,0,0,0,0,1,0,0,0,0,0,0
14037,0,0,0,0,0,0,0,0,0,0,0,0,0,0,1,0,0,0,0,0,0
14038,0,0,0,0,0,0,0,0,0,0,0,0,0,0,1,0,0,0,0,0,0
14039,0,0,0,0,0,0,0,0,0,0,0,0,0,0,1,0,0,0,0,0,0
14040,0,0,0,0,0,0,0,0,0,0,0,0,0,0,1,0,0,0,0,0,0
14041,0,0,0,0,0,0,0,0,0,0,0,0,0,0,1,0,0,0,0,0,0
14042,0,0,0,0,0,0,0,0,0,0,0,0,0,0,1,0,0,0,0,0,0
14043,0,0,0,0,0,0,0,0,0,0,0,0,0,0,1,0,0,0,0,0,0
14044,0,0,0,0,0,0,0,0,0,0,0,0,0,0,1,0,0,0,0,0,0
14045,0,0,0,0,0,0,0,0,0,0,0,0,0,0,1,0,0,0,0,0,0
14046,0,0,0,0,0,0,0,0,0,0,0,0,0,0,1,0,0,0,0,0,0
14047,0,0,0,0,0,0,0,0,0,0,0,0,0,0,1,0,0,0,0,0,0
14048,0,0,0,0,0,0,0,0,0,0,0,0,0,0,1,1,0,0,0,0,1
14049,0,0,0,0,0,0,0,0,0,0,0,0,0,0,1,0,0,0,0,0,0
14050,0,0,0,0,0,0,0,0,0,0,0,0,0,0,1,0,0,0,0,0,0
14052,0,0,0,0,0,0,0,0,0,0,0,0,0,0,1,0,0,0,0,0,0
14053,0,0,0,0,0,0,0,0,0,0,0,0,0,0,1,1,0,0,0,0,1
14054,0,0,0,0,0,0,0,0,0,0,0,0,0,0,1,0,0,0,0,0,0
14055,0,0,0,0,0,0,0,0,0,0,0,0,0,0,1,0,0,0,0,0,0
14056,0,0,0,0,0,0,0,0,0,0,0,0,0,0,1,0,0,0,0,0,0
14057,0,0,0,0,0,0,0,0,0,0,0,0,0,0,1,0,0,0,0,0,0
14058,0,0,0,0,0,0,0,0,0,0,0,0,0,0,1,0,0,0,0,0,0
14059,0,0,0,0,0,0,0,0,0,0,0,0,0,0,1,0,0,0,0,0,0
14060,0,0,0,0,0,0,0,0,0,0,0,0,0,0,1,0,0,0,0,0,0
14061,0,0,0,0,0,0,0,0,0,0,0,0,0,0,1,0,0,0,0,0,0
14063,0,0,0,0,0,0,0,0,0,0,0,0,0,0,1,1,0,1,0,0,0
14064,0,0,0,0,0,0,0,0,0,0,0,0,0,0,1,0,0,0,0,0,0
14065,0,0,0,0,0,0,0,0,0,0,0,0,0,0,1,0,0,0,0,0,0
14066,0,0,0,0,0,0,0,0,0,0,0,0,0,0,1,1,0,1,0,0,0
14068,0,0,0,0,0,0,0,0,0,0,0,0,0,0,1,0,0,0,0,0,0
14069,0,0,0,0,0,0,0,0,0,0,0,0,0,0,1,0,0,0,0,0,0
14070,0,0,0,0,0,0,0,0,0,0,0,0,0,0,1,0,0,0,0,0,0
14071,0,0,0,0,0,0,0,0,0,0,0,0,0,0,1,0,0,0,0,0,0
14072,0,0,0,0,0,0,0,0,0,0,0,0,0,0,1,1,1,0,0,0,0
14073,0,0,0,0,0,0,0,0,0,0,0,0,0,0,1,0,0,0,0,0,0
14074,0,0,0,0,0,0,0,0,0,0,0,0,0,0,1,0,0,0,0,0,0
14075,0,0,0,0,0,0,0,0,0,0,0,0,0,0,1,0,0,0,0,0,0
14076,0,0,0,0,0,0,0,0,0,0,0,0,0,0,1,1,0,0,0,0,1
14077,0,0,0,0,0,0,0,0,0,0,0,0,0,0,1,1,0,0,0,0,1
14078,0,0,0,0,0,0,0,0,0,0,0,0,0,0,1,0,0,0,0,0,0
14079,0,0,0,0,0,0,0,0,0,0,0,0,0,0,1,1,0,0,0,0,1
14080,0,0,0,0,0,0,0,0,0,0,0,0,0,0,1,1,0,0,1,1,0
14081,0,0,0,0,0,0,0,0,0,0,0,0,0,0,1,0,0,0,0,0,0
14082,0,0,0,0,0,0,0,0,0,0,0,0,0,0,1,0,0,0,0,0,0
14084,0,0,0,0,0,0,0,0,0,0,0,0,0,0,1,0,0,0,0,0,0
14086,0,0,0,0,0,0,0,0,0,0,0,0,0,0,1,0,0,0,0,0,0
14088,0,0,0,0,0,0,0,0,0,0,0,0,0,0,1,1,0,0,0,0,1
14089,0,0,0,0,0,0,0,0,0,0,0,0,0,0,1,0,0,0,0,0,0
14090,0,0,0,0,0,0,0,0,0,0,0,0,0,0,1,0,0,0,0,0,0
14091,0,0,0,0,0,0,0,0,0,0,0,0,0,0,1,0,0,0,0,0,0
14092,0,0,0,0,0,0,0,0,0,0,0,0,0,0,1,0,0,0,0,0,0
14093,0,0,0,0,0,0,0,0,0,0,0,0,0,0,1,0,0,0,0,0,0
14094,0,0,0,0,0,0,0,0,0,0,0,0,0,0,1,1,1,0,0,0,0
14095,0,0,0,0,0,0,0,0,0,0,0,0,0,0,1,1,0,0,0,0,1
14096,0,0,0,0,0,0,0,0,0,0,0,0,0,0,1,1,0,0,0,0,1
14097,0,0,0,0,0,0,0,0,0,0,0,0,0,0,1,0,0,0,0,0,0
14098,0,0,0,0,0,0,0,0,0,0,0,0,0,0,1,0,0,0,0,0,0
14100,0,0,0,0,0,0,0,0,0,0,0,0,0,0,1,1,0,0,0,0,1
14103,0,0,0,0,0,0,0,0,0,0,0,0,0,0,1,1,0,0,0,0,1
14106,0,0,0,0,0,0,0,0,0,0,0,0,0,0,1,0,0,0,0,0,0
14107,0,0,0,0,0,0,0,0,0,0,0,0,0,0,1,0,0,0,0,0,0
14108,0,0,0,0,0,0,0,0,0,0,0,0,0,0,1,1,0,0,0,0,1
14110,0,0,0,0,0,0,0,0,0,0,0,0,0,0,1,1,0,0,0,0,1
14111,0,0,0,0,0,0,0,0,0,0,0,0,0,0,1,0,0,0,0,0,0
14112,0,0,0,0,0,0,0,0,0,0,0,0,0,0,1,0,0,0,0,0,0
14113,0,0,0,0,0,0,0,0,0,0,0,0,0,0,1,1,0,0,0,0,1
14114,0,0,0,0,0,0,0,0,0,0,0,0,0,0,1,0,0,0,0,0,0
14115,0,0,0,0,0,0,0,0,0,0,0,0,0,0,1,0,0,0,0,0,0
14116,0,0,0,0,0,0,0,0,0,0,0,0,0,0,1,0,0,0,0,0,0
14117,0,0,0,0,0,0,0,0,0,0,0,0,0,0,1,0,0,0,0,0,0
14118,0,0,0,0,0,0,0,0,0,0,0,0,0,0,1,0,0,0,0,0,0
14119,0,0,0,0,0,0,0,0,0,0,0,0,0,0,1,0,0,0,0,0,0
14120,0,0,0,0,0,0,0,0,0,0,0,0,0,0,1,0,0,0,0,0,0
14121,0,0,0,0,0,0,0,0,0,0,0,0,0,0,1,0,0,0,0,0,0
14122,0,0,0,0,0,0,0,0,0,0,0,0,0,0,1,1,0,0,0,0,1
14123,0,0,0,0,0,0,0,0,0,0,0,0,0,0,1,1,0,1,0,0,0
14124,0,0,0,0,0,0,0,0,0,0,0,0,0,0,1,0,0,0,0,0,0
14125,0,0,0,0,0,0,0,0,0,0,0,0,0,0,1,0,0,0,0,0,0
14126,0,0,0,0,0,0,0,0,0,0,0,0,0,0,1,1,0,0,1,1,0
14127,0,0,0,0,0,0,0,0,0,0,0,0,0,0,1,1,0,0,0,0,1
14128,0,0,0,0,0,0,0,0,0,0,0,0,0,0,1,0,0,0,0,0,0
14129,0,0,0,0,0,0,0,0,0,0,0,0,0,0,1,0,0,0,0,0,0
14130,0,0,0,0,0,0,0,0,0,0,0,0,0,0,1,0,0,0,0,0,0
14131,0,0,0,0,0,0,0,0,0,0,0,0,0,0,1,0,0,0,0,0,0
14132,0,0,0,0,0,0,0,0,0,0,0,0,0,0,1,0,0,0,0,0,0
14133,0,0,0,0,0,0,0,0,0,0,0,0,0,0,1,0,0,0,0,0,0
14134,0,0,0,0,0,0,0,0,0,0,0,0,0,0,1,0,0,0,0,0,0
14135,0,0,0,0,0,0,0,0,0,0,0,0,0,0,1,0,0,0,0,0,0
14136,0,0,0,0,0,0,0,0,0,0,0,0,0,0,1,0,0,0,0,0,0
14137,0,0,0,0,0,0,0,0,0,0,0,0,0,0,1,1,0,0,0,0,1
14138,0,0,0,0,0,0,0,0,0,0,0,0,0,0,1,1,0,0,0,0,1
14139,0,0,0,0,0,0,0,0,0,0,0,0,0,0,1,0,0,0,0,0,0
14140,0,0,0,0,0,0,0,0,0,0,0,0,0,0,1,1,0,1,0,0,0
14141,0,0,0,0,0,0,0,0,0,0,0,0,0,0,1,0,0,0,0,0,0
14142,0,0,0,0,0,0,0,0,0,0,0,0,0,0,1,0,0,0,0,0,0
14143,0,0,0,0,0,0,0,0,0,0,0,0,0,0,1,0,0,0,0,0,0
14144,0,0,0,0,0,0,0,0,0,0,0,0,0,0,1,0,0,0,0,0,0
14145,0,0,0,0,0,0,0,0,0,0,0,0,0,0,1,0,0,0,0,0,0
14146,0,0,0,0,0,0,0,0,0,0,0,0,0,0,1,1,0,0,0,0,1
14147,0,0,0,0,0,0,0,0,0,0,0,0,0,0,1,1,1,0,0,0,0
14148,0,0,0,0,0,0,0,0,0,0,0,0,0,0,1,0,0,0,0,0,0
14149,0,0,0,0,0,0,0,0,0,0,0,0,0,0,1,0,0,0,0,0,0
14150,0,0,0,0,0,0,0,0,0,0,0,0,0,0,1,1,0,0,0,0,1
14151,0,0,0,0,0,0,0,0,0,0,0,0,0,0,1,1,0,0,0,0,1
14152,0,0,0,0,0,0,0,0,0,0,0,0,0,0,1,1,0,0,0,0,1
14153,0,0,0,0,0,0,0,0,0,0,0,0,0,0,1,0,0,0,0,0,0
14154,0,0,0,0,0,0,0,0,0,0,0,0,0,0,1,1,0,0,0,0,1
14155,0,0,0,0,0,0,0,0,0,0,0,0,0,0,1,0,0,0,0,0,0
14156,0,0,0,0,0,0,0,0,0,0,0,0,0,0,1,1,0,0,0,0,1
14157,0,0,0,0,0,0,0,0,0,0,0,0,0,0,1,1,0,0,0,0,1
14158,0,0,0,0,0,0,0,0,0,0,0,0,0,0,1,1,0,0,0,0,1
14159,0,0,0,0,0,0,0,0,0,0,0,0,0,0,1,0,0,0,0,0,0
14160,0,0,0,0,0,0,0,0,0,0,0,0,0,0,1,0,0,0,0,0,0
14161,0,0,0,0,0,0,0,0,0,0,0,0,0,0,1,1,0,0,0,0,1
14162,0,0,0,0,0,0,0,0,0,0,0,0,0,0,1,0,0,0,0,0,0
14163,0,0,0,0,0,0,0,0,0,0,0,0,0,0,1,0,0,0,0,0,0
14164,0,0,0,0,0,0,0,0,0,0,0,0,0,0,1,1,0,0,0,0,1
14165,0,0,0,0,0,0,0,0,0,0,0,0,0,0,1,0,0,0,0,0,0
14166,0,0,0,0,0,0,0,0,0,0,0,0,0,0,1,1,0,0,0,0,1
14167,0,0,0,0,0,0,0,0,0,0,0,0,0,0,1,1,0,0,0,0,1
14169,0,0,0,0,0,0,0,0,0,0,0,0,0,0,1,1,0,0,0,0,1
14170,0,0,0,0,0,0,0,0,0,0,0,0,0,0,1,0,0,0,0,0,0
14172,0,0,0,0,0,0,0,0,0,0,0,0,0,0,1,0,0,0,0,0,0
14173,0,0,0,0,0,0,0,0,0,0,0,0,0,0,1,0,0,0,0,0,0
14174,0,0,0,0,0,0,0,0,0,0,0,0,0,0,1,1,0,1,0,0,0
14176,0,0,0,0,0,0,0,0,0,0,0,0,0,0,1,0,0,0,0,0,0
14177,0,0,0,0,0,0,0,0,0,0,0,0,0,0,1,0,0,0,0,0,0
14178,0,0,0,0,0,0,0,0,0,0,0,0,0,0,1,0,0,0,0,0,0
14179,0,0,0,0,0,0,0,0,0,0,0,0,0,0,1,0,0,0,0,0,0
14180,0,0,0,0,0,0,0,0,0,0,0,0,0,0,1,0,0,0,0,0,0
14183,0,0,0,0,0,0,0,0,0,0,0,0,0,0,1,0,0,0,0,0,0
14184,0,0,0,0,0,0,0,0,0,0,0,0,0,0,1,1,0,0,0,0,1
14185,0,0,0,0,0,0,0,0,0,0,0,0,0,0,1,0,0,0,0,0,0
14186,0,0,0,0,0,0,0,0,0,0,0,0,0,0,1,0,0,0,0,0,0
14187,0,0,0,0,0,0,0,0,0,0,0,0,0,0,1,0,0,0,0,0,0
14188,0,0,0,0,0,0,0,0,0,0,0,0,0,0,1,0,0,0,0,0,0
14189,0,0,0,0,0,0,0,0,0,0,0,0,0,0,1,1,0,0,0,0,1
14190,0,0,0,0,0,0,0,0,0,0,0,0,0,0,1,0,0,0,0,0,0
14191,0,0,0,0,0,0,0,0,0,0,0,0,0,0,1,0,0,0,0,0,0
14193,0,0,0,0,0,0,0,0,0,0,0,0,0,0,1,1,0,0,0,0,1
14194,0,0,0,0,0,0,0,0,0,0,0,0,0,0,1,1,0,0,0,0,1
14195,0,0,0,0,0,0,0,0,0,0,0,0,0,0,1,1,1,0,0,0,0
14196,0,0,0,0,0,0,0,0,0,0,0,0,0,0,1,1,0,0,0,0,1
14197,0,0,0,0,0,0,0,0,0,0,0,0,0,0,1,1,0,0,0,0,1
14198,0,0,0,0,0,0,0,0,0,0,0,0,0,0,1,0,0,0,0,0,0
14199,0,0,0,0,0,0,0,0,0,0,0,0,0,0,1,1,0,0,0,0,1
14200,0,0,0,0,0,0,0,0,0,0,0,0,0,0,1,0,0,0,0,0,0
14201,0,0,0,0,0,0,0,0,0,0,0,0,0,0,1,0,0,0,0,0,0
14202,0,0,0,0,0,0,0,0,0,0,0,0,0,0,1,0,0,0,0,0,0
14203,0,0,0,0,0,0,0,0,0,0,0,0,0,0,1,0,0,0,0,0,0
14204,0,0,0,0,0,0,0,0,0,0,0,0,0,0,1,0,0,0,0,0,0
14205,0,0,0,0,0,0,0,0,0,0,0,0,0,0,1,0,0,0,0,0,0
14206,0,0,0,0,0,0,0,0,0,0,0,0,0,0,1,0,0,0,0,0,0
14207,0,0,0,0,0,0,0,0,0,0,0,0,0,0,1,1,0,0,0,0,1
14208,0,0,0,0,0,0,0,0,0,0,0,0,0,0,1,1,0,0,0,0,1
14209,0,0,0,0,0,0,0,0,0,0,0,0,0,0,1,0,0,0,0,0,0
14210,0,0,0,0,0,0,0,0,0,0,0,0,0,0,1,1,0,0,0,0,1
14211,0,0,0,0,0,0,0,0,0,0,0,0,0,0,1,1,0,0,0,0,1
14212,0,0,0,0,0,0,0,0,0,0,0,0,0,0,1,1,0,0,0,0,1
14213,0,0,0,0,0,0,0,0,0,0,0,0,0,0,1,1,0,0,0,0,1
14214,0,0,0,0,0,0,0,0,0,0,0,0,0,0,1,0,0,0,0,0,0
14215,0,0,0,0,0,0,0,0,0,0,0,0,0,0,1,0,0,0,0,0,0
14216,0,0,0,0,0,0,0,0,0,0,0,0,0,0,1,1,0,1,0,0,0
14217,0,0,0,0,0,0,0,0,0,0,0,0,0,0,1,0,0,0,0,0,0
14218,0,0,0,0,0,0,0,0,0,0,0,0,0,0,1,0,0,0,0,0,0
14219,0,0,0,0,0,0,0,0,0,0,0,0,0,0,1,0,0,0,0,0,0
14220,0,0,0,0,0,0,0,0,0,0,0,0,0,0,1,0,0,0,0,0,0
14226,0,0,0,0,0,0,0,0,0,0,0,0,0,0,1,0,0,0,0,0,0
14227,0,0,0,0,0,0,0,0,0,0,0,0,0,0,1,0,0,0,0,0,0
14228,0,0,0,0,0,0,0,0,0,0,0,0,0,0,1,1,0,1,0,0,0
14229,0,0,0,0,0,0,0,0,0,0,0,0,0,0,1,0,0,0,0,0,0
14230,0,0,0,0,0,0,0,0,0,0,0,0,0,0,1,0,0,0,0,0,0
14231,0,0,0,0,0,0,0,0,0,0,0,0,0,0,1,1,0,0,0,0,1
14232,0,0,0,0,0,0,0,0,0,0,0,0,0,0,1,1,0,0,1,1,0
14234,0,0,0,0,0,0,0,0,0,0,0,0,0,0,1,1,0,0,0,0,1
14235,0,0,0,0,0,0,0,0,0,0,0,0,0,0,1,0,0,0,0,0,0
14236,0,0,0,0,0,0,0,0,0,0,0,0,0,0,1,0,0,0,0,0,0
14237,0,0,0,0,0,0,0,0,0,0,0,0,0,0,1,0,0,0,0,0,0
14238,0,0,0,0,0,0,0,0,0,0,0,0,0,0,1,1,0,0,0,0,1
14239,0,0,0,0,0,0,0,0,0,0,0,0,0,0,1,0,0,0,0,0,0
14240,0,0,0,0,0,0,0,0,0,0,0,0,0,0,1,0,0,0,0,0,0
14241,0,0,0,0,0,0,0,0,0,0,0,0,0,0,1,1,0,0,0,0,1
14242,0,0,0,0,0,0,0,0,0,0,0,0,0,0,1,0,0,0,0,0,0
14243,0,0,0,0,0,0,0,0,0,0,0,0,0,0,1,0,0,0,0,0,0
14245,0,0,0,0,0,0,0,0,0,0,0,0,0,0,1,0,0,0,0,0,0
14246,0,0,0,0,0,0,0,0,0,0,0,0,0,0,1,0,0,0,0,0,0
14248,0,0,0,0,0,0,0,0,0,0,0,0,0,0,1,0,0,0,0,0,0
14249,0,0,0,0,0,0,0,0,0,0,0,0,0,0,1,0,0,0,0,0,0
14250,0,0,0,0,0,0,0,0,0,0,0,0,0,0,1,0,0,0,0,0,0
14252,0,0,0,0,0,0,0,0,0,0,0,0,0,0,1,0,0,0,0,0,0
14255,0,0,0,0,0,0,0,0,0,0,0,0,0,0,1,1,0,0,0,0,1
14256,0,0,0,0,0,0,0,0,0,0,0,0,0,0,1,0,0,0,0,0,0
14257,0,0,0,0,0,0,0,0,0,0,0,0,0,0,1,0,0,0,0,0,0
14258,0,0,0,0,0,0,0,0,0,0,0,0,0,0,1,0,0,0,0,0,0
14259,0,0,0,0,0,0,0,0,0,0,0,0,0,0,1,0,0,0,0,0,0
14260,0,0,0,0,0,0,0,0,0,0,0,0,0,0,1,0,0,0,0,0,0
14261,0,0,0,0,0,0,0,0,0,0,0,0,0,0,1,0,0,0,0,0,0
14263,0,0,0,0,0,0,0,0,0,0,0,0,0,0,1,0,0,0,0,0,0
14264,0,0,0,0,0,0,0,0,0,0,0,0,0,0,1,0,0,0,0,0,0
14265,0,0,0,0,0,0,0,0,0,0,0,0,0,0,1,0,0,0,0,0,0
14266,0,0,0,0,0,0,0,0,0,0,0,0,0,0,1,0,0,0,0,0,0
14267,0,0,0,0,0,0,0,0,0,0,0,0,0,0,1,0,0,0,0,0,0
14268,0,0,0,0,0,0,0,0,0,0,0,0,0,0,1,0,0,0,0,0,0
14269,0,0,0,0,0,0,0,0,0,0,0,0,0,0,1,1,0,1,0,0,0
14270,0,0,0,0,0,0,0,0,0,0,0,0,0,0,1,0,0,0,0,0,0
14271,0,0,0,0,0,0,0,0,0,0,0,0,0,0,1,0,0,0,0,0,0
14272,0,0,0,0,0,0,0,0,0,0,0,0,0,0,1,1,0,0,0,0,1
14273,0,0,0,0,0,0,0,0,0,0,0,0,0,0,1,1,0,0,0,0,1
14274,0,0,0,0,0,0,0,0,0,0,0,0,0,0,1,1,1,0,0,0,0
14275,0,0,0,0,0,0,0,0,0,0,0,0,0,0,1,1,0,0,0,0,1
14277,0,0,0,0,0,0,0,0,0,0,0,0,0,0,1,0,0,0,0,0,0
14278,0,0,0,0,0,0,0,0,0,0,0,0,0,0,1,0,0,0,0,0,0
14279,0,0,0,0,0,0,0,0,0,0,0,0,0,0,1,0,0,0,0,0,0
14280,0,0,0,0,0,0,0,0,0,0,0,0,0,0,1,1,0,0,0,0,1
14281,0,0,0,0,0,0,0,0,0,0,0,0,0,0,1,1,0,0,0,0,1
14282,0,0,0,0,0,0,0,0,0,0,0,0,0,0,1,0,0,0,0,0,0
14283,0,0,0,0,0,0,0,0,0,0,0,0,0,0,1,0,0,0,0,0,0
14284,0,0,0,0,0,0,0,0,0,0,0,0,0,0,1,1,0,0,0,0,1
14285,0,0,0,0,0,0,0,0,0,0,0,0,0,0,1,1,0,0,0,0,1
14286,0,0,0,0,0,0,0,0,0,0,0,0,0,0,1,1,0,0,0,0,1
14287,0,0,0,0,0,0,0,0,0,0,0,0,0,0,1,1,0,0,0,0,1
14288,0,0,0,0,0,0,0,0,0,0,0,0,0,0,1,1,0,0,0,0,1
14289,0,0,0,0,0,0,0,0,0,0,0,0,0,0,1,0,0,0,0,0,0
14290,0,0,0,0,0,0,0,0,0,0,0,0,0,0,1,0,0,0,0,0,0
14291,0,0,0,0,0,0,0,0,0,0,0,0,0,0,1,0,0,0,0,0,0
14292,0,0,0,0,0,0,0,0,0,0,0,0,0,0,1,0,0,0,0,0,0
14293,0,0,0,0,0,0,0,0,0,0,0,0,0,0,1,0,0,0,0,0,0
14294,0,0,0,0,0,0,0,0,0,0,0,0,0,0,1,0,0,0,0,0,0
14295,0,0,0,0,0,0,0,0,0,0,0,0,0,0,1,1,1,0,0,0,0
14296,0,0,0,0,0,0,0,0,0,0,0,0,0,0,1,1,0,0,0,0,1
14297,0,0,0,0,0,0,0,0,0,0,0,0,0,0,1,1,0,0,0,0,1
14298,0,0,0,0,0,0,0,0,0,0,0,0,0,0,1,1,0,0,0,0,1
14299,0,0,0,0,0,0,0,0,0,0,0,0,0,0,1,1,0,1,0,0,0
14300,0,0,0,0,0,0,0,0,0,0,0,0,0,0,1,0,0,0,0,0,0
14301,0,0,0,0,0,0,0,0,0,0,0,0,0,0,1,0,0,0,0,0,0
14302,0,0,0,0,0,0,0,0,0,0,0,0,0,0,1,1,0,0,0,0,1
14303,0,0,0,0,0,0,0,0,0,0,0,0,0,0,1,0,0,0,0,0,0
14304,0,0,0,0,0,0,0,0,0,0,0,0,0,0,1,0,0,0,0,0,0
14305,0,0,0,0,0,0,0,0,0,0,0,0,0,0,1,0,0,0,0,0,0
14307,0,0,0,0,0,0,0,0,0,0,0,0,0,0,1,1,0,0,0,0,1
14308,0,0,0,0,0,0,0,0,0,0,0,0,0,0,1,0,0,0,0,0,0
14309,0,0,0,0,0,0,0,0,0,0,0,0,0,0,1,0,0,0,0,0,0
14310,0,0,0,0,0,0,0,0,0,0,0,0,0,0,1,0,0,0,0,0,0
14311,0,0,0,0,0,0,0,0,0,0,0,0,0,0,1,1,0,0,0,0,1
14312,0,0,0,0,0,0,0,0,0,0,0,0,0,0,1,1,0,0,0,0,1
14313,0,0,0,0,0,0,0,0,0,0,0,0,0,0,1,1,0,1,0,0,0
14314,0,0,0,0,0,0,0,0,0,0,0,0,0,0,1,1,0,1,0,0,0
14315,0,0,0,0,0,0,0,0,0,0,0,0,0,0,1,0,0,0,0,0,0
14316,0,0,0,0,0,0,0,0,0,0,0,0,0,0,1,1,0,0,0,0,1
14317,0,0,0,0,0,0,0,0,0,0,0,0,0,0,1,1,0,0,0,0,1
14318,0,0,0,0,0,0,0,0,0,0,0,0,0,0,1,0,0,0,0,0,0
14319,0,0,0,0,0,0,0,0,0,0,0,0,0,0,1,0,0,0,0,0,0
14320,0,0,0,0,0,0,0,0,0,0,0,0,0,0,1,1,0,1,0,0,0
14321,0,0,0,0,0,0,0,0,0,0,0,0,0,0,1,1,0,0,0,0,1
14322,0,0,0,0,0,0,0,0,0,0,0,0,0,0,1,1,0,0,0,0,1
14323,0,0,0,0,0,0,0,0,0,0,0,0,0,0,1,0,0,0,0,0,0
14324,0,0,0,0,0,0,0,0,0,0,0,0,0,0,1,0,0,0,0,0,0
14325,0,0,0,0,0,0,0,0,0,0,0,0,0,0,1,0,0,0,0,0,0
14326,0,0,0,0,0,0,0,0,0,0,0,0,0,0,1,0,0,0,0,0,0
14327,0,0,0,0,0,0,0,0,0,0,0,0,0,0,1,0,0,0,0,0,0
14328,0,0,0,0,0,0,0,0,0,0,0,0,0,0,1,0,0,0,0,0,0
14329,0,0,0,0,0,0,0,0,0,0,0,0,0,0,1,0,0,0,0,0,0
14330,0,0,0,0,0,0,0,0,0,0,0,0,0,0,1,0,0,0,0,0,0
14331,0,0,0,0,0,0,0,0,0,0,0,0,0,0,1,0,0,0,0,0,0
14332,0,0,0,0,0,0,0,0,0,0,0,0,0,0,1,0,0,0,0,0,0
14333,0,0,0,0,0,0,0,0,0,0,0,0,0,0,1,1,0,0,0,0,1
14334,0,0,0,0,0,0,0,0,0,0,0,0,0,0,1,0,0,0,0,0,0
14335,0,0,0,0,0,0,0,0,0,0,0,0,0,0,1,1,0,0,0,0,1
14337,0,0,0,0,0,0,0,0,0,0,0,0,0,0,1,1,0,0,0,0,1
14338,0,0,0,0,0,0,0,0,0,0,0,0,0,0,1,1,0,0,0,0,1
14339,0,0,0,0,0,0,0,0,0,0,0,0,0,0,1,0,0,0,0,0,0
14340,0,0,0,0,0,0,0,0,0,0,0,0,0,0,1,1,0,0,0,0,1
14341,0,0,0,0,0,0,0,0,0,0,0,0,0,0,1,0,0,0,0,0,0
14343,0,0,0,0,0,0,0,0,0,0,0,0,0,0,1,1,0,0,0,0,1
14344,0,0,0,0,0,0,0,0,0,0,0,0,0,0,1,0,0,0,0,0,0
14345,0,0,0,0,0,0,0,0,0,0,0,0,0,0,1,0,0,0,0,0,0
14346,0,0,0,0,0,0,0,0,0,0,0,0,0,0,1,0,0,0,0,0,0
14347,0,0,0,0,0,0,0,0,0,0,0,0,0,0,1,0,0,0,0,0,0
14348,0,0,0,0,0,0,0,0,0,0,0,0,0,0,1,0,0,0,0,0,0
14349,0,0,0,0,0,0,0,0,0,0,0,0,0,0,1,0,0,0,0,0,0
14350,0,0,0,0,0,0,0,0,0,0,0,0,0,0,1,0,0,0,0,0,0
14353,0,0,0,0,0,0,0,0,0,0,0,0,0,0,1,0,0,0,0,0,0
14354,0,0,0,0,0,0,0,0,0,0,0,0,0,0,1,0,0,0,0,0,0
14355,0,0,0,0,0,0,0,0,0,0,0,0,0,0,1,1,0,0,0,0,1
14356,0,0,0,0,0,0,0,0,0,0,0,0,0,0,1,0,0,0,0,0,0
14357,0,0,0,0,0,0,0,0,0,0,0,0,0,0,1,0,0,0,0,0,0
14358,0,0,0,0,0,0,0,0,0,0,0,0,0,0,1,0,0,0,0,0,0
14359,0,0,0,0,0,0,0,0,0,0,0,0,0,0,1,0,0,0,0,0,0
14360,0,0,0,0,0,0,0,0,0,0,0,0,0,0,1,0,0,0,0,0,0
14361,0,0,0,0,0,0,0,0,0,0,0,0,0,0,1,0,0,0,0,0,0
14362,0,0,0,0,0,0,0,0,0,0,0,0,0,0,1,0,0,0,0,0,0
14363,0,0,0,0,0,0,0,0,0,0,0,0,0,0,1,0,0,0,0,0,0
14364,0,0,0,0,0,0,0,0,0,0,0,0,0,0,1,0,0,0,0,0,0
14365,0,0,0,0,0,0,0,0,0,0,0,0,0,0,1,0,0,0,0,0,0
14366,0,0,0,0,0,0,0,0,0,0,0,0,0,0,1,1,0,0,0,0,1
14367,0,0,0,0,0,0,0,0,0,0,0,0,0,0,1,0,0,0,0,0,0
14368,0,0,0,0,0,0,0,0,0,0,0,0,0,0,1,1,0,0,0,0,1
14369,0,0,0,0,0,0,0,0,0,0,0,0,0,0,1,0,0,0,0,0,0
14370,0,0,0,0,0,0,0,0,0,0,0,0,0,0,1,1,0,0,0,0,1
14371,0,0,0,0,0,0,0,0,0,0,0,0,0,0,1,0,0,0,0,0,0
14372,0,0,0,0,0,0,0,0,0,0,0,0,0,0,1,1,0,0,0,0,1
14373,0,0,0,0,0,0,0,0,0,0,0,0,0,0,1,0,0,0,0,0,0
14374,0,0,0,0,0,0,0,0,0,0,0,0,0,0,1,0,0,0,0,0,0
14375,0,0,0,0,0,0,0,0,0,0,0,0,0,0,1,0,0,0,0,0,0
14376,0,0,0,0,0,0,0,0,0,0,0,0,0,0,1,1,0,1,0,0,0
14377,0,0,0,0,0,0,0,0,0,0,0,0,0,0,1,1,0,0,0,0,1
14378,0,0,0,0,0,0,0,0,0,0,0,0,0,0,1,1,0,0,0,0,1
14379,0,0,0,0,0,0,0,0,0,0,0,0,0,0,1,0,0,0,0,0,0
14380,0,0,0,0,0,0,0,0,0,0,0,0,0,0,1,0,0,0,0,0,0
14381,0,0,0,0,0,0,0,0,0,0,0,0,0,0,1,0,0,0,0,0,0
14382,0,0,0,0,0,0,0,0,0,0,0,0,0,0,1,1,0,0,0,0,1
14383,0,0,0,0,0,0,0,0,0,0,0,0,0,0,1,0,0,0,0,0,0
14384,0,0,0,0,0,0,0,0,0,0,0,0,0,0,1,0,0,0,0,0,0
14385,0,0,0,0,0,0,0,0,0,0,0,0,0,0,1,1,0,0,0,0,1
14386,0,0,0,0,0,0,0,0,0,0,0,0,0,0,1,1,0,0,0,0,1
14387,0,0,0,0,0,0,0,0,0,0,0,0,0,0,1,1,0,0,0,0,1
14388,0,0,0,0,0,0,0,0,0,0,0,0,0,0,1,1,0,0,0,0,1
14389,0,0,0,0,0,0,0,0,0,0,0,0,0,0,1,0,0,0,0,0,0
14390,0,0,0,0,0,0,0,0,0,0,0,0,0,0,1,0,0,0,0,0,0
14391,0,0,0,0,0,0,0,0,0,0,0,0,0,0,1,0,0,0,0,0,0
14392,0,0,0,0,0,0,0,0,0,0,0,0,0,0,1,0,0,0,0,0,0
14393,0,0,0,0,0,0,0,0,0,0,0,0,0,0,1,0,0,0,0,0,0
14394,0,0,0,0,0,0,0,0,0,0,0,0,0,0,1,0,0,0,0,0,0
14395,0,0,0,0,0,0,0,0,0,0,0,0,0,0,1,0,0,0,0,0,0
14397,0,0,0,0,0,0,0,0,0,0,0,0,0,0,1,0,0,0,0,0,0
14398,0,0,0,0,0,0,0,0,0,0,0,0,0,0,1,1,0,0,0,0,1
14399,0,0,0,0,0,0,0,0,0,0,0,0,0,0,1,0,0,0,0,0,0
14400,0,0,0,0,0,0,0,0,0,0,0,0,0,0,1,0,0,0,0,0,0
14401,0,0,0,0,0,0,0,0,0,0,0,0,0,0,1,0,0,0,0,0,0
14402,0,0,0,0,0,0,0,0,0,0,0,0,0,0,1,0,0,0,0,0,0
14403,0,0,0,0,0,0,0,0,0,0,0,0,0,0,1,0,0,0,0,0,0
14404,0,0,0,0,0,0,0,0,0,0,0,0,0,0,1,0,0,0,0,0,0
14405,0,0,0,0,0,0,0,0,0,0,0,0,0,0,1,0,0,0,0,0,0
14406,0,0,0,0,0,0,0,0,0,0,0,0,0,0,1,0,0,0,0,0,0
14407,0,0,0,0,0,0,0,0,0,0,0,0,0,0,1,0,0,0,0,0,0
14408,0,0,0,0,0,0,0,0,0,0,0,0,0,0,1,1,0,0,0,0,1
14409,0,0,0,0,0,0,0,0,0,0,0,0,0,0,1,0,0,0,0,0,0
14410,0,0,0,0,0,0,0,0,0,0,0,0,0,0,1,1,0,1,0,0,0
14411,0,0,0,0,0,0,0,0,0,0,0,0,0,0,1,0,0,0,0,0,0
14412,0,0,0,0,0,0,0,0,0,0,0,0,0,0,1,1,0,0,0,0,1
14413,0,0,0,0,0,0,0,0,0,0,0,0,0,0,1,0,0,0,0,0,0
14414,0,0,0,0,0,0,0,0,0,0,0,0,0,0,1,1,0,0,0,0,1
14415,0,0,0,0,0,0,0,0,0,0,0,0,0,0,1,1,0,0,0,0,1
14416,0,0,0,0,0,0,0,0,0,0,0,0,0,0,1,0,0,0,0,0,0
14417,0,0,0,0,0,0,0,0,0,0,0,0,0,0,1,1,0,0,0,0,1
14418,0,0,0,0,0,0,0,0,0,0,0,0,0,0,1,1,0,0,0,0,1
14419,0,0,0,0,0,0,0,0,0,0,0,0,0,0,1,0,0,0,0,0,0
14420,0,0,0,0,0,0,0,0,0,0,0,0,0,0,1,1,0,0,0,0,1
14421,0,0,0,0,0,0,0,0,0,0,0,0,0,0,1,0,0,0,0,0,0
14422,0,0,0,0,0,0,0,0,0,0,0,0,0,0,1,1,0,0,0,0,1
14423,0,0,0,0,0,0,0,0,0,0,0,0,0,0,1,0,0,0,0,0,0
14424,0,0,0,0,0,0,0,0,0,0,0,0,0,0,1,1,0,0,0,0,1
14425,0,0,0,0,0,0,0,0,0,0,0,0,0,0,1,1,0,0,0,0,1
14427,0,0,0,0,0,0,0,0,0,0,0,0,0,0,1,0,0,0,0,0,0
14428,0,0,0,0,0,0,0,0,0,0,0,0,0,0,1,0,0,0,0,0,0
14429,0,0,0,0,0,0,0,0,0,0,0,0,0,0,1,0,0,0,0,0,0
14430,0,0,0,0,0,0,0,0,0,0,0,0,0,0,1,1,1,0,0,0,0
14431,0,0,0,0,0,0,0,0,0,0,0,0,0,0,1,0,0,0,0,0,0
14432,0,0,0,0,0,0,0,0,0,0,0,0,0,0,1,0,0,0,0,0,0
14433,0,0,0,0,0,0,0,0,0,0,0,0,0,0,1,0,0,0,0,0,0
14434,0,0,0,0,0,0,0,0,0,0,0,0,0,0,1,1,0,0,0,0,1
14435,0,0,0,0,0,0,0,0,0,0,0,0,0,0,1,0,0,0,0,0,0
14436,0,0,0,0,0,0,0,0,0,0,0,0,0,0,1,0,0,0,0,0,0
14437,0,0,0,0,0,0,0,0,0,0,0,0,0,0,1,0,0,0,0,0,0
14438,0,0,0,0,0,0,0,0,0,0,0,0,0,0,1,0,0,0,0,0,0
14439,0,0,0,0,0,0,0,0,0,0,0,0,0,0,1,0,0,0,0,0,0
14440,0,0,0,0,0,0,0,0,0,0,0,0,0,0,1,0,0,0,0,0,0
14441,0,0,0,0,0,0,0,0,0,0,0,0,0,0,1,0,0,0,0,0,0
14442,0,0,0,0,0,0,0,0,0,0,0,0,0,0,1,1,0,0,0,0,1
14443,0,0,0,0,0,0,0,0,0,0,0,0,0,0,1,0,0,0,0,0,0
14444,0,0,0,0,0,0,0,0,0,0,0,0,0,0,1,0,0,0,0,0,0
14445,0,0,0,0,0,0,0,0,0,0,0,0,0,0,1,0,0,0,0,0,0
14446,0,0,0,0,0,0,0,0,0,0,0,0,0,0,1,0,0,0,0,0,0
14447,0,0,0,0,0,0,0,0,0,0,0,0,0,0,1,1,0,0,0,0,1
14448,0,0,0,0,0,0,0,0,0,0,0,0,0,0,1,0,0,0,0,0,0
14449,0,0,0,0,0,0,0,0,0,0,0,0,0,0,1,1,0,0,0,0,1
14450,0,0,0,0,0,0,0,0,0,0,0,0,0,0,1,0,0,0,0,0,0
14451,0,0,0,0,0,0,0,0,0,0,0,0,0,0,1,1,0,0,0,0,1
14452,0,0,0,0,0,0,0,0,0,0,0,0,0,0,1,1,1,0,0,0,0
14453,0,0,0,0,0,0,0,0,0,0,0,0,0,0,1,1,1,0,0,0,0
14454,0,0,0,0,0,0,0,0,0,0,0,0,0,0,1,0,0,0,0,0,0
14455,0,0,0,0,0,0,0,0,0,0,0,0,0,0,1,0,0,0,0,0,0
14456,0,0,0,0,0,0,0,0,0,0,0,0,0,0,1,0,0,0,0,0,0
14457,0,0,0,0,0,0,0,0,0,0,0,0,0,0,1,1,0,1,0,0,0
14458,0,0,0,0,0,0,0,0,0,0,0,0,0,0,1,0,0,0,0,0,0
14459,0,0,0,0,0,0,0,0,0,0,0,0,0,0,1,0,0,0,0,0,0
14460,0,0,0,0,0,0,0,0,0,0,0,0,0,0,1,0,0,0,0,0,0
14461,0,0,0,0,0,0,0,0,0,0,0,0,0,0,1,0,0,0,0,0,0
14462,0,0,0,0,0,0,0,0,0,0,0,0,0,0,1,1,0,0,0,0,1
14463,0,0,0,0,0,0,0,0,0,0,0,0,0,0,1,1,0,0,0,0,1
14464,0,0,0,0,0,0,0,0,0,0,0,0,0,0,1,1,0,0,0,0,1
14465,0,0,0,0,0,0,0,0,0,0,0,0,0,0,1,1,0,1,0,0,0
14466,0,0,0,0,0,0,0,0,0,0,0,0,0,0,1,1,0,1,0,0,0
14467,0,0,0,0,0,0,0,0,0,0,0,0,0,0,1,1,1,0,0,0,0
14468,0,0,0,0,0,0,0,0,0,0,0,0,0,0,1,0,0,0,0,0,0
14469,0,0,0,0,0,0,0,0,0,0,0,0,0,0,1,0,0,0,0,0,0
14470,0,0,0,0,0,0,0,0,0,0,0,0,0,0,1,0,0,0,0,0,0
14471,0,0,0,0,0,0,0,0,0,0,0,0,0,0,1,1,0,0,0,0,1
14472,0,0,0,0,0,0,0,0,0,0,0,0,0,0,1,1,0,0,0,0,1
14473,0,0,0,0,0,0,0,0,0,0,0,0,0,0,1,0,0,0,0,0,0
14474,0,0,0,0,0,0,0,0,0,0,0,0,0,0,1,0,0,0,0,0,0
14475,0,0,0,0,0,0,0,0,0,0,0,0,0,0,1,0,0,0,0,0,0
14476,0,0,0,0,0,0,0,0,0,0,0,0,0,0,1,1,1,0,0,0,0
14477,0,0,0,0,0,0,0,0,0,0,0,0,0,0,1,0,0,0,0,0,0
14478,0,0,0,0,0,0,0,0,0,0,0,0,0,0,1,1,0,0,0,0,1
14479,0,0,0,0,0,0,0,0,0,0,0,0,0,0,1,1,1,0,0,0,0
14480,0,0,0,0,0,0,0,0,0,0,0,0,0,0,1,1,0,1,0,0,0
14481,0,0,0,0,0,0,0,0,0,0,0,0,0,0,1,0,0,0,0,0,0
14482,0,0,0,0,0,0,0,0,0,0,0,0,0,0,1,0,0,0,0,0,0
14483,0,0,0,0,0,0,0,0,0,0,0,0,0,0,1,0,0,0,0,0,0
14484,0,0,0,0,0,0,0,0,0,0,0,0,0,0,1,1,0,0,1,1,0
14485,0,0,0,0,0,0,0,0,0,0,0,0,0,0,1,1,0,1,0,0,0
14486,0,0,0,0,0,0,0,0,0,0,0,0,0,0,1,0,0,0,0,0,0
14487,0,0,0,0,0,0,0,0,0,0,0,0,0,0,1,1,0,0,0,0,1
14488,0,0,0,0,0,0,0,0,0,0,0,0,0,0,1,0,0,0,0,0,0
14489,0,0,0,0,0,0,0,0,0,0,0,0,0,0,1,1,0,0,0,0,1
14490,0,0,0,0,0,0,0,0,0,0,0,0,0,0,1,0,0,0,0,0,0
14491,0,0,0,0,0,0,0,0,0,0,0,0,0,0,1,1,0,0,0,0,1
14492,0,0,0,0,0,0,0,0,0,0,0,0,0,0,1,0,0,0,0,0,0
14493,0,0,0,0,0,0,0,0,0,0,0,0,0,0,1,1,1,0,0,0,0
14494,0,0,0,0,0,0,0,0,0,0,0,0,0,0,1,1,0,0,0,0,1
14495,0,0,0,0,0,0,0,0,0,0,0,0,0,0,1,0,0,0,0,0,0
14496,0,0,0,0,0,0,0,0,0,0,0,0,0,0,1,0,0,0,0,0,0
14497,0,0,0,0,0,0,0,0,0,0,0,0,0,0,1,0,0,0,0,0,0
14498,0,0,0,0,0,0,0,0,0,0,0,0,0,0,1,1,0,0,1,1,0
14499,0,0,0,0,0,0,0,0,0,0,0,0,0,0,1,1,0,0,0,0,1
14500,0,0,0,0,0,0,0,0,0,0,0,0,0,0,1,1,0,0,1,1,0
14501,0,0,0,0,0,0,0,0,0,0,0,0,0,0,1,1,0,1,0,0,0
14502,0,0,0,0,0,0,0,0,0,0,0,0,0,0,1,1,0,0,0,0,1
14503,0,0,0,0,0,0,0,0,0,0,0,0,0,0,1,0,0,0,0,0,0
14504,0,0,0,0,0,0,0,0,0,0,0,0,0,0,1,0,0,0,0,0,0
14505,0,0,0,0,0,0,0,0,0,0,0,0,0,0,1,0,0,0,0,0,0
14506,0,0,0,0,0,0,0,0,0,0,0,0,0,0,1,0,0,0,0,0,0
14507,0,0,0,0,0,0,0,0,0,0,0,0,0,0,1,0,0,0,0,0,0
14508,0,0,0,0,0,0,0,0,0,0,0,0,0,0,1,0,0,0,0,0,0
14509,0,0,0,0,0,0,0,0,0,0,0,0,0,0,1,1,0,0,0,0,1
14510,0,0,0,0,0,0,0,0,0,0,0,0,0,0,1,0,0,0,0,0,0
14511,0,0,0,0,0,0,0,0,0,0,0,0,0,0,1,1,0,0,0,0,1
14512,0,0,0,0,0,0,0,0,0,0,0,0,0,0,1,0,0,0,0,0,0
14513,0,0,0,0,0,0,0,0,0,0,0,0,0,0,1,0,0,0,0,0,0
14514,0,0,0,0,0,0,0,0,0,0,0,0,0,0,1,0,0,0,0,0,0
14515,0,0,0,0,0,0,0,0,0,0,0,0,0,0,1,0,0,0,0,0,0
14516,0,0,0,0,0,0,0,0,0,0,0,0,0,0,1,0,0,0,0,0,0
14518,0,0,0,0,0,0,0,0,0,0,0,0,0,0,1,0,0,0,0,0,0
14519,0,0,0,0,0,0,0,0,0,0,0,0,0,0,1,0,0,0,0,0,0
14520,0,0,0,0,0,0,0,0,0,0,0,0,0,0,1,1,0,0,0,0,1
14521,0,0,0,0,0,0,0,0,0,0,0,0,0,0,1,1,0,1,0,0,0
14522,0,0,0,0,0,0,0,0,0,0,0,0,0,0,1,1,0,0,0,0,1
14523,0,0,0,0,0,0,0,0,0,0,0,0,0,0,1,0,0,0,0,0,0
14524,0,0,0,0,0,0,0,0,0,0,0,0,0,0,1,1,0,0,0,0,1
14525,0,0,0,0,0,0,0,0,0,0,0,0,0,0,1,0,0,0,0,0,0
14527,0,0,0,0,0,0,0,0,0,0,0,0,0,0,1,0,0,0,0,0,0
14528,0,0,0,0,0,0,0,0,0,0,0,0,0,0,1,0,0,0,0,0,0
14530,0,0,0,0,0,0,0,0,0,0,0,0,0,0,1,0,0,0,0,0,0
14531,0,0,0,0,0,0,0,0,0,0,0,0,0,0,1,0,0,0,0,0,0
14532,0,0,0,0,0,0,0,0,0,0,0,0,0,0,1,0,0,0,0,0,0
14533,0,0,0,0,0,0,0,0,0,0,0,0,0,0,1,1,0,0,0,0,1
14534,0,0,0,0,0,0,0,0,0,0,0,0,0,0,1,0,0,0,0,0,0
14535,0,0,0,0,0,0,0,0,0,0,0,0,0,0,1,0,0,0,0,0,0
14536,0,0,0,0,0,0,0,0,0,0,0,0,0,0,1,0,0,0,0,0,0
14537,0,0,0,0,0,0,0,0,0,0,0,0,0,0,1,0,0,0,0,0,0
14538,0,0,0,0,0,0,0,0,0,0,0,0,0,0,1,0,0,0,0,0,0
14539,0,0,0,0,0,0,0,0,0,0,0,0,0,0,1,0,0,0,0,0,0
14540,0,0,0,0,0,0,0,0,0,0,0,0,0,0,1,0,0,0,0,0,0
14541,0,0,0,0,0,0,0,0,0,0,0,0,0,0,1,0,0,0,0,0,0
14542,0,0,0,0,0,0,0,0,0,0,0,0,0,0,1,0,0,0,0,0,0
14543,0,0,0,0,0,0,0,0,0,0,0,0,0,0,1,1,0,0,0,0,1
14544,0,0,0,0,0,0,0,0,0,0,0,0,0,0,1,0,0,0,0,0,0
14545,0,0,0,0,0,0,0,0,0,0,0,0,0,0,1,0,0,0,0,0,0
14546,0,0,0,0,0,0,0,0,0,0,0,0,0,0,1,0,0,0,0,0,0
14547,0,0,0,0,0,0,0,0,0,0,0,0,0,0,1,0,0,0,0,0,0
14551,0,0,0,0,0,0,0,0,0,0,0,0,0,0,1,0,0,0,0,0,0
14552,0,0,0,0,0,0,0,0,0,0,0,0,0,0,1,0,0,0,0,0,0
14553,0,0,0,0,0,0,0,0,0,0,0,0,0,0,1,0,0,0,0,0,0
14556,0,0,0,0,0,0,0,0,0,0,0,0,0,0,1,0,0,0,0,0,0
14557,0,0,0,0,0,0,0,0,0,0,0,0,0,0,1,0,0,0,0,0,0
14558,0,0,0,0,0,0,0,0,0,0,0,0,0,0,1,0,0,0,0,0,0
14559,0,0,0,0,0,0,0,0,0,0,0,0,0,0,1,0,0,0,0,0,0
14560,0,0,0,0,0,0,0,0,0,0,0,0,0,0,1,0,0,0,0,0,0
14561,0,0,0,0,0,0,0,0,0,0,0,0,0,0,1,0,0,0,0,0,0
14562,0,0,0,0,0,0,0,0,0,0,0,0,0,0,1,0,0,0,0,0,0
14563,0,0,0,0,0,0,0,0,0,0,0,0,0,0,1,0,0,0,0,0,0
14564,0,0,0,0,0,0,0,0,0,0,0,0,0,0,1,0,0,0,0,0,0
14565,0,0,0,0,0,0,0,0,0,0,0,0,0,0,1,0,0,0,0,0,0
14566,0,0,0,0,0,0,0,0,0,0,0,0,0,0,1,0,0,0,0,0,0
14567,0,0,0,0,0,0,0,0,0,0,0,0,0,0,1,0,0,0,0,0,0
14568,0,0,0,0,0,0,0,0,0,0,0,0,0,0,1,0,0,0,0,0,0
14569,0,0,0,0,0,0,0,0,0,0,0,0,0,0,1,0,0,0,0,0,0
14570,0,0,0,0,0,0,0,0,0,0,0,0,0,0,1,1,0,0,0,0,1
14571,0,0,0,0,0,0,0,0,0,0,0,0,0,0,1,0,0,0,0,0,0
14572,0,0,0,0,0,0,0,0,0,0,0,0,0,0,1,0,0,0,0,0,0
14573,0,0,0,0,0,0,0,0,0,0,0,0,0,0,1,0,0,0,0,0,0
14574,0,0,0,0,0,0,0,0,0,0,0,0,0,0,1,0,0,0,0,0,0
14575,0,0,0,0,0,0,0,0,0,0,0,0,0,0,1,1,0,0,0,0,1
14576,0,0,0,0,0,0,0,0,0,0,0,0,0,0,1,0,0,0,0,0,0
14578,0,0,0,0,0,0,0,0,0,0,0,0,0,0,1,1,0,0,0,0,1
14580,0,0,0,0,0,0,0,0,0,0,0,0,0,0,1,1,0,1,0,0,0
14581,0,0,0,0,0,0,0,0,0,0,0,0,0,0,1,0,0,0,0,0,0
14582,0,0,0,0,0,0,0,0,0,0,0,0,0,0,1,1,0,0,0,0,1
14583,0,0,0,0,0,0,0,0,0,0,0,0,0,0,1,0,0,0,0,0,0
14584,0,0,0,0,0,0,0,0,0,0,0,0,0,0,1,1,0,0,0,0,1
14585,0,0,0,0,0,0,0,0,0,0,0,0,0,0,1,1,0,0,0,0,1
14586,0,0,0,0,0,0,0,0,0,0,0,0,0,0,1,1,1,0,0,0,0
14587,0,0,0,0,0,0,0,0,0,0,0,0,0,0,1,0,0,0,0,0,0
14588,0,0,0,0,0,0,0,0,0,0,0,0,0,0,1,0,0,0,0,0,0
14590,0,0,0,0,0,0,0,0,0,0,0,0,0,0,1,0,0,0,0,0,0
14591,0,0,0,0,0,0,0,0,0,0,0,0,0,0,1,0,0,0,0,0,0
14592,0,0,0,0,0,0,0,0,0,0,0,0,0,0,1,0,0,0,0,0,0
14593,0,0,0,0,0,0,0,0,0,0,0,0,0,0,1,0,0,0,0,0,0
14594,0,0,0,0,0,0,0,0,0,0,0,0,0,0,1,1,0,0,0,0,1
14595,0,0,0,0,0,0,0,0,0,0,0,0,0,0,1,0,0,0,0,0,0
14596,0,0,0,0,0,0,0,0,0,0,0,0,0,0,1,1,0,0,0,0,1
14597,0,0,0,0,0,0,0,0,0,0,0,0,0,0,1,0,0,0,0,0,0
14598,0,0,0,0,0,0,0,0,0,0,0,0,0,0,1,0,0,0,0,0,0
14599,0,0,0,0,0,0,0,0,0,0,0,0,0,0,1,0,0,0,0,0,0
14600,0,0,0,0,0,0,0,0,0,0,0,0,0,0,1,1,0,0,0,0,1
14601,0,0,0,0,0,0,0,0,0,0,0,0,0,0,1,0,0,0,0,0,0
14602,0,0,0,0,0,0,0,0,0,0,0,0,0,0,1,1,1,0,0,0,0
14603,0,0,0,0,0,0,0,0,0,0,0,0,0,0,1,0,0,0,0,0,0
14604,0,0,0,0,0,0,0,0,0,0,0,0,0,0,1,0,0,0,0,0,0
14605,0,0,0,0,0,0,0,0,0,0,0,0,0,0,1,1,0,0,0,0,1
14606,0,0,0,0,0,0,0,0,0,0,0,0,0,0,1,0,0,0,0,0,0
14607,0,0,0,0,0,0,0,0,0,0,0,0,0,0,1,1,0,0,0,0,1
14608,0,0,0,0,0,0,0,0,0,0,0,0,0,0,1,0,0,0,0,0,0
14609,0,0,0,0,0,0,0,0,0,0,0,0,0,0,1,0,0,0,0,0,0
14610,0,0,0,0,0,0,0,0,0,0,0,0,0,0,1,0,0,0,0,0,0
14611,0,0,0,0,0,0,0,0,0,0,0,0,0,0,1,0,0,0,0,0,0
14612,0,0,0,0,0,0,0,0,0,0,0,0,0,0,1,0,0,0,0,0,0
14613,0,0,0,0,0,0,0,0,0,0,0,0,0,0,1,1,0,0,0,0,1
14614,0,0,0,0,0,0,0,0,0,0,0,0,0,0,1,0,0,0,0,0,0
14615,0,0,0,0,0,0,0,0,0,0,0,0,0,0,1,1,0,0,0,0,1
14616,0,0,0,0,0,0,0,0,0,0,0,0,0,0,1,0,0,0,0,0,0
14617,0,0,0,0,0,0,0,0,0,0,0,0,0,0,1,0,0,0,0,0,0
14618,0,0,0,0,0,0,0,0,0,0,0,0,0,0,1,0,0,0,0,0,0
14619,0,0,0,0,0,0,0,0,0,0,0,0,0,0,1,0,0,0,0,0,0
14620,0,0,0,0,0,0,0,0,0,0,0,0,0,0,1,1,0,0,0,0,1
14621,0,0,0,0,0,0,0,0,0,0,0,0,0,0,1,0,0,0,0,0,0
14622,0,0,0,0,0,0,0,0,0,0,0,0,0,0,1,0,0,0,0,0,0
14623,0,0,0,0,0,0,0,0,0,0,0,0,0,0,1,0,0,0,0,0,0
14624,0,0,0,0,0,0,0,0,0,0,0,0,0,0,1,0,0,0,0,0,0
14625,0,0,0,0,0,0,0,0,0,0,0,0,0,0,1,0,0,0,0,0,0
14626,0,0,0,0,0,0,0,0,0,0,0,0,0,0,1,0,0,0,0,0,0
14627,0,0,0,0,0,0,0,0,0,0,0,0,0,0,1,1,0,0,0,0,1
14628,0,0,0,0,0,0,0,0,0,0,0,0,0,0,1,0,0,0,0,0,0
14629,0,0,0,0,0,0,0,0,0,0,0,0,0,0,1,0,0,0,0,0,0
14630,0,0,0,0,0,0,0,0,0,0,0,0,0,0,1,0,0,0,0,0,0
14632,0,0,0,0,0,0,0,0,0,0,0,0,0,0,1,0,0,0,0,0,0
14633,0,0,0,0,0,0,0,0,0,0,0,0,0,0,1,0,0,0,0,0,0
14634,0,0,0,0,0,0,0,0,0,0,0,0,0,0,1,1,0,0,0,0,1
14635,0,0,0,0,0,0,0,0,0,0,0,0,0,0,1,1,0,0,0,0,1
14636,0,0,0,0,0,0,0,0,0,0,0,0,0,0,1,0,0,0,0,0,0
14637,0,0,0,0,0,0,0,0,0,0,0,0,0,0,1,0,0,0,0,0,0
14638,0,0,0,0,0,0,0,0,0,0,0,0,0,0,1,0,0,0,0,0,0
14639,0,0,0,0,0,0,0,0,0,0,0,0,0,0,1,0,0,0,0,0,0
14640,0,0,0,0,0,0,0,0,0,0,0,0,0,0,1,0,0,0,0,0,0
14641,0,0,0,0,0,0,0,0,0,0,0,0,0,0,1,0,0,0,0,0,0
14642,0,0,0,0,0,0,0,0,0,0,0,0,0,0,1,0,0,0,0,0,0
14643,0,0,0,0,0,0,0,0,0,0,0,0,0,0,1,0,0,0,0,0,0
14644,0,0,0,0,0,0,0,0,0,0,0,0,0,0,1,0,0,0,0,0,0
14645,0,0,0,0,0,0,0,0,0,0,0,0,0,0,1,1,0,1,0,0,0
14646,0,0,0,0,0,0,0,0,0,0,0,0,0,0,1,0,0,0,0,0,0
14647,0,0,0,0,0,0,0,0,0,0,0,0,0,0,1,1,0,1,0,0,0
14648,0,0,0,0,0,0,0,0,0,0,0,0,0,0,1,0,0,0,0,0,0
14649,0,0,0,0,0,0,0,0,0,0,0,0,0,0,1,0,0,0,0,0,0
14650,0,0,0,0,0,0,0,0,0,0,0,0,0,0,1,1,0,0,0,0,1
14651,0,0,0,0,0,0,0,0,0,0,0,0,0,0,1,1,0,0,0,0,1
14652,0,0,0,0,0,0,0,0,0,0,0,0,0,0,1,0,0,0,0,0,0
14653,0,0,0,0,0,0,0,0,0,0,0,0,0,0,1,0,0,0,0,0,0
14654,0,0,0,0,0,0,0,0,0,0,0,0,0,0,1,1,0,0,0,0,1
14655,0,0,0,0,0,0,0,0,0,0,0,0,0,0,1,0,0,0,0,0,0
14656,0,0,0,0,0,0,0,0,0,0,0,0,0,0,1,0,0,0,0,0,0
14657,0,0,0,0,0,0,0,0,0,0,0,0,0,0,1,0,0,0,0,0,0
14658,0,0,0,0,0,0,0,0,0,0,0,0,0,0,1,0,0,0,0,0,0
14659,0,0,0,0,0,0,0,0,0,0,0,0,0,0,1,0,0,0,0,0,0
14660,0,0,0,0,0,0,0,0,0,0,0,0,0,0,1,0,0,0,0,0,0
14661,0,0,0,0,0,0,0,0,0,0,0,0,0,0,1,1,0,0,0,0,1
14662,0,0,0,0,0,0,0,0,0,0,0,0,0,0,1,0,0,0,0,0,0
14663,0,0,0,0,0,0,0,0,0,0,0,0,0,0,1,0,0,0,0,0,0
14664,0,0,0,0,0,0,0,0,0,0,0,0,0,0,1,0,0,0,0,0,0
14665,0,0,0,0,0,0,0,0,0,0,0,0,0,0,1,0,0,0,0,0,0
14666,0,0,0,0,0,0,0,0,0,0,0,0,0,0,1,1,0,0,0,0,1
14667,0,0,0,0,0,0,0,0,0,0,0,0,0,0,1,0,0,0,0,0,0
14668,0,0,0,0,0,0,0,0,0,0,0,0,0,0,1,1,0,0,0,0,1
14669,0,0,0,0,0,0,0,0,0,0,0,0,0,0,1,1,0,1,0,0,0
14670,0,0,0,0,0,0,0,0,0,0,0,0,0,0,1,1,0,1,0,0,0
14672,0,0,0,0,0,0,0,0,0,0,0,0,0,0,1,0,0,0,0,0,0
14673,0,0,0,0,0,0,0,0,0,0,0,0,0,0,1,0,0,0,0,0,0
14674,0,0,0,0,0,0,0,0,0,0,0,0,0,0,1,0,0,0,0,0,0
14675,0,0,0,0,0,0,0,0,0,0,0,0,0,0,1,0,0,0,0,0,0
14676,0,0,0,0,0,0,0,0,0,0,0,0,0,0,1,0,0,0,0,0,0
14677,0,0,0,0,0,0,0,0,0,0,0,0,0,0,1,0,0,0,0,0,0
14678,0,0,0,0,0,0,0,0,0,0,0,0,0,0,1,1,0,0,0,0,1
14679,0,0,0,0,0,0,0,0,0,0,0,0,0,0,1,0,0,0,0,0,0
14680,0,0,0,0,0,0,0,0,0,0,0,0,0,0,1,0,0,0,0,0,0
14683,0,0,0,0,0,0,0,0,0,0,0,0,0,0,1,0,0,0,0,0,0
14684,0,0,0,0,0,0,0,0,0,0,0,0,0,0,1,1,0,0,0,0,1
14685,0,0,0,0,0,0,0,0,0,0,0,0,0,0,1,0,0,0,0,0,0
14686,0,0,0,0,0,0,0,0,0,0,0,0,0,0,1,1,0,0,0,0,1
14687,0,0,0,0,0,0,0,0,0,0,0,0,0,0,1,1,0,1,0,0,0
14688,0,0,0,0,0,0,0,0,0,0,0,0,0,0,1,1,1,0,0,0,0
14689,0,0,0,0,0,0,0,0,0,0,0,0,0,0,1,1,0,0,0,0,1
14690,0,0,0,0,0,0,0,0,0,0,0,0,0,0,1,1,0,0,0,0,1
14691,0,0,0,0,0,0,0,0,0,0,0,0,0,0,1,1,0,0,1,1,0
14692,0,0,0,0,0,0,0,0,0,0,0,0,0,0,1,1,0,0,0,0,1
14693,0,0,0,0,0,0,0,0,0,0,0,0,0,0,1,1,1,0,0,0,0
14694,0,0,0,0,0,0,0,0,0,0,0,0,0,0,1,1,0,0,0,0,1
14695,0,0,0,0,0,0,0,0,0,0,0,0,0,0,1,1,0,0,0,0,1
14696,0,0,0,0,0,0,0,0,0,0,0,0,0,0,1,1,0,0,0,0,1
14697,0,0,0,0,0,0,0,0,0,0,0,0,0,0,1,0,0,0,0,0,0
14698,0,0,0,0,0,0,0,0,0,0,0,0,0,0,1,1,0,0,0,0,1
14699,0,0,0,0,0,0,0,0,0,0,0,0,0,0,1,1,0,0,1,1,0
14700,0,0,0,0,0,0,0,0,0,0,0,0,0,0,1,1,1,0,0,0,0
14701,0,0,0,0,0,0,0,0,0,0,0,0,0,0,1,0,0,0,0,0,0
14702,0,0,0,0,0,0,0,0,0,0,0,0,0,0,1,0,0,0,0,0,0
14703,0,0,0,0,0,0,0,0,0,0,0,0,0,0,1,1,0,0,0,0,1
14704,0,0,0,0,0,0,0,0,0,0,0,0,0,0,1,1,0,0,0,0,1
14705,0,0,0,0,0,0,0,0,0,0,0,0,0,0,1,1,0,0,0,0,1
14706,0,0,0,0,0,0,0,0,0,0,0,0,0,0,1,1,0,0,0,0,1
14707,0,0,0,0,0,0,0,0,0,0,0,0,0,0,1,0,0,0,0,0,0
14708,0,0,0,0,0,0,0,0,0,0,0,0,0,0,1,0,0,0,0,0,0
14709,0,0,0,0,0,0,0,0,0,0,0,0,0,0,1,0,0,0,0,0,0
14711,0,0,0,0,0,0,0,0,0,0,0,0,0,0,1,1,0,1,0,0,0
14712,0,0,0,0,0,0,0,0,0,0,0,0,0,0,1,1,0,0,0,0,1
14713,0,0,0,0,0,0,0,0,0,0,0,0,0,0,1,0,0,0,0,0,0
14714,0,0,0,0,0,0,0,0,0,0,0,0,0,0,1,1,0,0,0,0,1
14715,0,0,0,0,0,0,0,0,0,0,0,0,0,0,1,0,0,0,0,0,0
14716,0,0,0,0,0,0,0,0,0,0,0,0,0,0,1,0,0,0,0,0,0
14717,0,0,0,0,0,0,0,0,0,0,0,0,0,0,1,1,0,0,0,0,1
14718,0,0,0,0,0,0,0,0,0,0,0,0,0,0,1,0,0,0,0,0,0
14719,0,0,0,0,0,0,0,0,0,0,0,0,0,0,1,0,0,0,0,0,0
14720,0,0,0,0,0,0,0,0,0,0,0,0,0,0,1,0,0,0,0,0,0
14721,0,0,0,0,0,0,0,0,0,0,0,0,0,0,1,0,0,0,0,0,0
14722,0,0,0,0,0,0,0,0,0,0,0,0,0,0,1,0,0,0,0,0,0
14723,0,0,0,0,0,0,0,0,0,0,0,0,0,0,1,0,0,0,0,0,0
14725,0,0,0,0,0,0,0,0,0,0,0,0,0,0,1,0,0,0,0,0,0
14726,0,0,0,0,0,0,0,0,0,0,0,0,0,0,1,1,0,0,0,0,1
14727,0,0,0,0,0,0,0,0,0,0,0,0,0,0,1,0,0,0,0,0,0
14728,0,0,0,0,0,0,0,0,0,0,0,0,0,0,1,0,0,0,0,0,0
14729,0,0,0,0,0,0,0,0,0,0,0,0,0,0,1,0,0,0,0,0,0
14730,0,0,0,0,0,0,0,0,0,0,0,0,0,0,1,0,0,0,0,0,0
14731,0,0,0,0,0,0,0,0,0,0,0,0,0,0,1,0,0,0,0,0,0
14732,0,0,0,0,0,0,0,0,0,0,0,0,0,0,1,1,0,0,0,0,1
14733,0,0,0,0,0,0,0,0,0,0,0,0,0,0,1,1,0,0,0,0,1
14734,0,0,0,0,0,0,0,0,0,0,0,0,0,0,1,0,0,0,0,0,0
14735,0,0,0,0,0,0,0,0,0,0,0,0,0,0,1,0,0,0,0,0,0
14736,0,0,0,0,0,0,0,0,0,0,0,0,0,0,1,1,0,0,1,1,0
14737,0,0,0,0,0,0,0,0,0,0,0,0,0,0,1,0,0,0,0,0,0
14738,0,0,0,0,0,0,0,0,0,0,0,0,0,0,1,0,0,0,0,0,0
14739,0,0,0,0,0,0,0,0,0,0,0,0,0,0,1,0,0,0,0,0,0
14740,0,0,0,0,0,0,0,0,0,0,0,0,0,0,1,0,0,0,0,0,0
14741,0,0,0,0,0,0,0,0,0,0,0,0,0,0,1,0,0,0,0,0,0
14742,0,0,0,0,0,0,0,0,0,0,0,0,0,0,1,0,0,0,0,0,0
14743,0,0,0,0,0,0,0,0,0,0,0,0,0,0,1,0,0,0,0,0,0
14744,0,0,0,0,0,0,0,0,0,0,0,0,0,0,1,0,0,0,0,0,0
14745,0,0,0,0,0,0,0,0,0,0,0,0,0,0,1,1,0,1,0,0,0
14746,0,0,0,0,0,0,0,0,0,0,0,0,0,0,1,1,0,0,0,0,1
14747,0,0,0,0,0,0,0,0,0,0,0,0,0,0,1,1,1,0,0,0,0
14748,0,0,0,0,0,0,0,0,0,0,0,0,0,0,1,1,0,0,0,0,1
14749,0,0,0,0,0,0,0,0,0,0,0,0,0,0,1,0,0,0,0,0,0
14750,0,0,0,0,0,0,0,0,0,0,0,0,0,0,1,1,0,0,0,0,1
14751,0,0,0,0,0,0,0,0,0,0,0,0,0,0,1,1,0,0,0,0,1
14752,0,0,0,0,0,0,0,0,0,0,0,0,0,0,1,1,0,0,0,0,1
14753,0,0,0,0,0,0,0,0,0,0,0,0,0,0,1,0,0,0,0,0,0
14754,0,0,0,0,0,0,0,0,0,0,0,0,0,0,1,0,0,0,0,0,0
14755,0,0,0,0,0,0,0,0,0,0,0,0,0,0,1,1,0,0,0,0,1
14756,0,0,0,0,0,0,0,0,0,0,0,0,0,0,1,1,0,0,0,0,1
14757,0,0,0,0,0,0,0,0,0,0,0,0,0,0,1,0,0,0,0,0,0
14758,0,0,0,0,0,0,0,0,0,0,0,0,0,0,1,0,0,0,0,0,0
14759,0,0,0,0,0,0,0,0,0,0,0,0,0,0,1,0,0,0,0,0,0
14760,0,0,0,0,0,0,0,0,0,0,0,0,0,0,1,0,0,0,0,0,0
14761,0,0,0,0,0,0,0,0,0,0,0,0,0,0,1,0,0,0,0,0,0
14762,0,0,0,0,0,0,0,0,0,0,0,0,0,0,1,0,0,0,0,0,0
14763,0,0,0,0,0,0,0,0,0,0,0,0,0,0,1,1,0,0,0,0,1
14764,0,0,0,0,0,0,0,0,0,0,0,0,0,0,1,0,0,0,0,0,0
14765,0,0,0,0,0,0,0,0,0,0,0,0,0,0,1,1,0,0,0,0,1
14766,0,0,0,0,0,0,0,0,0,0,0,0,0,0,1,0,0,0,0,0,0
14767,0,0,0,0,0,0,0,0,0,0,0,0,0,0,1,1,0,0,0,0,1
14768,0,0,0,0,0,0,0,0,0,0,0,0,0,0,1,0,0,0,0,0,0
14769,0,0,0,0,0,0,0,0,0,0,0,0,0,0,1,0,0,0,0,0,0
14770,0,0,0,0,0,0,0,0,0,0,0,0,0,0,1,1,0,0,0,0,1
14771,0,0,0,0,0,0,0,0,0,0,0,0,0,0,1,1,0,0,0,0,1
14772,0,0,0,0,0,0,0,0,0,0,0,0,0,0,1,0,0,0,0,0,0
14773,0,0,0,0,0,0,0,0,0,0,0,0,0,0,1,0,0,0,0,0,0
14774,0,0,0,0,0,0,0,0,0,0,0,0,0,0,1,1,0,1,0,0,0
14775,0,0,0,0,0,0,0,0,0,0,0,0,0,0,1,0,0,0,0,0,0
14776,0,0,0,0,0,0,0,0,0,0,0,0,0,0,1,1,0,0,0,0,1
14777,0,0,0,0,0,0,0,0,0,0,0,0,0,0,1,0,0,0,0,0,0
14778,0,0,0,0,0,0,0,0,0,0,0,0,0,0,1,0,0,0,0,0,0
14779,0,0,0,0,0,0,0,0,0,0,0,0,0,0,1,0,0,0,0,0,0
14780,0,0,0,0,0,0,0,0,0,0,0,0,0,0,1,0,0,0,0,0,0
14782,0,0,0,0,0,0,0,0,0,0,0,0,0,0,1,0,0,0,0,0,0
14783,0,0,0,0,0,0,0,0,0,0,0,0,0,0,1,0,0,0,0,0,0
14784,0,0,0,0,0,0,0,0,0,0,0,0,0,0,1,1,0,0,0,0,1
14785,0,0,0,0,0,0,0,0,0,0,0,0,0,0,1,1,0,0,0,0,1
14786,0,0,0,0,0,0,0,0,0,0,0,0,0,0,1,0,0,0,0,0,0
14787,0,0,0,0,0,0,0,0,0,0,0,0,0,0,1,0,0,0,0,0,0
14788,0,0,0,0,0,0,0,0,0,0,0,0,0,0,1,1,0,0,0,0,1
14789,0,0,0,0,0,0,0,0,0,0,0,0,0,0,1,0,0,0,0,0,0
14790,0,0,0,0,0,0,0,0,0,0,0,0,0,0,1,1,0,0,0,0,1
14791,0,0,0,0,0,0,0,0,0,0,0,0,0,0,1,1,0,0,0,0,1
14792,0,0,0,0,0,0,0,0,0,0,0,0,0,0,1,0,0,0,0,0,0
14794,0,0,0,0,0,0,0,0,0,0,0,0,0,0,1,0,0,0,0,0,0
14795,0,0,0,0,0,0,0,0,0,0,0,0,0,0,1,0,0,0,0,0,0
14796,0,0,0,0,0,0,0,0,0,0,0,0,0,0,1,0,0,0,0,0,0
14797,0,0,0,0,0,0,0,0,0,0,0,0,0,0,1,1,0,0,0,0,1
14798,0,0,0,0,0,0,0,0,0,0,0,0,0,0,1,0,0,0,0,0,0
14799,0,0,0,0,0,0,0,0,0,0,0,0,0,0,1,0,0,0,0,0,0
14800,0,0,0,0,0,0,0,0,0,0,0,0,0,0,1,1,0,0,0,0,1
14801,0,0,0,0,0,0,0,0,0,0,0,0,0,0,1,1,0,0,0,0,1
14802,0,0,0,0,0,0,0,0,0,0,0,0,0,0,1,1,0,0,0,0,1
14803,0,0,0,0,0,0,0,0,0,0,0,0,0,0,1,1,0,0,0,0,1
14804,0,0,0,0,0,0,0,0,0,0,0,0,0,0,1,0,0,0,0,0,0
14805,0,0,0,0,0,0,0,0,0,0,0,0,0,0,1,1,0,0,0,0,1
14806,0,0,0,0,0,0,0,0,0,0,0,0,0,0,1,0,0,0,0,0,0
14807,0,0,0,0,0,0,0,0,0,0,0,0,0,0,1,0,0,0,0,0,0
14808,0,0,0,0,0,0,0,0,0,0,0,0,0,0,1,1,0,0,0,0,1
14809,0,0,0,0,0,0,0,0,0,0,0,0,0,0,1,0,0,0,0,0,0
14810,0,0,0,0,0,0,0,0,0,0,0,0,0,0,1,0,0,0,0,0,0
14811,0,0,0,0,0,0,0,0,0,0,0,0,0,0,1,0,0,0,0,0,0
14812,0,0,0,0,0,0,0,0,0,0,0,0,0,0,1,0,0,0,0,0,0
14813,0,0,0,0,0,0,0,0,0,0,0,0,0,0,1,0,0,0,0,0,0
14814,0,0,0,0,0,0,0,0,0,0,0,0,0,0,1,0,0,0,0,0,0
14815,0,0,0,0,0,0,0,0,0,0,0,0,0,0,1,1,0,0,0,0,1
14817,0,0,0,0,0,0,0,0,0,0,0,0,0,0,1,0,0,0,0,0,0
14818,0,0,0,0,0,0,0,0,0,0,0,0,0,0,1,1,0,0,0,0,1
14819,0,0,0,0,0,0,0,0,0,0,0,0,0,0,1,1,0,0,0,0,1
14820,0,0,0,0,0,0,0,0,0,0,0,0,0,0,1,1,0,0,0,0,1
14821,0,0,0,0,0,0,0,0,0,0,0,0,0,0,1,0,0,0,0,0,0
14822,0,0,0,0,0,0,0,0,0,0,0,0,0,0,1,0,0,0,0,0,0
14823,0,0,0,0,0,0,0,0,0,0,0,0,0,0,1,0,0,0,0,0,0
14824,0,0,0,0,0,0,0,0,0,0,0,0,0,0,1,0,0,0,0,0,0
14825,0,0,0,0,0,0,0,0,0,0,0,0,0,0,1,0,0,0,0,0,0
14826,0,0,0,0,0,0,0,0,0,0,0,0,0,0,1,0,0,0,0,0,0
14827,0,0,0,0,0,0,0,0,0,0,0,0,0,0,1,0,0,0,0,0,0
14828,0,0,0,0,0,0,0,0,0,0,0,0,0,0,1,1,0,0,0,0,1
14830,0,0,0,0,0,0,0,0,0,0,0,0,0,0,1,0,0,0,0,0,0
14831,0,0,0,0,0,0,0,0,0,0,0,0,0,0,1,0,0,0,0,0,0
14832,0,0,0,0,0,0,0,0,0,0,0,0,0,0,1,0,0,0,0,0,0
14833,0,0,0,0,0,0,0,0,0,0,0,0,0,0,1,1,0,0,0,0,1
14834,0,0,0,0,0,0,0,0,0,0,0,0,0,0,1,1,0,0,0,0,1
14835,0,0,0,0,0,0,0,0,0,0,0,0,0,0,1,0,0,0,0,0,0
14836,0,0,0,0,0,0,0,0,0,0,0,0,0,0,1,1,0,0,0,0,1
14837,0,0,0,0,0,0,0,0,0,0,0,0,0,0,1,0,0,0,0,0,0
14838,0,0,0,0,0,0,0,0,0,0,0,0,0,0,1,0,0,0,0,0,0
14839,0,0,0,0,0,0,0,0,0,0,0,0,0,0,1,0,0,0,0,0,0
14840,0,0,0,0,0,0,0,0,0,0,0,0,0,0,1,1,0,0,0,0,1
14841,0,0,0,0,0,0,0,0,0,0,0,0,0,0,1,1,0,0,0,0,1
14842,0,0,0,0,0,0,0,0,0,0,0,0,0,0,1,0,0,0,0,0,0
14843,0,0,0,0,0,0,0,0,0,0,0,0,0,0,1,0,0,0,0,0,0
14845,0,0,0,0,0,0,0,0,0,0,0,0,0,0,1,0,0,0,0,0,0
14846,0,0,0,0,0,0,0,0,0,0,0,0,0,0,1,0,0,0,0,0,0
14847,0,0,0,0,0,0,0,0,0,0,0,0,0,0,1,1,0,0,0,0,1
14848,0,0,0,0,0,0,0,0,0,0,0,0,0,0,1,0,0,0,0,0,0
14849,0,0,0,0,0,0,0,0,0,0,0,0,0,0,1,0,0,0,0,0,0
14850,0,0,0,0,0,0,0,0,0,0,0,0,0,0,1,0,0,0,0,0,0
14851,0,0,0,0,0,0,0,0,0,0,0,0,0,0,1,0,0,0,0,0,0
14852,0,0,0,0,0,0,0,0,0,0,0,0,0,0,1,0,0,0,0,0,0
14853,0,0,0,0,0,0,0,0,0,0,0,0,0,0,1,0,0,0,0,0,0
14854,0,0,0,0,0,0,0,0,0,0,0,0,0,0,1,0,0,0,0,0,0
14855,0,0,0,0,0,0,0,0,0,0,0,0,0,0,1,0,0,0,0,0,0
14856,0,0,0,0,0,0,0,0,0,0,0,0,0,0,1,0,0,0,0,0,0
14857,0,0,0,0,0,0,0,0,0,0,0,0,0,0,1,0,0,0,0,0,0
14858,0,0,0,0,0,0,0,0,0,0,0,0,0,0,1,0,0,0,0,0,0
14859,0,0,0,0,0,0,0,0,0,0,0,0,0,0,1,0,0,0,0,0,0
14860,0,0,0,0,0,0,0,0,0,0,0,0,0,0,1,1,0,0,0,0,1
14861,0,0,0,0,0,0,0,0,0,0,0,0,0,0,1,0,0,0,0,0,0
14862,0,0,0,0,0,0,0,0,0,0,0,0,0,0,1,0,0,0,0,0,0
14863,0,0,0,0,0,0,0,0,0,0,0,0,0,0,1,0,0,0,0,0,0
14864,0,0,0,0,0,0,0,0,0,0,0,0,0,0,1,0,0,0,0,0,0
14865,0,0,0,0,0,0,0,0,0,0,0,0,0,0,1,0,0,0,0,0,0
14866,0,0,0,0,0,0,0,0,0,0,0,0,0,0,1,1,0,0,0,0,1
14867,0,0,0,0,0,0,0,0,0,0,0,0,0,0,1,0,0,0,0,0,0
14868,0,0,0,0,0,0,0,0,0,0,0,0,0,0,1,0,0,0,0,0,0
14869,0,0,0,0,0,0,0,0,0,0,0,0,0,0,1,0,0,0,0,0,0
14870,0,0,0,0,0,0,0,0,0,0,0,0,0,0,1,0,0,0,0,0,0
14871,0,0,0,0,0,0,0,0,0,0,0,0,0,0,1,0,0,0,0,0,0
14872,0,0,0,0,0,0,0,0,0,0,0,0,0,0,1,0,0,0,0,0,0
14873,0,0,0,0,0,0,0,0,0,0,0,0,0,0,1,0,0,0,0,0,0
14874,0,0,0,0,0,0,0,0,0,0,0,0,0,0,1,1,0,0,0,0,1
14875,0,0,0,0,0,0,0,0,0,0,0,0,0,0,1,0,0,0,0,0,0
14876,0,0,0,0,0,0,0,0,0,0,0,0,0,0,1,1,0,0,0,0,1
14877,0,0,0,0,0,0,0,0,0,0,0,0,0,0,1,0,0,0,0,0,0
14879,0,0,0,0,0,0,0,0,0,0,0,0,0,0,1,0,0,0,0,0,0
14880,0,0,0,0,0,0,0,0,0,0,0,0,0,0,1,0,0,0,0,0,0
14881,0,0,0,0,0,0,0,0,0,0,0,0,0,0,1,0,0,0,0,0,0
14882,0,0,0,0,0,0,0,0,0,0,0,0,0,0,1,1,0,0,0,0,1
14883,0,0,0,0,0,0,0,0,0,0,0,0,0,0,1,1,0,0,0,0,1
14884,0,0,0,0,0,0,0,0,0,0,0,0,0,0,1,0,0,0,0,0,0
14885,0,0,0,0,0,0,0,0,0,0,0,0,0,0,1,0,0,0,0,0,0
14886,0,0,0,0,0,0,0,0,0,0,0,0,0,0,1,0,0,0,0,0,0
14887,0,0,0,0,0,0,0,0,0,0,0,0,0,0,1,0,0,0,0,0,0
14888,0,0,0,0,0,0,0,0,0,0,0,0,0,0,1,0,0,0,0,0,0
14889,0,0,0,0,0,0,0,0,0,0,0,0,0,0,1,0,0,0,0,0,0
14890,0,0,0,0,0,0,0,0,0,0,0,0,0,0,1,1,0,1,0,0,0
14891,0,0,0,0,0,0,0,0,0,0,0,0,0,0,1,1,0,0,0,0,1
14892,0,0,0,0,0,0,0,0,0,0,0,0,0,0,1,1,0,0,0,0,1
14893,0,0,0,0,0,0,0,0,0,0,0,0,0,0,1,0,0,0,0,0,0
14894,0,0,0,0,0,0,0,0,0,0,0,0,0,0,1,0,0,0,0,0,0
14895,0,0,0,0,0,0,0,0,0,0,0,0,0,0,1,0,0,0,0,0,0
14897,0,0,0,0,0,0,0,0,0,0,0,0,0,0,1,0,0,0,0,0,0
14898,0,0,0,0,0,0,0,0,0,0,0,0,0,0,1,0,0,0,0,0,0
14899,0,0,0,0,0,0,0,0,0,0,0,0,0,0,1,0,0,0,0,0,0
14900,0,0,0,0,0,0,0,0,0,0,0,0,0,0,1,0,0,0,0,0,0
14901,0,0,0,0,0,0,0,0,0,0,0,0,0,0,1,0,0,0,0,0,0
14902,0,0,0,0,0,0,0,0,0,0,0,0,0,0,1,1,0,0,0,0,1
14904,0,0,0,0,0,0,0,0,0,0,0,0,0,0,1,0,0,0,0,0,0
14905,0,0,0,0,0,0,0,0,0,0,0,0,0,0,1,0,0,0,0,0,0
14906,0,0,0,0,0,0,0,0,0,0,0,0,0,0,1,0,0,0,0,0,0
14907,0,0,0,0,0,0,0,0,0,0,0,0,0,0,1,1,1,0,0,0,0
14908,0,0,0,0,0,0,0,0,0,0,0,0,0,0,1,0,0,0,0,0,0
14909,0,0,0,0,0,0,0,0,0,0,0,0,0,0,1,1,0,0,0,0,1
14910,0,0,0,0,0,0,0,0,0,0,0,0,0,0,1,0,0,0,0,0,0
14911,0,0,0,0,0,0,0,0,0,0,0,0,0,0,1,1,0,0,0,0,1
14912,0,0,0,0,0,0,0,0,0,0,0,0,0,0,1,1,0,0,0,0,1
14913,0,0,0,0,0,0,0,0,0,0,0,0,0,0,1,0,0,0,0,0,0
14914,0,0,0,0,0,0,0,0,0,0,0,0,0,0,1,1,0,1,0,0,0
14915,0,0,0,0,0,0,0,0,0,0,0,0,0,0,1,1,0,0,0,0,1
14916,0,0,0,0,0,0,0,0,0,0,0,0,0,0,1,0,0,0,0,0,0
14917,0,0,0,0,0,0,0,0,0,0,0,0,0,0,1,1,0,0,0,0,1
14918,0,0,0,0,0,0,0,0,0,0,0,0,0,0,1,0,0,0,0,0,0
14920,0,0,0,0,0,0,0,0,0,0,0,0,0,0,1,1,0,0,0,0,1
14921,0,0,0,0,0,0,0,0,0,0,0,0,0,0,1,0,0,0,0,0,0
14923,0,0,0,0,0,0,0,0,0,0,0,0,0,0,1,0,0,0,0,0,0
14924,0,0,0,0,0,0,0,0,0,0,0,0,0,0,1,1,0,1,0,0,0
14925,0,0,0,0,0,0,0,0,0,0,0,0,0,0,1,1,0,0,0,0,1
14926,0,0,0,0,0,0,0,0,0,0,0,0,0,0,1,1,0,0,0,0,1
14927,0,0,0,0,0,0,0,0,0,0,0,0,0,0,1,1,0,0,0,0,1
14928,0,0,0,0,0,0,0,0,0,0,0,0,0,0,1,0,0,0,0,0,0
14929,0,0,0,0,0,0,0,0,0,0,0,0,0,0,1,1,0,0,0,0,1
14930,0,0,0,0,0,0,0,0,0,0,0,0,0,0,1,1,0,0,0,0,1
14931,0,0,0,0,0,0,0,0,0,0,0,0,0,0,1,1,0,0,0,0,1
14932,0,0,0,0,0,0,0,0,0,0,0,0,0,0,1,1,0,0,0,0,1
14933,0,0,0,0,0,0,0,0,0,0,0,0,0,0,1,1,0,0,0,0,1
14934,0,0,0,0,0,0,0,0,0,0,0,0,0,0,1,1,0,0,0,0,1
14935,0,0,0,0,0,0,0,0,0,0,0,0,0,0,1,1,0,0,0,0,1
14936,0,0,0,0,0,0,0,0,0,0,0,0,0,0,1,1,0,0,0,0,1
14937,0,0,0,0,0,0,0,0,0,0,0,0,0,0,1,1,0,0,0,0,1
14938,0,0,0,0,0,0,0,0,0,0,0,0,0,0,1,0,0,0,0,0,0
14939,0,0,0,0,0,0,0,0,0,0,0,0,0,0,1,0,0,0,0,0,0
14940,0,0,0,0,0,0,0,0,0,0,0,0,0,0,1,1,0,0,0,0,1
14941,0,0,0,0,0,0,0,0,0,0,0,0,0,0,1,0,0,0,0,0,0
14942,0,0,0,0,0,0,0,0,0,0,0,0,0,0,1,0,0,0,0,0,0
14943,0,0,0,0,0,0,0,0,0,0,0,0,0,0,1,0,0,0,0,0,0
14944,0,0,0,0,0,0,0,0,0,0,0,0,0,0,1,0,0,0,0,0,0
14945,0,0,0,0,0,0,0,0,0,0,0,0,0,0,1,1,0,1,0,0,0
14946,0,0,0,0,0,0,0,0,0,0,0,0,0,0,1,1,0,0,0,0,1
14947,0,0,0,0,0,0,0,0,0,0,0,0,0,0,1,1,0,1,0,0,0
14948,0,0,0,0,0,0,0,0,0,0,0,0,0,0,1,1,0,1,0,0,0
14949,0,0,0,0,0,0,0,0,0,0,0,0,0,0,1,1,0,0,0,0,1
14950,0,0,0,0,0,0,0,0,0,0,0,0,0,0,1,1,0,0,0,0,1
14951,0,0,0,0,0,0,0,0,0,0,0,0,0,0,1,0,0,0,0,0,0
14952,0,0,0,0,0,0,0,0,0,0,0,0,0,0,1,0,0,0,0,0,0
14953,0,0,0,0,0,0,0,0,0,0,0,0,0,0,1,1,1,0,0,0,0
14954,0,0,0,0,0,0,0,0,0,0,0,0,0,0,1,1,0,0,0,0,1
14955,0,0,0,0,0,0,0,0,0,0,0,0,0,0,1,0,0,0,0,0,0
14956,0,0,0,0,0,0,0,0,0,0,0,0,0,0,1,0,0,0,0,0,0
14957,0,0,0,0,0,0,0,0,0,0,0,0,0,0,1,1,0,0,0,0,1
14958,0,0,0,0,0,0,0,0,0,0,0,0,0,0,1,0,0,0,0,0,0
14959,0,0,0,0,0,0,0,0,0,0,0,0,0,0,1,0,0,0,0,0,0
14960,0,0,0,0,0,0,0,0,0,0,0,0,0,0,1,0,0,0,0,0,0
14961,0,0,0,0,0,0,0,0,0,0,0,0,0,0,1,0,0,0,0,0,0
14962,0,0,0,0,0,0,0,0,0,0,0,0,0,0,1,0,0,0,0,0,0
14963,0,0,0,0,0,0,0,0,0,0,0,0,0,0,1,0,0,0,0,0,0
14964,0,0,0,0,0,0,0,0,0,0,0,0,0,0,1,1,1,0,0,0,0
14965,0,0,0,0,0,0,0,0,0,0,0,0,0,0,1,0,0,0,0,0,0
14966,0,0,0,0,0,0,0,0,0,0,0,0,0,0,1,1,0,0,0,0,1
14967,0,0,0,0,0,0,0,0,0,0,0,0,0,0,1,1,0,1,0,0,0
14968,0,0,0,0,0,0,0,0,0,0,0,0,0,0,1,0,0,0,0,0,0
14969,0,0,0,0,0,0,0,0,0,0,0,0,0,0,1,1,0,0,0,0,1
14970,0,0,0,0,0,0,0,0,0,0,0,0,0,0,1,1,0,0,0,0,1
14971,0,0,0,0,0,0,0,0,0,0,0,0,0,0,1,1,0,0,0,0,1
14972,0,0,0,0,0,0,0,0,0,0,0,0,0,0,1,0,0,0,0,0,0
14973,0,0,0,0,0,0,0,0,0,0,0,0,0,0,1,0,0,0,0,0,0
14974,0,0,0,0,0,0,0,0,0,0,0,0,0,0,1,0,0,0,0,0,0
14975,0,0,0,0,0,0,0,0,0,0,0,0,0,0,1,0,0,0,0,0,0
14976,0,0,0,0,0,0,0,0,0,0,0,0,0,0,1,0,0,0,0,0,0
14977,0,0,0,0,0,0,0,0,0,0,0,0,0,0,1,0,0,0,0,0,0
14978,0,0,0,0,0,0,0,0,0,0,0,0,0,0,1,0,0,0,0,0,0
14979,0,0,0,0,0,0,0,0,0,0,0,0,0,0,1,0,0,0,0,0,0
14980,0,0,0,0,0,0,0,0,0,0,0,0,0,0,1,1,0,0,0,0,1
14981,0,0,0,0,0,0,0,0,0,0,0,0,0,0,1,1,0,0,0,0,1
14982,0,0,0,0,0,0,0,0,0,0,0,0,0,0,1,0,0,0,0,0,0
14983,0,0,0,0,0,0,0,0,0,0,0,0,0,0,1,0,0,0,0,0,0
14984,0,0,0,0,0,0,0,0,0,0,0,0,0,0,1,0,0,0,0,0,0
14985,0,0,0,0,0,0,0,0,0,0,0,0,0,0,1,0,0,0,0,0,0
14986,0,0,0,0,0,0,0,0,0,0,0,0,0,0,1,0,0,0,0,0,0
14987,0,0,0,0,0,0,0,0,0,0,0,0,0,0,1,0,0,0,0,0,0
14988,0,0,0,0,0,0,0,0,0,0,0,0,0,0,1,0,0,0,0,0,0
14989,0,0,0,0,0,0,0,0,0,0,0,0,0,0,1,0,0,0,0,0,0
14990,0,0,0,0,0,0,0,0,0,0,0,0,0,0,1,0,0,0,0,0,0
14991,0,0,0,0,0,0,0,0,0,0,0,0,0,0,1,1,0,0,0,0,1
14993,0,0,0,0,0,0,0,0,0,0,0,0,0,0,1,0,0,0,0,0,0
14994,0,0,0,0,0,0,0,0,0,0,0,0,0,0,1,0,0,0,0,0,0
14995,0,0,0,0,0,0,0,0,0,0,0,0,0,0,1,0,0,0,0,0,0
14996,0,0,0,0,0,0,0,0,0,0,0,0,0,0,1,0,0,0,0,0,0
14997,0,0,0,0,0,0,0,0,0,0,0,0,0,0,1,0,0,0,0,0,0
14998,0,0,0,0,0,0,0,0,0,0,0,0,0,0,1,1,0,0,0,0,1
14999,0,0,0,0,0,0,0,0,0,0,0,0,0,0,1,0,0,0,0,0,0
15000,0,0,0,0,0,0,0,0,0,0,0,0,0,0,1,0,0,0,0,0,0
15001,0,0,0,0,0,0,0,0,0,0,0,0,0,0,1,0,0,0,0,0,0
15002,0,0,0,0,0,0,0,0,0,0,0,0,0,0,1,0,0,0,0,0,0
15003,0,0,0,0,0,0,0,0,0,0,0,0,0,0,1,0,0,0,0,0,0
15004,0,0,0,0,0,0,0,0,0,0,0,0,0,0,1,0,0,0,0,0,0
15005,0,0,0,0,0,0,0,0,0,0,0,0,0,0,1,1,0,0,0,0,1
15006,0,0,0,0,0,0,0,0,0,0,0,0,0,0,1,0,0,0,0,0,0
15007,0,0,0,0,0,0,0,0,0,0,0,0,0,0,1,0,0,0,0,0,0
15008,0,0,0,0,0,0,0,0,0,0,0,0,0,0,1,0,0,0,0,0,0
15009,0,0,0,0,0,0,0,0,0,0,0,0,0,0,1,0,0,0,0,0,0
15010,0,0,0,0,0,0,0,0,0,0,0,0,0,0,1,0,0,0,0,0,0
15011,0,0,0,0,0,0,0,0,0,0,0,0,0,0,1,0,0,0,0,0,0
15012,0,0,0,0,0,0,0,0,0,0,0,0,0,0,1,0,0,0,0,0,0
15013,0,0,0,0,0,0,0,0,0,0,0,0,0,0,1,0,0,0,0,0,0
15014,0,0,0,0,0,0,0,0,0,0,0,0,0,0,1,0,0,0,0,0,0
15016,0,0,0,0,0,0,0,0,0,0,0,0,0,0,1,1,0,0,0,0,1
15017,0,0,0,0,0,0,0,0,0,0,0,0,0,0,1,1,1,0,0,0,0
15018,0,0,0,0,0,0,0,0,0,0,0,0,0,0,1,0,0,0,0,0,0
15019,0,0,0,0,0,0,0,0,0,0,0,0,0,0,1,1,1,0,0,0,0
15020,0,0,0,0,0,0,0,0,0,0,0,0,0,0,1,0,0,0,0,0,0
15021,0,0,0,0,0,0,0,0,0,0,0,0,0,0,1,1,0,0,0,0,1
15022,0,0,0,0,0,0,0,0,0,0,0,0,0,0,1,0,0,0,0,0,0
15023,0,0,0,0,0,0,0,0,0,0,0,0,0,0,1,1,0,0,0,0,1
15025,0,0,0,0,0,0,0,0,0,0,0,0,0,0,1,1,0,0,0,0,1
15026,0,0,0,0,0,0,0,0,0,0,0,0,0,0,1,0,0,0,0,0,0
15027,0,0,0,0,0,0,0,0,0,0,0,0,0,0,1,0,0,0,0,0,0
15029,0,0,0,0,0,0,0,0,0,0,0,0,0,0,1,1,0,0,0,0,1
15030,0,0,0,0,0,0,0,0,0,0,0,0,0,0,1,0,0,0,0,0,0
15031,0,0,0,0,0,0,0,0,0,0,0,0,0,0,1,0,0,0,0,0,0
15032,0,0,0,0,0,0,0,0,0,0,0,0,0,0,1,1,0,0,0,0,1
15033,0,0,0,0,0,0,0,0,0,0,0,0,0,0,1,0,0,0,0,0,0
15034,0,0,0,0,0,0,0,0,0,0,0,0,0,0,1,0,0,0,0,0,0
15035,0,0,0,0,0,0,0,0,0,0,0,0,0,0,1,0,0,0,0,0,0
15036,0,0,0,0,0,0,0,0,0,0,0,0,0,0,1,0,0,0,0,0,0
15037,0,0,0,0,0,0,0,0,0,0,0,0,0,0,1,0,0,0,0,0,0
15038,0,0,0,0,0,0,0,0,0,0,0,0,0,0,1,0,0,0,0,0,0
15039,0,0,0,0,0,0,0,0,0,0,0,0,0,0,1,1,1,0,0,0,0
15040,0,0,0,0,0,0,0,0,0,0,0,0,0,0,1,1,0,0,0,0,1
15041,0,0,0,0,0,0,0,0,0,0,0,0,0,0,1,0,0,0,0,0,0
15042,0,0,0,0,0,0,0,0,0,0,0,0,0,0,1,0,0,0,0,0,0
15043,0,0,0,0,0,0,0,0,0,0,0,0,0,0,1,1,0,0,1,1,0
15044,0,0,0,0,0,0,0,0,0,0,0,0,0,0,1,1,0,0,0,0,1
15045,0,0,0,0,0,0,0,0,0,0,0,0,0,0,1,1,0,0,0,0,1
15046,0,0,0,0,0,0,0,0,0,0,0,0,0,0,1,1,0,0,1,1,0
15047,0,0,0,0,0,0,0,0,0,0,0,0,0,0,1,1,0,0,1,1,0
15048,0,0,0,0,0,0,0,0,0,0,0,0,0,0,1,1,0,0,0,0,1
15049,0,0,0,0,0,0,0,0,0,0,0,0,0,0,1,0,0,0,0,0,0
15050,0,0,0,0,0,0,0,0,0,0,0,0,0,0,1,1,0,0,0,0,1
15051,0,0,0,0,0,0,0,0,0,0,0,0,0,0,1,0,0,0,0,0,0
15053,0,0,0,0,0,0,0,0,0,0,0,0,0,0,1,1,0,0,0,0,1
15054,0,0,0,0,0,0,0,0,0,0,0,0,0,0,1,1,0,0,0,0,1
15055,0,0,0,0,0,0,0,0,0,0,0,0,0,0,1,0,0,0,0,0,0
15056,0,0,0,0,0,0,0,0,0,0,0,0,0,0,1,0,0,0,0,0,0
15057,0,0,0,0,0,0,0,0,0,0,0,0,0,0,1,0,0,0,0,0,0
15058,0,0,0,0,0,0,0,0,0,0,0,0,0,0,1,0,0,0,0,0,0
15060,0,0,0,0,0,0,0,0,0,0,0,0,0,0,1,0,0,0,0,0,0
15061,0,0,0,0,0,0,0,0,0,0,0,0,0,0,1,0,0,0,0,0,0
15062,0,0,0,0,0,0,0,0,0,0,0,0,0,0,1,1,0,0,0,0,1
15063,0,0,0,0,0,0,0,0,0,0,0,0,0,0,1,0,0,0,0,0,0
15064,0,0,0,0,0,0,0,0,0,0,0,0,0,0,1,0,0,0,0,0,0
15065,0,0,0,0,0,0,0,0,0,0,0,0,0,0,1,0,0,0,0,0,0
15066,0,0,0,0,0,0,0,0,0,0,0,0,0,0,1,0,0,0,0,0,0
15067,0,0,0,0,0,0,0,0,0,0,0,0,0,0,1,1,0,1,0,0,0
15068,0,0,0,0,0,0,0,0,0,0,0,0,0,0,1,0,0,0,0,0,0
15069,0,0,0,0,0,0,0,0,0,0,0,0,0,0,1,1,0,0,0,0,1
15070,0,0,0,0,0,0,0,0,0,0,0,0,0,0,1,1,0,0,0,0,1
15071,0,0,0,0,0,0,0,0,0,0,0,0,0,0,1,1,0,0,0,0,1
15072,0,0,0,0,0,0,0,0,0,0,0,0,0,0,1,1,0,0,0,0,1
15073,0,0,0,0,0,0,0,0,0,0,0,0,0,0,1,1,0,0,0,0,1
15074,0,0,0,0,0,0,0,0,0,0,0,0,0,0,1,0,0,0,0,0,0
15075,0,0,0,0,0,0,0,0,0,0,0,0,0,0,1,1,0,0,0,0,1
15076,0,0,0,0,0,0,0,0,0,0,0,0,0,0,1,1,0,0,0,0,1
15077,0,0,0,0,0,0,0,0,0,0,0,0,0,0,1,1,0,0,0,0,1
15078,0,0,0,0,0,0,0,0,0,0,0,0,0,0,1,1,0,0,0,0,1
15079,0,0,0,0,0,0,0,0,0,0,0,0,0,0,1,0,0,0,0,0,0
15080,0,0,0,0,0,0,0,0,0,0,0,0,0,0,1,1,0,0,0,0,1
15081,0,0,0,0,0,0,0,0,0,0,0,0,0,0,1,1,0,0,0,0,1
15082,0,0,0,0,0,0,0,0,0,0,0,0,0,0,1,0,0,0,0,0,0
15084,0,0,0,0,0,0,0,0,0,0,0,0,0,0,1,1,0,0,0,0,1
15085,0,0,0,0,0,0,0,0,0,0,0,0,0,0,1,1,0,1,0,0,0
15086,0,0,0,0,0,0,0,0,0,0,0,0,0,0,1,1,0,0,0,0,1
15087,0,0,0,0,0,0,0,0,0,0,0,0,0,0,1,1,0,0,0,0,1
15088,0,0,0,0,0,0,0,0,0,0,0,0,0,0,1,1,1,0,0,0,0
15089,0,0,0,0,0,0,0,0,0,0,0,0,0,0,1,0,0,0,0,0,0
15090,0,0,0,0,0,0,0,0,0,0,0,0,0,0,1,0,0,0,0,0,0
15091,0,0,0,0,0,0,0,0,0,0,0,0,0,0,1,0,0,0,0,0,0
15092,0,0,0,0,0,0,0,0,0,0,0,0,0,0,1,0,0,0,0,0,0
15093,0,0,0,0,0,0,0,0,0,0,0,0,0,0,1,0,0,0,0,0,0
15094,0,0,0,0,0,0,0,0,0,0,0,0,0,0,1,0,0,0,0,0,0
15095,0,0,0,0,0,0,0,0,0,0,0,0,0,0,1,0,0,0,0,0,0
15096,0,0,0,0,0,0,0,0,0,0,0,0,0,0,1,0,0,0,0,0,0
15097,0,0,0,0,0,0,0,0,0,0,0,0,0,0,1,0,0,0,0,0,0
15098,0,0,0,0,0,0,0,0,0,0,0,0,0,0,1,0,0,0,0,0,0
15099,0,0,0,0,0,0,0,0,0,0,0,0,0,0,1,0,0,0,0,0,0
15100,0,0,0,0,0,0,0,0,0,0,0,0,0,0,1,1,1,0,0,0,0
15101,0,0,0,0,0,0,0,0,0,0,0,0,0,0,1,1,0,1,0,0,0
15102,0,0,0,0,0,0,0,0,0,0,0,0,0,0,1,0,0,0,0,0,0
15103,0,0,0,0,0,0,0,0,0,0,0,0,0,0,1,0,0,0,0,0,0
15104,0,0,0,0,0,0,0,0,0,0,0,0,0,0,1,1,0,0,0,0,1
15105,0,0,0,0,0,0,0,0,0,0,0,0,0,0,1,0,0,0,0,0,0
15106,0,0,0,0,0,0,0,0,0,0,0,0,0,0,1,0,0,0,0,0,0
15107,0,0,0,0,0,0,0,0,0,0,0,0,0,0,1,0,0,0,0,0,0
15108,0,0,0,0,0,0,0,0,0,0,0,0,0,0,1,0,0,0,0,0,0
15109,0,0,0,0,0,0,0,0,0,0,0,0,0,0,1,1,0,0,0,0,1
15110,0,0,0,0,0,0,0,0,0,0,0,0,0,0,1,0,0,0,0,0,0
15111,0,0,0,0,0,0,0,0,0,0,0,0,0,0,1,1,0,0,0,0,1
15113,0,0,0,0,0,0,0,0,0,0,0,0,0,0,1,1,0,0,0,0,1
15114,0,0,0,0,0,0,0,0,0,0,0,0,0,0,1,0,0,0,0,0,0
15115,0,0,0,0,0,0,0,0,0,0,0,0,0,0,1,0,0,0,0,0,0
15116,0,0,0,0,0,0,0,0,0,0,0,0,0,0,1,1,0,0,0,0,1
15117,0,0,0,0,0,0,0,0,0,0,0,0,0,0,1,1,0,0,0,0,1
15118,0,0,0,0,0,0,0,0,0,0,0,0,0,0,1,0,0,0,0,0,0
15119,0,0,0,0,0,0,0,0,0,0,0,0,0,0,1,0,0,0,0,0,0
15120,0,0,0,0,0,0,0,0,0,0,0,0,0,0,1,1,0,0,0,0,1
15121,0,0,0,0,0,0,0,0,0,0,0,0,0,0,1,0,0,0,0,0,0
15122,0,0,0,0,0,0,0,0,0,0,0,0,0,0,1,0,0,0,0,0,0
15124,0,0,0,0,0,0,0,0,0,0,0,0,0,0,1,0,0,0,0,0,0
15125,0,0,0,0,0,0,0,0,0,0,0,0,0,0,1,0,0,0,0,0,0
15126,0,0,0,0,0,0,0,0,0,0,0,0,0,0,1,0,0,0,0,0,0
15127,0,0,0,0,0,0,0,0,0,0,0,0,0,0,1,1,0,0,0,0,1
15128,0,0,0,0,0,0,0,0,0,0,0,0,0,0,1,0,0,0,0,0,0
15129,0,0,0,0,0,0,0,0,0,0,0,0,0,0,1,1,0,0,0,0,1
15130,0,0,0,0,0,0,0,0,0,0,0,0,0,0,1,0,0,0,0,0,0
15131,0,0,0,0,0,0,0,0,0,0,0,0,0,0,1,0,0,0,0,0,0
15132,0,0,0,0,0,0,0,0,0,0,0,0,0,0,1,1,0,0,0,0,1
15133,0,0,0,0,0,0,0,0,0,0,0,0,0,0,1,0,0,0,0,0,0
15134,0,0,0,0,0,0,0,0,0,0,0,0,0,0,1,0,0,0,0,0,0
15135,0,0,0,0,0,0,0,0,0,0,0,0,0,0,1,1,0,0,0,0,1
15136,0,0,0,0,0,0,0,0,0,0,0,0,0,0,1,1,0,0,0,0,1
15137,0,0,0,0,0,0,0,0,0,0,0,0,0,0,1,1,0,0,0,0,1
15138,0,0,0,0,0,0,0,0,0,0,0,0,0,0,1,1,0,0,0,0,1
15139,0,0,0,0,0,0,0,0,0,0,0,0,0,0,1,0,0,0,0,0,0
15140,0,0,0,0,0,0,0,0,0,0,0,0,0,0,1,0,0,0,0,0,0
15141,0,0,0,0,0,0,0,0,0,0,0,0,0,0,1,1,1,0,0,0,0
15142,0,0,0,0,0,0,0,0,0,0,0,0,0,0,1,1,0,0,0,0,1
15143,0,0,0,0,0,0,0,0,0,0,0,0,0,0,1,0,0,0,0,0,0
15144,0,0,0,0,0,0,0,0,0,0,0,0,0,0,1,0,0,0,0,0,0
15145,0,0,0,0,0,0,0,0,0,0,0,0,0,0,1,0,0,0,0,0,0
15146,0,0,0,0,0,0,0,0,0,0,0,0,0,0,1,1,1,0,0,0,0
15147,0,0,0,0,0,0,0,0,0,0,0,0,0,0,1,0,0,0,0,0,0
15148,0,0,0,0,0,0,0,0,0,0,0,0,0,0,1,0,0,0,0,0,0
15149,0,0,0,0,0,0,0,0,0,0,0,0,0,0,1,0,0,0,0,0,0
15150,0,0,0,0,0,0,0,0,0,0,0,0,0,0,1,0,0,0,0,0,0
15152,0,0,0,0,0,0,0,0,0,0,0,0,0,0,1,0,0,0,0,0,0
15154,0,0,0,0,0,0,0,0,0,0,0,0,0,0,1,0,0,0,0,0,0
15155,0,0,0,0,0,0,0,0,0,0,0,0,0,0,1,0,0,0,0,0,0
15156,0,0,0,0,0,0,0,0,0,0,0,0,0,0,1,1,0,0,0,0,1
15157,0,0,0,0,0,0,0,0,0,0,0,0,0,0,1,1,0,0,0,0,1
15158,0,0,0,0,0,0,0,0,0,0,0,0,0,0,1,0,0,0,0,0,0
15159,0,0,0,0,0,0,0,0,0,0,0,0,0,0,1,1,0,0,0,0,1
15160,0,0,0,0,0,0,0,0,0,0,0,0,0,0,1,1,0,0,0,0,1
15161,0,0,0,0,0,0,0,0,0,0,0,0,0,0,1,1,0,0,0,0,1
15162,0,0,0,0,0,0,0,0,0,0,0,0,0,0,1,1,0,0,0,0,1
15163,0,0,0,0,0,0,0,0,0,0,0,0,0,0,1,1,0,0,0,0,1
15164,0,0,0,0,0,0,0,0,0,0,0,0,0,0,1,0,0,0,0,0,0
15165,0,0,0,0,0,0,0,0,0,0,0,0,0,0,1,1,0,0,0,0,1
15166,0,0,0,0,0,0,0,0,0,0,0,0,0,0,1,0,0,0,0,0,0
15167,0,0,0,0,0,0,0,0,0,0,0,0,0,0,1,0,0,0,0,0,0
15168,0,0,0,0,0,0,0,0,0,0,0,0,0,0,1,1,0,0,0,0,1
15169,0,0,0,0,0,0,0,0,0,0,0,0,0,0,1,1,0,0,0,0,1
15170,0,0,0,0,0,0,0,0,0,0,0,0,0,0,1,0,0,0,0,0,0
15171,0,0,0,0,0,0,0,0,0,0,0,0,0,0,1,1,0,0,0,0,1
15172,0,0,0,0,0,0,0,0,0,0,0,0,0,0,1,1,0,0,0,0,1
15173,0,0,0,0,0,0,0,0,0,0,0,0,0,0,1,1,0,0,1,1,0
15174,0,0,0,0,0,0,0,0,0,0,0,0,0,0,1,0,0,0,0,0,0
15175,0,0,0,0,0,0,0,0,0,0,0,0,0,0,1,1,0,0,0,0,1
15176,0,0,0,0,0,0,0,0,0,0,0,0,0,0,1,0,0,0,0,0,0
15177,0,0,0,0,0,0,0,0,0,0,0,0,0,0,1,0,0,0,0,0,0
15178,0,0,0,0,0,0,0,0,0,0,0,0,0,0,1,1,0,0,0,0,1
15179,0,0,0,0,0,0,0,0,0,0,0,0,0,0,1,1,0,0,0,0,1
15180,0,0,0,0,0,0,0,0,0,0,0,0,0,0,1,0,0,0,0,0,0
15181,0,0,0,0,0,0,0,0,0,0,0,0,0,0,1,0,0,0,0,0,0
15182,0,0,0,0,0,0,0,0,0,0,0,0,0,0,1,0,0,0,0,0,0
15183,0,0,0,0,0,0,0,0,0,0,0,0,0,0,1,0,0,0,0,0,0
15184,0,0,0,0,0,0,0,0,0,0,0,0,0,0,1,0,0,0,0,0,0
15185,0,0,0,0,0,0,0,0,0,0,0,0,0,0,1,0,0,0,0,0,0
15186,0,0,0,0,0,0,0,0,0,0,0,0,0,0,1,0,0,0,0,0,0
15187,0,0,0,0,0,0,0,0,0,0,0,0,0,0,1,1,0,0,0,0,1
15188,0,0,0,0,0,0,0,0,0,0,0,0,0,0,1,1,0,0,0,0,1
15189,0,0,0,0,0,0,0,0,0,0,0,0,0,0,1,1,0,0,0,0,1
15190,0,0,0,0,0,0,0,0,0,0,0,0,0,0,1,0,0,0,0,0,0
15191,0,0,0,0,0,0,0,0,0,0,0,0,0,0,1,0,0,0,0,0,0
15192,0,0,0,0,0,0,0,0,0,0,0,0,0,0,1,1,0,0,0,0,1
15193,0,0,0,0,0,0,0,0,0,0,0,0,0,0,1,0,0,0,0,0,0
15194,0,0,0,0,0,0,0,0,0,0,0,0,0,0,1,1,0,0,0,0,1
15195,0,0,0,0,0,0,0,0,0,0,0,0,0,0,1,0,0,0,0,0,0
15196,0,0,0,0,0,0,0,0,0,0,0,0,0,0,1,0,0,0,0,0,0
15197,0,0,0,0,0,0,0,0,0,0,0,0,0,0,1,0,0,0,0,0,0
15198,0,0,0,0,0,0,0,0,0,0,0,0,0,0,1,1,0,1,0,0,0
15199,0,0,0,0,0,0,0,0,0,0,0,0,0,0,1,0,0,0,0,0,0
15200,0,0,0,0,0,0,0,0,0,0,0,0,0,0,1,1,0,0,0,0,1
15201,0,0,0,0,0,0,0,0,0,0,0,0,0,0,1,1,0,1,0,0,0
15203,0,0,0,0,0,0,0,0,0,0,0,0,0,0,1,1,0,0,0,0,1
15204,0,0,0,0,0,0,0,0,0,0,0,0,0,0,1,1,0,1,0,0,0
15205,0,0,0,0,0,0,0,0,0,0,0,0,0,0,1,0,0,0,0,0,0
15207,0,0,0,0,0,0,0,0,0,0,0,0,0,0,1,0,0,0,0,0,0
15208,0,0,0,0,0,0,0,0,0,0,0,0,0,0,1,1,0,0,0,0,1
15209,0,0,0,0,0,0,0,0,0,0,0,0,0,0,1,1,0,0,0,0,1
15210,0,0,0,0,0,0,0,0,0,0,0,0,0,0,1,0,0,0,0,0,0
15211,0,0,0,0,0,0,0,0,0,0,0,0,0,0,1,0,0,0,0,0,0
15212,0,0,0,0,0,0,0,0,0,0,0,0,0,0,1,0,0,0,0,0,0
15214,0,0,0,0,0,0,0,0,0,0,0,0,0,0,1,0,0,0,0,0,0
15215,0,0,0,0,0,0,0,0,0,0,0,0,0,0,1,1,0,0,0,0,1
15216,0,0,0,0,0,0,0,0,0,0,0,0,0,0,1,1,1,0,0,0,0
15217,0,0,0,0,0,0,0,0,0,0,0,0,0,0,1,0,0,0,0,0,0
15221,0,0,0,0,0,0,0,0,0,0,0,0,0,0,1,0,0,0,0,0,0
15223,0,0,0,0,0,0,0,0,0,0,0,0,0,0,1,1,1,0,0,0,0
15224,0,0,0,0,0,0,0,0,0,0,0,0,0,0,1,1,0,0,0,0,1
15225,0,0,0,0,0,0,0,0,0,0,0,0,0,0,1,0,0,0,0,0,0
15226,0,0,0,0,0,0,0,0,0,0,0,0,0,0,1,0,0,0,0,0,0
15227,0,0,0,0,0,0,0,0,0,0,0,0,0,0,1,0,0,0,0,0,0
15228,0,0,0,0,0,0,0,0,0,0,0,0,0,0,1,1,0,0,0,0,1
15229,0,0,0,0,0,0,0,0,0,0,0,0,0,0,1,1,0,0,0,0,1
15231,0,0,0,0,0,0,0,0,0,0,0,0,0,0,1,1,0,0,0,0,1
15232,0,0,0,0,0,0,0,0,0,0,0,0,0,0,1,0,0,0,0,0,0
15233,0,0,0,0,0,0,0,0,0,0,0,0,0,0,1,1,1,0,0,0,0
15234,0,0,0,0,0,0,0,0,0,0,0,0,0,0,1,0,0,0,0,0,0
15235,0,0,0,0,0,0,0,0,0,0,0,0,0,0,1,0,0,0,0,0,0
15236,0,0,0,0,0,0,0,0,0,0,0,0,0,0,1,0,0,0,0,0,0
15237,0,0,0,0,0,0,0,0,0,0,0,0,0,0,1,0,0,0,0,0,0
15238,0,0,0,0,0,0,0,0,0,0,0,0,0,0,1,0,0,0,0,0,0
15239,0,0,0,0,0,0,0,0,0,0,0,0,0,0,1,1,0,0,0,0,1
15240,0,0,0,0,0,0,0,0,0,0,0,0,0,0,1,0,0,0,0,0,0
15241,0,0,0,0,0,0,0,0,0,0,0,0,0,0,1,1,0,0,0,0,1
15242,0,0,0,0,0,0,0,0,0,0,0,0,0,0,1,1,0,0,0,0,1
15243,0,0,0,0,0,0,0,0,0,0,0,0,0,0,1,1,0,1,0,0,0
15244,0,0,0,0,0,0,0,0,0,0,0,0,0,0,1,1,0,0,0,0,1
15245,0,0,0,0,0,0,0,0,0,0,0,0,0,0,1,1,0,0,0,0,1
15246,0,0,0,0,0,0,0,0,0,0,0,0,0,0,1,0,0,0,0,0,0
15247,0,0,0,0,0,0,0,0,0,0,0,0,0,0,1,1,1,0,0,0,0
15248,0,0,0,0,0,0,0,0,0,0,0,0,0,0,1,0,0,0,0,0,0
15249,0,0,0,0,0,0,0,0,0,0,0,0,0,0,1,1,0,0,0,0,1
15250,0,0,0,0,0,0,0,0,0,0,0,0,0,0,1,0,0,0,0,0,0
15251,0,0,0,0,0,0,0,0,0,0,0,0,0,0,1,0,0,0,0,0,0
15252,0,0,0,0,0,0,0,0,0,0,0,0,0,0,1,0,0,0,0,0,0
15253,0,0,0,0,0,0,0,0,0,0,0,0,0,0,1,1,0,1,0,0,0
15254,0,0,0,0,0,0,0,0,0,0,0,0,0,0,1,0,0,0,0,0,0
15255,0,0,0,0,0,0,0,0,0,0,0,0,0,0,1,1,0,0,0,0,1
15256,0,0,0,0,0,0,0,0,0,0,0,0,0,0,1,0,0,0,0,0,0
15257,0,0,0,0,0,0,0,0,0,0,0,0,0,0,1,1,1,0,0,0,0
15258,0,0,0,0,0,0,0,0,0,0,0,0,0,0,1,0,0,0,0,0,0
15259,0,0,0,0,0,0,0,0,0,0,0,0,0,0,1,0,0,0,0,0,0
15260,0,0,0,0,0,0,0,0,0,0,0,0,0,0,1,0,0,0,0,0,0
15261,0,0,0,0,0,0,0,0,0,0,0,0,0,0,1,1,0,0,0,0,1
15262,0,0,0,0,0,0,0,0,0,0,0,0,0,0,1,1,0,1,0,0,0
15263,0,0,0,0,0,0,0,0,0,0,0,0,0,0,1,0,0,0,0,0,0
15264,0,0,0,0,0,0,0,0,0,0,0,0,0,0,1,1,0,0,0,0,1
15265,0,0,0,0,0,0,0,0,0,0,0,0,0,0,1,0,0,0,0,0,0
15266,0,0,0,0,0,0,0,0,0,0,0,0,0,0,1,1,0,0,0,0,1
15267,0,0,0,0,0,0,0,0,0,0,0,0,0,0,1,1,1,0,0,0,0
15268,0,0,0,0,0,0,0,0,0,0,0,0,0,0,1,0,0,0,0,0,0
15269,0,0,0,0,0,0,0,0,0,0,0,0,0,0,1,1,0,0,0,0,1
15270,0,0,0,0,0,0,0,0,0,0,0,0,0,0,1,0,0,0,0,0,0
15271,0,0,0,0,0,0,0,0,0,0,0,0,0,0,1,1,0,0,0,0,1
15272,0,0,0,0,0,0,0,0,0,0,0,0,0,0,1,1,0,0,0,0,1
15273,0,0,0,0,0,0,0,0,0,0,0,0,0,0,1,0,0,0,0,0,0
15274,0,0,0,0,0,0,0,0,0,0,0,0,0,0,1,0,0,0,0,0,0
15275,0,0,0,0,0,0,0,0,0,0,0,0,0,0,1,1,0,0,0,0,1
15276,0,0,0,0,0,0,0,0,0,0,0,0,0,0,1,0,0,0,0,0,0
15277,0,0,0,0,0,0,0,0,0,0,0,0,0,0,1,0,0,0,0,0,0
15278,0,0,0,0,0,0,0,0,0,0,0,0,0,0,1,0,0,0,0,0,0
15279,0,0,0,0,0,0,0,0,0,0,0,0,0,0,1,0,0,0,0,0,0
15280,0,0,0,0,0,0,0,0,0,0,0,0,0,0,1,0,0,0,0,0,0
15281,0,0,0,0,0,0,0,0,0,0,0,0,0,0,1,1,0,0,0,0,1
15282,0,0,0,0,0,0,0,0,0,0,0,0,0,0,1,0,0,0,0,0,0
15283,0,0,0,0,0,0,0,0,0,0,0,0,0,0,1,0,0,0,0,0,0
15286,0,0,0,0,0,0,0,0,0,0,0,0,0,0,1,0,0,0,0,0,0
15287,0,0,0,0,0,0,0,0,0,0,0,0,0,0,1,0,0,0,0,0,0
15288,0,0,0,0,0,0,0,0,0,0,0,0,0,0,1,0,0,0,0,0,0
15289,0,0,0,0,0,0,0,0,0,0,0,0,0,0,1,0,0,0,0,0,0
15290,0,0,0,0,0,0,0,0,0,0,0,0,0,0,1,0,0,0,0,0,0
15291,0,0,0,0,0,0,0,0,0,0,0,0,0,0,1,0,0,0,0,0,0
15292,0,0,0,0,0,0,0,0,0,0,0,0,0,0,1,0,0,0,0,0,0
15295,0,0,0,0,0,0,0,0,0,0,0,0,0,0,1,0,0,0,0,0,0
15296,0,0,0,0,0,0,0,0,0,0,0,0,0,0,1,0,0,0,0,0,0
15297,0,0,0,0,0,0,0,0,0,0,0,0,0,0,1,0,0,0,0,0,0
15298,0,0,0,0,0,0,0,0,0,0,0,0,0,0,1,0,0,0,0,0,0
15299,0,0,0,0,0,0,0,0,0,0,0,0,0,0,1,0,0,0,0,0,0
15300,0,0,0,0,0,0,0,0,0,0,0,0,0,0,1,0,0,0,0,0,0
15301,0,0,0,0,0,0,0,0,0,0,0,0,0,0,1,0,0,0,0,0,0
15302,0,0,0,0,0,0,0,0,0,0,0,0,0,0,1,1,0,0,0,0,1
15303,0,0,0,0,0,0,0,0,0,0,0,0,0,0,1,0,0,0,0,0,0
15304,0,0,0,0,0,0,0,0,0,0,0,0,0,0,1,0,0,0,0,0,0
15305,0,0,0,0,0,0,0,0,0,0,0,0,0,0,1,0,0,0,0,0,0
15306,0,0,0,0,0,0,0,0,0,0,0,0,0,0,1,0,0,0,0,0,0
15307,0,0,0,0,0,0,0,0,0,0,0,0,0,0,1,0,0,0,0,0,0
15308,0,0,0,0,0,0,0,0,0,0,0,0,0,0,1,0,0,0,0,0,0
15309,0,0,0,0,0,0,0,0,0,0,0,0,0,0,1,1,0,0,0,0,1
15310,0,0,0,0,0,0,0,0,0,0,0,0,0,0,1,0,0,0,0,0,0
15311,0,0,0,0,0,0,0,0,0,0,0,0,0,0,1,0,0,0,0,0,0
15312,0,0,0,0,0,0,0,0,0,0,0,0,0,0,1,1,0,0,0,0,1
15313,0,0,0,0,0,0,0,0,0,0,0,0,0,0,1,0,0,0,0,0,0
15314,0,0,0,0,0,0,0,0,0,0,0,0,0,0,1,0,0,0,0,0,0
15315,0,0,0,0,0,0,0,0,0,0,0,0,0,0,1,0,0,0,0,0,0
15316,0,0,0,0,0,0,0,0,0,0,0,0,0,0,1,0,0,0,0,0,0
15317,0,0,0,0,0,0,0,0,0,0,0,0,0,0,1,0,0,0,0,0,0
15318,0,0,0,0,0,0,0,0,0,0,0,0,0,0,1,0,0,0,0,0,0
15319,0,0,0,0,0,0,0,0,0,0,0,0,0,0,1,0,0,0,0,0,0
15320,0,0,0,0,0,0,0,0,0,0,0,0,0,0,1,0,0,0,0,0,0
15321,0,0,0,0,0,0,0,0,0,0,0,0,0,0,1,0,0,0,0,0,0
15322,0,0,0,0,0,0,0,0,0,0,0,0,0,0,1,0,0,0,0,0,0
15323,0,0,0,0,0,0,0,0,0,0,0,0,0,0,1,0,0,0,0,0,0
15324,0,0,0,0,0,0,0,0,0,0,0,0,0,0,1,0,0,0,0,0,0
15325,0,0,0,0,0,0,0,0,0,0,0,0,0,0,1,0,0,0,0,0,0
15326,0,0,0,0,0,0,0,0,0,0,0,0,0,0,1,0,0,0,0,0,0
15327,0,0,0,0,0,0,0,0,0,0,0,0,0,0,1,0,0,0,0,0,0
15328,0,0,0,0,0,0,0,0,0,0,0,0,0,0,1,0,0,0,0,0,0
15329,0,0,0,0,0,0,0,0,0,0,0,0,0,0,1,1,0,0,0,0,1
15330,0,0,0,0,0,0,0,0,0,0,0,0,0,0,1,0,0,0,0,0,0
15331,0,0,0,0,0,0,0,0,0,0,0,0,0,0,1,0,0,0,0,0,0
15332,0,0,0,0,0,0,0,0,0,0,0,0,0,0,1,0,0,0,0,0,0
15333,0,0,0,0,0,0,0,0,0,0,0,0,0,0,1,1,0,0,0,0,1
15334,0,0,0,0,0,0,0,0,0,0,0,0,0,0,1,0,0,0,0,0,0
15335,0,0,0,0,0,0,0,0,0,0,0,0,0,0,1,1,0,0,0,0,1
15336,0,0,0,0,0,0,0,0,0,0,0,0,0,0,1,1,0,0,0,0,1
15337,0,0,0,0,0,0,0,0,0,0,0,0,0,0,1,0,0,0,0,0,0
15338,0,0,0,0,0,0,0,0,0,0,0,0,0,0,1,1,0,0,0,0,1
15339,0,0,0,0,0,0,0,0,0,0,0,0,0,0,1,1,0,1,0,0,0
15340,0,0,0,0,0,0,0,0,0,0,0,0,0,0,1,1,1,0,0,0,0
15341,0,0,0,0,0,0,0,0,0,0,0,0,0,0,1,1,0,0,0,0,1
15342,0,0,0,0,0,0,0,0,0,0,0,0,0,0,1,1,0,1,0,0,0
15343,0,0,0,0,0,0,0,0,0,0,0,0,0,0,1,0,0,0,0,0,0
15344,0,0,0,0,0,0,0,0,0,0,0,0,0,0,1,1,0,0,0,0,1
15345,0,0,0,0,0,0,0,0,0,0,0,0,0,0,1,1,0,0,0,0,1
15346,0,0,0,0,0,0,0,0,0,0,0,0,0,0,1,0,0,0,0,0,0
15347,0,0,0,0,0,0,0,0,0,0,0,0,0,0,1,0,0,0,0,0,0
15348,0,0,0,0,0,0,0,0,0,0,0,0,0,0,1,0,0,0,0,0,0
15349,0,0,0,0,0,0,0,0,0,0,0,0,0,0,1,0,0,0,0,0,0
15350,0,0,0,0,0,0,0,0,0,0,0,0,0,0,1,0,0,0,0,0,0
15351,0,0,0,0,0,0,0,0,0,0,0,0,0,0,1,0,0,0,0,0,0
15352,0,0,0,0,0,0,0,0,0,0,0,0,0,0,1,0,0,0,0,0,0
15353,0,0,0,0,0,0,0,0,0,0,0,0,0,0,1,0,0,0,0,0,0
15354,0,0,0,0,0,0,0,0,0,0,0,0,0,0,1,0,0,0,0,0,0
15355,0,0,0,0,0,0,0,0,0,0,0,0,0,0,1,0,0,0,0,0,0
15356,0,0,0,0,0,0,0,0,0,0,0,0,0,0,1,0,0,0,0,0,0
15357,0,0,0,0,0,0,0,0,0,0,0,0,0,0,1,1,0,0,0,0,1
15358,0,0,0,0,0,0,0,0,0,0,0,0,0,0,1,0,0,0,0,0,0
15359,0,0,0,0,0,0,0,0,0,0,0,0,0,0,1,1,0,0,0,0,1
15360,0,0,0,0,0,0,0,0,0,0,0,0,0,0,1,1,0,0,0,0,1
15361,0,0,0,0,0,0,0,0,0,0,0,0,0,0,1,1,0,0,0,0,1
15362,0,0,0,0,0,0,0,0,0,0,0,0,0,0,1,1,0,0,0,0,1
15363,0,0,0,0,0,0,0,0,0,0,0,0,0,0,1,1,0,0,0,0,1
15364,0,0,0,0,0,0,0,0,0,0,0,0,0,0,1,0,0,0,0,0,0
15365,0,0,0,0,0,0,0,0,0,0,0,0,0,0,1,1,0,0,0,0,1
15366,0,0,0,0,0,0,0,0,0,0,0,0,0,0,1,1,0,0,0,0,1
15367,0,0,0,0,0,0,0,0,0,0,0,0,0,0,1,0,0,0,0,0,0
15368,0,0,0,0,0,0,0,0,0,0,0,0,0,0,1,1,1,0,0,0,0
15369,0,0,0,0,0,0,0,0,0,0,0,0,0,0,1,0,0,0,0,0,0
15370,0,0,0,0,0,0,0,0,0,0,0,0,0,0,1,0,0,0,0,0,0
15371,0,0,0,0,0,0,0,0,0,0,0,0,0,0,1,0,0,0,0,0,0
15372,0,0,0,0,0,0,0,0,0,0,0,0,0,0,1,0,0,0,0,0,0
15373,0,0,0,0,0,0,0,0,0,0,0,0,0,0,1,1,0,0,0,0,1
15374,0,0,0,0,0,0,0,0,0,0,0,0,0,0,1,0,0,0,0,0,0
15375,0,0,0,0,0,0,0,0,0,0,0,0,0,0,1,1,0,0,0,0,1
15376,0,0,0,0,0,0,0,0,0,0,0,0,0,0,1,0,0,0,0,0,0
15377,0,0,0,0,0,0,0,0,0,0,0,0,0,0,1,0,0,0,0,0,0
15378,0,0,0,0,0,0,0,0,0,0,0,0,0,0,1,1,0,0,0,0,1
15379,0,0,0,0,0,0,0,0,0,0,0,0,0,0,1,1,0,0,0,0,1
15380,0,0,0,0,0,0,0,0,0,0,0,0,0,0,1,1,0,0,0,0,1
15381,0,0,0,0,0,0,0,0,0,0,0,0,0,0,1,1,0,0,0,0,1
15382,0,0,0,0,0,0,0,0,0,0,0,0,0,0,1,0,0,0,0,0,0
15383,0,0,0,0,0,0,0,0,0,0,0,0,0,0,1,0,0,0,0,0,0
15384,0,0,0,0,0,0,0,0,0,0,0,0,0,0,1,1,0,0,0,0,1
15385,0,0,0,0,0,0,0,0,0,0,0,0,0,0,1,0,0,0,0,0,0
15386,0,0,0,0,0,0,0,0,0,0,0,0,0,0,1,0,0,0,0,0,0
15387,0,0,0,0,0,0,0,0,0,0,0,0,0,0,1,0,0,0,0,0,0
15388,0,0,0,0,0,0,0,0,0,0,0,0,0,0,1,1,0,1,0,0,0
15389,0,0,0,0,0,0,0,0,0,0,0,0,0,0,1,0,0,0,0,0,0
15390,0,0,0,0,0,0,0,0,0,0,0,0,0,0,1,1,0,1,0,0,0
15391,0,0,0,0,0,0,0,0,0,0,0,0,0,0,1,0,0,0,0,0,0
15392,0,0,0,0,0,0,0,0,0,0,0,0,0,0,1,1,0,0,0,0,1
15393,0,0,0,0,0,0,0,0,0,0,0,0,0,0,1,1,0,0,0,0,1
15394,0,0,0,0,0,0,0,0,0,0,0,0,0,0,1,0,0,0,0,0,0
15395,0,0,0,0,0,0,0,0,0,0,0,0,0,0,1,0,0,0,0,0,0
15396,0,0,0,0,0,0,0,0,0,0,0,0,0,0,1,1,0,0,0,0,1
15397,0,0,0,0,0,0,0,0,0,0,0,0,0,0,1,1,0,0,0,0,1
15398,0,0,0,0,0,0,0,0,0,0,0,0,0,0,1,1,0,0,0,0,1
15399,0,0,0,0,0,0,0,0,0,0,0,0,0,0,1,0,0,0,0,0,0
15400,0,0,0,0,0,0,0,0,0,0,0,0,0,0,1,0,0,0,0,0,0
15401,0,0,0,0,0,0,0,0,0,0,0,0,0,0,1,0,0,0,0,0,0
15402,0,0,0,0,0,0,0,0,0,0,0,0,0,0,1,0,0,0,0,0,0
15403,0,0,0,0,0,0,0,0,0,0,0,0,0,0,1,1,0,0,0,0,1
15404,0,0,0,0,0,0,0,0,0,0,0,0,0,0,1,0,0,0,0,0,0
15405,0,0,0,0,0,0,0,0,0,0,0,0,0,0,1,1,0,0,0,0,1
15406,0,0,0,0,0,0,0,0,0,0,0,0,0,0,1,1,0,0,0,0,1
15407,0,0,0,0,0,0,0,0,0,0,0,0,0,0,1,1,0,0,0,0,1
15408,0,0,0,0,0,0,0,0,0,0,0,0,0,0,1,0,0,0,0,0,0
15409,0,0,0,0,0,0,0,0,0,0,0,0,0,0,1,0,0,0,0,0,0
15410,0,0,0,0,0,0,0,0,0,0,0,0,0,0,1,0,0,0,0,0,0
15411,0,0,0,0,0,0,0,0,0,0,0,0,0,0,1,1,0,0,0,0,1
15412,0,0,0,0,0,0,0,0,0,0,0,0,0,0,1,1,0,1,0,0,0
15413,0,0,0,0,0,0,0,0,0,0,0,0,0,0,1,0,0,0,0,0,0
15414,0,0,0,0,0,0,0,0,0,0,0,0,0,0,1,1,0,0,0,0,1
15415,0,0,0,0,0,0,0,0,0,0,0,0,0,0,1,0,0,0,0,0,0
15416,0,0,0,0,0,0,0,0,0,0,0,0,0,0,1,0,0,0,0,0,0
15417,0,0,0,0,0,0,0,0,0,0,0,0,0,0,1,0,0,0,0,0,0
15420,0,0,0,0,0,0,0,0,0,0,0,0,0,0,1,1,0,1,0,0,0
15421,0,0,0,0,0,0,0,0,0,0,0,0,0,0,1,0,0,0,0,0,0
15423,0,0,0,0,0,0,0,0,0,0,0,0,0,0,1,0,0,0,0,0,0
15424,0,0,0,0,0,0,0,0,0,0,0,0,0,0,1,1,0,0,0,0,1
15425,0,0,0,0,0,0,0,0,0,0,0,0,0,0,1,0,0,0,0,0,0
15427,0,0,0,0,0,0,0,0,0,0,0,0,0,0,1,1,0,0,0,0,1
15428,0,0,0,0,0,0,0,0,0,0,0,0,0,0,1,1,0,0,0,0,1
15429,0,0,0,0,0,0,0,0,0,0,0,0,0,0,1,0,0,0,0,0,0
15430,0,0,0,0,0,0,0,0,0,0,0,0,0,0,1,0,0,0,0,0,0
15431,0,0,0,0,0,0,0,0,0,0,0,0,0,0,1,1,1,0,0,0,0
15432,0,0,0,0,0,0,0,0,0,0,0,0,0,0,1,1,0,0,0,0,1
15433,0,0,0,0,0,0,0,0,0,0,0,0,0,0,1,0,0,0,0,0,0
15434,0,0,0,0,0,0,0,0,0,0,0,0,0,0,1,1,0,0,0,0,1
15435,0,0,0,0,0,0,0,0,0,0,0,0,0,0,1,0,0,0,0,0,0
15437,0,0,0,0,0,0,0,0,0,0,0,0,0,0,1,1,0,0,0,0,1
15438,0,0,0,0,0,0,0,0,0,0,0,0,0,0,1,1,1,0,0,0,0
15439,0,0,0,0,0,0,0,0,0,0,0,0,0,0,1,1,0,0,0,0,1
15440,0,0,0,0,0,0,0,0,0,0,0,0,0,0,1,0,0,0,0,0,0
15441,0,0,0,0,0,0,0,0,0,0,0,0,0,0,1,1,0,0,0,0,1
15442,0,0,0,0,0,0,0,0,0,0,0,0,0,0,1,0,0,0,0,0,0
15443,0,0,0,0,0,0,0,0,0,0,0,0,0,0,1,1,0,1,0,0,0
15444,0,0,0,0,0,0,0,0,0,0,0,0,0,0,1,1,0,1,0,0,0
15445,0,0,0,0,0,0,0,0,0,0,0,0,0,0,1,1,0,0,0,0,1
15446,0,0,0,0,0,0,0,0,0,0,0,0,0,0,1,0,0,0,0,0,0
15447,0,0,0,0,0,0,0,0,0,0,0,0,0,0,1,1,1,0,0,0,0
15448,0,0,0,0,0,0,0,0,0,0,0,0,0,0,1,0,0,0,0,0,0
15449,0,0,0,0,0,0,0,0,0,0,0,0,0,0,1,0,0,0,0,0,0
15450,0,0,0,0,0,0,0,0,0,0,0,0,0,0,1,0,0,0,0,0,0
15451,0,0,0,0,0,0,0,0,0,0,0,0,0,0,1,0,0,0,0,0,0
15452,0,0,0,0,0,0,0,0,0,0,0,0,0,0,1,0,0,0,0,0,0
15453,0,0,0,0,0,0,0,0,0,0,0,0,0,0,1,0,0,0,0,0,0
15454,0,0,0,0,0,0,0,0,0,0,0,0,0,0,1,1,0,0,0,0,1
15455,0,0,0,0,0,0,0,0,0,0,0,0,0,0,1,0,0,0,0,0,0
15456,0,0,0,0,0,0,0,0,0,0,0,0,0,0,1,1,0,0,0,0,1
15457,0,0,0,0,0,0,0,0,0,0,0,0,0,0,1,0,0,0,0,0,0
15458,0,0,0,0,0,0,0,0,0,0,0,0,0,0,1,0,0,0,0,0,0
15459,0,0,0,0,0,0,0,0,0,0,0,0,0,0,1,0,0,0,0,0,0
15460,0,0,0,0,0,0,0,0,0,0,0,0,0,0,1,1,0,0,0,0,1
15461,0,0,0,0,0,0,0,0,0,0,0,0,0,0,1,0,0,0,0,0,0
15462,0,0,0,0,0,0,0,0,0,0,0,0,0,0,1,1,0,0,0,0,1
15463,0,0,0,0,0,0,0,0,0,0,0,0,0,0,1,0,0,0,0,0,0
15464,0,0,0,0,0,0,0,0,0,0,0,0,0,0,1,0,0,0,0,0,0
15465,0,0,0,0,0,0,0,0,0,0,0,0,0,0,1,1,0,0,1,1,0
15466,0,0,0,0,0,0,0,0,0,0,0,0,0,0,1,1,0,0,0,0,1
15467,0,0,0,0,0,0,0,0,0,0,0,0,0,0,1,0,0,0,0,0,0
15468,0,0,0,0,0,0,0,0,0,0,0,0,0,0,1,0,0,0,0,0,0
15469,0,0,0,0,0,0,0,0,0,0,0,0,0,0,1,1,1,0,0,0,0
15470,0,0,0,0,0,0,0,0,0,0,0,0,0,0,1,1,0,0,0,0,1
15471,0,0,0,0,0,0,0,0,0,0,0,0,0,0,1,1,0,0,0,0,1
15472,0,0,0,0,0,0,0,0,0,0,0,0,0,0,1,1,0,0,0,0,1
15473,0,0,0,0,0,0,0,0,0,0,0,0,0,0,1,0,0,0,0,0,0
15474,0,0,0,0,0,0,0,0,0,0,0,0,0,0,1,1,0,0,0,0,1
15475,0,0,0,0,0,0,0,0,0,0,0,0,0,0,1,1,0,0,0,0,1
15476,0,0,0,0,0,0,0,0,0,0,0,0,0,0,1,1,0,0,0,0,1
15477,0,0,0,0,0,0,0,0,0,0,0,0,0,0,1,1,0,1,0,0,0
15479,0,0,0,0,0,0,0,0,0,0,0,0,0,0,1,0,0,0,0,0,0
15480,0,0,0,0,0,0,0,0,0,0,0,0,0,0,1,0,0,0,0,0,0
15481,0,0,0,0,0,0,0,0,0,0,0,0,0,0,1,0,0,0,0,0,0
15482,0,0,0,0,0,0,0,0,0,0,0,0,0,0,1,0,0,0,0,0,0
15483,0,0,0,0,0,0,0,0,0,0,0,0,0,0,1,0,0,0,0,0,0
15484,0,0,0,0,0,0,0,0,0,0,0,0,0,0,1,0,0,0,0,0,0
15485,0,0,0,0,0,0,0,0,0,0,0,0,0,0,1,0,0,0,0,0,0
15486,0,0,0,0,0,0,0,0,0,0,0,0,0,0,1,1,0,0,0,0,1
15487,0,0,0,0,0,0,0,0,0,0,0,0,0,0,1,1,0,0,0,0,1
15488,0,0,0,0,0,0,0,0,0,0,0,0,0,0,1,1,0,0,0,0,1
15489,0,0,0,0,0,0,0,0,0,0,0,0,0,0,1,0,0,0,0,0,0
15490,0,0,0,0,0,0,0,0,0,0,0,0,0,0,1,0,0,0,0,0,0
15491,0,0,0,0,0,0,0,0,0,0,0,0,0,0,1,0,0,0,0,0,0
15492,0,0,0,0,0,0,0,0,0,0,0,0,0,0,1,0,0,0,0,0,0
15493,0,0,0,0,0,0,0,0,0,0,0,0,0,0,1,0,0,0,0,0,0
15494,0,0,0,0,0,0,0,0,0,0,0,0,0,0,1,1,0,0,0,0,1
15495,0,0,0,0,0,0,0,0,0,0,0,0,0,0,1,1,0,0,0,0,1
15496,0,0,0,0,0,0,0,0,0,0,0,0,0,0,1,0,0,0,0,0,0
15497,0,0,0,0,0,0,0,0,0,0,0,0,0,0,1,0,0,0,0,0,0
15498,0,0,0,0,0,0,0,0,0,0,0,0,0,0,1,1,0,0,0,0,1
15499,0,0,0,0,0,0,0,0,0,0,0,0,0,0,1,0,0,0,0,0,0
15500,0,0,0,0,0,0,0,0,0,0,0,0,0,0,1,1,0,0,0,0,1
15501,0,0,0,0,0,0,0,0,0,0,0,0,0,0,1,0,0,0,0,0,0
15502,0,0,0,0,0,0,0,0,0,0,0,0,0,0,1,1,0,0,0,0,1
15503,0,0,0,0,0,0,0,0,0,0,0,0,0,0,1,0,0,0,0,0,0
15504,0,0,0,0,0,0,0,0,0,0,0,0,0,0,1,0,0,0,0,0,0
15505,0,0,0,0,0,0,0,0,0,0,0,0,0,0,1,0,0,0,0,0,0
15506,0,0,0,0,0,0,0,0,0,0,0,0,0,0,1,0,0,0,0,0,0
15507,0,0,0,0,0,0,0,0,0,0,0,0,0,0,1,1,0,0,0,0,1
15508,0,0,0,0,0,0,0,0,0,0,0,0,0,0,1,1,0,1,0,0,0
15509,0,0,0,0,0,0,0,0,0,0,0,0,0,0,1,1,0,0,0,0,1
15510,0,0,0,0,0,0,0,0,0,0,0,0,0,0,1,0,0,0,0,0,0
15511,0,0,0,0,0,0,0,0,0,0,0,0,0,0,1,1,0,0,0,0,1
15513,0,0,0,0,0,0,0,0,0,0,0,0,0,0,1,1,0,0,0,0,1
15514,0,0,0,0,0,0,0,0,0,0,0,0,0,0,1,0,0,0,0,0,0
15515,0,0,0,0,0,0,0,0,0,0,0,0,0,0,1,0,0,0,0,0,0
15516,0,0,0,0,0,0,0,0,0,0,0,0,0,0,1,1,0,0,0,0,1
15517,0,0,0,0,0,0,0,0,0,0,0,0,0,0,1,0,0,0,0,0,0
15518,0,0,0,0,0,0,0,0,0,0,0,0,0,0,1,0,0,0,0,0,0
15519,0,0,0,0,0,0,0,0,0,0,0,0,0,0,1,1,0,0,0,0,1
15520,0,0,0,0,0,0,0,0,0,0,0,0,0,0,1,0,0,0,0,0,0
15521,0,0,0,0,0,0,0,0,0,0,0,0,0,0,1,0,0,0,0,0,0
15522,0,0,0,0,0,0,0,0,0,0,0,0,0,0,1,0,0,0,0,0,0
15523,0,0,0,0,0,0,0,0,0,0,0,0,0,0,1,0,0,0,0,0,0
15524,0,0,0,0,0,0,0,0,0,0,0,0,0,0,1,0,0,0,0,0,0
15525,0,0,0,0,0,0,0,0,0,0,0,0,0,0,1,1,0,0,0,0,1
15526,0,0,0,0,0,0,0,0,0,0,0,0,0,0,1,0,0,0,0,0,0
15531,0,0,0,0,0,0,0,0,0,0,0,0,0,0,1,0,0,0,0,0,0
15532,0,0,0,0,0,0,0,0,0,0,0,0,0,0,1,0,0,0,0,0,0
15533,0,0,0,0,0,0,0,0,0,0,0,0,0,0,1,0,0,0,0,0,0
15534,0,0,0,0,0,0,0,0,0,0,0,0,0,0,1,0,0,0,0,0,0
15535,0,0,0,0,0,0,0,0,0,0,0,0,0,0,1,0,0,0,0,0,0
15536,0,0,0,0,0,0,0,0,0,0,0,0,0,0,1,0,0,0,0,0,0
15537,0,0,0,0,0,0,0,0,0,0,0,0,0,0,1,0,0,0,0,0,0
15538,0,0,0,0,0,0,0,0,0,0,0,0,0,0,1,0,0,0,0,0,0
15539,0,0,0,0,0,0,0,0,0,0,0,0,0,0,1,1,0,0,0,0,1
15545,0,0,0,0,0,0,0,0,0,0,0,0,0,0,1,1,0,0,0,0,1
15546,0,0,0,0,0,0,0,0,0,0,0,0,0,0,1,1,0,0,0,0,1
15547,0,0,0,0,0,0,0,0,0,0,0,0,0,0,1,0,0,0,0,0,0
15548,0,0,0,0,0,0,0,0,0,0,0,0,0,0,1,0,0,0,0,0,0
15549,0,0,0,0,0,0,0,0,0,0,0,0,0,0,1,0,0,0,0,0,0
15550,0,0,0,0,0,0,0,0,0,0,0,0,0,0,1,1,0,0,1,1,0
15551,0,0,0,0,0,0,0,0,0,0,0,0,0,0,1,0,0,0,0,0,0
15552,0,0,0,0,0,0,0,0,0,0,0,0,0,0,1,0,0,0,0,0,0
15553,0,0,0,0,0,0,0,0,0,0,0,0,0,0,1,1,0,0,0,0,1
15554,0,0,0,0,0,0,0,0,0,0,0,0,0,0,1,0,0,0,0,0,0
15555,0,0,0,0,0,0,0,0,0,0,0,0,0,0,1,1,0,0,0,0,1
15556,0,0,0,0,0,0,0,0,0,0,0,0,0,0,1,1,0,0,0,0,1
15557,0,0,0,0,0,0,0,0,0,0,0,0,0,0,1,0,0,0,0,0,0
15558,0,0,0,0,0,0,0,0,0,0,0,0,0,0,1,1,0,0,0,0,1
15559,0,0,0,0,0,0,0,0,0,0,0,0,0,0,1,1,0,0,0,0,1
15560,0,0,0,0,0,0,0,0,0,0,0,0,0,0,1,0,0,0,0,0,0
15561,0,0,0,0,0,0,0,0,0,0,0,0,0,0,1,0,0,0,0,0,0
15562,0,0,0,0,0,0,0,0,0,0,0,0,0,0,1,1,0,0,0,0,1
15563,0,0,0,0,0,0,0,0,0,0,0,0,0,0,1,0,0,0,0,0,0
15564,0,0,0,0,0,0,0,0,0,0,0,0,0,0,1,0,0,0,0,0,0
15565,0,0,0,0,0,0,0,0,0,0,0,0,0,0,1,0,0,0,0,0,0
15567,0,0,0,0,0,0,0,0,0,0,0,0,0,0,1,0,0,0,0,0,0
15568,0,0,0,0,0,0,0,0,0,0,0,0,0,0,1,0,0,0,0,0,0
15569,0,0,0,0,0,0,0,0,0,0,0,0,0,0,1,1,0,0,0,0,1
15570,0,0,0,0,0,0,0,0,0,0,0,0,0,0,1,0,0,0,0,0,0
15571,0,0,0,0,0,0,0,0,0,0,0,0,0,0,1,1,0,0,1,1,0
15572,0,0,0,0,0,0,0,0,0,0,0,0,0,0,1,0,0,0,0,0,0
15573,0,0,0,0,0,0,0,0,0,0,0,0,0,0,1,0,0,0,0,0,0
15574,0,0,0,0,0,0,0,0,0,0,0,0,0,0,1,1,0,0,0,0,1
15575,0,0,0,0,0,0,0,0,0,0,0,0,0,0,1,0,0,0,0,0,0
15576,0,0,0,0,0,0,0,0,0,0,0,0,0,0,1,0,0,0,0,0,0
15577,0,0,0,0,0,0,0,0,0,0,0,0,0,0,1,0,0,0,0,0,0
15578,0,0,0,0,0,0,0,0,0,0,0,0,0,0,1,1,0,0,0,0,1
15579,0,0,0,0,0,0,0,0,0,0,0,0,0,0,1,1,0,0,0,0,1
15580,0,0,0,0,0,0,0,0,0,0,0,0,0,0,1,0,0,0,0,0,0
15581,0,0,0,0,0,0,0,0,0,0,0,0,0,0,1,0,0,0,0,0,0
15583,0,0,0,0,0,0,0,0,0,0,0,0,0,0,1,1,0,0,0,0,1
15584,0,0,0,0,0,0,0,0,0,0,0,0,0,0,1,1,0,0,0,0,1
15585,0,0,0,0,0,0,0,0,0,0,0,0,0,0,1,1,0,0,0,0,1
15586,0,0,0,0,0,0,0,0,0,0,0,0,0,0,1,0,0,0,0,0,0
15587,0,0,0,0,0,0,0,0,0,0,0,0,0,0,1,0,0,0,0,0,0
15588,0,0,0,0,0,0,0,0,0,0,0,0,0,0,1,0,0,0,0,0,0
15589,0,0,0,0,0,0,0,0,0,0,0,0,0,0,1,0,0,0,0,0,0
15590,0,0,0,0,0,0,0,0,0,0,0,0,0,0,1,0,0,0,0,0,0
15591,0,0,0,0,0,0,0,0,0,0,0,0,0,0,1,0,0,0,0,0,0
15596,0,0,0,0,0,0,0,0,0,0,0,0,0,0,1,1,0,0,1,1,0
15597,0,0,0,0,0,0,0,0,0,0,0,0,0,0,1,1,0,1,0,0,0
15598,0,0,0,0,0,0,0,0,0,0,0,0,0,0,1,0,0,0,0,0,0
15599,0,0,0,0,0,0,0,0,0,0,0,0,0,0,1,1,0,0,0,0,1
15600,0,0,0,0,0,0,0,0,0,0,0,0,0,0,1,1,0,0,0,0,1
15601,0,0,0,0,0,0,0,0,0,0,0,0,0,0,1,0,0,0,0,0,0
15602,0,0,0,0,0,0,0,0,0,0,0,0,0,0,1,0,0,0,0,0,0
15603,0,0,0,0,0,0,0,0,0,0,0,0,0,0,1,1,0,0,0,0,1
15605,0,0,0,0,0,0,0,0,0,0,0,0,0,0,1,0,0,0,0,0,0
15606,0,0,0,0,0,0,0,0,0,0,0,0,0,0,1,0,0,0,0,0,0
15607,0,0,0,0,0,0,0,0,0,0,0,0,0,0,1,1,0,1,0,0,0
15608,0,0,0,0,0,0,0,0,0,0,0,0,0,0,1,0,0,0,0,0,0
15609,0,0,0,0,0,0,0,0,0,0,0,0,0,0,1,1,0,0,0,0,1
15610,0,0,0,0,0,0,0,0,0,0,0,0,0,0,1,0,0,0,0,0,0
15611,0,0,0,0,0,0,0,0,0,0,0,0,0,0,1,1,0,1,0,0,0
15612,0,0,0,0,0,0,0,0,0,0,0,0,0,0,1,0,0,0,0,0,0
15613,0,0,0,0,0,0,0,0,0,0,0,0,0,0,1,1,0,0,0,0,1
15614,0,0,0,0,0,0,0,0,0,0,0,0,0,0,1,0,0,0,0,0,0
15615,0,0,0,0,0,0,0,0,0,0,0,0,0,0,1,0,0,0,0,0,0
15616,0,0,0,0,0,0,0,0,0,0,0,0,0,0,1,0,0,0,0,0,0
15617,0,0,0,0,0,0,0,0,0,0,0,0,0,0,1,1,0,0,0,0,1
15618,0,0,0,0,0,0,0,0,0,0,0,0,0,0,1,1,0,0,0,0,1
15619,0,0,0,0,0,0,0,0,0,0,0,0,0,0,1,1,0,0,0,0,1
15620,0,0,0,0,0,0,0,0,0,0,0,0,0,0,1,1,0,0,0,0,1
15621,0,0,0,0,0,0,0,0,0,0,0,0,0,0,1,1,0,0,0,0,1
15623,0,0,0,0,0,0,0,0,0,0,0,0,0,0,1,0,0,0,0,0,0
15624,0,0,0,0,0,0,0,0,0,0,0,0,0,0,1,1,0,1,0,0,0
15626,0,0,0,0,0,0,0,0,0,0,0,0,0,0,1,0,0,0,0,0,0
15627,0,0,0,0,0,0,0,0,0,0,0,0,0,0,1,1,0,0,0,0,1
15628,0,0,0,0,0,0,0,0,0,0,0,0,0,0,1,0,0,0,0,0,0
15629,0,0,0,0,0,0,0,0,0,0,0,0,0,0,1,0,0,0,0,0,0
15630,0,0,0,0,0,0,0,0,0,0,0,0,0,0,1,0,0,0,0,0,0
15631,0,0,0,0,0,0,0,0,0,0,0,0,0,0,1,0,0,0,0,0,0
15632,0,0,0,0,0,0,0,0,0,0,0,0,0,0,1,0,0,0,0,0,0
15633,0,0,0,0,0,0,0,0,0,0,0,0,0,0,1,0,0,0,0,0,0
15635,0,0,0,0,0,0,0,0,0,0,0,0,0,0,1,1,0,0,0,0,1
15638,0,0,0,0,0,0,0,0,0,0,0,0,0,0,1,1,0,0,0,0,1
15639,0,0,0,0,0,0,0,0,0,0,0,0,0,0,1,0,0,0,0,0,0
15640,0,0,0,0,0,0,0,0,0,0,0,0,0,0,1,0,0,0,0,0,0
15641,0,0,0,0,0,0,0,0,0,0,0,0,0,0,1,0,0,0,0,0,0
15642,0,0,0,0,0,0,0,0,0,0,0,0,0,0,1,0,0,0,0,0,0
15643,0,0,0,0,0,0,0,0,0,0,0,0,0,0,1,0,0,0,0,0,0
15644,0,0,0,0,0,0,0,0,0,0,0,0,0,0,1,0,0,0,0,0,0
15645,0,0,0,0,0,0,0,0,0,0,0,0,0,0,1,1,0,0,0,0,1
15646,0,0,0,0,0,0,0,0,0,0,0,0,0,0,1,1,0,0,0,0,1
15647,0,0,0,0,0,0,0,0,0,0,0,0,0,0,1,0,0,0,0,0,0
15648,0,0,0,0,0,0,0,0,0,0,0,0,0,0,1,0,0,0,0,0,0
15649,0,0,0,0,0,0,0,0,0,0,0,0,0,0,1,0,0,0,0,0,0
15650,0,0,0,0,0,0,0,0,0,0,0,0,0,0,1,0,0,0,0,0,0
15651,0,0,0,0,0,0,0,0,0,0,0,0,0,0,1,0,0,0,0,0,0
15652,0,0,0,0,0,0,0,0,0,0,0,0,0,0,1,0,0,0,0,0,0
15655,0,0,0,0,0,0,0,0,0,0,0,0,0,0,1,0,0,0,0,0,0
15656,0,0,0,0,0,0,0,0,0,0,0,0,0,0,1,0,0,0,0,0,0
15657,0,0,0,0,0,0,0,0,0,0,0,0,0,0,1,0,0,0,0,0,0
15658,0,0,0,0,0,0,0,0,0,0,0,0,0,0,1,1,0,0,0,0,1
15659,0,0,0,0,0,0,0,0,0,0,0,0,0,0,1,1,0,0,0,0,1
15660,0,0,0,0,0,0,0,0,0,0,0,0,0,0,1,1,0,1,0,0,0
15661,0,0,0,0,0,0,0,0,0,0,0,0,0,0,1,1,0,0,0,0,1
15663,0,0,0,0,0,0,0,0,0,0,0,0,0,0,1,1,0,0,0,0,1
15664,0,0,0,0,0,0,0,0,0,0,0,0,0,0,1,0,0,0,0,0,0
15665,0,0,0,0,0,0,0,0,0,0,0,0,0,0,1,0,0,0,0,0,0
15666,0,0,0,0,0,0,0,0,0,0,0,0,0,0,1,0,0,0,0,0,0
15667,0,0,0,0,0,0,0,0,0,0,0,0,0,0,1,0,0,0,0,0,0
15668,0,0,0,0,0,0,0,0,0,0,0,0,0,0,1,1,0,1,0,0,0
15669,0,0,0,0,0,0,0,0,0,0,0,0,0,0,1,0,0,0,0,0,0
15670,0,0,0,0,0,0,0,0,0,0,0,0,0,0,1,0,0,0,0,0,0
15671,0,0,0,0,0,0,0,0,0,0,0,0,0,0,1,1,0,0,0,0,1
15672,0,0,0,0,0,0,0,0,0,0,0,0,0,0,1,0,0,0,0,0,0
15673,0,0,0,0,0,0,0,0,0,0,0,0,0,0,1,0,0,0,0,0,0
15674,0,0,0,0,0,0,0,0,0,0,0,0,0,0,1,1,1,0,0,0,0
15675,0,0,0,0,0,0,0,0,0,0,0,0,0,0,1,1,0,0,0,0,1
15676,0,0,0,0,0,0,0,0,0,0,0,0,0,0,1,0,0,0,0,0,0
15677,0,0,0,0,0,0,0,0,0,0,0,0,0,0,1,0,0,0,0,0,0
15678,0,0,0,0,0,0,0,0,0,0,0,0,0,0,1,0,0,0,0,0,0
15679,0,0,0,0,0,0,0,0,0,0,0,0,0,0,1,0,0,0,0,0,0
15680,0,0,0,0,0,0,0,0,0,0,0,0,0,0,1,1,0,0,0,0,1
15681,0,0,0,0,0,0,0,0,0,0,0,0,0,0,1,0,0,0,0,0,0
15682,0,0,0,0,0,0,0,0,0,0,0,0,0,0,1,1,0,0,0,0,1
15683,0,0,0,0,0,0,0,0,0,0,0,0,0,0,1,0,0,0,0,0,0
15684,0,0,0,0,0,0,0,0,0,0,0,0,0,0,1,0,0,0,0,0,0
15685,0,0,0,0,0,0,0,0,0,0,0,0,0,0,1,0,0,0,0,0,0
15686,0,0,0,0,0,0,0,0,0,0,0,0,0,0,1,0,0,0,0,0,0
15687,0,0,0,0,0,0,0,0,0,0,0,0,0,0,1,1,0,0,0,0,1
15688,0,0,0,0,0,0,0,0,0,0,0,0,0,0,1,0,0,0,0,0,0
15689,0,0,0,0,0,0,0,0,0,0,0,0,0,0,1,0,0,0,0,0,0
15690,0,0,0,0,0,0,0,0,0,0,0,0,0,0,1,1,0,0,0,0,1
15691,0,0,0,0,0,0,0,0,0,0,0,0,0,0,1,1,0,0,0,0,1
15692,0,0,0,0,0,0,0,0,0,0,0,0,0,0,1,1,0,1,0,0,0
15693,0,0,0,0,0,0,0,0,0,0,0,0,0,0,1,1,0,1,0,0,0
15694,0,0,0,0,0,0,0,0,0,0,0,0,0,0,1,0,0,0,0,0,0
15695,0,0,0,0,0,0,0,0,0,0,0,0,0,0,1,1,0,0,0,0,1
15696,0,0,0,0,0,0,0,0,0,0,0,0,0,0,1,0,0,0,0,0,0
15697,0,0,0,0,0,0,0,0,0,0,0,0,0,0,1,0,0,0,0,0,0
15698,0,0,0,0,0,0,0,0,0,0,0,0,0,0,1,1,0,0,0,0,1
15699,0,0,0,0,0,0,0,0,0,0,0,0,0,0,1,1,1,0,0,0,0
15700,0,0,0,0,0,0,0,0,0,0,0,0,0,0,1,0,0,0,0,0,0
15701,0,0,0,0,0,0,0,0,0,0,0,0,0,0,1,1,0,1,0,0,0
15702,0,0,0,0,0,0,0,0,0,0,0,0,0,0,1,0,0,0,0,0,0
15703,0,0,0,0,0,0,0,0,0,0,0,0,0,0,1,1,0,0,0,0,1
15704,0,0,0,0,0,0,0,0,0,0,0,0,0,0,1,1,1,0,0,0,0
15705,0,0,0,0,0,0,0,0,0,0,0,0,0,0,1,1,0,0,0,0,1
15706,0,0,0,0,0,0,0,0,0,0,0,0,0,0,1,0,0,0,0,0,0
15707,0,0,0,0,0,0,0,0,0,0,0,0,0,0,1,0,0,0,0,0,0
15708,0,0,0,0,0,0,0,0,0,0,0,0,0,0,1,0,0,0,0,0,0
15709,0,0,0,0,0,0,0,0,0,0,0,0,0,0,1,0,0,0,0,0,0
15710,0,0,0,0,0,0,0,0,0,0,0,0,0,0,1,0,0,0,0,0,0
15711,0,0,0,0,0,0,0,0,0,0,0,0,0,0,1,1,0,0,0,0,1
15712,0,0,0,0,0,0,0,0,0,0,0,0,0,0,1,0,0,0,0,0,0
15713,0,0,0,0,0,0,0,0,0,0,0,0,0,0,1,0,0,0,0,0,0
15715,0,0,0,0,0,0,0,0,0,0,0,0,0,0,1,1,0,0,0,0,1
15716,0,0,0,0,0,0,0,0,0,0,0,0,0,0,1,1,1,0,0,0,0
15717,0,0,0,0,0,0,0,0,0,0,0,0,0,0,1,1,0,0,0,0,1
15718,0,0,0,0,0,0,0,0,0,0,0,0,0,0,1,0,0,0,0,0,0
15719,0,0,0,0,0,0,0,0,0,0,0,0,0,0,1,1,0,0,0,0,1
15720,0,0,0,0,0,0,0,0,0,0,0,0,0,0,1,1,0,0,0,0,1
15721,0,0,0,0,0,0,0,0,0,0,0,0,0,0,1,1,0,0,0,0,1
15722,0,0,0,0,0,0,0,0,0,0,0,0,0,0,1,1,0,0,0,0,1
15723,0,0,0,0,0,0,0,0,0,0,0,0,0,0,1,1,0,0,0,0,1
15724,0,0,0,0,0,0,0,0,0,0,0,0,0,0,1,0,0,0,0,0,0
15725,0,0,0,0,0,0,0,0,0,0,0,0,0,0,1,1,0,0,0,0,1
15726,0,0,0,0,0,0,0,0,0,0,0,0,0,0,1,0,0,0,0,0,0
15727,0,0,0,0,0,0,0,0,0,0,0,0,0,0,1,0,0,0,0,0,0
15728,0,0,0,0,0,0,0,0,0,0,0,0,0,0,1,0,0,0,0,0,0
15729,0,0,0,0,0,0,0,0,0,0,0,0,0,0,1,0,0,0,0,0,0
15730,0,0,0,0,0,0,0,0,0,0,0,0,0,0,1,0,0,0,0,0,0
15732,0,0,0,0,0,0,0,0,0,0,0,0,0,0,1,0,0,0,0,0,0
15733,0,0,0,0,0,0,0,0,0,0,0,0,0,0,1,0,0,0,0,0,0
15734,0,0,0,0,0,0,0,0,0,0,0,0,0,0,1,0,0,0,0,0,0
15735,0,0,0,0,0,0,0,0,0,0,0,0,0,0,1,0,0,0,0,0,0
15736,0,0,0,0,0,0,0,0,0,0,0,0,0,0,1,1,0,0,0,0,1
15737,0,0,0,0,0,0,0,0,0,0,0,0,0,0,1,0,0,0,0,0,0
15738,0,0,0,0,0,0,0,0,0,0,0,0,0,0,1,0,0,0,0,0,0
15739,0,0,0,0,0,0,0,0,0,0,0,0,0,0,1,0,0,0,0,0,0
15740,0,0,0,0,0,0,0,0,0,0,0,0,0,0,1,0,0,0,0,0,0
15741,0,0,0,0,0,0,0,0,0,0,0,0,0,0,1,0,0,0,0,0,0
15742,0,0,0,0,0,0,0,0,0,0,0,0,0,0,1,1,0,0,0,0,1
15743,0,0,0,0,0,0,0,0,0,0,0,0,0,0,1,0,0,0,0,0,0
15744,0,0,0,0,0,0,0,0,0,0,0,0,0,0,1,1,0,0,0,0,1
15745,0,0,0,0,0,0,0,0,0,0,0,0,0,0,1,1,1,0,0,0,0
15746,0,0,0,0,0,0,0,0,0,0,0,0,0,0,1,0,0,0,0,0,0
15747,0,0,0,0,0,0,0,0,0,0,0,0,0,0,1,1,0,1,0,0,0
15748,0,0,0,0,0,0,0,0,0,0,0,0,0,0,1,1,0,0,0,0,1
15749,0,0,0,0,0,0,0,0,0,0,0,0,0,0,1,0,0,0,0,0,0
15750,0,0,0,0,0,0,0,0,0,0,0,0,0,0,1,1,0,0,0,0,1
15751,0,0,0,0,0,0,0,0,0,0,0,0,0,0,1,0,0,0,0,0,0
15752,0,0,0,0,0,0,0,0,0,0,0,0,0,0,1,1,0,0,0,0,1
15753,0,0,0,0,0,0,0,0,0,0,0,0,0,0,1,1,1,0,0,0,0
15754,0,0,0,0,0,0,0,0,0,0,0,0,0,0,1,1,0,0,0,0,1
15755,0,0,0,0,0,0,0,0,0,0,0,0,0,0,1,0,0,0,0,0,0
15756,0,0,0,0,0,0,0,0,0,0,0,0,0,0,1,1,1,0,0,0,0
15757,0,0,0,0,0,0,0,0,0,0,0,0,0,0,1,1,0,0,0,0,1
15758,0,0,0,0,0,0,0,0,0,0,0,0,0,0,1,1,0,1,0,0,0
15759,0,0,0,0,0,0,0,0,0,0,0,0,0,0,1,1,0,0,0,0,1
15760,0,0,0,0,0,0,0,0,0,0,0,0,0,0,1,1,0,0,0,0,1
15761,0,0,0,0,0,0,0,0,0,0,0,0,0,0,1,1,0,0,1,1,0
15762,0,0,0,0,0,0,0,0,0,0,0,0,0,0,1,0,0,0,0,0,0
15763,0,0,0,0,0,0,0,0,0,0,0,0,0,0,1,0,0,0,0,0,0
15764,0,0,0,0,0,0,0,0,0,0,0,0,0,0,1,1,0,1,0,0,0
15765,0,0,0,0,0,0,0,0,0,0,0,0,0,0,1,0,0,0,0,0,0
15766,0,0,0,0,0,0,0,0,0,0,0,0,0,0,1,0,0,0,0,0,0
15767,0,0,0,0,0,0,0,0,0,0,0,0,0,0,1,0,0,0,0,0,0
15768,0,0,0,0,0,0,0,0,0,0,0,0,0,0,1,0,0,0,0,0,0
15769,0,0,0,0,0,0,0,0,0,0,0,0,0,0,1,0,0,0,0,0,0
15770,0,0,0,0,0,0,0,0,0,0,0,0,0,0,1,0,0,0,0,0,0
15771,0,0,0,0,0,0,0,0,0,0,0,0,0,0,1,0,0,0,0,0,0
15772,0,0,0,0,0,0,0,0,0,0,0,0,0,0,1,1,0,0,0,0,1
15773,0,0,0,0,0,0,0,0,0,0,0,0,0,0,1,1,0,0,0,0,1
15774,0,0,0,0,0,0,0,0,0,0,0,0,0,0,1,1,0,0,0,0,1
15775,0,0,0,0,0,0,0,0,0,0,0,0,0,0,1,1,0,0,0,0,1
15776,0,0,0,0,0,0,0,0,0,0,0,0,0,0,1,0,0,0,0,0,0
15777,0,0,0,0,0,0,0,0,0,0,0,0,0,0,1,0,0,0,0,0,0
15779,0,0,0,0,0,0,0,0,0,0,0,0,0,0,1,1,0,1,0,0,0
15780,0,0,0,0,0,0,0,0,0,0,0,0,0,0,1,0,0,0,0,0,0
15781,0,0,0,0,0,0,0,0,0,0,0,0,0,0,1,0,0,0,0,0,0
15782,0,0,0,0,0,0,0,0,0,0,0,0,0,0,1,0,0,0,0,0,0
15783,0,0,0,0,0,0,0,0,0,0,0,0,0,0,1,0,0,0,0,0,0
15784,0,0,0,0,0,0,0,0,0,0,0,0,0,0,1,0,0,0,0,0,0
15785,0,0,0,0,0,0,0,0,0,0,0,0,0,0,1,0,0,0,0,0,0
15786,0,0,0,0,0,0,0,0,0,0,0,0,0,0,1,0,0,0,0,0,0
15787,0,0,0,0,0,0,0,0,0,0,0,0,0,0,1,0,0,0,0,0,0
15788,0,0,0,0,0,0,0,0,0,0,0,0,0,0,1,1,1,0,0,0,0
15789,0,0,0,0,0,0,0,0,0,0,0,0,0,0,1,0,0,0,0,0,0
15790,0,0,0,0,0,0,0,0,0,0,0,0,0,0,1,0,0,0,0,0,0
15791,0,0,0,0,0,0,0,0,0,0,0,0,0,0,1,0,0,0,0,0,0
15792,0,0,0,0,0,0,0,0,0,0,0,0,0,0,1,0,0,0,0,0,0
15793,0,0,0,0,0,0,0,0,0,0,0,0,0,0,1,0,0,0,0,0,0
15794,0,0,0,0,0,0,0,0,0,0,0,0,0,0,1,1,0,0,0,0,1
15795,0,0,0,0,0,0,0,0,0,0,0,0,0,0,1,1,0,0,0,0,1
15796,0,0,0,0,0,0,0,0,0,0,0,0,0,0,1,1,0,0,0,0,1
15797,0,0,0,0,0,0,0,0,0,0,0,0,0,0,1,1,0,0,0,0,1
15798,0,0,0,0,0,0,0,0,0,0,0,0,0,0,1,1,0,1,0,0,0
15799,0,0,0,0,0,0,0,0,0,0,0,0,0,0,1,1,0,0,0,0,1
15800,0,0,0,0,0,0,0,0,0,0,0,0,0,0,1,1,0,1,0,0,0
15801,0,0,0,0,0,0,0,0,0,0,0,0,0,0,1,1,0,0,0,0,1
15802,0,0,0,0,0,0,0,0,0,0,0,0,0,0,1,0,0,0,0,0,0
15803,0,0,0,0,0,0,0,0,0,0,0,0,0,0,1,0,0,0,0,0,0
15804,0,0,0,0,0,0,0,0,0,0,0,0,0,0,1,0,0,0,0,0,0
15805,0,0,0,0,0,0,0,0,0,0,0,0,0,0,1,0,0,0,0,0,0
15806,0,0,0,0,0,0,0,0,0,0,0,0,0,0,1,0,0,0,0,0,0
15807,0,0,0,0,0,0,0,0,0,0,0,0,0,0,1,0,0,0,0,0,0
15808,0,0,0,0,0,0,0,0,0,0,0,0,0,0,1,0,0,0,0,0,0
15809,0,0,0,0,0,0,0,0,0,0,0,0,0,0,1,1,0,0,0,0,1
15810,0,0,0,0,0,0,0,0,0,0,0,0,0,0,1,0,0,0,0,0,0
15811,0,0,0,0,0,0,0,0,0,0,0,0,0,0,1,1,0,0,0,0,1
15812,0,0,0,0,0,0,0,0,0,0,0,0,0,0,1,1,0,0,0,0,1
15813,0,0,0,0,0,0,0,0,0,0,0,0,0,0,1,1,1,0,0,0,0
15814,0,0,0,0,0,0,0,0,0,0,0,0,0,0,1,0,0,0,0,0,0
15815,0,0,0,0,0,0,0,0,0,0,0,0,0,0,1,1,0,0,0,0,1
15816,0,0,0,0,0,0,0,0,0,0,0,0,0,0,1,0,0,0,0,0,0
15817,0,0,0,0,0,0,0,0,0,0,0,0,0,0,1,0,0,0,0,0,0
15818,0,0,0,0,0,0,0,0,0,0,0,0,0,0,1,0,0,0,0,0,0
15819,0,0,0,0,0,0,0,0,0,0,0,0,0,0,1,1,0,0,0,0,1
15820,0,0,0,0,0,0,0,0,0,0,0,0,0,0,1,0,0,0,0,0,0
15821,0,0,0,0,0,0,0,0,0,0,0,0,0,0,1,0,0,0,0,0,0
15823,0,0,0,0,0,0,0,0,0,0,0,0,0,0,1,0,0,0,0,0,0
15824,0,0,0,0,0,0,0,0,0,0,0,0,0,0,1,1,0,0,0,0,1
15825,0,0,0,0,0,0,0,0,0,0,0,0,0,0,1,0,0,0,0,0,0
15826,0,0,0,0,0,0,0,0,0,0,0,0,0,0,1,1,0,0,0,0,1
15827,0,0,0,0,0,0,0,0,0,0,0,0,0,0,1,0,0,0,0,0,0
15828,0,0,0,0,0,0,0,0,0,0,0,0,0,0,1,1,0,0,0,0,1
15829,0,0,0,0,0,0,0,0,0,0,0,0,0,0,1,0,0,0,0,0,0
15830,0,0,0,0,0,0,0,0,0,0,0,0,0,0,1,1,0,0,0,0,1
15831,0,0,0,0,0,0,0,0,0,0,0,0,0,0,1,0,0,0,0,0,0
15832,0,0,0,0,0,0,0,0,0,0,0,0,0,0,1,1,0,0,0,0,1
15833,0,0,0,0,0,0,0,0,0,0,0,0,0,0,1,0,0,0,0,0,0
15835,0,0,0,0,0,0,0,0,0,0,0,0,0,0,1,1,0,0,0,0,1
15836,0,0,0,0,0,0,0,0,0,0,0,0,0,0,1,0,0,0,0,0,0
15837,0,0,0,0,0,0,0,0,0,0,0,0,0,0,1,1,0,1,0,0,0
15838,0,0,0,0,0,0,0,0,0,0,0,0,0,0,1,0,0,0,0,0,0
15839,0,0,0,0,0,0,0,0,0,0,0,0,0,0,1,0,0,0,0,0,0
15840,0,0,0,0,0,0,0,0,0,0,0,0,0,0,1,0,0,0,0,0,0
15841,0,0,0,0,0,0,0,0,0,0,0,0,0,0,1,0,0,0,0,0,0
15842,0,0,0,0,0,0,0,0,0,0,0,0,0,0,1,0,0,0,0,0,0
