mel6_geneID,COUNT,PERCENT
FBgn0000003,1,0.0013053978
FBgn0000044,1,0.0013053978
FBgn0000115,1,0.0013053978
FBgn0000121,1,0.0013053978
FBgn0000152,1,0.0013053978
FBgn0000158,1,0.0013053978
FBgn0000180,1,0.0013053978
FBgn0000182,1,0.0013053978
FBgn0000233,1,0.0013053978
FBgn0000241,1,0.0013053978
FBgn0000261,1,0.0013053978
FBgn0000277,1,0.0013053978
FBgn0000278,1,0.0013053978
FBgn0000279,1,0.0013053978
FBgn0000280,1,0.0013053978
FBgn0000326,1,0.0013053978
FBgn0000352,1,0.0013053978
FBgn0000355,1,0.0013053978
FBgn0000356,1,0.0013053978
FBgn0000357,1,0.0013053978
FBgn0000358,1,0.0013053978
FBgn0000359,1,0.0013053978
FBgn0000360,1,0.0013053978
FBgn0000406,1,0.0013053978
FBgn0000439,1,0.0013053978
FBgn0000473,1,0.0013053978
FBgn0000477,1,0.0013053978
FBgn0000492,1,0.0013053978
FBgn0000543,1,0.0013053978
FBgn0000559,1,0.0013053978
FBgn0000575,1,0.0013053978
FBgn0000576,1,0.0013053978
FBgn0000577,1,0.0013053978
FBgn0000588,1,0.0013053978
FBgn0000594,1,0.0013053978
FBgn0000617,1,0.0013053978
FBgn0001077,1,0.0013053978
FBgn0001079,1,0.0013053978
FBgn0001086,1,0.0013053978
FBgn0001112,1,0.0013053978
FBgn0001133,1,0.0013053978
FBgn0001148,1,0.0013053978
FBgn0001168,1,0.0013053978
FBgn0001170,1,0.0013053978
FBgn0001202,1,0.0013053978
FBgn0001217,1,0.0013053978
FBgn0001220,1,0.0013053978
FBgn0001233,1,0.0013053978
FBgn0001281,1,0.0013053978
FBgn0001301,1,0.0013053978
FBgn0001965,1,0.0013053978
FBgn0001983,1,0.0013053978
FBgn0001989,1,0.0013053978
FBgn0001995,1,0.0013053978
FBgn0002021,1,0.0013053978
FBgn0002283,1,0.0013053978
FBgn0002284,1,0.0013053978
FBgn0002526,1,0.0013053978
FBgn0002533,1,0.0013053978
FBgn0002562,1,0.0013053978
FBgn0002564,1,0.0013053978
FBgn0002569,1,0.0013053978
FBgn0002570,1,0.0013053978
FBgn0002571,1,0.0013053978
FBgn0002573,1,0.0013053978
FBgn0002578,1,0.0013053978
FBgn0002593,1,0.0013053978
FBgn0002641,1,0.0013053978
FBgn0002736,1,0.0013053978
FBgn0002773,1,0.0013053978
FBgn0002775,1,0.0013053978
FBgn0002842,1,0.0013053978
FBgn0002856,1,0.0013053978
FBgn0002868,1,0.0013053978
FBgn0002869,1,0.0013053978
FBgn0002887,1,0.0013053978
FBgn0002936,1,0.0013053978
FBgn0002940,1,0.0013053978
FBgn0002941,1,0.0013053978
FBgn0002985,1,0.0013053978
FBgn0003002,1,0.0013053978
FBgn0003062,1,0.0013053978
FBgn0003076,1,0.0013053978
FBgn0003087,1,0.0013053978
FBgn0003134,1,0.0013053978
FBgn0003231,1,0.0013053978
FBgn0003250,1,0.0013053978
FBgn0003257,1,0.0013053978
FBgn0003267,1,0.0013053978
FBgn0003277,1,0.0013053978
FBgn0003278,1,0.0013053978
FBgn0003279,1,0.0013053978
FBgn0003312,1,0.0013053978
FBgn0003313,1,0.0013053978
FBgn0003357,1,0.0013053978
FBgn0003378,1,0.0013053978
FBgn0003449,1,0.0013053978
FBgn0003462,1,0.0013053978
FBgn0003482,1,0.0013053978
FBgn0003515,1,0.0013053978
FBgn0003687,1,0.0013053978
FBgn0003701,1,0.0013053978
FBgn0003720,1,0.0013053978
FBgn0003886,1,0.0013053978
FBgn0003889,1,0.0013053978
FBgn0003920,1,0.0013053978
FBgn0003923,1,0.0013053978
FBgn0003936,1,0.0013053978
FBgn0003961,1,0.0013053978
FBgn0003977,1,0.0013053978
FBgn0003978,1,0.0013053978
FBgn0004003,1,0.0013053978
FBgn0004034,1,0.0013053978
FBgn0004045,1,0.0013053978
FBgn0004047,1,0.0013053978
FBgn0004050,1,0.0013053978
FBgn0004053,1,0.0013053978
FBgn0004087,1,0.0013053978
FBgn0004106,1,0.0013053978
FBgn0004110,1,0.0013053978
FBgn0004132,1,0.0013053978
FBgn0004172,1,0.0013053978
FBgn0004177,1,0.0013053978
FBgn0004183,1,0.0013053978
FBgn0004185,1,0.0013053978
FBgn0004190,1,0.0013053978
FBgn0004367,1,0.0013053978
FBgn0004372,1,0.0013053978
FBgn0004374,1,0.0013053978
FBgn0004378,1,0.0013053978
FBgn0004436,1,0.0013053978
FBgn0004463,1,0.0013053978
FBgn0004465,1,0.0013053978
FBgn0004507,1,0.0013053978
FBgn0004510,1,0.0013053978
FBgn0004552,1,0.0013053978
FBgn0004569,1,0.0013053978
FBgn0004590,1,0.0013053978
FBgn0004593,1,0.0013053978
FBgn0004597,1,0.0013053978
FBgn0004619,1,0.0013053978
FBgn0004623,1,0.0013053978
FBgn0004629,1,0.0013053978
FBgn0004643,1,0.0013053978
FBgn0004647,1,0.0013053978
FBgn0004650,1,0.0013053978
FBgn0004783,1,0.0013053978
FBgn0004784,1,0.0013053978
FBgn0004837,1,0.0013053978
FBgn0004856,1,0.0013053978
FBgn0004862,1,0.0013053978
FBgn0004880,1,0.0013053978
FBgn0004896,1,0.0013053978
FBgn0004908,1,0.0013053978
FBgn0004911,1,0.0013053978
FBgn0004926,1,0.0013053978
FBgn0005391,1,0.0013053978
FBgn0005585,1,0.0013053978
FBgn0005593,1,0.0013053978
FBgn0005596,1,0.0013053978
FBgn0005613,1,0.0013053978
FBgn0005642,1,0.0013053978
FBgn0005655,1,0.0013053978
FBgn0005664,1,0.0013053978
FBgn0005771,1,0.0013053978
FBgn0008635,1,0.0013053978
FBgn0008636,1,0.0013053978
FBgn0010053,1,0.0013053978
FBgn0010105,1,0.0013053978
FBgn0010109,1,0.0013053978
FBgn0010173,1,0.0013053978
FBgn0010238,1,0.0013053978
FBgn0010278,1,0.0013053978
FBgn0010287,1,0.0013053978
FBgn0010292,1,0.0013053978
FBgn0010339,1,0.0013053978
FBgn0010340,1,0.0013053978
FBgn0010358,1,0.0013053978
FBgn0010391,1,0.0013053978
FBgn0010406,1,0.0013053978
FBgn0010409,1,0.0013053978
FBgn0010421,1,0.0013053978
FBgn0010441,1,0.0013053978
FBgn0010453,1,0.0013053978
FBgn0010590,1,0.0013053978
FBgn0010638,1,0.0013053978
FBgn0010768,1,0.0013053978
FBgn0010803,1,0.0013053978
FBgn0011020,1,0.0013053978
FBgn0011207,1,0.0013053978
FBgn0011211,1,0.0013053978
FBgn0011227,1,0.0013053978
FBgn0011230,1,0.0013053978
FBgn0011232,1,0.0013053978
FBgn0011276,1,0.0013053978
FBgn0011278,1,0.0013053978
FBgn0011291,1,0.0013053978
FBgn0011293,1,0.0013053978
FBgn0011327,1,0.0013053978
FBgn0011335,1,0.0013053978
FBgn0011336,1,0.0013053978
FBgn0011566,1,0.0013053978
FBgn0011573,1,0.0013053978
FBgn0011591,1,0.0013053978
FBgn0011670,1,0.0013053978
FBgn0011692,1,0.0013053978
FBgn0011694,1,0.0013053978
FBgn0011701,1,0.0013053978
FBgn0011704,1,0.0013053978
FBgn0011715,1,0.0013053978
FBgn0011726,1,0.0013053978
FBgn0011743,1,0.0013053978
FBgn0011745,1,0.0013053978
FBgn0011771,1,0.0013053978
FBgn0011802,1,0.0013053978
FBgn0011824,1,0.0013053978
FBgn0011836,1,0.0013053978
FBgn0011854,1,0.0013053978
FBgn0011909,1,0.0013053978
FBgn0011927,1,0.0013053978
FBgn0011957,1,0.0013053978
FBgn0011971,1,0.0013053978
FBgn0011977,1,0.0013053978
FBgn0011980,1,0.0013053978
FBgn0011983,1,0.0013053978
FBgn0011986,1,0.0013053978
FBgn0012058,1,0.0013053978
FBgn0013279,1,0.0013053978
FBgn0013300,1,0.0013053978
FBgn0013308,1,0.0013053978
FBgn0013347,1,0.0013053978
FBgn0013432,1,0.0013053978
FBgn0013435,1,0.0013053978
FBgn0013548,1,0.0013053978
FBgn0013672,1,0.0013053978
FBgn0013673,1,0.0013053978
FBgn0013681,1,0.0013053978
FBgn0013683,1,0.0013053978
FBgn0013685,1,0.0013053978
FBgn0013688,1,0.0013053978
FBgn0013703,1,0.0013053978
FBgn0013717,1,0.0013053978
FBgn0013725,1,0.0013053978
FBgn0013749,1,0.0013053978
FBgn0013762,1,0.0013053978
FBgn0013767,1,0.0013053978
FBgn0013954,1,0.0013053978
FBgn0014000,1,0.0013053978
FBgn0014009,1,0.0013053978
FBgn0014019,1,0.0013053978
FBgn0014022,1,0.0013053978
FBgn0014028,1,0.0013053978
FBgn0014031,1,0.0013053978
FBgn0014075,1,0.0013053978
FBgn0014179,1,0.0013053978
FBgn0014411,1,0.0013053978
FBgn0014427,1,0.0013053978
FBgn0014454,1,0.0013053978
FBgn0014848,1,0.0013053978
FBgn0014849,1,0.0013053978
FBgn0014851,1,0.0013053978
FBgn0014857,1,0.0013053978
FBgn0014861,1,0.0013053978
FBgn0014868,1,0.0013053978
FBgn0014869,1,0.0013053978
FBgn0014879,1,0.0013053978
FBgn0015008,1,0.0013053978
FBgn0015032,1,0.0013053978
FBgn0015038,1,0.0013053978
FBgn0015040,1,0.0013053978
FBgn0015075,1,0.0013053978
FBgn0015229,1,0.0013053978
FBgn0015240,1,0.0013053978
FBgn0015271,1,0.0013053978
FBgn0015283,1,0.0013053978
FBgn0015288,1,0.0013053978
FBgn0015295,1,0.0013053978
FBgn0015296,1,0.0013053978
FBgn0015299,1,0.0013053978
FBgn0015321,1,0.0013053978
FBgn0015360,1,0.0013053978
FBgn0015391,1,0.0013053978
FBgn0015396,1,0.0013053978
FBgn0015527,1,0.0013053978
FBgn0015561,1,0.0013053978
FBgn0015576,1,0.0013053978
FBgn0015582,1,0.0013053978
FBgn0015584,1,0.0013053978
FBgn0015585,1,0.0013053978
FBgn0015615,1,0.0013053978
FBgn0015618,1,0.0013053978
FBgn0015776,1,0.0013053978
FBgn0015805,1,0.0013053978
FBgn0015834,1,0.0013053978
FBgn0015905,1,0.0013053978
FBgn0016013,1,0.0013053978
FBgn0016641,1,0.0013053978
FBgn0016685,1,0.0013053978
FBgn0016691,1,0.0013053978
FBgn0016715,1,0.0013053978
FBgn0017414,1,0.0013053978
FBgn0017424,1,0.0013053978
FBgn0017430,1,0.0013053978
FBgn0017457,1,0.0013053978
FBgn0017482,1,0.0013053978
FBgn0017556,1,0.0013053978
FBgn0017567,1,0.0013053978
FBgn0017577,1,0.0013053978
FBgn0017578,1,0.0013053978
FBgn0017579,1,0.0013053978
FBgn0019644,1,0.0013053978
FBgn0019929,1,0.0013053978
FBgn0019932,1,0.0013053978
FBgn0019936,1,0.0013053978
FBgn0020272,1,0.0013053978
FBgn0020376,1,0.0013053978
FBgn0020388,1,0.0013053978
FBgn0020392,1,0.0013053978
FBgn0020407,1,0.0013053978
FBgn0020416,1,0.0013053978
FBgn0020506,1,0.0013053978
FBgn0020508,1,0.0013053978
FBgn0020616,1,0.0013053978
FBgn0020626,1,0.0013053978
FBgn0020633,1,0.0013053978
FBgn0020641,1,0.0013053978
FBgn0020642,1,0.0013053978
FBgn0020646,1,0.0013053978
FBgn0020764,1,0.0013053978
FBgn0020930,1,0.0013053978
FBgn0021738,1,0.0013053978
FBgn0021825,1,0.0013053978
FBgn0021856,1,0.0013053978
FBgn0021872,1,0.0013053978
FBgn0021875,1,0.0013053978
FBgn0021906,1,0.0013053978
FBgn0022023,1,0.0013053978
FBgn0022213,1,0.0013053978
FBgn0022224,1,0.0013053978
FBgn0022355,1,0.0013053978
FBgn0022359,1,0.0013053978
FBgn0022699,1,0.0013053978
FBgn0022774,1,0.0013053978
FBgn0022935,1,0.0013053978
FBgn0022936,1,0.0013053978
FBgn0022943,1,0.0013053978
FBgn0023143,1,0.0013053978
FBgn0023170,1,0.0013053978
FBgn0023174,1,0.0013053978
FBgn0023175,1,0.0013053978
FBgn0023181,1,0.0013053978
FBgn0023212,1,0.0013053978
FBgn0023477,1,0.0013053978
FBgn0023489,1,0.0013053978
FBgn0023495,1,0.0013053978
FBgn0023496,1,0.0013053978
FBgn0023506,1,0.0013053978
FBgn0023512,1,0.0013053978
FBgn0023514,1,0.0013053978
FBgn0023521,1,0.0013053978
FBgn0023530,1,0.0013053978
FBgn0023542,1,0.0013053978
FBgn0024177,1,0.0013053978
FBgn0024188,1,0.0013053978
FBgn0024191,1,0.0013053978
FBgn0024352,1,0.0013053978
FBgn0024509,1,0.0013053978
FBgn0024542,1,0.0013053978
FBgn0024558,1,0.0013053978
FBgn0024833,1,0.0013053978
FBgn0024887,1,0.0013053978
FBgn0024943,1,0.0013053978
FBgn0024973,1,0.0013053978
FBgn0024986,1,0.0013053978
FBgn0024992,1,0.0013053978
FBgn0024993,1,0.0013053978
FBgn0024996,1,0.0013053978
FBgn0024998,1,0.0013053978
FBgn0025109,1,0.0013053978
FBgn0025334,1,0.0013053978
FBgn0025352,1,0.0013053978
FBgn0025373,1,0.0013053978
FBgn0025383,1,0.0013053978
FBgn0025393,1,0.0013053978
FBgn0025457,1,0.0013053978
FBgn0025463,1,0.0013053978
FBgn0025519,1,0.0013053978
FBgn0025578,1,0.0013053978
FBgn0025582,1,0.0013053978
FBgn0025583,1,0.0013053978
FBgn0025624,1,0.0013053978
FBgn0025629,1,0.0013053978
FBgn0025634,1,0.0013053978
FBgn0025640,1,0.0013053978
FBgn0025680,1,0.0013053978
FBgn0025682,1,0.0013053978
FBgn0025700,1,0.0013053978
FBgn0025712,1,0.0013053978
FBgn0025716,1,0.0013053978
FBgn0025724,1,0.0013053978
FBgn0025739,1,0.0013053978
FBgn0025742,1,0.0013053978
FBgn0025808,1,0.0013053978
FBgn0025832,1,0.0013053978
FBgn0025866,1,0.0013053978
FBgn0025878,1,0.0013053978
FBgn0025881,1,0.0013053978
FBgn0025882,1,0.0013053978
FBgn0026015,1,0.0013053978
FBgn0026089,1,0.0013053978
FBgn0026090,1,0.0013053978
FBgn0026148,1,0.0013053978
FBgn0026149,1,0.0013053978
FBgn0026174,1,0.0013053978
FBgn0026196,1,0.0013053978
FBgn0026261,1,0.0013053978
FBgn0026268,1,0.0013053978
FBgn0026317,1,0.0013053978
FBgn0026371,1,0.0013053978
FBgn0026392,1,0.0013053978
FBgn0026393,1,0.0013053978
FBgn0026395,1,0.0013053978
FBgn0026400,1,0.0013053978
FBgn0026403,1,0.0013053978
FBgn0026433,1,0.0013053978
FBgn0026566,1,0.0013053978
FBgn0026582,1,0.0013053978
FBgn0026592,1,0.0013053978
FBgn0026634,1,0.0013053978
FBgn0026679,1,0.0013053978
FBgn0026755,1,0.0013053978
FBgn0026787,1,0.0013053978
FBgn0026878,1,0.0013053978
FBgn0027052,1,0.0013053978
FBgn0027055,1,0.0013053978
FBgn0027080,1,0.0013053978
FBgn0027091,1,0.0013053978
FBgn0027095,1,0.0013053978
FBgn0027106,1,0.0013053978
FBgn0027107,1,0.0013053978
FBgn0027329,1,0.0013053978
FBgn0027359,1,0.0013053978
FBgn0027363,1,0.0013053978
FBgn0027364,1,0.0013053978
FBgn0027376,1,0.0013053978
FBgn0027453,1,0.0013053978
FBgn0027490,1,0.0013053978
FBgn0027493,1,0.0013053978
FBgn0027503,1,0.0013053978
FBgn0027507,1,0.0013053978
FBgn0027509,1,0.0013053978
FBgn0027521,1,0.0013053978
FBgn0027525,1,0.0013053978
FBgn0027526,1,0.0013053978
FBgn0027538,1,0.0013053978
FBgn0027552,1,0.0013053978
FBgn0027560,1,0.0013053978
FBgn0027568,1,0.0013053978
FBgn0027572,1,0.0013053978
FBgn0027584,1,0.0013053978
FBgn0027599,1,0.0013053978
FBgn0027607,1,0.0013053978
FBgn0027609,1,0.0013053978
FBgn0027620,1,0.0013053978
FBgn0027783,1,0.0013053978
FBgn0027788,1,0.0013053978
FBgn0027794,1,0.0013053978
FBgn0027795,1,0.0013053978
FBgn0027841,1,0.0013053978
FBgn0027844,1,0.0013053978
FBgn0027864,1,0.0013053978
FBgn0027865,1,0.0013053978
FBgn0027868,1,0.0013053978
FBgn0027873,1,0.0013053978
FBgn0027945,1,0.0013053978
FBgn0027949,1,0.0013053978
FBgn0028327,1,0.0013053978
FBgn0028374,1,0.0013053978
FBgn0028381,1,0.0013053978
FBgn0028382,1,0.0013053978
FBgn0028398,1,0.0013053978
FBgn0028406,1,0.0013053978
FBgn0028416,1,0.0013053978
FBgn0028424,1,0.0013053978
FBgn0028426,1,0.0013053978
FBgn0028434,1,0.0013053978
FBgn0028467,1,0.0013053978
FBgn0028468,1,0.0013053978
FBgn0028473,1,0.0013053978
FBgn0028517,1,0.0013053978
FBgn0028526,1,0.0013053978
FBgn0028530,1,0.0013053978
FBgn0028532,1,0.0013053978
FBgn0028534,1,0.0013053978
FBgn0028538,1,0.0013053978
FBgn0028542,1,0.0013053978
FBgn0028544,1,0.0013053978
FBgn0028663,1,0.0013053978
FBgn0028684,1,0.0013053978
FBgn0028685,1,0.0013053978
FBgn0028694,1,0.0013053978
FBgn0028695,1,0.0013053978
FBgn0028700,1,0.0013053978
FBgn0028737,1,0.0013053978
FBgn0028744,1,0.0013053978
FBgn0028836,1,0.0013053978
FBgn0028837,1,0.0013053978
FBgn0028841,1,0.0013053978
FBgn0028857,1,0.0013053978
FBgn0028866,1,0.0013053978
FBgn0028878,1,0.0013053978
FBgn0028887,1,0.0013053978
FBgn0028889,1,0.0013053978
FBgn0028902,1,0.0013053978
FBgn0028919,1,0.0013053978
FBgn0028920,1,0.0013053978
FBgn0028944,1,0.0013053978
FBgn0028945,1,0.0013053978
FBgn0028947,1,0.0013053978
FBgn0028948,1,0.0013053978
FBgn0028970,1,0.0013053978
FBgn0028978,1,0.0013053978
FBgn0028982,1,0.0013053978
FBgn0028987,1,0.0013053978
FBgn0028997,1,0.0013053978
FBgn0029079,1,0.0013053978
FBgn0029088,1,0.0013053978
FBgn0029105,1,0.0013053978
FBgn0029117,1,0.0013053978
FBgn0029121,1,0.0013053978
FBgn0029137,1,0.0013053978
FBgn0029148,1,0.0013053978
FBgn0029174,1,0.0013053978
FBgn0029175,1,0.0013053978
FBgn0029501,1,0.0013053978
FBgn0029512,1,0.0013053978
FBgn0029514,1,0.0013053978
FBgn0029523,1,0.0013053978
FBgn0029608,1,0.0013053978
FBgn0029629,1,0.0013053978
FBgn0029643,1,0.0013053978
FBgn0029644,1,0.0013053978
FBgn0029645,1,0.0013053978
FBgn0029689,1,0.0013053978
FBgn0029693,1,0.0013053978
FBgn0029705,1,0.0013053978
FBgn0029709,1,0.0013053978
FBgn0029710,1,0.0013053978
FBgn0029714,1,0.0013053978
FBgn0029717,1,0.0013053978
FBgn0029718,1,0.0013053978
FBgn0029733,1,0.0013053978
FBgn0029736,1,0.0013053978
FBgn0029747,1,0.0013053978
FBgn0029771,1,0.0013053978
FBgn0029800,1,0.0013053978
FBgn0029812,1,0.0013053978
FBgn0029818,1,0.0013053978
FBgn0029833,1,0.0013053978
FBgn0029856,1,0.0013053978
FBgn0029859,1,0.0013053978
FBgn0029874,1,0.0013053978
FBgn0029906,1,0.0013053978
FBgn0029912,1,0.0013053978
FBgn0029913,1,0.0013053978
FBgn0029920,1,0.0013053978
FBgn0029924,1,0.0013053978
FBgn0029937,1,0.0013053978
FBgn0029944,1,0.0013053978
FBgn0029945,1,0.0013053978
FBgn0029947,1,0.0013053978
FBgn0029948,1,0.0013053978
FBgn0029957,1,0.0013053978
FBgn0029962,1,0.0013053978
FBgn0029977,1,0.0013053978
FBgn0029993,1,0.0013053978
FBgn0030025,1,0.0013053978
FBgn0030026,1,0.0013053978
FBgn0030028,1,0.0013053978
FBgn0030039,1,0.0013053978
FBgn0030050,1,0.0013053978
FBgn0030061,1,0.0013053978
FBgn0030081,1,0.0013053978
FBgn0030085,1,0.0013053978
FBgn0030088,1,0.0013053978
FBgn0030100,1,0.0013053978
FBgn0030102,1,0.0013053978
FBgn0030105,1,0.0013053978
FBgn0030116,1,0.0013053978
FBgn0030117,1,0.0013053978
FBgn0030137,1,0.0013053978
FBgn0030156,1,0.0013053978
FBgn0030162,1,0.0013053978
FBgn0030177,1,0.0013053978
FBgn0030178,1,0.0013053978
FBgn0030196,1,0.0013053978
FBgn0030200,1,0.0013053978
FBgn0030221,1,0.0013053978
FBgn0030239,1,0.0013053978
FBgn0030251,1,0.0013053978
FBgn0030259,1,0.0013053978
FBgn0030260,1,0.0013053978
FBgn0030262,1,0.0013053978
FBgn0030263,1,0.0013053978
FBgn0030297,1,0.0013053978
FBgn0030305,1,0.0013053978
FBgn0030307,1,0.0013053978
FBgn0030310,1,0.0013053978
FBgn0030314,1,0.0013053978
FBgn0030317,1,0.0013053978
FBgn0030327,1,0.0013053978
FBgn0030331,1,0.0013053978
FBgn0030332,1,0.0013053978
FBgn0030345,1,0.0013053978
FBgn0030356,1,0.0013053978
FBgn0030365,1,0.0013053978
FBgn0030374,1,0.0013053978
FBgn0030385,1,0.0013053978
FBgn0030386,1,0.0013053978
FBgn0030403,1,0.0013053978
FBgn0030435,1,0.0013053978
FBgn0030439,1,0.0013053978
FBgn0030447,1,0.0013053978
FBgn0030449,1,0.0013053978
FBgn0030456,1,0.0013053978
FBgn0030465,1,0.0013053978
FBgn0030466,1,0.0013053978
FBgn0030480,1,0.0013053978
FBgn0030482,1,0.0013053978
FBgn0030484,1,0.0013053978
FBgn0030492,1,0.0013053978
FBgn0030494,1,0.0013053978
FBgn0030500,1,0.0013053978
FBgn0030504,1,0.0013053978
FBgn0030524,1,0.0013053978
FBgn0030529,1,0.0013053978
FBgn0030536,1,0.0013053978
FBgn0030544,1,0.0013053978
FBgn0030551,1,0.0013053978
FBgn0030552,1,0.0013053978
FBgn0030556,1,0.0013053978
FBgn0030562,1,0.0013053978
FBgn0030563,1,0.0013053978
FBgn0030572,1,0.0013053978
FBgn0030573,1,0.0013053978
FBgn0030575,1,0.0013053978
FBgn0030584,1,0.0013053978
FBgn0030594,1,0.0013053978
FBgn0030595,1,0.0013053978
FBgn0030599,1,0.0013053978
FBgn0030638,1,0.0013053978
FBgn0030642,1,0.0013053978
FBgn0030655,1,0.0013053978
FBgn0030660,1,0.0013053978
FBgn0030661,1,0.0013053978
FBgn0030671,1,0.0013053978
FBgn0030688,1,0.0013053978
FBgn0030692,1,0.0013053978
FBgn0030729,1,0.0013053978
FBgn0030756,1,0.0013053978
FBgn0030768,1,0.0013053978
FBgn0030773,1,0.0013053978
FBgn0030776,1,0.0013053978
FBgn0030777,1,0.0013053978
FBgn0030786,1,0.0013053978
FBgn0030787,1,0.0013053978
FBgn0030800,1,0.0013053978
FBgn0030804,1,0.0013053978
FBgn0030813,1,0.0013053978
FBgn0030814,1,0.0013053978
FBgn0030823,1,0.0013053978
FBgn0030828,1,0.0013053978
FBgn0030851,1,0.0013053978
FBgn0030855,1,0.0013053978
FBgn0030858,1,0.0013053978
FBgn0030859,1,0.0013053978
FBgn0030870,1,0.0013053978
FBgn0030871,1,0.0013053978
FBgn0030874,1,0.0013053978
FBgn0030878,1,0.0013053978
FBgn0030880,1,0.0013053978
FBgn0030899,1,0.0013053978
FBgn0030900,1,0.0013053978
FBgn0030927,1,0.0013053978
FBgn0030929,1,0.0013053978
FBgn0030944,1,0.0013053978
FBgn0030947,1,0.0013053978
FBgn0030958,1,0.0013053978
FBgn0030963,1,0.0013053978
FBgn0030966,1,0.0013053978
FBgn0030968,1,0.0013053978
FBgn0030969,1,0.0013053978
FBgn0030973,1,0.0013053978
FBgn0030980,1,0.0013053978
FBgn0030990,1,0.0013053978
FBgn0030998,1,0.0013053978
FBgn0031020,1,0.0013053978
FBgn0031021,1,0.0013053978
FBgn0031036,1,0.0013053978
FBgn0031040,1,0.0013053978
FBgn0031050,1,0.0013053978
FBgn0031057,1,0.0013053978
FBgn0031062,1,0.0013053978
FBgn0031093,1,0.0013053978
FBgn0031104,1,0.0013053978
FBgn0031106,1,0.0013053978
FBgn0031111,1,0.0013053978
FBgn0031130,1,0.0013053978
FBgn0031135,1,0.0013053978
FBgn0031142,1,0.0013053978
FBgn0031143,1,0.0013053978
FBgn0031149,1,0.0013053978
FBgn0031184,1,0.0013053978
FBgn0031196,1,0.0013053978
FBgn0031208,1,0.0013053978
FBgn0031227,1,0.0013053978
FBgn0031231,1,0.0013053978
FBgn0031240,1,0.0013053978
FBgn0031244,1,0.0013053978
FBgn0031256,1,0.0013053978
FBgn0031263,1,0.0013053978
FBgn0031266,1,0.0013053978
FBgn0031283,1,0.0013053978
FBgn0031284,1,0.0013053978
FBgn0031304,1,0.0013053978
FBgn0031314,1,0.0013053978
FBgn0031315,1,0.0013053978
FBgn0031317,1,0.0013053978
FBgn0031324,1,0.0013053978
FBgn0031333,1,0.0013053978
FBgn0031351,1,0.0013053978
FBgn0031367,1,0.0013053978
FBgn0031378,1,0.0013053978
FBgn0031379,1,0.0013053978
FBgn0031391,1,0.0013053978
FBgn0031399,1,0.0013053978
FBgn0031403,1,0.0013053978
FBgn0031419,1,0.0013053978
FBgn0031430,1,0.0013053978
FBgn0031434,1,0.0013053978
FBgn0031437,1,0.0013053978
FBgn0031440,1,0.0013053978
FBgn0031442,1,0.0013053978
FBgn0031443,1,0.0013053978
FBgn0031458,1,0.0013053978
FBgn0031460,1,0.0013053978
FBgn0031463,1,0.0013053978
FBgn0031468,1,0.0013053978
FBgn0031469,1,0.0013053978
FBgn0031470,1,0.0013053978
FBgn0031471,1,0.0013053978
FBgn0031479,1,0.0013053978
FBgn0031492,1,0.0013053978
FBgn0031494,1,0.0013053978
FBgn0031512,1,0.0013053978
FBgn0031517,1,0.0013053978
FBgn0031529,1,0.0013053978
FBgn0031535,1,0.0013053978
FBgn0031544,1,0.0013053978
FBgn0031549,1,0.0013053978
FBgn0031558,1,0.0013053978
FBgn0031561,1,0.0013053978
FBgn0031563,1,0.0013053978
FBgn0031564,1,0.0013053978
FBgn0031596,1,0.0013053978
FBgn0031601,1,0.0013053978
FBgn0031607,1,0.0013053978
FBgn0031608,1,0.0013053978
FBgn0031609,1,0.0013053978
FBgn0031633,1,0.0013053978
FBgn0031639,1,0.0013053978
FBgn0031640,1,0.0013053978
FBgn0031643,1,0.0013053978
FBgn0031644,1,0.0013053978
FBgn0031651,1,0.0013053978
FBgn0031660,1,0.0013053978
FBgn0031661,1,0.0013053978
FBgn0031662,1,0.0013053978
FBgn0031663,1,0.0013053978
FBgn0031676,1,0.0013053978
FBgn0031684,1,0.0013053978
FBgn0031700,1,0.0013053978
FBgn0031710,1,0.0013053978
FBgn0031715,1,0.0013053978
FBgn0031720,1,0.0013053978
FBgn0031723,1,0.0013053978
FBgn0031726,1,0.0013053978
FBgn0031740,1,0.0013053978
FBgn0031763,1,0.0013053978
FBgn0031771,1,0.0013053978
FBgn0031772,1,0.0013053978
FBgn0031776,1,0.0013053978
FBgn0031778,1,0.0013053978
FBgn0031801,1,0.0013053978
FBgn0031824,1,0.0013053978
FBgn0031829,1,0.0013053978
FBgn0031830,1,0.0013053978
FBgn0031831,1,0.0013053978
FBgn0031851,1,0.0013053978
FBgn0031855,1,0.0013053978
FBgn0031873,1,0.0013053978
FBgn0031875,1,0.0013053978
FBgn0031877,1,0.0013053978
FBgn0031881,1,0.0013053978
FBgn0031886,1,0.0013053978
FBgn0031905,1,0.0013053978
FBgn0031908,1,0.0013053978
FBgn0031913,1,0.0013053978
FBgn0031925,1,0.0013053978
FBgn0031930,1,0.0013053978
FBgn0031940,1,0.0013053978
FBgn0031946,1,0.0013053978
FBgn0031959,1,0.0013053978
FBgn0031971,1,0.0013053978
FBgn0031973,1,0.0013053978
FBgn0031977,1,0.0013053978
FBgn0031979,1,0.0013053978
FBgn0031992,1,0.0013053978
FBgn0032002,1,0.0013053978
FBgn0032003,1,0.0013053978
FBgn0032004,1,0.0013053978
FBgn0032008,1,0.0013053978
FBgn0032015,1,0.0013053978
FBgn0032016,1,0.0013053978
FBgn0032018,1,0.0013053978
FBgn0032020,1,0.0013053978
FBgn0032024,1,0.0013053978
FBgn0032050,1,0.0013053978
FBgn0032052,1,0.0013053978
FBgn0032055,1,0.0013053978
FBgn0032061,1,0.0013053978
FBgn0032067,1,0.0013053978
FBgn0032077,1,0.0013053978
FBgn0032087,1,0.0013053978
FBgn0032104,1,0.0013053978
FBgn0032119,1,0.0013053978
FBgn0032127,1,0.0013053978
FBgn0032132,1,0.0013053978
FBgn0032138,1,0.0013053978
FBgn0032143,1,0.0013053978
FBgn0032153,1,0.0013053978
FBgn0032154,1,0.0013053978
FBgn0032162,1,0.0013053978
FBgn0032168,1,0.0013053978
FBgn0032200,1,0.0013053978
FBgn0032205,1,0.0013053978
FBgn0032217,1,0.0013053978
FBgn0032224,1,0.0013053978
FBgn0032228,1,0.0013053978
FBgn0032229,1,0.0013053978
FBgn0032234,1,0.0013053978
FBgn0032235,1,0.0013053978
FBgn0032236,1,0.0013053978
FBgn0032242,1,0.0013053978
FBgn0032248,1,0.0013053978
FBgn0032249,1,0.0013053978
FBgn0032250,1,0.0013053978
FBgn0032251,1,0.0013053978
FBgn0032261,1,0.0013053978
FBgn0032265,1,0.0013053978
FBgn0032287,1,0.0013053978
FBgn0032291,1,0.0013053978
FBgn0032292,1,0.0013053978
FBgn0032313,1,0.0013053978
FBgn0032321,1,0.0013053978
FBgn0032339,1,0.0013053978
FBgn0032345,1,0.0013053978
FBgn0032346,1,0.0013053978
FBgn0032348,1,0.0013053978
FBgn0032350,1,0.0013053978
FBgn0032360,1,0.0013053978
FBgn0032366,1,0.0013053978
FBgn0032368,1,0.0013053978
FBgn0032372,1,0.0013053978
FBgn0032376,1,0.0013053978
FBgn0032390,1,0.0013053978
FBgn0032393,1,0.0013053978
FBgn0032395,1,0.0013053978
FBgn0032402,1,0.0013053978
FBgn0032409,1,0.0013053978
FBgn0032421,1,0.0013053978
FBgn0032424,1,0.0013053978
FBgn0032435,1,0.0013053978
FBgn0032436,1,0.0013053978
FBgn0032445,1,0.0013053978
FBgn0032449,1,0.0013053978
FBgn0032451,1,0.0013053978
FBgn0032457,1,0.0013053978
FBgn0032462,1,0.0013053978
FBgn0032464,1,0.0013053978
FBgn0032465,1,0.0013053978
FBgn0032470,1,0.0013053978
FBgn0032488,1,0.0013053978
FBgn0032507,1,0.0013053978
FBgn0032509,1,0.0013053978
FBgn0032511,1,0.0013053978
FBgn0032514,1,0.0013053978
FBgn0032523,1,0.0013053978
FBgn0032530,1,0.0013053978
FBgn0032536,1,0.0013053978
FBgn0032538,1,0.0013053978
FBgn0032577,1,0.0013053978
FBgn0032588,1,0.0013053978
FBgn0032595,1,0.0013053978
FBgn0032596,1,0.0013053978
FBgn0032615,1,0.0013053978
FBgn0032618,1,0.0013053978
FBgn0032635,1,0.0013053978
FBgn0032636,1,0.0013053978
FBgn0032643,1,0.0013053978
FBgn0032644,1,0.0013053978
FBgn0032645,1,0.0013053978
FBgn0032646,1,0.0013053978
FBgn0032649,1,0.0013053978
FBgn0032663,1,0.0013053978
FBgn0032690,1,0.0013053978
FBgn0032691,1,0.0013053978
FBgn0032703,1,0.0013053978
FBgn0032705,1,0.0013053978
FBgn0032725,1,0.0013053978
FBgn0032727,1,0.0013053978
FBgn0032732,1,0.0013053978
FBgn0032746,1,0.0013053978
FBgn0032748,1,0.0013053978
FBgn0032749,1,0.0013053978
FBgn0032750,1,0.0013053978
FBgn0032763,1,0.0013053978
FBgn0032781,1,0.0013053978
FBgn0032788,1,0.0013053978
FBgn0032789,1,0.0013053978
FBgn0032790,1,0.0013053978
FBgn0032791,1,0.0013053978
FBgn0032799,1,0.0013053978
FBgn0032805,1,0.0013053978
FBgn0032810,1,0.0013053978
FBgn0032811,1,0.0013053978
FBgn0032822,1,0.0013053978
FBgn0032834,1,0.0013053978
FBgn0032847,1,0.0013053978
FBgn0032848,1,0.0013053978
FBgn0032849,1,0.0013053978
FBgn0032858,1,0.0013053978
FBgn0032859,1,0.0013053978
FBgn0032863,1,0.0013053978
FBgn0032868,1,0.0013053978
FBgn0032871,1,0.0013053978
FBgn0032882,1,0.0013053978
FBgn0032898,1,0.0013053978
FBgn0032907,1,0.0013053978
FBgn0032919,1,0.0013053978
FBgn0032925,1,0.0013053978
FBgn0032929,1,0.0013053978
FBgn0033000,1,0.0013053978
FBgn0033017,1,0.0013053978
FBgn0033065,1,0.0013053978
FBgn0033067,1,0.0013053978
FBgn0033076,1,0.0013053978
FBgn0033089,1,0.0013053978
FBgn0033093,1,0.0013053978
FBgn0033100,1,0.0013053978
FBgn0033104,1,0.0013053978
FBgn0033124,1,0.0013053978
FBgn0033128,1,0.0013053978
FBgn0033130,1,0.0013053978
FBgn0033131,1,0.0013053978
FBgn0033138,1,0.0013053978
FBgn0033139,1,0.0013053978
FBgn0033145,1,0.0013053978
FBgn0033155,1,0.0013053978
FBgn0033158,1,0.0013053978
FBgn0033169,1,0.0013053978
FBgn0033174,1,0.0013053978
FBgn0033177,1,0.0013053978
FBgn0033179,1,0.0013053978
FBgn0033187,1,0.0013053978
FBgn0033191,1,0.0013053978
FBgn0033199,1,0.0013053978
FBgn0033205,1,0.0013053978
FBgn0033207,1,0.0013053978
FBgn0033208,1,0.0013053978
FBgn0033209,1,0.0013053978
FBgn0033216,1,0.0013053978
FBgn0033221,1,0.0013053978
FBgn0033235,1,0.0013053978
FBgn0033249,1,0.0013053978
FBgn0033264,1,0.0013053978
FBgn0033266,1,0.0013053978
FBgn0033277,1,0.0013053978
FBgn0033294,1,0.0013053978
FBgn0033296,1,0.0013053978
FBgn0033308,1,0.0013053978
FBgn0033312,1,0.0013053978
FBgn0033317,1,0.0013053978
FBgn0033321,1,0.0013053978
FBgn0033357,1,0.0013053978
FBgn0033367,1,0.0013053978
FBgn0033377,1,0.0013053978
FBgn0033378,1,0.0013053978
FBgn0033379,1,0.0013053978
FBgn0033381,1,0.0013053978
FBgn0033389,1,0.0013053978
FBgn0033391,1,0.0013053978
FBgn0033392,1,0.0013053978
FBgn0033400,1,0.0013053978
FBgn0033412,1,0.0013053978
FBgn0033454,1,0.0013053978
FBgn0033479,1,0.0013053978
FBgn0033481,1,0.0013053978
FBgn0033482,1,0.0013053978
FBgn0033485,1,0.0013053978
FBgn0033498,1,0.0013053978
FBgn0033521,1,0.0013053978
FBgn0033526,1,0.0013053978
FBgn0033540,1,0.0013053978
FBgn0033547,1,0.0013053978
FBgn0033548,1,0.0013053978
FBgn0033555,1,0.0013053978
FBgn0033557,1,0.0013053978
FBgn0033570,1,0.0013053978
FBgn0033600,1,0.0013053978
FBgn0033602,1,0.0013053978
FBgn0033605,1,0.0013053978
FBgn0033610,1,0.0013053978
FBgn0033614,1,0.0013053978
FBgn0033629,1,0.0013053978
FBgn0033644,1,0.0013053978
FBgn0033653,1,0.0013053978
FBgn0033657,1,0.0013053978
FBgn0033663,1,0.0013053978
FBgn0033677,1,0.0013053978
FBgn0033696,1,0.0013053978
FBgn0033706,1,0.0013053978
FBgn0033712,1,0.0013053978
FBgn0033729,1,0.0013053978
FBgn0033730,1,0.0013053978
FBgn0033731,1,0.0013053978
FBgn0033735,1,0.0013053978
FBgn0033741,1,0.0013053978
FBgn0033751,1,0.0013053978
FBgn0033752,1,0.0013053978
FBgn0033753,1,0.0013053978
FBgn0033754,1,0.0013053978
FBgn0033761,1,0.0013053978
FBgn0033769,1,0.0013053978
FBgn0033774,1,0.0013053978
FBgn0033775,1,0.0013053978
FBgn0033778,1,0.0013053978
FBgn0033793,1,0.0013053978
FBgn0033794,1,0.0013053978
FBgn0033808,1,0.0013053978
FBgn0033810,1,0.0013053978
FBgn0033814,1,0.0013053978
FBgn0033815,1,0.0013053978
FBgn0033816,1,0.0013053978
FBgn0033826,1,0.0013053978
FBgn0033830,1,0.0013053978
FBgn0033842,1,0.0013053978
FBgn0033848,1,0.0013053978
FBgn0033859,1,0.0013053978
FBgn0033871,1,0.0013053978
FBgn0033880,1,0.0013053978
FBgn0033885,1,0.0013053978
FBgn0033899,1,0.0013053978
FBgn0033901,1,0.0013053978
FBgn0033902,1,0.0013053978
FBgn0033904,1,0.0013053978
FBgn0033907,1,0.0013053978
FBgn0033911,1,0.0013053978
FBgn0033917,1,0.0013053978
FBgn0033918,1,0.0013053978
FBgn0033925,1,0.0013053978
FBgn0033927,1,0.0013053978
FBgn0033931,1,0.0013053978
FBgn0033945,1,0.0013053978
FBgn0033948,1,0.0013053978
FBgn0033949,1,0.0013053978
FBgn0033961,1,0.0013053978
FBgn0033969,1,0.0013053978
FBgn0033971,1,0.0013053978
FBgn0033978,1,0.0013053978
FBgn0033988,1,0.0013053978
FBgn0033995,1,0.0013053978
FBgn0034000,1,0.0013053978
FBgn0034010,1,0.0013053978
FBgn0034012,1,0.0013053978
FBgn0034027,1,0.0013053978
FBgn0034029,1,0.0013053978
FBgn0034035,1,0.0013053978
FBgn0034054,1,0.0013053978
FBgn0034057,1,0.0013053978
FBgn0034058,1,0.0013053978
FBgn0034061,1,0.0013053978
FBgn0034062,1,0.0013053978
FBgn0034073,1,0.0013053978
FBgn0034076,1,0.0013053978
FBgn0034097,1,0.0013053978
FBgn0034099,1,0.0013053978
FBgn0034131,1,0.0013053978
FBgn0034142,1,0.0013053978
FBgn0034152,1,0.0013053978
FBgn0034153,1,0.0013053978
FBgn0034162,1,0.0013053978
FBgn0034175,1,0.0013053978
FBgn0034176,1,0.0013053978
FBgn0034186,1,0.0013053978
FBgn0034197,1,0.0013053978
FBgn0034214,1,0.0013053978
FBgn0034223,1,0.0013053978
FBgn0034231,1,0.0013053978
FBgn0034243,1,0.0013053978
FBgn0034245,1,0.0013053978
FBgn0034247,1,0.0013053978
FBgn0034259,1,0.0013053978
FBgn0034265,1,0.0013053978
FBgn0034270,1,0.0013053978
FBgn0034271,1,0.0013053978
FBgn0034276,1,0.0013053978
FBgn0034278,1,0.0013053978
FBgn0034279,1,0.0013053978
FBgn0034281,1,0.0013053978
FBgn0034283,1,0.0013053978
FBgn0034290,1,0.0013053978
FBgn0034291,1,0.0013053978
FBgn0034292,1,0.0013053978
FBgn0034293,1,0.0013053978
FBgn0034295,1,0.0013053978
FBgn0034296,1,0.0013053978
FBgn0034315,1,0.0013053978
FBgn0034323,1,0.0013053978
FBgn0034326,1,0.0013053978
FBgn0034328,1,0.0013053978
FBgn0034329,1,0.0013053978
FBgn0034346,1,0.0013053978
FBgn0034350,1,0.0013053978
FBgn0034354,1,0.0013053978
FBgn0034361,1,0.0013053978
FBgn0034365,1,0.0013053978
FBgn0034398,1,0.0013053978
FBgn0034399,1,0.0013053978
FBgn0034401,1,0.0013053978
FBgn0034403,1,0.0013053978
FBgn0034405,1,0.0013053978
FBgn0034406,1,0.0013053978
FBgn0034415,1,0.0013053978
FBgn0034442,1,0.0013053978
FBgn0034443,1,0.0013053978
FBgn0034451,1,0.0013053978
FBgn0034454,1,0.0013053978
FBgn0034460,1,0.0013053978
FBgn0034467,1,0.0013053978
FBgn0034468,1,0.0013053978
FBgn0034477,1,0.0013053978
FBgn0034478,1,0.0013053978
FBgn0034480,1,0.0013053978
FBgn0034487,1,0.0013053978
FBgn0034488,1,0.0013053978
FBgn0034494,1,0.0013053978
FBgn0034509,1,0.0013053978
FBgn0034510,1,0.0013053978
FBgn0034512,1,0.0013053978
FBgn0034513,1,0.0013053978
FBgn0034520,1,0.0013053978
FBgn0034521,1,0.0013053978
FBgn0034523,1,0.0013053978
FBgn0034532,1,0.0013053978
FBgn0034535,1,0.0013053978
FBgn0034537,1,0.0013053978
FBgn0034545,1,0.0013053978
FBgn0034548,1,0.0013053978
FBgn0034552,1,0.0013053978
FBgn0034564,1,0.0013053978
FBgn0034569,1,0.0013053978
FBgn0034576,1,0.0013053978
FBgn0034577,1,0.0013053978
FBgn0034578,1,0.0013053978
FBgn0034579,1,0.0013053978
FBgn0034582,1,0.0013053978
FBgn0034595,1,0.0013053978
FBgn0034601,1,0.0013053978
FBgn0034612,1,0.0013053978
FBgn0034622,1,0.0013053978
FBgn0034626,1,0.0013053978
FBgn0034628,1,0.0013053978
FBgn0034629,1,0.0013053978
FBgn0034643,1,0.0013053978
FBgn0034646,1,0.0013053978
FBgn0034650,1,0.0013053978
FBgn0034654,1,0.0013053978
FBgn0034661,1,0.0013053978
FBgn0034663,1,0.0013053978
FBgn0034664,1,0.0013053978
FBgn0034666,1,0.0013053978
FBgn0034694,1,0.0013053978
FBgn0034704,1,0.0013053978
FBgn0034722,1,0.0013053978
FBgn0034724,1,0.0013053978
FBgn0034725,1,0.0013053978
FBgn0034730,1,0.0013053978
FBgn0034739,1,0.0013053978
FBgn0034745,1,0.0013053978
FBgn0034750,1,0.0013053978
FBgn0034753,1,0.0013053978
FBgn0034755,1,0.0013053978
FBgn0034758,1,0.0013053978
FBgn0034763,1,0.0013053978
FBgn0034766,1,0.0013053978
FBgn0034768,1,0.0013053978
FBgn0034783,1,0.0013053978
FBgn0034786,1,0.0013053978
FBgn0034791,1,0.0013053978
FBgn0034814,1,0.0013053978
FBgn0034817,1,0.0013053978
FBgn0034828,1,0.0013053978
FBgn0034839,1,0.0013053978
FBgn0034842,1,0.0013053978
FBgn0034849,1,0.0013053978
FBgn0034853,1,0.0013053978
FBgn0034854,1,0.0013053978
FBgn0034856,1,0.0013053978
FBgn0034871,1,0.0013053978
FBgn0034877,1,0.0013053978
FBgn0034879,1,0.0013053978
FBgn0034884,1,0.0013053978
FBgn0034887,1,0.0013053978
FBgn0034893,1,0.0013053978
FBgn0034902,1,0.0013053978
FBgn0034913,1,0.0013053978
FBgn0034919,1,0.0013053978
FBgn0034925,1,0.0013053978
FBgn0034933,1,0.0013053978
FBgn0034938,1,0.0013053978
FBgn0034942,1,0.0013053978
FBgn0034943,1,0.0013053978
FBgn0034945,1,0.0013053978
FBgn0034948,1,0.0013053978
FBgn0034957,1,0.0013053978
FBgn0034964,1,0.0013053978
FBgn0034972,1,0.0013053978
FBgn0034986,1,0.0013053978
FBgn0034996,1,0.0013053978
FBgn0035003,1,0.0013053978
FBgn0035006,1,0.0013053978
FBgn0035042,1,0.0013053978
FBgn0035044,1,0.0013053978
FBgn0035078,1,0.0013053978
FBgn0035109,1,0.0013053978
FBgn0035121,1,0.0013053978
FBgn0035141,1,0.0013053978
FBgn0035148,1,0.0013053978
FBgn0035168,1,0.0013053978
FBgn0035169,1,0.0013053978
FBgn0035179,1,0.0013053978
FBgn0035186,1,0.0013053978
FBgn0035189,1,0.0013053978
FBgn0035217,1,0.0013053978
FBgn0035231,1,0.0013053978
FBgn0035243,1,0.0013053978
FBgn0035251,1,0.0013053978
FBgn0035256,1,0.0013053978
FBgn0035264,1,0.0013053978
FBgn0035265,1,0.0013053978
FBgn0035281,1,0.0013053978
FBgn0035293,1,0.0013053978
FBgn0035300,1,0.0013053978
FBgn0035323,1,0.0013053978
FBgn0035328,1,0.0013053978
FBgn0035334,1,0.0013053978
FBgn0035337,1,0.0013053978
FBgn0035343,1,0.0013053978
FBgn0035344,1,0.0013053978
FBgn0035355,1,0.0013053978
FBgn0035358,1,0.0013053978
FBgn0035359,1,0.0013053978
FBgn0035372,1,0.0013053978
FBgn0035374,1,0.0013053978
FBgn0035383,1,0.0013053978
FBgn0035412,1,0.0013053978
FBgn0035421,1,0.0013053978
FBgn0035443,1,0.0013053978
FBgn0035445,1,0.0013053978
FBgn0035461,1,0.0013053978
FBgn0035462,1,0.0013053978
FBgn0035468,1,0.0013053978
FBgn0035469,1,0.0013053978
FBgn0035475,1,0.0013053978
FBgn0035510,1,0.0013053978
FBgn0035513,1,0.0013053978
FBgn0035517,1,0.0013053978
FBgn0035518,1,0.0013053978
FBgn0035519,1,0.0013053978
FBgn0035529,1,0.0013053978
FBgn0035540,1,0.0013053978
FBgn0035554,1,0.0013053978
FBgn0035575,1,0.0013053978
FBgn0035583,1,0.0013053978
FBgn0035585,1,0.0013053978
FBgn0035588,1,0.0013053978
FBgn0035591,1,0.0013053978
FBgn0035592,1,0.0013053978
FBgn0035600,1,0.0013053978
FBgn0035622,1,0.0013053978
FBgn0035624,1,0.0013053978
FBgn0035631,1,0.0013053978
FBgn0035632,1,0.0013053978
FBgn0035645,1,0.0013053978
FBgn0035661,1,0.0013053978
FBgn0035669,1,0.0013053978
FBgn0035670,1,0.0013053978
FBgn0035685,1,0.0013053978
FBgn0035686,1,0.0013053978
FBgn0035687,1,0.0013053978
FBgn0035690,1,0.0013053978
FBgn0035691,1,0.0013053978
FBgn0035694,1,0.0013053978
FBgn0035697,1,0.0013053978
FBgn0035703,1,0.0013053978
FBgn0035704,1,0.0013053978
FBgn0035709,1,0.0013053978
FBgn0035714,1,0.0013053978
FBgn0035718,1,0.0013053978
FBgn0035722,1,0.0013053978
FBgn0035724,1,0.0013053978
FBgn0035725,1,0.0013053978
FBgn0035726,1,0.0013053978
FBgn0035741,1,0.0013053978
FBgn0035751,1,0.0013053978
FBgn0035760,1,0.0013053978
FBgn0035762,1,0.0013053978
FBgn0035771,1,0.0013053978
FBgn0035790,1,0.0013053978
FBgn0035791,1,0.0013053978
FBgn0035805,1,0.0013053978
FBgn0035811,1,0.0013053978
FBgn0035825,1,0.0013053978
FBgn0035827,1,0.0013053978
FBgn0035833,1,0.0013053978
FBgn0035838,1,0.0013053978
FBgn0035848,1,0.0013053978
FBgn0035851,1,0.0013053978
FBgn0035852,1,0.0013053978
FBgn0035909,1,0.0013053978
FBgn0035911,1,0.0013053978
FBgn0035915,1,0.0013053978
FBgn0035918,1,0.0013053978
FBgn0035923,1,0.0013053978
FBgn0035928,1,0.0013053978
FBgn0035929,1,0.0013053978
FBgn0035931,1,0.0013053978
FBgn0035932,1,0.0013053978
FBgn0035945,1,0.0013053978
FBgn0035947,1,0.0013053978
FBgn0035948,1,0.0013053978
FBgn0035951,1,0.0013053978
FBgn0035956,1,0.0013053978
FBgn0035960,1,0.0013053978
FBgn0035964,1,0.0013053978
FBgn0035965,1,0.0013053978
FBgn0036000,1,0.0013053978
FBgn0036004,1,0.0013053978
FBgn0036031,1,0.0013053978
FBgn0036036,1,0.0013053978
FBgn0036038,1,0.0013053978
FBgn0036040,1,0.0013053978
FBgn0036046,1,0.0013053978
FBgn0036057,1,0.0013053978
FBgn0036066,1,0.0013053978
FBgn0036075,1,0.0013053978
FBgn0036091,1,0.0013053978
FBgn0036096,1,0.0013053978
FBgn0036105,1,0.0013053978
FBgn0036117,1,0.0013053978
FBgn0036121,1,0.0013053978
FBgn0036124,1,0.0013053978
FBgn0036128,1,0.0013053978
FBgn0036133,1,0.0013053978
FBgn0036135,1,0.0013053978
FBgn0036136,1,0.0013053978
FBgn0036146,1,0.0013053978
FBgn0036155,1,0.0013053978
FBgn0036186,1,0.0013053978
FBgn0036198,1,0.0013053978
FBgn0036206,1,0.0013053978
FBgn0036207,1,0.0013053978
FBgn0036225,1,0.0013053978
FBgn0036228,1,0.0013053978
FBgn0036242,1,0.0013053978
FBgn0036248,1,0.0013053978
FBgn0036254,1,0.0013053978
FBgn0036258,1,0.0013053978
FBgn0036274,1,0.0013053978
FBgn0036277,1,0.0013053978
FBgn0036289,1,0.0013053978
FBgn0036292,1,0.0013053978
FBgn0036299,1,0.0013053978
FBgn0036306,1,0.0013053978
FBgn0036323,1,0.0013053978
FBgn0036334,1,0.0013053978
FBgn0036335,1,0.0013053978
FBgn0036336,1,0.0013053978
FBgn0036343,1,0.0013053978
FBgn0036345,1,0.0013053978
FBgn0036359,1,0.0013053978
FBgn0036367,1,0.0013053978
FBgn0036372,1,0.0013053978
FBgn0036389,1,0.0013053978
FBgn0036410,1,0.0013053978
FBgn0036450,1,0.0013053978
FBgn0036459,1,0.0013053978
FBgn0036461,1,0.0013053978
FBgn0036479,1,0.0013053978
FBgn0036486,1,0.0013053978
FBgn0036488,1,0.0013053978
FBgn0036489,1,0.0013053978
FBgn0036492,1,0.0013053978
FBgn0036498,1,0.0013053978
FBgn0036500,1,0.0013053978
FBgn0036501,1,0.0013053978
FBgn0036509,1,0.0013053978
FBgn0036514,1,0.0013053978
FBgn0036527,1,0.0013053978
FBgn0036529,1,0.0013053978
FBgn0036531,1,0.0013053978
FBgn0036551,1,0.0013053978
FBgn0036552,1,0.0013053978
FBgn0036553,1,0.0013053978
FBgn0036557,1,0.0013053978
FBgn0036563,1,0.0013053978
FBgn0036565,1,0.0013053978
FBgn0036569,1,0.0013053978
FBgn0036579,1,0.0013053978
FBgn0036581,1,0.0013053978
FBgn0036597,1,0.0013053978
FBgn0036601,1,0.0013053978
FBgn0036603,1,0.0013053978
FBgn0036605,1,0.0013053978
FBgn0036607,1,0.0013053978
FBgn0036614,1,0.0013053978
FBgn0036620,1,0.0013053978
FBgn0036629,1,0.0013053978
FBgn0036643,1,0.0013053978
FBgn0036646,1,0.0013053978
FBgn0036648,1,0.0013053978
FBgn0036652,1,0.0013053978
FBgn0036656,1,0.0013053978
FBgn0036686,1,0.0013053978
FBgn0036690,1,0.0013053978
FBgn0036709,1,0.0013053978
FBgn0036711,1,0.0013053978
FBgn0036726,1,0.0013053978
FBgn0036740,1,0.0013053978
FBgn0036746,1,0.0013053978
FBgn0036751,1,0.0013053978
FBgn0036757,1,0.0013053978
FBgn0036759,1,0.0013053978
FBgn0036762,1,0.0013053978
FBgn0036766,1,0.0013053978
FBgn0036771,1,0.0013053978
FBgn0036774,1,0.0013053978
FBgn0036780,1,0.0013053978
FBgn0036783,1,0.0013053978
FBgn0036784,1,0.0013053978
FBgn0036787,1,0.0013053978
FBgn0036811,1,0.0013053978
FBgn0036812,1,0.0013053978
FBgn0036813,1,0.0013053978
FBgn0036822,1,0.0013053978
FBgn0036824,1,0.0013053978
FBgn0036827,1,0.0013053978
FBgn0036829,1,0.0013053978
FBgn0036831,1,0.0013053978
FBgn0036833,1,0.0013053978
FBgn0036839,1,0.0013053978
FBgn0036843,1,0.0013053978
FBgn0036848,1,0.0013053978
FBgn0036853,1,0.0013053978
FBgn0036857,1,0.0013053978
FBgn0036859,1,0.0013053978
FBgn0036860,1,0.0013053978
FBgn0036886,1,0.0013053978
FBgn0036887,1,0.0013053978
FBgn0036888,1,0.0013053978
FBgn0036889,1,0.0013053978
FBgn0036918,1,0.0013053978
FBgn0036919,1,0.0013053978
FBgn0036932,1,0.0013053978
FBgn0036936,1,0.0013053978
FBgn0036937,1,0.0013053978
FBgn0036947,1,0.0013053978
FBgn0036956,1,0.0013053978
FBgn0036964,1,0.0013053978
FBgn0036969,1,0.0013053978
FBgn0036972,1,0.0013053978
FBgn0036986,1,0.0013053978
FBgn0036988,1,0.0013053978
FBgn0036990,1,0.0013053978
FBgn0036996,1,0.0013053978
FBgn0037008,1,0.0013053978
FBgn0037014,1,0.0013053978
FBgn0037019,1,0.0013053978
FBgn0037020,1,0.0013053978
FBgn0037022,1,0.0013053978
FBgn0037036,1,0.0013053978
FBgn0037038,1,0.0013053978
FBgn0037050,1,0.0013053978
FBgn0037061,1,0.0013053978
FBgn0037064,1,0.0013053978
FBgn0037086,1,0.0013053978
FBgn0037090,1,0.0013053978
FBgn0037101,1,0.0013053978
FBgn0037110,1,0.0013053978
FBgn0037141,1,0.0013053978
FBgn0037175,1,0.0013053978
FBgn0037199,1,0.0013053978
FBgn0037204,1,0.0013053978
FBgn0037228,1,0.0013053978
FBgn0037230,1,0.0013053978
FBgn0037244,1,0.0013053978
FBgn0037249,1,0.0013053978
FBgn0037255,1,0.0013053978
FBgn0037276,1,0.0013053978
FBgn0037305,1,0.0013053978
FBgn0037359,1,0.0013053978
FBgn0037360,1,0.0013053978
FBgn0037370,1,0.0013053978
FBgn0037372,1,0.0013053978
FBgn0037374,1,0.0013053978
FBgn0037378,1,0.0013053978
FBgn0037406,1,0.0013053978
FBgn0037416,1,0.0013053978
FBgn0037420,1,0.0013053978
FBgn0037421,1,0.0013053978
FBgn0037424,1,0.0013053978
FBgn0037428,1,0.0013053978
FBgn0037430,1,0.0013053978
FBgn0037431,1,0.0013053978
FBgn0037460,1,0.0013053978
FBgn0037463,1,0.0013053978
FBgn0037465,1,0.0013053978
FBgn0037469,1,0.0013053978
FBgn0037472,1,0.0013053978
FBgn0037477,1,0.0013053978
FBgn0037483,1,0.0013053978
FBgn0037488,1,0.0013053978
FBgn0037490,1,0.0013053978
FBgn0037491,1,0.0013053978
FBgn0037492,1,0.0013053978
FBgn0037498,1,0.0013053978
FBgn0037501,1,0.0013053978
FBgn0037503,1,0.0013053978
FBgn0037504,1,0.0013053978
FBgn0037517,1,0.0013053978
FBgn0037519,1,0.0013053978
FBgn0037520,1,0.0013053978
FBgn0037539,1,0.0013053978
FBgn0037547,1,0.0013053978
FBgn0037551,1,0.0013053978
FBgn0037562,1,0.0013053978
FBgn0037566,1,0.0013053978
FBgn0037573,1,0.0013053978
FBgn0037576,1,0.0013053978
FBgn0037579,1,0.0013053978
FBgn0037594,1,0.0013053978
FBgn0037608,1,0.0013053978
FBgn0037609,1,0.0013053978
FBgn0037610,1,0.0013053978
FBgn0037619,1,0.0013053978
FBgn0037620,1,0.0013053978
FBgn0037621,1,0.0013053978
FBgn0037634,1,0.0013053978
FBgn0037647,1,0.0013053978
FBgn0037648,1,0.0013053978
FBgn0037650,1,0.0013053978
FBgn0037660,1,0.0013053978
FBgn0037665,1,0.0013053978
FBgn0037671,1,0.0013053978
FBgn0037687,1,0.0013053978
FBgn0037696,1,0.0013053978
FBgn0037700,1,0.0013053978
FBgn0037708,1,0.0013053978
FBgn0037716,1,0.0013053978
FBgn0037727,1,0.0013053978
FBgn0037728,1,0.0013053978
FBgn0037730,1,0.0013053978
FBgn0037731,1,0.0013053978
FBgn0037741,1,0.0013053978
FBgn0037743,1,0.0013053978
FBgn0037753,1,0.0013053978
FBgn0037756,1,0.0013053978
FBgn0037758,1,0.0013053978
FBgn0037761,1,0.0013053978
FBgn0037763,1,0.0013053978
FBgn0037770,1,0.0013053978
FBgn0037777,1,0.0013053978
FBgn0037778,1,0.0013053978
FBgn0037794,1,0.0013053978
FBgn0037797,1,0.0013053978
FBgn0037798,1,0.0013053978
FBgn0037801,1,0.0013053978
FBgn0037809,1,0.0013053978
FBgn0037812,1,0.0013053978
FBgn0037814,1,0.0013053978
FBgn0037815,1,0.0013053978
FBgn0037817,1,0.0013053978
FBgn0037818,1,0.0013053978
FBgn0037819,1,0.0013053978
FBgn0037834,1,0.0013053978
FBgn0037841,1,0.0013053978
FBgn0037845,1,0.0013053978
FBgn0037848,1,0.0013053978
FBgn0037857,1,0.0013053978
FBgn0037873,1,0.0013053978
FBgn0037876,1,0.0013053978
FBgn0037881,1,0.0013053978
FBgn0037883,1,0.0013053978
FBgn0037888,1,0.0013053978
FBgn0037891,1,0.0013053978
FBgn0037892,1,0.0013053978
FBgn0037894,1,0.0013053978
FBgn0037895,1,0.0013053978
FBgn0037899,1,0.0013053978
FBgn0037900,1,0.0013053978
FBgn0037901,1,0.0013053978
FBgn0037902,1,0.0013053978
FBgn0037915,1,0.0013053978
FBgn0037916,1,0.0013053978
FBgn0037920,1,0.0013053978
FBgn0037930,1,0.0013053978
FBgn0037933,1,0.0013053978
FBgn0037937,1,0.0013053978
FBgn0037942,1,0.0013053978
FBgn0037943,1,0.0013053978
FBgn0037958,1,0.0013053978
FBgn0037962,1,0.0013053978
FBgn0037964,1,0.0013053978
FBgn0037974,1,0.0013053978
FBgn0037975,1,0.0013053978
FBgn0037980,1,0.0013053978
FBgn0037994,1,0.0013053978
FBgn0037995,1,0.0013053978
FBgn0037996,1,0.0013053978
FBgn0037999,1,0.0013053978
FBgn0038000,1,0.0013053978
FBgn0038001,1,0.0013053978
FBgn0038003,1,0.0013053978
FBgn0038014,1,0.0013053978
FBgn0038016,1,0.0013053978
FBgn0038017,1,0.0013053978
FBgn0038028,1,0.0013053978
FBgn0038032,1,0.0013053978
FBgn0038034,1,0.0013053978
FBgn0038043,1,0.0013053978
FBgn0038045,1,0.0013053978
FBgn0038046,1,0.0013053978
FBgn0038055,1,0.0013053978
FBgn0038067,1,0.0013053978
FBgn0038074,1,0.0013053978
FBgn0038080,1,0.0013053978
FBgn0038082,1,0.0013053978
FBgn0038083,1,0.0013053978
FBgn0038106,1,0.0013053978
FBgn0038115,1,0.0013053978
FBgn0038128,1,0.0013053978
FBgn0038129,1,0.0013053978
FBgn0038130,1,0.0013053978
FBgn0038131,1,0.0013053978
FBgn0038132,1,0.0013053978
FBgn0038133,1,0.0013053978
FBgn0038146,1,0.0013053978
FBgn0038150,1,0.0013053978
FBgn0038170,1,0.0013053978
FBgn0038189,1,0.0013053978
FBgn0038199,1,0.0013053978
FBgn0038202,1,0.0013053978
FBgn0038206,1,0.0013053978
FBgn0038207,1,0.0013053978
FBgn0038210,1,0.0013053978
FBgn0038214,1,0.0013053978
FBgn0038234,1,0.0013053978
FBgn0038235,1,0.0013053978
FBgn0038252,1,0.0013053978
FBgn0038261,1,0.0013053978
FBgn0038269,1,0.0013053978
FBgn0038272,1,0.0013053978
FBgn0038274,1,0.0013053978
FBgn0038300,1,0.0013053978
FBgn0038304,1,0.0013053978
FBgn0038316,1,0.0013053978
FBgn0038319,1,0.0013053978
FBgn0038327,1,0.0013053978
FBgn0038330,1,0.0013053978
FBgn0038331,1,0.0013053978
FBgn0038342,1,0.0013053978
FBgn0038343,1,0.0013053978
FBgn0038348,1,0.0013053978
FBgn0038353,1,0.0013053978
FBgn0038360,1,0.0013053978
FBgn0038366,1,0.0013053978
FBgn0038373,1,0.0013053978
FBgn0038385,1,0.0013053978
FBgn0038394,1,0.0013053978
FBgn0038396,1,0.0013053978
FBgn0038407,1,0.0013053978
FBgn0038412,1,0.0013053978
FBgn0038415,1,0.0013053978
FBgn0038423,1,0.0013053978
FBgn0038426,1,0.0013053978
FBgn0038428,1,0.0013053978
FBgn0038437,1,0.0013053978
FBgn0038438,1,0.0013053978
FBgn0038440,1,0.0013053978
FBgn0038446,1,0.0013053978
FBgn0038450,1,0.0013053978
FBgn0038453,1,0.0013053978
FBgn0038454,1,0.0013053978
FBgn0038462,1,0.0013053978
FBgn0038469,1,0.0013053978
FBgn0038471,1,0.0013053978
FBgn0038472,1,0.0013053978
FBgn0038474,1,0.0013053978
FBgn0038482,1,0.0013053978
FBgn0038508,1,0.0013053978
FBgn0038525,1,0.0013053978
FBgn0038530,1,0.0013053978
FBgn0038531,1,0.0013053978
FBgn0038546,1,0.0013053978
FBgn0038547,1,0.0013053978
FBgn0038550,1,0.0013053978
FBgn0038551,1,0.0013053978
FBgn0038552,1,0.0013053978
FBgn0038570,1,0.0013053978
FBgn0038578,1,0.0013053978
FBgn0038582,1,0.0013053978
FBgn0038584,1,0.0013053978
FBgn0038585,1,0.0013053978
FBgn0038588,1,0.0013053978
FBgn0038589,1,0.0013053978
FBgn0038596,1,0.0013053978
FBgn0038597,1,0.0013053978
FBgn0038598,1,0.0013053978
FBgn0038609,1,0.0013053978
FBgn0038611,1,0.0013053978
FBgn0038612,1,0.0013053978
FBgn0038613,1,0.0013053978
FBgn0038617,1,0.0013053978
FBgn0038631,1,0.0013053978
FBgn0038640,1,0.0013053978
FBgn0038643,1,0.0013053978
FBgn0038645,1,0.0013053978
FBgn0038649,1,0.0013053978
FBgn0038654,1,0.0013053978
FBgn0038655,1,0.0013053978
FBgn0038672,1,0.0013053978
FBgn0038675,1,0.0013053978
FBgn0038678,1,0.0013053978
FBgn0038694,1,0.0013053978
FBgn0038701,1,0.0013053978
FBgn0038709,1,0.0013053978
FBgn0038717,1,0.0013053978
FBgn0038723,1,0.0013053978
FBgn0038730,1,0.0013053978
FBgn0038741,1,0.0013053978
FBgn0038746,1,0.0013053978
FBgn0038750,1,0.0013053978
FBgn0038753,1,0.0013053978
FBgn0038761,1,0.0013053978
FBgn0038763,1,0.0013053978
FBgn0038766,1,0.0013053978
FBgn0038768,1,0.0013053978
FBgn0038772,1,0.0013053978
FBgn0038783,1,0.0013053978
FBgn0038790,1,0.0013053978
FBgn0038806,1,0.0013053978
FBgn0038808,1,0.0013053978
FBgn0038809,1,0.0013053978
FBgn0038810,1,0.0013053978
FBgn0038815,1,0.0013053978
FBgn0038838,1,0.0013053978
FBgn0038845,1,0.0013053978
FBgn0038851,1,0.0013053978
FBgn0038852,1,0.0013053978
FBgn0038854,1,0.0013053978
FBgn0038861,1,0.0013053978
FBgn0038868,1,0.0013053978
FBgn0038870,1,0.0013053978
FBgn0038871,1,0.0013053978
FBgn0038876,1,0.0013053978
FBgn0038877,1,0.0013053978
FBgn0038888,1,0.0013053978
FBgn0038892,1,0.0013053978
FBgn0038901,1,0.0013053978
FBgn0038903,1,0.0013053978
FBgn0038915,1,0.0013053978
FBgn0038923,1,0.0013053978
FBgn0038924,1,0.0013053978
FBgn0038926,1,0.0013053978
FBgn0038929,1,0.0013053978
FBgn0038942,1,0.0013053978
FBgn0038950,1,0.0013053978
FBgn0038960,1,0.0013053978
FBgn0038965,1,0.0013053978
FBgn0038966,1,0.0013053978
FBgn0038968,1,0.0013053978
FBgn0038976,1,0.0013053978
FBgn0038978,1,0.0013053978
FBgn0038986,1,0.0013053978
FBgn0039017,1,0.0013053978
FBgn0039020,1,0.0013053978
FBgn0039030,1,0.0013053978
FBgn0039040,1,0.0013053978
FBgn0039043,1,0.0013053978
FBgn0039051,1,0.0013053978
FBgn0039053,1,0.0013053978
FBgn0039055,1,0.0013053978
FBgn0039058,1,0.0013053978
FBgn0039059,1,0.0013053978
FBgn0039067,1,0.0013053978
FBgn0039069,1,0.0013053978
FBgn0039077,1,0.0013053978
FBgn0039098,1,0.0013053978
FBgn0039099,1,0.0013053978
FBgn0039104,1,0.0013053978
FBgn0039106,1,0.0013053978
FBgn0039107,1,0.0013053978
FBgn0039112,1,0.0013053978
FBgn0039117,1,0.0013053978
FBgn0039125,1,0.0013053978
FBgn0039126,1,0.0013053978
FBgn0039128,1,0.0013053978
FBgn0039130,1,0.0013053978
FBgn0039135,1,0.0013053978
FBgn0039150,1,0.0013053978
FBgn0039154,1,0.0013053978
FBgn0039159,1,0.0013053978
FBgn0039180,1,0.0013053978
FBgn0039182,1,0.0013053978
FBgn0039183,1,0.0013053978
FBgn0039184,1,0.0013053978
FBgn0039188,1,0.0013053978
FBgn0039190,1,0.0013053978
FBgn0039193,1,0.0013053978
FBgn0039194,1,0.0013053978
FBgn0039195,1,0.0013053978
FBgn0039203,1,0.0013053978
FBgn0039204,1,0.0013053978
FBgn0039205,1,0.0013053978
FBgn0039212,1,0.0013053978
FBgn0039218,1,0.0013053978
FBgn0039219,1,0.0013053978
FBgn0039226,1,0.0013053978
FBgn0039228,1,0.0013053978
FBgn0039233,1,0.0013053978
FBgn0039252,1,0.0013053978
FBgn0039258,1,0.0013053978
FBgn0039260,1,0.0013053978
FBgn0039271,1,0.0013053978
FBgn0039274,1,0.0013053978
FBgn0039288,1,0.0013053978
FBgn0039291,1,0.0013053978
FBgn0039293,1,0.0013053978
FBgn0039296,1,0.0013053978
FBgn0039298,1,0.0013053978
FBgn0039299,1,0.0013053978
FBgn0039300,1,0.0013053978
FBgn0039304,1,0.0013053978
FBgn0039305,1,0.0013053978
FBgn0039306,1,0.0013053978
FBgn0039308,1,0.0013053978
FBgn0039311,1,0.0013053978
FBgn0039312,1,0.0013053978
FBgn0039316,1,0.0013053978
FBgn0039323,1,0.0013053978
FBgn0039324,1,0.0013053978
FBgn0039325,1,0.0013053978
FBgn0039331,1,0.0013053978
FBgn0039339,1,0.0013053978
FBgn0039356,1,0.0013053978
FBgn0039357,1,0.0013053978
FBgn0039376,1,0.0013053978
FBgn0039379,1,0.0013053978
FBgn0039387,1,0.0013053978
FBgn0039395,1,0.0013053978
FBgn0039398,1,0.0013053978
FBgn0039402,1,0.0013053978
FBgn0039403,1,0.0013053978
FBgn0039404,1,0.0013053978
FBgn0039407,1,0.0013053978
FBgn0039417,1,0.0013053978
FBgn0039443,1,0.0013053978
FBgn0039451,1,0.0013053978
FBgn0039463,1,0.0013053978
FBgn0039476,1,0.0013053978
FBgn0039481,1,0.0013053978
FBgn0039490,1,0.0013053978
FBgn0039495,1,0.0013053978
FBgn0039500,1,0.0013053978
FBgn0039509,1,0.0013053978
FBgn0039518,1,0.0013053978
FBgn0039520,1,0.0013053978
FBgn0039521,1,0.0013053978
FBgn0039528,1,0.0013053978
FBgn0039558,1,0.0013053978
FBgn0039562,1,0.0013053978
FBgn0039564,1,0.0013053978
FBgn0039565,1,0.0013053978
FBgn0039580,1,0.0013053978
FBgn0039589,1,0.0013053978
FBgn0039591,1,0.0013053978
FBgn0039601,1,0.0013053978
FBgn0039620,1,0.0013053978
FBgn0039623,1,0.0013053978
FBgn0039626,1,0.0013053978
FBgn0039630,1,0.0013053978
FBgn0039631,1,0.0013053978
FBgn0039636,1,0.0013053978
FBgn0039642,1,0.0013053978
FBgn0039651,1,0.0013053978
FBgn0039655,1,0.0013053978
FBgn0039674,1,0.0013053978
FBgn0039687,1,0.0013053978
FBgn0039689,1,0.0013053978
FBgn0039691,1,0.0013053978
FBgn0039696,1,0.0013053978
FBgn0039698,1,0.0013053978
FBgn0039718,1,0.0013053978
FBgn0039726,1,0.0013053978
FBgn0039732,1,0.0013053978
FBgn0039737,1,0.0013053978
FBgn0039743,1,0.0013053978
FBgn0039744,1,0.0013053978
FBgn0039748,1,0.0013053978
FBgn0039754,1,0.0013053978
FBgn0039755,1,0.0013053978
FBgn0039764,1,0.0013053978
FBgn0039765,1,0.0013053978
FBgn0039771,1,0.0013053978
FBgn0039783,1,0.0013053978
FBgn0039784,1,0.0013053978
FBgn0039788,1,0.0013053978
FBgn0039795,1,0.0013053978
FBgn0039796,1,0.0013053978
FBgn0039802,1,0.0013053978
FBgn0039809,1,0.0013053978
FBgn0039818,1,0.0013053978
FBgn0039828,1,0.0013053978
FBgn0039835,1,0.0013053978
FBgn0039848,1,0.0013053978
FBgn0039860,1,0.0013053978
FBgn0039864,1,0.0013053978
FBgn0039868,1,0.0013053978
FBgn0039869,1,0.0013053978
FBgn0039870,1,0.0013053978
FBgn0039876,1,0.0013053978
FBgn0039914,1,0.0013053978
FBgn0039943,1,0.0013053978
FBgn0039979,1,0.0013053978
FBgn0039987,1,0.0013053978
FBgn0040045,1,0.0013053978
FBgn0040069,1,0.0013053978
FBgn0040078,1,0.0013053978
FBgn0040080,1,0.0013053978
FBgn0040093,1,0.0013053978
FBgn0040096,1,0.0013053978
FBgn0040206,1,0.0013053978
FBgn0040227,1,0.0013053978
FBgn0040235,1,0.0013053978
FBgn0040251,1,0.0013053978
FBgn0040253,1,0.0013053978
FBgn0040255,1,0.0013053978
FBgn0040256,1,0.0013053978
FBgn0040257,1,0.0013053978
FBgn0040261,1,0.0013053978
FBgn0040279,1,0.0013053978
FBgn0040283,1,0.0013053978
FBgn0040294,1,0.0013053978
FBgn0040298,1,0.0013053978
FBgn0040318,1,0.0013053978
FBgn0040323,1,0.0013053978
FBgn0040334,1,0.0013053978
FBgn0040337,1,0.0013053978
FBgn0040338,1,0.0013053978
FBgn0040339,1,0.0013053978
FBgn0040394,1,0.0013053978
FBgn0040396,1,0.0013053978
FBgn0040475,1,0.0013053978
FBgn0040513,1,0.0013053978
FBgn0040554,1,0.0013053978
FBgn0040582,1,0.0013053978
FBgn0040588,1,0.0013053978
FBgn0040602,1,0.0013053978
FBgn0040623,1,0.0013053978
FBgn0040629,1,0.0013053978
FBgn0040634,1,0.0013053978
FBgn0040651,1,0.0013053978
FBgn0040658,1,0.0013053978
FBgn0040670,1,0.0013053978
FBgn0040679,1,0.0013053978
FBgn0040705,1,0.0013053978
FBgn0040733,1,0.0013053978
FBgn0040735,1,0.0013053978
FBgn0040736,1,0.0013053978
FBgn0040743,1,0.0013053978
FBgn0040747,1,0.0013053978
FBgn0040751,1,0.0013053978
FBgn0040754,1,0.0013053978
FBgn0040759,1,0.0013053978
FBgn0040763,1,0.0013053978
FBgn0040775,1,0.0013053978
FBgn0040794,1,0.0013053978
FBgn0040796,1,0.0013053978
FBgn0040797,1,0.0013053978
FBgn0040801,1,0.0013053978
FBgn0040817,1,0.0013053978
FBgn0040843,1,0.0013053978
FBgn0040890,1,0.0013053978
FBgn0040905,1,0.0013053978
FBgn0040923,1,0.0013053978
FBgn0040929,1,0.0013053978
FBgn0040963,1,0.0013053978
FBgn0040965,1,0.0013053978
FBgn0040968,1,0.0013053978
FBgn0040984,1,0.0013053978
FBgn0040985,1,0.0013053978
FBgn0040996,1,0.0013053978
FBgn0041094,1,0.0013053978
FBgn0041102,1,0.0013053978
FBgn0041147,1,0.0013053978
FBgn0041156,1,0.0013053978
FBgn0041160,1,0.0013053978
FBgn0041186,1,0.0013053978
FBgn0041229,1,0.0013053978
FBgn0041232,1,0.0013053978
FBgn0041233,1,0.0013053978
FBgn0041235,1,0.0013053978
FBgn0041237,1,0.0013053978
FBgn0041238,1,0.0013053978
FBgn0041239,1,0.0013053978
FBgn0041240,1,0.0013053978
FBgn0041245,1,0.0013053978
FBgn0041247,1,0.0013053978
FBgn0041579,1,0.0013053978
FBgn0041588,1,0.0013053978
FBgn0041629,1,0.0013053978
FBgn0041709,1,0.0013053978
FBgn0041780,1,0.0013053978
FBgn0042083,1,0.0013053978
FBgn0042085,1,0.0013053978
FBgn0042086,1,0.0013053978
FBgn0042092,1,0.0013053978
FBgn0042101,1,0.0013053978
FBgn0042102,1,0.0013053978
FBgn0042110,1,0.0013053978
FBgn0042127,1,0.0013053978
FBgn0042129,1,0.0013053978
FBgn0042134,1,0.0013053978
FBgn0042173,1,0.0013053978
FBgn0042179,1,0.0013053978
FBgn0042201,1,0.0013053978
FBgn0042205,1,0.0013053978
FBgn0042207,1,0.0013053978
FBgn0042701,1,0.0013053978
FBgn0042710,1,0.0013053978
FBgn0043005,1,0.0013053978
FBgn0043012,1,0.0013053978
FBgn0043455,1,0.0013053978
FBgn0043530,1,0.0013053978
FBgn0043534,1,0.0013053978
FBgn0043783,1,0.0013053978
FBgn0043806,1,0.0013053978
FBgn0044011,1,0.0013053978
FBgn0044028,1,0.0013053978
FBgn0044048,1,0.0013053978
FBgn0044049,1,0.0013053978
FBgn0044508,1,0.0013053978
FBgn0044511,1,0.0013053978
FBgn0044811,1,0.0013053978
FBgn0044812,1,0.0013053978
FBgn0044817,1,0.0013053978
FBgn0044826,1,0.0013053978
FBgn0044872,1,0.0013053978
FBgn0045468,1,0.0013053978
FBgn0045469,1,0.0013053978
FBgn0045470,1,0.0013053978
FBgn0045473,1,0.0013053978
FBgn0045482,1,0.0013053978
FBgn0045483,1,0.0013053978
FBgn0045485,1,0.0013053978
FBgn0045486,1,0.0013053978
FBgn0045487,1,0.0013053978
FBgn0045497,1,0.0013053978
FBgn0045498,1,0.0013053978
FBgn0045500,1,0.0013053978
FBgn0045759,1,0.0013053978
FBgn0045866,1,0.0013053978
FBgn0046113,1,0.0013053978
FBgn0046296,1,0.0013053978
FBgn0046302,1,0.0013053978
FBgn0046685,1,0.0013053978
FBgn0046696,1,0.0013053978
FBgn0046776,1,0.0013053978
FBgn0046873,1,0.0013053978
FBgn0046874,1,0.0013053978
FBgn0046876,1,0.0013053978
FBgn0046878,1,0.0013053978
FBgn0046880,1,0.0013053978
FBgn0046886,1,0.0013053978
FBgn0046887,1,0.0013053978
FBgn0046999,1,0.0013053978
FBgn0047000,1,0.0013053978
FBgn0047114,1,0.0013053978
FBgn0047178,1,0.0013053978
FBgn0047205,1,0.0013053978
FBgn0047338,1,0.0013053978
FBgn0050000,1,0.0013053978
FBgn0050008,1,0.0013053978
FBgn0050010,1,0.0013053978
FBgn0050016,1,0.0013053978
FBgn0050022,1,0.0013053978
FBgn0050026,1,0.0013053978
FBgn0050033,1,0.0013053978
FBgn0050036,1,0.0013053978
FBgn0050042,1,0.0013053978
FBgn0050046,1,0.0013053978
FBgn0050051,1,0.0013053978
FBgn0050053,1,0.0013053978
FBgn0050065,1,0.0013053978
FBgn0050077,1,0.0013053978
FBgn0050085,1,0.0013053978
FBgn0050090,1,0.0013053978
FBgn0050091,1,0.0013053978
FBgn0050098,1,0.0013053978
FBgn0050101,1,0.0013053978
FBgn0050105,1,0.0013053978
FBgn0050108,1,0.0013053978
FBgn0050121,1,0.0013053978
FBgn0050125,1,0.0013053978
FBgn0050154,1,0.0013053978
FBgn0050157,1,0.0013053978
FBgn0050160,1,0.0013053978
FBgn0050172,1,0.0013053978
FBgn0050181,1,0.0013053978
FBgn0050185,1,0.0013053978
FBgn0050195,1,0.0013053978
FBgn0050197,1,0.0013053978
FBgn0050203,1,0.0013053978
FBgn0050234,1,0.0013053978
FBgn0050267,1,0.0013053978
FBgn0050278,1,0.0013053978
FBgn0050338,1,0.0013053978
FBgn0050339,1,0.0013053978
FBgn0050344,1,0.0013053978
FBgn0050355,1,0.0013053978
FBgn0050371,1,0.0013053978
FBgn0050375,1,0.0013053978
FBgn0050383,1,0.0013053978
FBgn0050411,1,0.0013053978
FBgn0050419,1,0.0013053978
FBgn0050429,1,0.0013053978
FBgn0050462,1,0.0013053978
FBgn0050467,1,0.0013053978
FBgn0050476,1,0.0013053978
FBgn0050481,1,0.0013053978
FBgn0050493,1,0.0013053978
FBgn0050499,1,0.0013053978
FBgn0051005,1,0.0013053978
FBgn0051013,1,0.0013053978
FBgn0051028,1,0.0013053978
FBgn0051032,1,0.0013053978
FBgn0051040,1,0.0013053978
FBgn0051041,1,0.0013053978
FBgn0051050,1,0.0013053978
FBgn0051054,1,0.0013053978
FBgn0051084,1,0.0013053978
FBgn0051098,1,0.0013053978
FBgn0051111,1,0.0013053978
FBgn0051115,1,0.0013053978
FBgn0051126,1,0.0013053978
FBgn0051128,1,0.0013053978
FBgn0051141,1,0.0013053978
FBgn0051166,1,0.0013053978
FBgn0051184,1,0.0013053978
FBgn0051189,1,0.0013053978
FBgn0051195,1,0.0013053978
FBgn0051198,1,0.0013053978
FBgn0051199,1,0.0013053978
FBgn0051200,1,0.0013053978
FBgn0051205,1,0.0013053978
FBgn0051223,1,0.0013053978
FBgn0051229,1,0.0013053978
FBgn0051251,1,0.0013053978
FBgn0051266,1,0.0013053978
FBgn0051267,1,0.0013053978
FBgn0051269,1,0.0013053978
FBgn0051288,1,0.0013053978
FBgn0051294,1,0.0013053978
FBgn0051301,1,0.0013053978
FBgn0051326,1,0.0013053978
FBgn0051337,1,0.0013053978
FBgn0051354,1,0.0013053978
FBgn0051360,1,0.0013053978
FBgn0051370,1,0.0013053978
FBgn0051373,1,0.0013053978
FBgn0051380,1,0.0013053978
FBgn0051390,1,0.0013053978
FBgn0051414,1,0.0013053978
FBgn0051427,1,0.0013053978
FBgn0051450,1,0.0013053978
FBgn0051454,1,0.0013053978
FBgn0051457,1,0.0013053978
FBgn0051469,1,0.0013053978
FBgn0051496,1,0.0013053978
FBgn0051514,1,0.0013053978
FBgn0051515,1,0.0013053978
FBgn0051561,1,0.0013053978
FBgn0051614,1,0.0013053978
FBgn0051615,1,0.0013053978
FBgn0051616,1,0.0013053978
FBgn0051636,1,0.0013053978
FBgn0051647,1,0.0013053978
FBgn0051658,1,0.0013053978
FBgn0051668,1,0.0013053978
FBgn0051676,1,0.0013053978
FBgn0051679,1,0.0013053978
FBgn0051680,1,0.0013053978
FBgn0051683,1,0.0013053978
FBgn0051687,1,0.0013053978
FBgn0051698,1,0.0013053978
FBgn0051700,1,0.0013053978
FBgn0051702,1,0.0013053978
FBgn0051703,1,0.0013053978
FBgn0051717,1,0.0013053978
FBgn0051754,1,0.0013053978
FBgn0051776,1,0.0013053978
FBgn0051777,1,0.0013053978
FBgn0051779,1,0.0013053978
FBgn0051780,1,0.0013053978
FBgn0051784,1,0.0013053978
FBgn0051788,1,0.0013053978
FBgn0051789,1,0.0013053978
FBgn0051803,1,0.0013053978
FBgn0051809,1,0.0013053978
FBgn0051812,1,0.0013053978
FBgn0051821,1,0.0013053978
FBgn0051823,1,0.0013053978
FBgn0051827,1,0.0013053978
FBgn0051832,1,0.0013053978
FBgn0051840,1,0.0013053978
FBgn0051845,1,0.0013053978
FBgn0051852,1,0.0013053978
FBgn0051864,1,0.0013053978
FBgn0051865,1,0.0013053978
FBgn0051866,1,0.0013053978
FBgn0051874,1,0.0013053978
FBgn0051910,1,0.0013053978
FBgn0051912,1,0.0013053978
FBgn0051953,1,0.0013053978
FBgn0052022,1,0.0013053978
FBgn0052023,1,0.0013053978
FBgn0052024,1,0.0013053978
FBgn0052068,1,0.0013053978
FBgn0052072,1,0.0013053978
FBgn0052075,1,0.0013053978
FBgn0052076,1,0.0013053978
FBgn0052088,1,0.0013053978
FBgn0052109,1,0.0013053978
FBgn0052113,1,0.0013053978
FBgn0052119,1,0.0013053978
FBgn0052141,1,0.0013053978
FBgn0052160,1,0.0013053978
FBgn0052187,1,0.0013053978
FBgn0052188,1,0.0013053978
FBgn0052194,1,0.0013053978
FBgn0052199,1,0.0013053978
FBgn0052202,1,0.0013053978
FBgn0052207,1,0.0013053978
FBgn0052218,1,0.0013053978
FBgn0052221,1,0.0013053978
FBgn0052224,1,0.0013053978
FBgn0052225,1,0.0013053978
FBgn0052252,1,0.0013053978
FBgn0052267,1,0.0013053978
FBgn0052284,1,0.0013053978
FBgn0052318,1,0.0013053978
FBgn0052320,1,0.0013053978
FBgn0052351,1,0.0013053978
FBgn0052360,1,0.0013053978
FBgn0052382,1,0.0013053978
FBgn0052405,1,0.0013053978
FBgn0052409,1,0.0013053978
FBgn0052418,1,0.0013053978
FBgn0052446,1,0.0013053978
FBgn0052484,1,0.0013053978
FBgn0052487,1,0.0013053978
FBgn0052488,1,0.0013053978
FBgn0052496,1,0.0013053978
FBgn0052511,1,0.0013053978
FBgn0052523,1,0.0013053978
FBgn0052533,1,0.0013053978
FBgn0052536,1,0.0013053978
FBgn0052557,1,0.0013053978
FBgn0052563,1,0.0013053978
FBgn0052571,1,0.0013053978
FBgn0052572,1,0.0013053978
FBgn0052588,1,0.0013053978
FBgn0052590,1,0.0013053978
FBgn0052598,1,0.0013053978
FBgn0052631,1,0.0013053978
FBgn0052636,1,0.0013053978
FBgn0052638,1,0.0013053978
FBgn0052641,1,0.0013053978
FBgn0052649,1,0.0013053978
FBgn0052655,1,0.0013053978
FBgn0052657,1,0.0013053978
FBgn0052660,1,0.0013053978
FBgn0052667,1,0.0013053978
FBgn0052671,1,0.0013053978
FBgn0052673,1,0.0013053978
FBgn0052679,1,0.0013053978
FBgn0052712,1,0.0013053978
FBgn0052726,1,0.0013053978
FBgn0052733,1,0.0013053978
FBgn0052745,1,0.0013053978
FBgn0052750,1,0.0013053978
FBgn0052755,1,0.0013053978
FBgn0052783,1,0.0013053978
FBgn0052786,1,0.0013053978
FBgn0052793,1,0.0013053978
FBgn0052797,1,0.0013053978
FBgn0052806,1,0.0013053978
FBgn0052808,1,0.0013053978
FBgn0052819,1,0.0013053978
FBgn0052821,1,0.0013053978
FBgn0052823,1,0.0013053978
FBgn0052832,1,0.0013053978
FBgn0052856,1,0.0013053978
FBgn0052865,1,0.0013053978
FBgn0052984,1,0.0013053978
FBgn0052985,1,0.0013053978
FBgn0053051,1,0.0013053978
FBgn0053052,1,0.0013053978
FBgn0053093,1,0.0013053978
FBgn0053099,1,0.0013053978
FBgn0053105,1,0.0013053978
FBgn0053107,1,0.0013053978
FBgn0053110,1,0.0013053978
FBgn0053192,1,0.0013053978
FBgn0053221,1,0.0013053978
FBgn0053236,1,0.0013053978
FBgn0053237,1,0.0013053978
FBgn0053238,1,0.0013053978
FBgn0053239,1,0.0013053978
FBgn0053240,1,0.0013053978
FBgn0053241,1,0.0013053978
FBgn0053242,1,0.0013053978
FBgn0053243,1,0.0013053978
FBgn0053244,1,0.0013053978
FBgn0053245,1,0.0013053978
FBgn0053246,1,0.0013053978
FBgn0053247,1,0.0013053978
FBgn0053255,1,0.0013053978
FBgn0053258,1,0.0013053978
FBgn0053262,1,0.0013053978
FBgn0053276,1,0.0013053978
FBgn0053281,1,0.0013053978
FBgn0053296,1,0.0013053978
FBgn0053303,1,0.0013053978
FBgn0053315,1,0.0013053978
FBgn0053317,1,0.0013053978
FBgn0053318,1,0.0013053978
FBgn0053319,1,0.0013053978
FBgn0053341,1,0.0013053978
FBgn0053346,1,0.0013053978
FBgn0053354,1,0.0013053978
FBgn0053355,1,0.0013053978
FBgn0053356,1,0.0013053978
FBgn0053358,1,0.0013053978
FBgn0053359,1,0.0013053978
FBgn0053360,1,0.0013053978
FBgn0053361,1,0.0013053978
FBgn0053363,1,0.0013053978
FBgn0053364,1,0.0013053978
FBgn0053366,1,0.0013053978
FBgn0053367,1,0.0013053978
FBgn0053368,1,0.0013053978
FBgn0053369,1,0.0013053978
FBgn0053371,1,0.0013053978
FBgn0053372,1,0.0013053978
FBgn0053373,1,0.0013053978
FBgn0053375,1,0.0013053978
FBgn0053377,1,0.0013053978
FBgn0053378,1,0.0013053978
FBgn0053381,1,0.0013053978
FBgn0053382,1,0.0013053978
FBgn0053383,1,0.0013053978
FBgn0053384,1,0.0013053978
FBgn0053386,1,0.0013053978
FBgn0053388,1,0.0013053978
FBgn0053389,1,0.0013053978
FBgn0053390,1,0.0013053978
FBgn0053397,1,0.0013053978
FBgn0053400,1,0.0013053978
FBgn0053402,1,0.0013053978
FBgn0053404,1,0.0013053978
FBgn0053405,1,0.0013053978
FBgn0053406,1,0.0013053978
FBgn0053407,1,0.0013053978
FBgn0053411,1,0.0013053978
FBgn0053412,1,0.0013053978
FBgn0053414,1,0.0013053978
FBgn0053415,1,0.0013053978
FBgn0053416,1,0.0013053978
FBgn0053417,1,0.0013053978
FBgn0053418,1,0.0013053978
FBgn0053420,1,0.0013053978
FBgn0053422,1,0.0013053978
FBgn0053423,1,0.0013053978
FBgn0053424,1,0.0013053978
FBgn0053427,1,0.0013053978
FBgn0053428,1,0.0013053978
FBgn0053430,1,0.0013053978
FBgn0053431,1,0.0013053978
FBgn0053433,1,0.0013053978
FBgn0053435,1,0.0013053978
FBgn0053440,1,0.0013053978
FBgn0053442,1,0.0013053978
FBgn0053443,1,0.0013053978
FBgn0053444,1,0.0013053978
FBgn0053446,1,0.0013053978
FBgn0053448,1,0.0013053978
FBgn0053449,1,0.0013053978
FBgn0053450,1,0.0013053978
FBgn0053452,1,0.0013053978
FBgn0053459,1,0.0013053978
FBgn0053462,1,0.0013053978
FBgn0053468,1,0.0013053978
FBgn0053487,1,0.0013053978
FBgn0053489,1,0.0013053978
FBgn0053496,1,0.0013053978
FBgn0053498,1,0.0013053978
FBgn0053499,1,0.0013053978
FBgn0053503,1,0.0013053978
FBgn0053506,1,0.0013053978
FBgn0053510,1,0.0013053978
FBgn0053511,1,0.0013053978
FBgn0053514,1,0.0013053978
FBgn0053527,1,0.0013053978
FBgn0053533,1,0.0013053978
FBgn0053557,1,0.0013053978
FBgn0053630,1,0.0013053978
FBgn0053631,1,0.0013053978
FBgn0053635,1,0.0013053978
FBgn0053642,1,0.0013053978
FBgn0053643,1,0.0013053978
FBgn0053644,1,0.0013053978
FBgn0053645,1,0.0013053978
FBgn0053647,1,0.0013053978
FBgn0053664,1,0.0013053978
FBgn0053665,1,0.0013053978
FBgn0053666,1,0.0013053978
FBgn0053667,1,0.0013053978
FBgn0053668,1,0.0013053978
FBgn0053669,1,0.0013053978
FBgn0053679,1,0.0013053978
FBgn0053702,1,0.0013053978
FBgn0053703,1,0.0013053978
FBgn0053721,1,0.0013053978
FBgn0053727,1,0.0013053978
FBgn0053741,1,0.0013053978
FBgn0053768,1,0.0013053978
FBgn0053770,1,0.0013053978
FBgn0053775,1,0.0013053978
FBgn0053797,1,0.0013053978
FBgn0053801,1,0.0013053978
FBgn0053803,1,0.0013053978
FBgn0053804,1,0.0013053978
FBgn0053805,1,0.0013053978
FBgn0053806,1,0.0013053978
FBgn0053807,1,0.0013053978
FBgn0053811,1,0.0013053978
FBgn0053813,1,0.0013053978
FBgn0053814,1,0.0013053978
FBgn0053818,1,0.0013053978
FBgn0053820,1,0.0013053978
FBgn0053824,1,0.0013053978
FBgn0053826,1,0.0013053978
FBgn0053827,1,0.0013053978
FBgn0053830,1,0.0013053978
FBgn0053833,1,0.0013053978
FBgn0053834,1,0.0013053978
FBgn0053836,1,0.0013053978
FBgn0053837,1,0.0013053978
FBgn0053840,1,0.0013053978
FBgn0053842,1,0.0013053978
FBgn0053843,1,0.0013053978
FBgn0053845,1,0.0013053978
FBgn0053846,1,0.0013053978
FBgn0053848,1,0.0013053978
FBgn0053849,1,0.0013053978
FBgn0053852,1,0.0013053978
FBgn0053856,1,0.0013053978
FBgn0053858,1,0.0013053978
FBgn0053860,1,0.0013053978
FBgn0053863,1,0.0013053978
FBgn0053866,1,0.0013053978
FBgn0053869,1,0.0013053978
FBgn0053872,1,0.0013053978
FBgn0053879,1,0.0013053978
FBgn0053881,1,0.0013053978
FBgn0053891,1,0.0013053978
FBgn0053895,1,0.0013053978
FBgn0053899,1,0.0013053978
FBgn0053902,1,0.0013053978
FBgn0053923,1,0.0013053978
FBgn0053926,1,0.0013053978
FBgn0053929,1,0.0013053978
FBgn0053963,1,0.0013053978
FBgn0053977,1,0.0013053978
FBgn0053987,1,0.0013053978
FBgn0053998,1,0.0013053978
FBgn0054003,1,0.0013053978
FBgn0054005,1,0.0013053978
FBgn0054006,1,0.0013053978
FBgn0054007,1,0.0013053978
FBgn0054008,1,0.0013053978
FBgn0054011,1,0.0013053978
FBgn0054012,1,0.0013053978
FBgn0054021,1,0.0013053978
FBgn0054024,1,0.0013053978
FBgn0054026,1,0.0013053978
FBgn0054028,1,0.0013053978
FBgn0054033,1,0.0013053978
FBgn0054039,1,0.0013053978
FBgn0054040,1,0.0013053978
FBgn0054044,1,0.0013053978
FBgn0054046,1,0.0013053978
FBgn0054047,1,0.0013053978
FBgn0058002,1,0.0013053978
FBgn0058005,1,0.0013053978
FBgn0058053,1,0.0013053978
FBgn0058068,1,0.0013053978
FBgn0058100,1,0.0013053978
FBgn0058172,1,0.0013053978
FBgn0058182,1,0.0013053978
FBgn0058354,1,0.0013053978
FBgn0058469,1,0.0013053978
FBgn0060291,1,0.0013053978
FBgn0060292,1,0.0013053978
FBgn0061188,1,0.0013053978
FBgn0061198,1,0.0013053978
FBgn0061476,1,0.0013053978
FBgn0062517,1,0.0013053978
FBgn0062961,1,0.0013053978
FBgn0062978,1,0.0013053978
FBgn0063127,1,0.0013053978
FBgn0063382,1,0.0013053978
FBgn0063383,1,0.0013053978
FBgn0063384,1,0.0013053978
FBgn0063385,1,0.0013053978
FBgn0063391,1,0.0013053978
FBgn0063392,1,0.0013053978
FBgn0063667,1,0.0013053978
FBgn0063924,1,0.0013053978
FBgn0064766,1,0.0013053978
FBgn0065046,1,0.0013053978
FBgn0065051,1,0.0013053978
FBgn0065055,1,0.0013053978
FBgn0065059,1,0.0013053978
FBgn0065064,1,0.0013053978
FBgn0065073,1,0.0013053978
FBgn0065081,1,0.0013053978
FBgn0065097,1,0.0013053978
FBgn0065098,1,0.0013053978
FBgn0065099,1,0.0013053978
FBgn0066084,1,0.0013053978
FBgn0066114,1,0.0013053978
FBgn0067312,1,0.0013053978
FBgn0067407,1,0.0013053978
FBgn0067622,1,0.0013053978
FBgn0069056,1,0.0013053978
FBgn0069242,1,0.0013053978
FBgn0069913,1,0.0013053978
FBgn0069923,1,0.0013053978
FBgn0082922,1,0.0013053978
FBgn0082923,1,0.0013053978
FBgn0082924,1,0.0013053978
FBgn0082925,1,0.0013053978
FBgn0082926,1,0.0013053978
FBgn0082927,1,0.0013053978
FBgn0082928,1,0.0013053978
FBgn0082929,1,0.0013053978
FBgn0082930,1,0.0013053978
FBgn0082931,1,0.0013053978
FBgn0082933,1,0.0013053978
FBgn0082939,1,0.0013053978
FBgn0082940,1,0.0013053978
FBgn0082944,1,0.0013053978
FBgn0082945,1,0.0013053978
FBgn0082951,1,0.0013053978
FBgn0082953,1,0.0013053978
FBgn0082954,1,0.0013053978
FBgn0082957,1,0.0013053978
FBgn0082958,1,0.0013053978
FBgn0082959,1,0.0013053978
FBgn0082960,1,0.0013053978
FBgn0082961,1,0.0013053978
FBgn0082962,1,0.0013053978
FBgn0082963,1,0.0013053978
FBgn0082970,1,0.0013053978
FBgn0082973,1,0.0013053978
FBgn0082974,1,0.0013053978
FBgn0082975,1,0.0013053978
FBgn0082976,1,0.0013053978
FBgn0082978,1,0.0013053978
FBgn0082979,1,0.0013053978
FBgn0082980,1,0.0013053978
FBgn0082981,1,0.0013053978
FBgn0082983,1,0.0013053978
FBgn0082986,1,0.0013053978
FBgn0082987,1,0.0013053978
FBgn0082988,1,0.0013053978
FBgn0082989,1,0.0013053978
FBgn0082990,1,0.0013053978
FBgn0082993,1,0.0013053978
FBgn0082994,1,0.0013053978
FBgn0082995,1,0.0013053978
FBgn0082997,1,0.0013053978
FBgn0083001,1,0.0013053978
FBgn0083003,1,0.0013053978
FBgn0083004,1,0.0013053978
FBgn0083005,1,0.0013053978
FBgn0083006,1,0.0013053978
FBgn0083007,1,0.0013053978
FBgn0083008,1,0.0013053978
FBgn0083009,1,0.0013053978
FBgn0083010,1,0.0013053978
FBgn0083011,1,0.0013053978
FBgn0083012,1,0.0013053978
FBgn0083013,1,0.0013053978
FBgn0083014,1,0.0013053978
FBgn0083015,1,0.0013053978
FBgn0083020,1,0.0013053978
FBgn0083021,1,0.0013053978
FBgn0083022,1,0.0013053978
FBgn0083023,1,0.0013053978
FBgn0083024,1,0.0013053978
FBgn0083025,1,0.0013053978
FBgn0083026,1,0.0013053978
FBgn0083027,1,0.0013053978
FBgn0083028,1,0.0013053978
FBgn0083029,1,0.0013053978
FBgn0083030,1,0.0013053978
FBgn0083031,1,0.0013053978
FBgn0083032,1,0.0013053978
FBgn0083033,1,0.0013053978
FBgn0083034,1,0.0013053978
FBgn0083035,1,0.0013053978
FBgn0083036,1,0.0013053978
FBgn0083037,1,0.0013053978
FBgn0083038,1,0.0013053978
FBgn0083039,1,0.0013053978
FBgn0083041,1,0.0013053978
FBgn0083042,1,0.0013053978
FBgn0083044,1,0.0013053978
FBgn0083045,1,0.0013053978
FBgn0083046,1,0.0013053978
FBgn0083053,1,0.0013053978
FBgn0083054,1,0.0013053978
FBgn0083055,1,0.0013053978
FBgn0083057,1,0.0013053978
FBgn0083058,1,0.0013053978
FBgn0083121,1,0.0013053978
FBgn0083167,1,0.0013053978
FBgn0083943,1,0.0013053978
FBgn0083951,1,0.0013053978
FBgn0083961,1,0.0013053978
FBgn0083968,1,0.0013053978
FBgn0083972,1,0.0013053978
FBgn0083978,1,0.0013053978
FBgn0083979,1,0.0013053978
FBgn0083983,1,0.0013053978
FBgn0083988,1,0.0013053978
FBgn0083989,1,0.0013053978
FBgn0083994,1,0.0013053978
FBgn0084049,1,0.0013053978
FBgn0085188,1,0.0013053978
FBgn0085195,1,0.0013053978
FBgn0085203,1,0.0013053978
FBgn0085209,1,0.0013053978
FBgn0085214,1,0.0013053978
FBgn0085222,1,0.0013053978
FBgn0085223,1,0.0013053978
FBgn0085227,1,0.0013053978
FBgn0085229,1,0.0013053978
FBgn0085230,1,0.0013053978
FBgn0085232,1,0.0013053978
FBgn0085234,1,0.0013053978
FBgn0085242,1,0.0013053978
FBgn0085243,1,0.0013053978
FBgn0085244,1,0.0013053978
FBgn0085250,1,0.0013053978
FBgn0085252,1,0.0013053978
FBgn0085257,1,0.0013053978
FBgn0085273,1,0.0013053978
FBgn0085276,1,0.0013053978
FBgn0085282,1,0.0013053978
FBgn0085284,1,0.0013053978
FBgn0085285,1,0.0013053978
FBgn0085291,1,0.0013053978
FBgn0085294,1,0.0013053978
FBgn0085296,1,0.0013053978
FBgn0085303,1,0.0013053978
FBgn0085309,1,0.0013053978
FBgn0085312,1,0.0013053978
FBgn0085313,1,0.0013053978
FBgn0085314,1,0.0013053978
FBgn0085315,1,0.0013053978
FBgn0085317,1,0.0013053978
FBgn0085325,1,0.0013053978
FBgn0085327,1,0.0013053978
FBgn0085330,1,0.0013053978
FBgn0085336,1,0.0013053978
FBgn0085346,1,0.0013053978
FBgn0085453,1,0.0013053978
FBgn0085455,1,0.0013053978
FBgn0085457,1,0.0013053978
FBgn0085464,1,0.0013053978
FBgn0085466,1,0.0013053978
FBgn0085482,1,0.0013053978
FBgn0085483,1,0.0013053978
FBgn0085494,1,0.0013053978
FBgn0085500,1,0.0013053978
FBgn0085505,1,0.0013053978
FBgn0085506,1,0.0013053978
FBgn0085511,1,0.0013053978
FBgn0085520,1,0.0013053978
FBgn0085540,1,0.0013053978
FBgn0085569,1,0.0013053978
FBgn0085570,1,0.0013053978
FBgn0085582,1,0.0013053978
FBgn0085612,1,0.0013053978
FBgn0085644,1,0.0013053978
FBgn0085664,1,0.0013053978
FBgn0085673,1,0.0013053978
FBgn0085692,1,0.0013053978
FBgn0085734,1,0.0013053978
FBgn0085753,1,0.0013053978
FBgn0085771,1,0.0013053978
FBgn0085784,1,0.0013053978
FBgn0085786,1,0.0013053978
FBgn0085788,1,0.0013053978
FBgn0085789,1,0.0013053978
FBgn0085790,1,0.0013053978
FBgn0085791,1,0.0013053978
FBgn0085792,1,0.0013053978
FBgn0085802,1,0.0013053978
FBgn0085804,1,0.0013053978
FBgn0085810,1,0.0013053978
FBgn0085812,1,0.0013053978
FBgn0085813,1,0.0013053978
FBgn0085831,1,0.0013053978
FBgn0086021,1,0.0013053978
FBgn0086022,1,0.0013053978
FBgn0086026,1,0.0013053978
FBgn0086027,1,0.0013053978
FBgn0086029,1,0.0013053978
FBgn0086030,1,0.0013053978
FBgn0086031,1,0.0013053978
FBgn0086032,1,0.0013053978
FBgn0086033,1,0.0013053978
FBgn0086036,1,0.0013053978
FBgn0086037,1,0.0013053978
FBgn0086038,1,0.0013053978
FBgn0086040,1,0.0013053978
FBgn0086041,1,0.0013053978
FBgn0086043,1,0.0013053978
FBgn0086044,1,0.0013053978
FBgn0086045,1,0.0013053978
FBgn0086047,1,0.0013053978
FBgn0086049,1,0.0013053978
FBgn0086052,1,0.0013053978
FBgn0086055,1,0.0013053978
FBgn0086056,1,0.0013053978
FBgn0086057,1,0.0013053978
FBgn0086059,1,0.0013053978
FBgn0086060,1,0.0013053978
FBgn0086061,1,0.0013053978
FBgn0086064,1,0.0013053978
FBgn0086065,1,0.0013053978
FBgn0086073,1,0.0013053978
FBgn0086075,1,0.0013053978
FBgn0086076,1,0.0013053978
FBgn0086077,1,0.0013053978
FBgn0086080,1,0.0013053978
FBgn0086082,1,0.0013053978
FBgn0086130,1,0.0013053978
FBgn0086134,1,0.0013053978
FBgn0086346,1,0.0013053978
FBgn0086348,1,0.0013053978
FBgn0086356,1,0.0013053978
FBgn0086359,1,0.0013053978
FBgn0086444,1,0.0013053978
FBgn0086519,1,0.0013053978
FBgn0086600,1,0.0013053978
FBgn0086602,1,0.0013053978
FBgn0086611,1,0.0013053978
FBgn0086656,1,0.0013053978
FBgn0086658,1,0.0013053978
FBgn0086659,1,0.0013053978
FBgn0086660,1,0.0013053978
FBgn0086661,1,0.0013053978
FBgn0086662,1,0.0013053978
FBgn0086663,1,0.0013053978
FBgn0086664,1,0.0013053978
FBgn0086667,1,0.0013053978
FBgn0086668,1,0.0013053978
FBgn0086670,1,0.0013053978
FBgn0086672,1,0.0013053978
FBgn0086681,1,0.0013053978
FBgn0086691,1,0.0013053978
FBgn0086712,1,0.0013053978
FBgn0086785,1,0.0013053978
FBgn0086895,1,0.0013053978
FBgn0086915,1,0.0013053978
FBgn0086916,1,0.0013053978
FBgn0087013,1,0.0013053978
FBgn0087039,1,0.0013053978
FBgn0243511,1,0.0013053978
FBgn0243513,1,0.0013053978
FBgn0250731,1,0.0013053978
FBgn0250746,1,0.0013053978
FBgn0250791,1,0.0013053978
FBgn0250814,1,0.0013053978
FBgn0250817,1,0.0013053978
FBgn0250822,1,0.0013053978
FBgn0250826,1,0.0013053978
FBgn0250831,1,0.0013053978
FBgn0250845,1,0.0013053978
FBgn0250848,1,0.0013053978
FBgn0250868,1,0.0013053978
FBgn0259098,1,0.0013053978
FBgn0259164,1,0.0013053978
FBgn0259188,1,0.0013053978
FBgn0259189,1,0.0013053978
FBgn0259192,1,0.0013053978
FBgn0259194,1,0.0013053978
FBgn0259195,1,0.0013053978
FBgn0259196,1,0.0013053978
FBgn0259203,1,0.0013053978
FBgn0259482,1,0.0013053978
FBgn0259702,1,0.0013053978
FBgn0259703,1,0.0013053978
FBgn0259727,1,0.0013053978
FBgn0259728,1,0.0013053978
FBgn0259791,1,0.0013053978
FBgn0259817,1,0.0013053978
FBgn0259824,1,0.0013053978
FBgn0259831,1,0.0013053978
FBgn0259837,1,0.0013053978
FBgn0259838,1,0.0013053978
FBgn0259839,1,0.0013053978
FBgn0259840,1,0.0013053978
FBgn0259841,1,0.0013053978
FBgn0259842,1,0.0013053978
FBgn0259843,1,0.0013053978
FBgn0259845,1,0.0013053978
FBgn0259846,1,0.0013053978
FBgn0259847,1,0.0013053978
FBgn0259848,1,0.0013053978
FBgn0259849,1,0.0013053978
FBgn0259850,1,0.0013053978
FBgn0259851,1,0.0013053978
FBgn0259852,1,0.0013053978
FBgn0259856,1,0.0013053978
FBgn0259857,1,0.0013053978
FBgn0259858,1,0.0013053978
FBgn0259859,1,0.0013053978
FBgn0259860,1,0.0013053978
FBgn0259861,1,0.0013053978
FBgn0259862,1,0.0013053978
FBgn0259863,1,0.0013053978
FBgn0259864,1,0.0013053978
FBgn0259869,1,0.0013053978
FBgn0259870,1,0.0013053978
FBgn0259875,1,0.0013053978
FBgn0259922,1,0.0013053978
FBgn0259950,1,0.0013053978
FBgn0259951,1,0.0013053978
FBgn0259952,1,0.0013053978
FBgn0259953,1,0.0013053978
FBgn0259954,1,0.0013053978
FBgn0259956,1,0.0013053978
FBgn0259957,1,0.0013053978
FBgn0259962,1,0.0013053978
FBgn0259963,1,0.0013053978
FBgn0259964,1,0.0013053978
FBgn0259966,1,0.0013053978
FBgn0259968,1,0.0013053978
FBgn0259972,1,0.0013053978
FBgn0259973,1,0.0013053978
FBgn0259974,1,0.0013053978
FBgn0259977,1,0.0013053978
FBgn0259993,1,0.0013053978
FBgn0259996,1,0.0013053978
FBgn0260007,1,0.0013053978
FBgn0260027,1,0.0013053978
FBgn0260225,1,0.0013053978
FBgn0260238,1,0.0013053978
FBgn0260243,1,0.0013053978
FBgn0260390,1,0.0013053978
FBgn0260396,1,0.0013053978
FBgn0260431,1,0.0013053978
FBgn0260435,1,0.0013053978
FBgn0260440,1,0.0013053978
FBgn0260444,1,0.0013053978
FBgn0260447,1,0.0013053978
FBgn0260469,1,0.0013053978
FBgn0260475,1,0.0013053978
FBgn0260484,1,0.0013053978
FBgn0260645,1,0.0013053978
FBgn0260646,1,0.0013053978
FBgn0260653,1,0.0013053978
FBgn0260655,1,0.0013053978
FBgn0260719,1,0.0013053978
FBgn0260750,1,0.0013053978
FBgn0260755,1,0.0013053978
FBgn0260764,1,0.0013053978
FBgn0260766,1,0.0013053978
FBgn0260767,1,0.0013053978
FBgn0260770,1,0.0013053978
FBgn0260771,1,0.0013053978
FBgn0260856,1,0.0013053978
FBgn0260858,1,0.0013053978
FBgn0260860,1,0.0013053978
FBgn0260861,1,0.0013053978
FBgn0260866,1,0.0013053978
FBgn0260870,1,0.0013053978
FBgn0260871,1,0.0013053978
FBgn0260873,1,0.0013053978
FBgn0260932,1,0.0013053978
FBgn0260940,1,0.0013053978
FBgn0260955,1,0.0013053978
FBgn0260962,1,0.0013053978
FBgn0260972,1,0.0013053978
FBgn0260985,1,0.0013053978
FBgn0261004,1,0.0013053978
FBgn0261006,1,0.0013053978
FBgn0261020,1,0.0013053978
FBgn0261049,1,0.0013053978
FBgn0261054,1,0.0013053978
FBgn0261055,1,0.0013053978
FBgn0261058,1,0.0013053978
FBgn0261109,1,0.0013053978
FBgn0261111,1,0.0013053978
FBgn0261119,1,0.0013053978
FBgn0261274,1,0.0013053978
FBgn0261285,1,0.0013053978
FBgn0261290,1,0.0013053978
FBgn0261293,1,0.0013053978
FBgn0261349,1,0.0013053978
FBgn0261356,1,0.0013053978
FBgn0261361,1,0.0013053978
FBgn0261363,1,0.0013053978
FBgn0261373,1,0.0013053978
FBgn0261386,1,0.0013053978
FBgn0261394,1,0.0013053978
FBgn0261396,1,0.0013053978
FBgn0261434,1,0.0013053978
FBgn0261436,1,0.0013053978
FBgn0261437,1,0.0013053978
FBgn0261445,1,0.0013053978
FBgn0261452,1,0.0013053978
FBgn0261453,1,0.0013053978
FBgn0261454,1,0.0013053978
FBgn0261455,1,0.0013053978
FBgn0261477,1,0.0013053978
FBgn0261502,1,0.0013053978
FBgn0261503,1,0.0013053978
FBgn0261504,1,0.0013053978
FBgn0261508,1,0.0013053978
FBgn0261531,1,0.0013053978
FBgn0261535,1,0.0013053978
FBgn0261538,1,0.0013053978
FBgn0261560,1,0.0013053978
FBgn0261568,1,0.0013053978
FBgn0261575,1,0.0013053978
FBgn0261596,1,0.0013053978
FBgn0261599,1,0.0013053978
FBgn0261609,1,0.0013053978
FBgn0261614,1,0.0013053978
FBgn0261615,1,0.0013053978
FBgn0261616,1,0.0013053978
FBgn0261630,1,0.0013053978
FBgn0261632,1,0.0013053978
FBgn0261635,1,0.0013053978
FBgn0261636,1,0.0013053978
FBgn0261639,1,0.0013053978
FBgn0261706,1,0.0013053978
FBgn0261723,1,0.0013053978
FBgn0261791,1,0.0013053978
FBgn0261813,1,0.0013053978
FBgn0261814,1,0.0013053978
FBgn0261830,1,0.0013053978
FBgn0261840,1,0.0013053978
FBgn0261856,1,0.0013053978
FBgn0261924,1,0.0013053978
FBgn0261927,1,0.0013053978
FBgn0261933,1,0.0013053978
FBgn0261973,1,0.0013053978
FBgn0261974,1,0.0013053978
FBgn0261989,1,0.0013053978
FBgn0261993,1,0.0013053978
FBgn0261995,1,0.0013053978
FBgn0262027,1,0.0013053978
FBgn0262031,1,0.0013053978
FBgn0262035,1,0.0013053978
FBgn0262099,1,0.0013053978
FBgn0262100,1,0.0013053978
FBgn0262105,1,0.0013053978
FBgn0262112,1,0.0013053978
FBgn0262116,1,0.0013053978
FBgn0262126,1,0.0013053978
FBgn0262140,1,0.0013053978
FBgn0262143,1,0.0013053978
FBgn0262144,1,0.0013053978
FBgn0262146,1,0.0013053978
FBgn0262148,1,0.0013053978
FBgn0262150,1,0.0013053978
FBgn0262163,1,0.0013053978
FBgn0262170,1,0.0013053978
FBgn0262172,1,0.0013053978
FBgn0262178,1,0.0013053978
FBgn0262181,1,0.0013053978
FBgn0262187,1,0.0013053978
FBgn0262191,1,0.0013053978
FBgn0262201,1,0.0013053978
FBgn0262204,1,0.0013053978
FBgn0262211,1,0.0013053978
FBgn0262213,1,0.0013053978
FBgn0262215,1,0.0013053978
FBgn0262216,1,0.0013053978
FBgn0262222,1,0.0013053978
FBgn0262223,1,0.0013053978
FBgn0262227,1,0.0013053978
FBgn0262235,1,0.0013053978
FBgn0262237,1,0.0013053978
FBgn0262260,1,0.0013053978
FBgn0262263,1,0.0013053978
FBgn0262275,1,0.0013053978
FBgn0262279,1,0.0013053978
FBgn0262282,1,0.0013053978
FBgn0262290,1,0.0013053978
FBgn0262291,1,0.0013053978
FBgn0262297,1,0.0013053978
FBgn0262300,1,0.0013053978
FBgn0262301,1,0.0013053978
FBgn0262302,1,0.0013053978
FBgn0262314,1,0.0013053978
FBgn0262315,1,0.0013053978
FBgn0262317,1,0.0013053978
FBgn0262327,1,0.0013053978
FBgn0262334,1,0.0013053978
FBgn0262338,1,0.0013053978
FBgn0262339,1,0.0013053978
FBgn0262341,1,0.0013053978
FBgn0262353,1,0.0013053978
FBgn0262354,1,0.0013053978
FBgn0262357,1,0.0013053978
FBgn0262359,1,0.0013053978
FBgn0262363,1,0.0013053978
FBgn0262375,1,0.0013053978
FBgn0262379,1,0.0013053978
FBgn0262382,1,0.0013053978
FBgn0262385,1,0.0013053978
FBgn0262386,1,0.0013053978
FBgn0262396,1,0.0013053978
FBgn0262400,1,0.0013053978
FBgn0262402,1,0.0013053978
FBgn0262404,1,0.0013053978
FBgn0262405,1,0.0013053978
FBgn0262409,1,0.0013053978
FBgn0262413,1,0.0013053978
FBgn0262414,1,0.0013053978
FBgn0262418,1,0.0013053978
FBgn0262422,1,0.0013053978
FBgn0262424,1,0.0013053978
FBgn0262426,1,0.0013053978
FBgn0262430,1,0.0013053978
FBgn0262431,1,0.0013053978
FBgn0262433,1,0.0013053978
FBgn0262436,1,0.0013053978
FBgn0262437,1,0.0013053978
FBgn0262438,1,0.0013053978
FBgn0262440,1,0.0013053978
FBgn0262444,1,0.0013053978
FBgn0262452,1,0.0013053978
FBgn0262462,1,0.0013053978
FBgn0262464,1,0.0013053978
FBgn0262467,1,0.0013053978
FBgn0262481,1,0.0013053978
FBgn0262487,1,0.0013053978
FBgn0262510,1,0.0013053978
FBgn0262516,1,0.0013053978
FBgn0262531,1,0.0013053978
FBgn0262533,1,0.0013053978
FBgn0262534,1,0.0013053978
FBgn0262537,1,0.0013053978
FBgn0262540,1,0.0013053978
FBgn0262542,1,0.0013053978
FBgn0262547,1,0.0013053978
FBgn0262559,1,0.0013053978
FBgn0262565,1,0.0013053978
FBgn0262569,1,0.0013053978
FBgn0262575,1,0.0013053978
FBgn0262588,1,0.0013053978
FBgn0262605,1,0.0013053978
FBgn0262608,1,0.0013053978
FBgn0262609,1,0.0013053978
FBgn0262611,1,0.0013053978
FBgn0262619,1,0.0013053978
FBgn0262621,1,0.0013053978
FBgn0262631,1,0.0013053978
FBgn0262680,1,0.0013053978
FBgn0262682,1,0.0013053978
FBgn0262688,1,0.0013053978
FBgn0262689,1,0.0013053978
FBgn0262716,1,0.0013053978
FBgn0262788,1,0.0013053978
FBgn0262789,1,0.0013053978
FBgn0262795,1,0.0013053978
FBgn0262801,1,0.0013053978
FBgn0262807,1,0.0013053978
FBgn0262808,1,0.0013053978
FBgn0262812,1,0.0013053978
FBgn0262815,1,0.0013053978
FBgn0262825,1,0.0013053978
FBgn0262842,1,0.0013053978
FBgn0262844,1,0.0013053978
FBgn0262845,1,0.0013053978
FBgn0262847,1,0.0013053978
FBgn0262848,1,0.0013053978
FBgn0262849,1,0.0013053978
FBgn0262850,1,0.0013053978
FBgn0262851,1,0.0013053978
FBgn0262856,1,0.0013053978
FBgn0262879,1,0.0013053978
FBgn0262883,1,0.0013053978
FBgn0262885,1,0.0013053978
FBgn0262887,1,0.0013053978
FBgn0262889,1,0.0013053978
FBgn0262891,1,0.0013053978
FBgn0262892,1,0.0013053978
FBgn0262894,1,0.0013053978
FBgn0262895,1,0.0013053978
FBgn0262897,1,0.0013053978
FBgn0262902,1,0.0013053978
FBgn0262937,1,0.0013053978
FBgn0262943,1,0.0013053978
FBgn0262944,1,0.0013053978
FBgn0262945,1,0.0013053978
FBgn0262947,1,0.0013053978
FBgn0262951,1,0.0013053978
FBgn0262954,1,0.0013053978
FBgn0262955,1,0.0013053978
FBgn0262963,1,0.0013053978
FBgn0262964,1,0.0013053978
FBgn0262965,1,0.0013053978
FBgn0262970,1,0.0013053978
FBgn0262974,1,0.0013053978
FBgn0262979,1,0.0013053978
FBgn0262981,1,0.0013053978
FBgn0262982,1,0.0013053978
FBgn0262987,1,0.0013053978
FBgn0262990,1,0.0013053978
FBgn0262995,1,0.0013053978
FBgn0262996,1,0.0013053978
FBgn0262998,1,0.0013053978
FBgn0262999,1,0.0013053978
FBgn0263021,1,0.0013053978
FBgn0263030,1,0.0013053978
FBgn0263038,1,0.0013053978
FBgn0263040,1,0.0013053978
FBgn0263082,1,0.0013053978
FBgn0263086,1,0.0013053978
FBgn0263088,1,0.0013053978
FBgn0263090,1,0.0013053978
FBgn0263091,1,0.0013053978
FBgn0263092,1,0.0013053978
FBgn0263095,1,0.0013053978
FBgn0263096,1,0.0013053978
FBgn0263130,1,0.0013053978
FBgn0263133,1,0.0013053978
FBgn0263143,1,0.0013053978
FBgn0263200,1,0.0013053978
FBgn0263201,1,0.0013053978
FBgn0263207,1,0.0013053978
FBgn0263208,1,0.0013053978
FBgn0263209,1,0.0013053978
FBgn0263210,1,0.0013053978
FBgn0263211,1,0.0013053978
FBgn0263212,1,0.0013053978
FBgn0263213,1,0.0013053978
FBgn0263215,1,0.0013053978
FBgn0263217,1,0.0013053978
FBgn0263239,1,0.0013053978
FBgn0263240,1,0.0013053978
FBgn0263250,1,0.0013053978
FBgn0263260,1,0.0013053978
FBgn0263278,1,0.0013053978
FBgn0263290,1,0.0013053978
FBgn0263316,1,0.0013053978
FBgn0263323,1,0.0013053978
FBgn0263328,1,0.0013053978
FBgn0263329,1,0.0013053978
FBgn0263330,1,0.0013053978
FBgn0263331,1,0.0013053978
FBgn0263335,1,0.0013053978
FBgn0263338,1,0.0013053978
FBgn0263339,1,0.0013053978
FBgn0263340,1,0.0013053978
FBgn0263341,1,0.0013053978
FBgn0263343,1,0.0013053978
FBgn0263344,1,0.0013053978
FBgn0263377,1,0.0013053978
FBgn0263378,1,0.0013053978
FBgn0263381,1,0.0013053978
FBgn0263382,1,0.0013053978
FBgn0263383,1,0.0013053978
FBgn0263384,1,0.0013053978
FBgn0263388,1,0.0013053978
FBgn0263405,1,0.0013053978
FBgn0263406,1,0.0013053978
FBgn0263407,1,0.0013053978
FBgn0263409,1,0.0013053978
FBgn0263411,1,0.0013053978
FBgn0263413,1,0.0013053978
FBgn0263442,1,0.0013053978
FBgn0263443,1,0.0013053978
FBgn0263444,1,0.0013053978
FBgn0263445,1,0.0013053978
FBgn0263448,1,0.0013053978
FBgn0263449,1,0.0013053978
FBgn0263451,1,0.0013053978
FBgn0263452,1,0.0013053978
FBgn0263453,1,0.0013053978
FBgn0263454,1,0.0013053978
FBgn0263455,1,0.0013053978
FBgn0263458,1,0.0013053978
FBgn0263459,1,0.0013053978
FBgn0263460,1,0.0013053978
FBgn0263461,1,0.0013053978
FBgn0263462,1,0.0013053978
FBgn0263463,1,0.0013053978
FBgn0263464,1,0.0013053978
FBgn0263465,1,0.0013053978
FBgn0263466,1,0.0013053978
FBgn0263467,1,0.0013053978
FBgn0263468,1,0.0013053978
FBgn0263469,1,0.0013053978
FBgn0263470,1,0.0013053978
FBgn0263471,1,0.0013053978
FBgn0263472,1,0.0013053978
FBgn0263473,1,0.0013053978
FBgn0263475,1,0.0013053978
FBgn0263476,1,0.0013053978
FBgn0263478,1,0.0013053978
FBgn0263480,1,0.0013053978
FBgn0263481,1,0.0013053978
FBgn0263482,1,0.0013053978
FBgn0263483,1,0.0013053978
FBgn0263484,1,0.0013053978
FBgn0263487,1,0.0013053978
FBgn0263488,1,0.0013053978
FBgn0263489,1,0.0013053978
FBgn0263500,1,0.0013053978
FBgn0263501,1,0.0013053978
FBgn0263503,1,0.0013053978
FBgn0263504,1,0.0013053978
FBgn0263505,1,0.0013053978
FBgn0263506,1,0.0013053978
FBgn0263509,1,0.0013053978
FBgn0263513,1,0.0013053978
FBgn0263514,1,0.0013053978
FBgn0263515,1,0.0013053978
FBgn0263517,1,0.0013053978
FBgn0263518,1,0.0013053978
FBgn0263519,1,0.0013053978
FBgn0263520,1,0.0013053978
FBgn0263521,1,0.0013053978
FBgn0263522,1,0.0013053978
FBgn0263523,1,0.0013053978
FBgn0263528,1,0.0013053978
FBgn0263531,1,0.0013053978
FBgn0263532,1,0.0013053978
FBgn0263536,1,0.0013053978
FBgn0263537,1,0.0013053978
FBgn0263541,1,0.0013053978
FBgn0263542,1,0.0013053978
FBgn0263543,1,0.0013053978
FBgn0263544,1,0.0013053978
FBgn0263546,1,0.0013053978
FBgn0263547,1,0.0013053978
FBgn0263548,1,0.0013053978
FBgn0263551,1,0.0013053978
FBgn0263557,1,0.0013053978
FBgn0263558,1,0.0013053978
FBgn0263561,1,0.0013053978
FBgn0263562,1,0.0013053978
FBgn0263564,1,0.0013053978
FBgn0263565,1,0.0013053978
FBgn0263567,1,0.0013053978
FBgn0263568,1,0.0013053978
FBgn0263569,1,0.0013053978
FBgn0263572,1,0.0013053978
FBgn0263573,1,0.0013053978
FBgn0263579,1,0.0013053978
FBgn0263581,1,0.0013053978
FBgn0263584,1,0.0013053978
FBgn0263585,1,0.0013053978
FBgn0263588,1,0.0013053978
FBgn0263590,1,0.0013053978
FBgn0263594,1,0.0013053978
FBgn0263596,1,0.0013053978
FBgn0263597,1,0.0013053978
FBgn0263599,1,0.0013053978
FBgn0263600,1,0.0013053978
FBgn0263602,1,0.0013053978
FBgn0263613,1,0.0013053978
FBgn0263615,1,0.0013053978
FBgn0263622,1,0.0013053978
FBgn0263623,1,0.0013053978
FBgn0263624,1,0.0013053978
FBgn0263625,1,0.0013053978
FBgn0263627,1,0.0013053978
FBgn0263628,1,0.0013053978
FBgn0263631,1,0.0013053978
FBgn0263649,1,0.0013053978
FBgn0263650,1,0.0013053978
FBgn0263651,1,0.0013053978
FBgn0263652,1,0.0013053978
FBgn0263653,1,0.0013053978
FBgn0263656,1,0.0013053978
FBgn0263657,1,0.0013053978
FBgn0263658,1,0.0013053978
FBgn0263660,1,0.0013053978
FBgn0263661,1,0.0013053978
FBgn0263662,1,0.0013053978
FBgn0263664,1,0.0013053978
FBgn0263709,1,0.0013053978
FBgn0263765,1,0.0013053978
FBgn0263766,1,0.0013053978
FBgn0263767,1,0.0013053978
FBgn0263769,1,0.0013053978
FBgn0263771,1,0.0013053978
FBgn0263802,1,0.0013053978
FBgn0263830,1,0.0013053978
FBgn0263831,1,0.0013053978
FBgn0263834,1,0.0013053978
FBgn0263835,1,0.0013053978
FBgn0263838,1,0.0013053978
FBgn0263839,1,0.0013053978
FBgn0263844,1,0.0013053978
FBgn0263845,1,0.0013053978
FBgn0263847,1,0.0013053978
FBgn0263866,1,0.0013053978
FBgn0263867,1,0.0013053978
FBgn0263868,1,0.0013053978
FBgn0263870,1,0.0013053978
FBgn0263871,1,0.0013053978
FBgn0263874,1,0.0013053978
FBgn0263911,1,0.0013053978
FBgn0263970,1,0.0013053978
FBgn0263975,1,0.0013053978
FBgn0263976,1,0.0013053978
FBgn0263981,1,0.0013053978
FBgn0263985,1,0.0013053978
FBgn0263996,1,0.0013053978
FBgn0264262,1,0.0013053978
FBgn0264263,1,0.0013053978
FBgn0264264,1,0.0013053978
FBgn0264265,1,0.0013053978
FBgn0264266,1,0.0013053978
FBgn0264267,1,0.0013053978
FBgn0264269,1,0.0013053978
FBgn0264271,1,0.0013053978
FBgn0264309,1,0.0013053978
FBgn0264325,1,0.0013053978
FBgn0264326,1,0.0013053978
FBgn0264327,1,0.0013053978
FBgn0264328,1,0.0013053978
FBgn0264329,1,0.0013053978
FBgn0264330,1,0.0013053978
FBgn0264336,1,0.0013053978
FBgn0264337,1,0.0013053978
FBgn0264343,1,0.0013053978
FBgn0264350,1,0.0013053978
FBgn0264353,1,0.0013053978
FBgn0264358,1,0.0013053978
FBgn0264360,1,0.0013053978
FBgn0264366,1,0.0013053978
FBgn0264367,1,0.0013053978
FBgn0264368,1,0.0013053978
FBgn0264369,1,0.0013053978
FBgn0264372,1,0.0013053978
FBgn0264376,1,0.0013053978
FBgn0264380,1,0.0013053978
FBgn0264381,1,0.0013053978
FBgn0264382,1,0.0013053978
FBgn0264383,1,0.0013053978
FBgn0264390,1,0.0013053978
FBgn0264391,1,0.0013053978
FBgn0264392,1,0.0013053978
FBgn0264428,1,0.0013053978
FBgn0264429,1,0.0013053978
FBgn0264430,1,0.0013053978
FBgn0264431,1,0.0013053978
FBgn0264434,1,0.0013053978
FBgn0264435,1,0.0013053978
FBgn0264436,1,0.0013053978
FBgn0264440,1,0.0013053978
FBgn0264441,1,0.0013053978
FBgn0264444,1,0.0013053978
FBgn0264448,1,0.0013053978
FBgn0264462,1,0.0013053978
FBgn0264464,1,0.0013053978
FBgn0264469,1,0.0013053978
FBgn0264470,1,0.0013053978
FBgn0264471,1,0.0013053978
FBgn0264476,1,0.0013053978
FBgn0264479,1,0.0013053978
FBgn0264480,1,0.0013053978
FBgn0264482,1,0.0013053978
FBgn0264483,1,0.0013053978
FBgn0264485,1,0.0013053978
FBgn0264496,1,0.0013053978
FBgn0264500,1,0.0013053978
FBgn0264501,1,0.0013053978
FBgn0264504,1,0.0013053978
FBgn0264506,1,0.0013053978
FBgn0264508,1,0.0013053978
FBgn0264509,1,0.0013053978
FBgn0264511,1,0.0013053978
FBgn0264512,1,0.0013053978
FBgn0264517,1,0.0013053978
FBgn0264539,1,0.0013053978
FBgn0264547,1,0.0013053978
FBgn0264549,1,0.0013053978
FBgn0264550,1,0.0013053978
FBgn0264551,1,0.0013053978
FBgn0264553,1,0.0013053978
FBgn0264565,1,0.0013053978
FBgn0264568,1,0.0013053978
FBgn0264569,1,0.0013053978
FBgn0264570,1,0.0013053978
FBgn0264571,1,0.0013053978
FBgn0264572,1,0.0013053978
FBgn0264573,1,0.0013053978
FBgn0264599,1,0.0013053978
FBgn0264600,1,0.0013053978
FBgn0264602,1,0.0013053978
FBgn0264603,1,0.0013053978
FBgn0264604,1,0.0013053978
FBgn0264616,1,0.0013053978
FBgn0264618,1,0.0013053978
FBgn0264674,1,0.0013053978
FBgn0264677,1,0.0013053978
FBgn0264679,1,0.0013053978
FBgn0264694,1,0.0013053978
FBgn0264696,1,0.0013053978
FBgn0264697,1,0.0013053978
FBgn0264698,1,0.0013053978
FBgn0264700,1,0.0013053978
FBgn0264701,1,0.0013053978
FBgn0264702,1,0.0013053978
FBgn0264706,1,0.0013053978
FBgn0264708,1,0.0013053978
FBgn0264710,1,0.0013053978
FBgn0264713,1,0.0013053978
FBgn0264715,1,0.0013053978
FBgn0264716,1,0.0013053978
FBgn0264719,1,0.0013053978
FBgn0264720,1,0.0013053978
FBgn0264721,1,0.0013053978
FBgn0264722,1,0.0013053978
FBgn0264723,1,0.0013053978
FBgn0264724,1,0.0013053978
FBgn0264725,1,0.0013053978
FBgn0264726,1,0.0013053978
FBgn0264727,1,0.0013053978
FBgn0264776,1,0.0013053978
FBgn0264786,1,0.0013053978
FBgn0264787,1,0.0013053978
FBgn0264788,1,0.0013053978
FBgn0264791,1,0.0013053978
FBgn0264792,1,0.0013053978
FBgn0264793,1,0.0013053978
FBgn0264794,1,0.0013053978
FBgn0264810,1,0.0013053978
FBgn0264819,1,0.0013053978
FBgn0264820,1,0.0013053978
FBgn0264821,1,0.0013053978
FBgn0264828,1,0.0013053978
FBgn0264831,1,0.0013053978
FBgn0264833,1,0.0013053978
FBgn0264834,1,0.0013053978
FBgn0264835,1,0.0013053978
FBgn0264837,1,0.0013053978
FBgn0264840,1,0.0013053978
FBgn0264841,1,0.0013053978
FBgn0264842,1,0.0013053978
FBgn0264843,1,0.0013053978
FBgn0264844,1,0.0013053978
FBgn0264862,1,0.0013053978
FBgn0264863,1,0.0013053978
FBgn0264864,1,0.0013053978
FBgn0264866,1,0.0013053978
FBgn0264869,1,0.0013053978
FBgn0264870,1,0.0013053978
FBgn0264872,1,0.0013053978
FBgn0264873,1,0.0013053978
FBgn0264875,1,0.0013053978
FBgn0264876,1,0.0013053978
FBgn0264878,1,0.0013053978
FBgn0264879,1,0.0013053978
FBgn0264880,1,0.0013053978
FBgn0264882,1,0.0013053978
FBgn0264883,1,0.0013053978
FBgn0264886,1,0.0013053978
FBgn0264887,1,0.0013053978
FBgn0264889,1,0.0013053978
FBgn0264890,1,0.0013053978
FBgn0264891,1,0.0013053978
FBgn0264892,1,0.0013053978
FBgn0264893,1,0.0013053978
FBgn0264896,1,0.0013053978
FBgn0264898,1,0.0013053978
FBgn0264900,1,0.0013053978
FBgn0264901,1,0.0013053978
FBgn0264902,1,0.0013053978
FBgn0264904,1,0.0013053978
FBgn0264909,1,0.0013053978
FBgn0264912,1,0.0013053978
FBgn0264916,1,0.0013053978
FBgn0264939,1,0.0013053978
FBgn0264940,1,0.0013053978
FBgn0264941,1,0.0013053978
FBgn0264942,1,0.0013053978
FBgn0264943,1,0.0013053978
FBgn0264944,1,0.0013053978
FBgn0264945,1,0.0013053978
FBgn0264946,1,0.0013053978
FBgn0264947,1,0.0013053978
FBgn0264948,1,0.0013053978
FBgn0264949,1,0.0013053978
FBgn0264951,1,0.0013053978
FBgn0264952,1,0.0013053978
FBgn0264955,1,0.0013053978
FBgn0264956,1,0.0013053978
FBgn0264957,1,0.0013053978
FBgn0264961,1,0.0013053978
FBgn0264978,1,0.0013053978
FBgn0264980,1,0.0013053978
FBgn0264983,1,0.0013053978
FBgn0264984,1,0.0013053978
FBgn0264985,1,0.0013053978
FBgn0264986,1,0.0013053978
FBgn0264991,1,0.0013053978
FBgn0264993,1,0.0013053978
FBgn0264994,1,0.0013053978
FBgn0264995,1,0.0013053978
FBgn0264996,1,0.0013053978
FBgn0264997,1,0.0013053978
FBgn0264998,1,0.0013053978
FBgn0264999,1,0.0013053978
FBgn0265000,1,0.0013053978
FBgn0265001,1,0.0013053978
FBgn0265017,1,0.0013053978
FBgn0265038,1,0.0013053978
FBgn0265039,1,0.0013053978
FBgn0265040,1,0.0013053978
FBgn0265043,1,0.0013053978
FBgn0265046,1,0.0013053978
FBgn0265049,1,0.0013053978
FBgn0265050,1,0.0013053978
FBgn0265051,1,0.0013053978
FBgn0265053,1,0.0013053978
FBgn0265059,1,0.0013053978
FBgn0265060,1,0.0013053978
FBgn0265061,1,0.0013053978
FBgn0265065,1,0.0013053978
FBgn0265066,1,0.0013053978
FBgn0265068,1,0.0013053978
FBgn0265070,1,0.0013053978
FBgn0265071,1,0.0013053978
FBgn0265073,1,0.0013053978
FBgn0265074,1,0.0013053978
FBgn0265075,1,0.0013053978
FBgn0265076,1,0.0013053978
FBgn0265078,1,0.0013053978
FBgn0265080,1,0.0013053978
FBgn0265085,1,0.0013053978
FBgn0265086,1,0.0013053978
FBgn0265088,1,0.0013053978
FBgn0265089,1,0.0013053978
FBgn0265095,1,0.0013053978
FBgn0265096,1,0.0013053978
FBgn0265097,1,0.0013053978
FBgn0265098,1,0.0013053978
FBgn0265099,1,0.0013053978
FBgn0265103,1,0.0013053978
FBgn0265106,1,0.0013053978
FBgn0265107,1,0.0013053978
FBgn0265138,1,0.0013053978
FBgn0265141,1,0.0013053978
FBgn0265143,1,0.0013053978
FBgn0265144,1,0.0013053978
FBgn0265145,1,0.0013053978
FBgn0265149,1,0.0013053978
FBgn0265150,1,0.0013053978
FBgn0265151,1,0.0013053978
FBgn0265152,1,0.0013053978
FBgn0265153,1,0.0013053978
FBgn0265155,1,0.0013053978
FBgn0265156,1,0.0013053978
FBgn0265159,1,0.0013053978
FBgn0265160,1,0.0013053978
FBgn0265161,1,0.0013053978
FBgn0265162,1,0.0013053978
FBgn0265164,1,0.0013053978
FBgn0265165,1,0.0013053978
FBgn0265166,1,0.0013053978
FBgn0265167,1,0.0013053978
FBgn0265168,1,0.0013053978
FBgn0265169,1,0.0013053978
FBgn0265176,1,0.0013053978
FBgn0265184,1,0.0013053978
FBgn0265188,1,0.0013053978
FBgn0265193,1,0.0013053978
FBgn0265196,1,0.0013053978
FBgn0265198,1,0.0013053978
FBgn0265200,1,0.0013053978
FBgn0265202,1,0.0013053978
FBgn0265204,1,0.0013053978
FBgn0265252,1,0.0013053978
FBgn0265254,1,0.0013053978
FBgn0265255,1,0.0013053978
FBgn0265268,1,0.0013053978
FBgn0265269,1,0.0013053978
FBgn0265295,1,0.0013053978
FBgn0265299,1,0.0013053978
FBgn0265300,1,0.0013053978
FBgn0265302,1,0.0013053978
FBgn0265303,1,0.0013053978
FBgn0265304,1,0.0013053978
FBgn0265305,1,0.0013053978
FBgn0265306,1,0.0013053978
FBgn0265307,1,0.0013053978
FBgn0265308,1,0.0013053978
FBgn0265309,1,0.0013053978
FBgn0265310,1,0.0013053978
FBgn0265311,1,0.0013053978
FBgn0265312,1,0.0013053978
FBgn0265314,1,0.0013053978
FBgn0265315,1,0.0013053978
FBgn0265316,1,0.0013053978
FBgn0265318,1,0.0013053978
FBgn0265338,1,0.0013053978
FBgn0265339,1,0.0013053978
FBgn0265340,1,0.0013053978
FBgn0265341,1,0.0013053978
FBgn0265342,1,0.0013053978
FBgn0265343,1,0.0013053978
FBgn0265344,1,0.0013053978
FBgn0265346,1,0.0013053978
FBgn0265347,1,0.0013053978
FBgn0265348,1,0.0013053978
FBgn0265351,1,0.0013053978
FBgn0265363,1,0.0013053978
FBgn0265364,1,0.0013053978
FBgn0265365,1,0.0013053978
FBgn0265366,1,0.0013053978
FBgn0265367,1,0.0013053978
FBgn0265368,1,0.0013053978
FBgn0265370,1,0.0013053978
FBgn0265371,1,0.0013053978
FBgn0265372,1,0.0013053978
FBgn0265374,1,0.0013053978
FBgn0265378,1,0.0013053978
FBgn0265379,1,0.0013053978
FBgn0265380,1,0.0013053978
FBgn0265382,1,0.0013053978
FBgn0265383,1,0.0013053978
FBgn0265420,1,0.0013053978
FBgn0265421,1,0.0013053978
FBgn0265422,1,0.0013053978
FBgn0265424,1,0.0013053978
FBgn0265425,1,0.0013053978
FBgn0265426,1,0.0013053978
FBgn0265427,1,0.0013053978
FBgn0265428,1,0.0013053978
FBgn0265446,1,0.0013053978
FBgn0265449,1,0.0013053978
FBgn0265451,1,0.0013053978
FBgn0265452,1,0.0013053978
FBgn0265453,1,0.0013053978
FBgn0265454,1,0.0013053978
FBgn0265458,1,0.0013053978
FBgn0265467,1,0.0013053978
FBgn0265468,1,0.0013053978
FBgn0265470,1,0.0013053978
FBgn0265496,1,0.0013053978
FBgn0265497,1,0.0013053978
FBgn0265498,1,0.0013053978
FBgn0265500,1,0.0013053978
FBgn0265509,1,0.0013053978
FBgn0265511,1,0.0013053978
FBgn0265524,1,0.0013053978
FBgn0265525,1,0.0013053978
FBgn0265532,1,0.0013053978
FBgn0265536,1,0.0013053978
FBgn0265537,1,0.0013053978
FBgn0265538,1,0.0013053978
FBgn0265539,1,0.0013053978
FBgn0265544,1,0.0013053978
FBgn0265545,1,0.0013053978
FBgn0265546,1,0.0013053978
FBgn0265548,1,0.0013053978
FBgn0265550,1,0.0013053978
FBgn0265551,1,0.0013053978
FBgn0265574,1,0.0013053978
FBgn0265580,1,0.0013053978
FBgn0265581,1,0.0013053978
FBgn0265582,1,0.0013053978
FBgn0265584,1,0.0013053978
FBgn0265585,1,0.0013053978
FBgn0265586,1,0.0013053978
FBgn0265587,1,0.0013053978
FBgn0265588,1,0.0013053978
FBgn0265589,1,0.0013053978
FBgn0265590,1,0.0013053978
FBgn0265591,1,0.0013053978
FBgn0265592,1,0.0013053978
FBgn0265593,1,0.0013053978
FBgn0265594,1,0.0013053978
FBgn0265596,1,0.0013053978
FBgn0265605,1,0.0013053978
FBgn0265609,1,0.0013053978
FBgn0265611,1,0.0013053978
FBgn0265612,1,0.0013053978
FBgn0265613,1,0.0013053978
FBgn0265614,1,0.0013053978
FBgn0265625,1,0.0013053978
FBgn0265629,1,0.0013053978
FBgn0265633,1,0.0013053978
FBgn0265634,1,0.0013053978
FBgn0265636,1,0.0013053978
FBgn0265639,1,0.0013053978
FBgn0265640,1,0.0013053978
FBgn0265641,1,0.0013053978
FBgn0265642,1,0.0013053978
FBgn0265643,1,0.0013053978
FBgn0265644,1,0.0013053978
FBgn0265645,1,0.0013053978
FBgn0265646,1,0.0013053978
FBgn0265648,1,0.0013053978
FBgn0265649,1,0.0013053978
FBgn0265652,1,0.0013053978
FBgn0265653,1,0.0013053978
FBgn0265654,1,0.0013053978
FBgn0265655,1,0.0013053978
FBgn0265656,1,0.0013053978
FBgn0265657,1,0.0013053978
FBgn0265658,1,0.0013053978
FBgn0265660,1,0.0013053978
FBgn0265662,1,0.0013053978
FBgn0265663,1,0.0013053978
FBgn0265664,1,0.0013053978
FBgn0265665,1,0.0013053978
FBgn0265666,1,0.0013053978
FBgn0265667,1,0.0013053978
FBgn0265668,1,0.0013053978
FBgn0265671,1,0.0013053978
FBgn0265672,1,0.0013053978
FBgn0265674,1,0.0013053978
FBgn0265675,1,0.0013053978
FBgn0265676,1,0.0013053978
FBgn0265678,1,0.0013053978
FBgn0265681,1,0.0013053978
FBgn0265682,1,0.0013053978
FBgn0265684,1,0.0013053978
FBgn0265685,1,0.0013053978
FBgn0265686,1,0.0013053978
FBgn0265687,1,0.0013053978
FBgn0265688,1,0.0013053978
FBgn0265690,1,0.0013053978
FBgn0265691,1,0.0013053978
FBgn0265692,1,0.0013053978
FBgn0265693,1,0.0013053978
FBgn0265695,1,0.0013053978
FBgn0265697,1,0.0013053978
FBgn0265698,1,0.0013053978
FBgn0265699,1,0.0013053978
FBgn0265700,1,0.0013053978
FBgn0265701,1,0.0013053978
FBgn0265702,1,0.0013053978
FBgn0265703,1,0.0013053978
FBgn0265704,1,0.0013053978
FBgn0265705,1,0.0013053978
FBgn0265706,1,0.0013053978
FBgn0265707,1,0.0013053978
FBgn0265709,1,0.0013053978
FBgn0265711,1,0.0013053978
FBgn0265712,1,0.0013053978
FBgn0265713,1,0.0013053978
FBgn0265715,1,0.0013053978
FBgn0265716,1,0.0013053978
FBgn0265719,1,0.0013053978
FBgn0265720,1,0.0013053978
FBgn0265722,1,0.0013053978
FBgn0265723,1,0.0013053978
FBgn0265724,1,0.0013053978
FBgn0265727,1,0.0013053978
FBgn0265728,1,0.0013053978
FBgn0265729,1,0.0013053978
FBgn0265730,1,0.0013053978
FBgn0265731,1,0.0013053978
FBgn0265732,1,0.0013053978
FBgn0265733,1,0.0013053978
FBgn0265734,1,0.0013053978
FBgn0265735,1,0.0013053978
FBgn0265736,1,0.0013053978
FBgn0265737,1,0.0013053978
FBgn0265738,1,0.0013053978
FBgn0265739,1,0.0013053978
FBgn0265740,1,0.0013053978
FBgn0265741,1,0.0013053978
FBgn0265742,1,0.0013053978
FBgn0265743,1,0.0013053978
FBgn0265745,1,0.0013053978
FBgn0265746,1,0.0013053978
FBgn0265747,1,0.0013053978
FBgn0265748,1,0.0013053978
FBgn0265749,1,0.0013053978
FBgn0265750,1,0.0013053978
FBgn0265751,1,0.0013053978
FBgn0265752,1,0.0013053978
FBgn0265755,1,0.0013053978
FBgn0265756,1,0.0013053978
FBgn0265757,1,0.0013053978
FBgn0265758,1,0.0013053978
FBgn0265759,1,0.0013053978
FBgn0265760,1,0.0013053978
FBgn0265761,1,0.0013053978
FBgn0265764,1,0.0013053978
FBgn0265765,1,0.0013053978
FBgn0265766,1,0.0013053978
FBgn0265785,1,0.0013053978
FBgn0265786,1,0.0013053978
FBgn0265787,1,0.0013053978
FBgn0265789,1,0.0013053978
FBgn0265790,1,0.0013053978
FBgn0265791,1,0.0013053978
FBgn0265792,1,0.0013053978
FBgn0265794,1,0.0013053978
FBgn0265795,1,0.0013053978
FBgn0265796,1,0.0013053978
FBgn0265797,1,0.0013053978
FBgn0265798,1,0.0013053978
FBgn0265800,1,0.0013053978
FBgn0265801,1,0.0013053978
FBgn0265802,1,0.0013053978
FBgn0265803,1,0.0013053978
FBgn0265804,1,0.0013053978
FBgn0265805,1,0.0013053978
FBgn0265806,1,0.0013053978
FBgn0265808,1,0.0013053978
FBgn0265809,1,0.0013053978
FBgn0265810,1,0.0013053978
FBgn0265812,1,0.0013053978
FBgn0265813,1,0.0013053978
FBgn0265814,1,0.0013053978
FBgn0265815,1,0.0013053978
FBgn0265816,1,0.0013053978
FBgn0265817,1,0.0013053978
FBgn0265818,1,0.0013053978
FBgn0265819,1,0.0013053978
FBgn0265820,1,0.0013053978
FBgn0265821,1,0.0013053978
FBgn0265822,1,0.0013053978
FBgn0265823,1,0.0013053978
FBgn0265825,1,0.0013053978
FBgn0265826,1,0.0013053978
FBgn0265827,1,0.0013053978
FBgn0265828,1,0.0013053978
FBgn0265829,1,0.0013053978
FBgn0265832,1,0.0013053978
FBgn0265834,1,0.0013053978
FBgn0265837,1,0.0013053978
FBgn0265838,1,0.0013053978
FBgn0265839,1,0.0013053978
FBgn0265840,1,0.0013053978
FBgn0265841,1,0.0013053978
FBgn0265842,1,0.0013053978
FBgn0265843,1,0.0013053978
FBgn0265844,1,0.0013053978
FBgn0265845,1,0.0013053978
FBgn0265846,1,0.0013053978
FBgn0265847,1,0.0013053978
FBgn0265849,1,0.0013053978
FBgn0265851,1,0.0013053978
FBgn0265852,1,0.0013053978
FBgn0265854,1,0.0013053978
FBgn0265855,1,0.0013053978
FBgn0265856,1,0.0013053978
FBgn0265857,1,0.0013053978
FBgn0265858,1,0.0013053978
FBgn0265859,1,0.0013053978
FBgn0265860,1,0.0013053978
FBgn0265861,1,0.0013053978
FBgn0265862,1,0.0013053978
FBgn0265863,1,0.0013053978
FBgn0265864,1,0.0013053978
FBgn0265865,1,0.0013053978
FBgn0265866,1,0.0013053978
FBgn0265868,1,0.0013053978
FBgn0265871,1,0.0013053978
FBgn0265872,1,0.0013053978
FBgn0265873,1,0.0013053978
FBgn0265874,1,0.0013053978
FBgn0265875,1,0.0013053978
FBgn0265876,1,0.0013053978
FBgn0265878,1,0.0013053978
FBgn0265879,1,0.0013053978
FBgn0265880,1,0.0013053978
FBgn0265881,1,0.0013053978
FBgn0265882,1,0.0013053978
FBgn0265886,1,0.0013053978
FBgn0265887,1,0.0013053978
FBgn0265889,1,0.0013053978
FBgn0265891,1,0.0013053978
FBgn0265892,1,0.0013053978
FBgn0265893,1,0.0013053978
FBgn0265896,1,0.0013053978
FBgn0265897,1,0.0013053978
FBgn0265899,1,0.0013053978
FBgn0265900,1,0.0013053978
FBgn0265901,1,0.0013053978
FBgn0265902,1,0.0013053978
FBgn0265903,1,0.0013053978
FBgn0265905,1,0.0013053978
FBgn0265908,1,0.0013053978
FBgn0265909,1,0.0013053978
FBgn0265910,1,0.0013053978
FBgn0265911,1,0.0013053978
FBgn0265912,1,0.0013053978
FBgn0265913,1,0.0013053978
FBgn0265914,1,0.0013053978
FBgn0265915,1,0.0013053978
FBgn0265916,1,0.0013053978
FBgn0265917,1,0.0013053978
FBgn0265918,1,0.0013053978
FBgn0265919,1,0.0013053978
FBgn0265921,1,0.0013053978
FBgn0265923,1,0.0013053978
FBgn0265924,1,0.0013053978
FBgn0265925,1,0.0013053978
FBgn0265926,1,0.0013053978
FBgn0265927,1,0.0013053978
FBgn0265928,1,0.0013053978
FBgn0265929,1,0.0013053978
FBgn0265930,1,0.0013053978
FBgn0265932,1,0.0013053978
FBgn0265934,1,0.0013053978
FBgn0265938,1,0.0013053978
FBgn0265940,1,0.0013053978
FBgn0265941,1,0.0013053978
FBgn0265943,1,0.0013053978
FBgn0265944,1,0.0013053978
FBgn0265945,1,0.0013053978
FBgn0265946,1,0.0013053978
FBgn0265947,1,0.0013053978
FBgn0265948,1,0.0013053978
FBgn0265949,1,0.0013053978
FBgn0265950,1,0.0013053978
FBgn0265951,1,0.0013053978
FBgn0265952,1,0.0013053978
FBgn0265955,1,0.0013053978
FBgn0265956,1,0.0013053978
FBgn0265960,1,0.0013053978
FBgn0265962,1,0.0013053978
FBgn0265963,1,0.0013053978
FBgn0265964,1,0.0013053978
FBgn0265965,1,0.0013053978
FBgn0265966,1,0.0013053978
FBgn0265976,1,0.0013053978
FBgn0265977,1,0.0013053978
FBgn0265978,1,0.0013053978
FBgn0265979,1,0.0013053978
FBgn0265982,1,0.0013053978
FBgn0265983,1,0.0013053978
FBgn0265984,1,0.0013053978
FBgn0265985,1,0.0013053978
FBgn0265986,1,0.0013053978
FBgn0265992,1,0.0013053978
FBgn0265993,1,0.0013053978
FBgn0265994,1,0.0013053978
FBgn0265995,1,0.0013053978
FBgn0265996,1,0.0013053978
FBgn0265997,1,0.0013053978
FBgn0265999,1,0.0013053978
FBgn0266001,1,0.0013053978
FBgn0266002,1,0.0013053978
FBgn0266007,1,0.0013053978
FBgn0266009,1,0.0013053978
FBgn0266010,1,0.0013053978
FBgn0266011,1,0.0013053978
FBgn0266020,1,0.0013053978
FBgn0266021,1,0.0013053978
FBgn0266022,1,0.0013053978
FBgn0266023,1,0.0013053978
FBgn0266024,1,0.0013053978
FBgn0266026,1,0.0013053978
FBgn0266027,1,0.0013053978
FBgn0266028,1,0.0013053978
FBgn0266029,1,0.0013053978
FBgn0266031,1,0.0013053978
FBgn0266032,1,0.0013053978
FBgn0266033,1,0.0013053978
FBgn0266034,1,0.0013053978
FBgn0266035,1,0.0013053978
FBgn0266038,1,0.0013053978
FBgn0266039,1,0.0013053978
FBgn0266040,1,0.0013053978
FBgn0266041,1,0.0013053978
FBgn0266042,1,0.0013053978
FBgn0266043,1,0.0013053978
FBgn0266044,1,0.0013053978
FBgn0266046,1,0.0013053978
FBgn0266047,1,0.0013053978
FBgn0266048,1,0.0013053978
FBgn0266049,1,0.0013053978
FBgn0266051,1,0.0013053978
FBgn0266052,1,0.0013053978
FBgn0266065,1,0.0013053978
FBgn0266066,1,0.0013053978
FBgn0266067,1,0.0013053978
FBgn0266069,1,0.0013053978
FBgn0266070,1,0.0013053978
FBgn0266071,1,0.0013053978
FBgn0266072,1,0.0013053978
FBgn0266073,1,0.0013053978
FBgn0266074,1,0.0013053978
FBgn0266086,1,0.0013053978
FBgn0266087,1,0.0013053978
FBgn0266088,1,0.0013053978
FBgn0266094,1,0.0013053978
FBgn0266095,1,0.0013053978
FBgn0266102,1,0.0013053978
FBgn0266111,1,0.0013053978
FBgn0266114,1,0.0013053978
FBgn0266115,1,0.0013053978
FBgn0266116,1,0.0013053978
FBgn0266117,1,0.0013053978
FBgn0266124,1,0.0013053978
FBgn0266138,1,0.0013053978
FBgn0266141,1,0.0013053978
FBgn0266142,1,0.0013053978
FBgn0266143,1,0.0013053978
FBgn0266144,1,0.0013053978
FBgn0266147,1,0.0013053978
FBgn0266148,1,0.0013053978
FBgn0266149,1,0.0013053978
FBgn0266150,1,0.0013053978
FBgn0266151,1,0.0013053978
FBgn0266152,1,0.0013053978
FBgn0266153,1,0.0013053978
FBgn0266154,1,0.0013053978
FBgn0266155,1,0.0013053978
FBgn0266157,1,0.0013053978
FBgn0266158,1,0.0013053978
FBgn0266159,1,0.0013053978
FBgn0266160,1,0.0013053978
FBgn0266161,1,0.0013053978
FBgn0266162,1,0.0013053978
FBgn0266164,1,0.0013053978
FBgn0266166,1,0.0013053978
FBgn0266167,1,0.0013053978
FBgn0266168,1,0.0013053978
FBgn0266169,1,0.0013053978
FBgn0266179,1,0.0013053978
FBgn0266182,1,0.0013053978
FBgn0266183,1,0.0013053978
FBgn0266196,1,0.0013053978
FBgn0266197,1,0.0013053978
FBgn0266200,1,0.0013053978
FBgn0266201,1,0.0013053978
FBgn0266202,1,0.0013053978
FBgn0266203,1,0.0013053978
FBgn0266204,1,0.0013053978
FBgn0266205,1,0.0013053978
FBgn0266206,1,0.0013053978
FBgn0266207,1,0.0013053978
FBgn0266208,1,0.0013053978
FBgn0266209,1,0.0013053978
FBgn0266210,1,0.0013053978
FBgn0266211,1,0.0013053978
FBgn0266212,1,0.0013053978
FBgn0266213,1,0.0013053978
FBgn0266215,1,0.0013053978
FBgn0266216,1,0.0013053978
FBgn0266217,1,0.0013053978
FBgn0266218,1,0.0013053978
FBgn0266220,1,0.0013053978
FBgn0266223,1,0.0013053978
FBgn0266225,1,0.0013053978
FBgn0266227,1,0.0013053978
FBgn0266228,1,0.0013053978
FBgn0266229,1,0.0013053978
FBgn0266231,1,0.0013053978
FBgn0266232,1,0.0013053978
FBgn0266233,1,0.0013053978
FBgn0266235,1,0.0013053978
FBgn0266237,1,0.0013053978
FBgn0266238,1,0.0013053978
FBgn0266239,1,0.0013053978
FBgn0266240,1,0.0013053978
FBgn0266241,1,0.0013053978
FBgn0266242,1,0.0013053978
FBgn0266243,1,0.0013053978
FBgn0266244,1,0.0013053978
FBgn0266245,1,0.0013053978
FBgn0266246,1,0.0013053978
FBgn0266247,1,0.0013053978
FBgn0266249,1,0.0013053978
FBgn0266250,1,0.0013053978
FBgn0266251,1,0.0013053978
FBgn0266252,1,0.0013053978
FBgn0266254,1,0.0013053978
FBgn0266255,1,0.0013053978
FBgn0266256,1,0.0013053978
FBgn0266260,1,0.0013053978
FBgn0266263,1,0.0013053978
FBgn0266264,1,0.0013053978
FBgn0266275,1,0.0013053978
FBgn0266276,1,0.0013053978
FBgn0266280,1,0.0013053978
FBgn0266284,1,0.0013053978
FBgn0266302,1,0.0013053978
FBgn0266304,1,0.0013053978
FBgn0266306,1,0.0013053978
FBgn0266307,1,0.0013053978
FBgn0266309,1,0.0013053978
FBgn0266310,1,0.0013053978
FBgn0266311,1,0.0013053978
FBgn0266312,1,0.0013053978
FBgn0266314,1,0.0013053978
FBgn0266315,1,0.0013053978
FBgn0266317,1,0.0013053978
FBgn0266320,1,0.0013053978
FBgn0266321,1,0.0013053978
FBgn0266323,1,0.0013053978
FBgn0266324,1,0.0013053978
FBgn0266325,1,0.0013053978
FBgn0266327,1,0.0013053978
FBgn0266330,1,0.0013053978
FBgn0266331,1,0.0013053978
FBgn0266348,1,0.0013053978
FBgn0266350,1,0.0013053978
FBgn0266351,1,0.0013053978
FBgn0266352,1,0.0013053978
FBgn0266355,1,0.0013053978
FBgn0266356,1,0.0013053978
FBgn0266357,1,0.0013053978
FBgn0266358,1,0.0013053978
FBgn0266359,1,0.0013053978
FBgn0266360,1,0.0013053978
FBgn0266362,1,0.0013053978
FBgn0266365,1,0.0013053978
FBgn0266366,1,0.0013053978
FBgn0266371,1,0.0013053978
FBgn0266376,1,0.0013053978
FBgn0266378,1,0.0013053978
FBgn0266381,1,0.0013053978
FBgn0266382,1,0.0013053978
FBgn0266383,1,0.0013053978
FBgn0266388,1,0.0013053978
FBgn0266389,1,0.0013053978
FBgn0266390,1,0.0013053978
FBgn0266392,1,0.0013053978
FBgn0266394,1,0.0013053978
FBgn0266396,1,0.0013053978
FBgn0266397,1,0.0013053978
FBgn0266398,1,0.0013053978
FBgn0266399,1,0.0013053978
FBgn0266400,1,0.0013053978
FBgn0266401,1,0.0013053978
FBgn0266402,1,0.0013053978
FBgn0266404,1,0.0013053978
FBgn0266407,1,0.0013053978
FBgn0266412,1,0.0013053978
FBgn0266414,1,0.0013053978
FBgn0266415,1,0.0013053978
FBgn0266416,1,0.0013053978
FBgn0266419,1,0.0013053978
FBgn0266442,1,0.0013053978
FBgn0266448,1,0.0013053978
FBgn0266451,1,0.0013053978
FBgn0266457,1,0.0013053978
FBgn0266488,1,0.0013053978
FBgn0266489,1,0.0013053978
FBgn0266491,1,0.0013053978
FBgn0266535,1,0.0013053978
FBgn0266536,1,0.0013053978
FBgn0266537,1,0.0013053978
FBgn0266549,1,0.0013053978
FBgn0266564,1,0.0013053978
FBgn0266565,1,0.0013053978
FBgn0266578,1,0.0013053978
FBgn0266582,1,0.0013053978
FBgn0266586,1,0.0013053978
FBgn0266587,1,0.0013053978
FBgn0266588,1,0.0013053978
FBgn0266592,1,0.0013053978
FBgn0266593,1,0.0013053978
FBgn0266595,1,0.0013053978
FBgn0266596,1,0.0013053978
FBgn0266615,1,0.0013053978
FBgn0266616,1,0.0013053978
FBgn0266618,1,0.0013053978
FBgn0266619,1,0.0013053978
FBgn0266620,1,0.0013053978
FBgn0266623,1,0.0013053978
FBgn0266624,1,0.0013053978
FBgn0266625,1,0.0013053978
FBgn0266629,1,0.0013053978
FBgn0266630,1,0.0013053978
FBgn0266635,1,0.0013053978
FBgn0266636,1,0.0013053978
FBgn0266637,1,0.0013053978
FBgn0266638,1,0.0013053978
FBgn0266639,1,0.0013053978
FBgn0266640,1,0.0013053978
FBgn0266641,1,0.0013053978
FBgn0266643,1,0.0013053978
FBgn0266644,1,0.0013053978
FBgn0266645,1,0.0013053978
FBgn0266646,1,0.0013053978
FBgn0266647,1,0.0013053978
FBgn0266648,1,0.0013053978
FBgn0266649,1,0.0013053978
FBgn0266650,1,0.0013053978
FBgn0266652,1,0.0013053978
FBgn0266653,1,0.0013053978
FBgn0266655,1,0.0013053978
FBgn0266656,1,0.0013053978
FBgn0266657,1,0.0013053978
FBgn0266666,1,0.0013053978
FBgn0266669,1,0.0013053978
FBgn0266670,1,0.0013053978
FBgn0266671,1,0.0013053978
FBgn0266674,1,0.0013053978
FBgn0266676,1,0.0013053978
FBgn0266677,1,0.0013053978
FBgn0266678,1,0.0013053978
FBgn0266681,1,0.0013053978
FBgn0266682,1,0.0013053978
FBgn0266683,1,0.0013053978
FBgn0266684,1,0.0013053978
FBgn0266685,1,0.0013053978
FBgn0266686,1,0.0013053978
FBgn0266687,1,0.0013053978
FBgn0266688,1,0.0013053978
FBgn0266690,1,0.0013053978
FBgn0266691,1,0.0013053978
FBgn0266693,1,0.0013053978
FBgn0266697,1,0.0013053978
FBgn0266698,1,0.0013053978
FBgn0266700,1,0.0013053978
FBgn0266701,1,0.0013053978
FBgn0266703,1,0.0013053978
FBgn0266705,1,0.0013053978
FBgn0266706,1,0.0013053978
FBgn0266709,1,0.0013053978
FBgn0266710,1,0.0013053978
FBgn0266723,1,0.0013053978
FBgn0266724,1,0.0013053978
FBgn0266725,1,0.0013053978
FBgn0266726,1,0.0013053978
FBgn0266727,1,0.0013053978
FBgn0266728,1,0.0013053978
FBgn0266729,1,0.0013053978
FBgn0266730,1,0.0013053978
FBgn0266732,1,0.0013053978
FBgn0266733,1,0.0013053978
FBgn0266735,1,0.0013053978
FBgn0266736,1,0.0013053978
FBgn0266737,1,0.0013053978
FBgn0266739,1,0.0013053978
FBgn0266740,1,0.0013053978
FBgn0266741,1,0.0013053978
FBgn0266742,1,0.0013053978
FBgn0266743,1,0.0013053978
FBgn0266748,1,0.0013053978
FBgn0266750,1,0.0013053978
FBgn0266751,1,0.0013053978
FBgn0266752,1,0.0013053978
FBgn0266762,1,0.0013053978
FBgn0266763,1,0.0013053978
FBgn0266766,1,0.0013053978
FBgn0266768,1,0.0013053978
FBgn0266771,1,0.0013053978
FBgn0266772,1,0.0013053978
FBgn0266773,1,0.0013053978
FBgn0266775,1,0.0013053978
FBgn0266776,1,0.0013053978
FBgn0266777,1,0.0013053978
FBgn0266778,1,0.0013053978
FBgn0266780,1,0.0013053978
FBgn0266781,1,0.0013053978
FBgn0266783,1,0.0013053978
FBgn0266784,1,0.0013053978
FBgn0266785,1,0.0013053978
FBgn0266786,1,0.0013053978
FBgn0266787,1,0.0013053978
FBgn0266788,1,0.0013053978
FBgn0266789,1,0.0013053978
FBgn0266790,1,0.0013053978
FBgn0266791,1,0.0013053978
FBgn0266795,1,0.0013053978
FBgn0266796,1,0.0013053978
FBgn0266797,1,0.0013053978
FBgn0266798,1,0.0013053978
FBgn0266799,1,0.0013053978
FBgn0266800,1,0.0013053978
FBgn0266802,1,0.0013053978
FBgn0266803,1,0.0013053978
FBgn0266804,1,0.0013053978
FBgn0266805,1,0.0013053978
FBgn0266806,1,0.0013053978
FBgn0266807,1,0.0013053978
FBgn0266808,1,0.0013053978
FBgn0266809,1,0.0013053978
FBgn0266810,1,0.0013053978
FBgn0266812,1,0.0013053978
FBgn0266814,1,0.0013053978
FBgn0266815,1,0.0013053978
FBgn0266816,1,0.0013053978
FBgn0266817,1,0.0013053978
FBgn0266818,1,0.0013053978
FBgn0266819,1,0.0013053978
FBgn0266820,1,0.0013053978
FBgn0266821,1,0.0013053978
FBgn0266822,1,0.0013053978
FBgn0266823,1,0.0013053978
FBgn0266824,1,0.0013053978
FBgn0266826,1,0.0013053978
FBgn0266827,1,0.0013053978
FBgn0266828,1,0.0013053978
FBgn0266829,1,0.0013053978
FBgn0266830,1,0.0013053978
FBgn0266831,1,0.0013053978
FBgn0266832,1,0.0013053978
FBgn0266833,1,0.0013053978
FBgn0266834,1,0.0013053978
FBgn0266835,1,0.0013053978
FBgn0266836,1,0.0013053978
FBgn0266837,1,0.0013053978
FBgn0266838,1,0.0013053978
FBgn0266839,1,0.0013053978
FBgn0266840,1,0.0013053978
FBgn0266841,1,0.0013053978
FBgn0266842,1,0.0013053978
FBgn0266843,1,0.0013053978
FBgn0266846,1,0.0013053978
FBgn0266847,1,0.0013053978
FBgn0266849,1,0.0013053978
FBgn0266850,1,0.0013053978
FBgn0266851,1,0.0013053978
FBgn0266852,1,0.0013053978
FBgn0266854,1,0.0013053978
FBgn0266855,1,0.0013053978
FBgn0266856,1,0.0013053978
FBgn0266857,1,0.0013053978
FBgn0266858,1,0.0013053978
FBgn0266859,1,0.0013053978
FBgn0266860,1,0.0013053978
FBgn0266861,1,0.0013053978
FBgn0266862,1,0.0013053978
FBgn0266863,1,0.0013053978
FBgn0266864,1,0.0013053978
FBgn0266865,1,0.0013053978
FBgn0266866,1,0.0013053978
FBgn0266867,1,0.0013053978
FBgn0266868,1,0.0013053978
FBgn0266870,1,0.0013053978
FBgn0266872,1,0.0013053978
FBgn0266873,1,0.0013053978
FBgn0266875,1,0.0013053978
FBgn0266876,1,0.0013053978
FBgn0266877,1,0.0013053978
FBgn0266878,1,0.0013053978
FBgn0266879,1,0.0013053978
FBgn0266880,1,0.0013053978
FBgn0266881,1,0.0013053978
FBgn0266882,1,0.0013053978
FBgn0266883,1,0.0013053978
FBgn0266884,1,0.0013053978
FBgn0266885,1,0.0013053978
FBgn0266886,1,0.0013053978
FBgn0266887,1,0.0013053978
FBgn0266888,1,0.0013053978
FBgn0266889,1,0.0013053978
FBgn0266891,1,0.0013053978
FBgn0266892,1,0.0013053978
FBgn0266893,1,0.0013053978
FBgn0266894,1,0.0013053978
FBgn0266895,1,0.0013053978
FBgn0266896,1,0.0013053978
FBgn0266899,1,0.0013053978
FBgn0266900,1,0.0013053978
FBgn0266901,1,0.0013053978
FBgn0266904,1,0.0013053978
FBgn0266905,1,0.0013053978
FBgn0266906,1,0.0013053978
FBgn0266907,1,0.0013053978
FBgn0266910,1,0.0013053978
FBgn0266911,1,0.0013053978
FBgn0266912,1,0.0013053978
FBgn0266913,1,0.0013053978
FBgn0266914,1,0.0013053978
FBgn0266917,1,0.0013053978
FBgn0266925,1,0.0013053978
FBgn0266926,1,0.0013053978
FBgn0266929,1,0.0013053978
FBgn0266930,1,0.0013053978
FBgn0266931,1,0.0013053978
FBgn0266932,1,0.0013053978
FBgn0266934,1,0.0013053978
FBgn0266935,1,0.0013053978
FBgn0266936,1,0.0013053978
FBgn0266937,1,0.0013053978
FBgn0266938,1,0.0013053978
FBgn0266942,1,0.0013053978
FBgn0266943,1,0.0013053978
FBgn0266944,1,0.0013053978
FBgn0266945,1,0.0013053978
FBgn0266946,1,0.0013053978
FBgn0266949,1,0.0013053978
FBgn0266950,1,0.0013053978
FBgn0266951,1,0.0013053978
FBgn0266952,1,0.0013053978
FBgn0266954,1,0.0013053978
FBgn0266955,1,0.0013053978
FBgn0266956,1,0.0013053978
FBgn0266957,1,0.0013053978
FBgn0266958,1,0.0013053978
FBgn0266959,1,0.0013053978
FBgn0266960,1,0.0013053978
FBgn0266961,1,0.0013053978
FBgn0266963,1,0.0013053978
FBgn0266965,1,0.0013053978
FBgn0266966,1,0.0013053978
FBgn0266967,1,0.0013053978
FBgn0266968,1,0.0013053978
FBgn0266969,1,0.0013053978
FBgn0266970,1,0.0013053978
FBgn0266971,1,0.0013053978
FBgn0266972,1,0.0013053978
FBgn0266973,1,0.0013053978
FBgn0266976,1,0.0013053978
FBgn0266979,1,0.0013053978
FBgn0266980,1,0.0013053978
FBgn0266981,1,0.0013053978
FBgn0266982,1,0.0013053978
FBgn0266983,1,0.0013053978
FBgn0266984,1,0.0013053978
FBgn0266985,1,0.0013053978
FBgn0266987,1,0.0013053978
FBgn0266988,1,0.0013053978
FBgn0266989,1,0.0013053978
FBgn0266990,1,0.0013053978
FBgn0266991,1,0.0013053978
FBgn0266992,1,0.0013053978
FBgn0266993,1,0.0013053978
FBgn0266994,1,0.0013053978
FBgn0266995,1,0.0013053978
FBgn0267003,1,0.0013053978
FBgn0267004,1,0.0013053978
FBgn0267005,1,0.0013053978
FBgn0267006,1,0.0013053978
FBgn0267007,1,0.0013053978
FBgn0267008,1,0.0013053978
FBgn0267009,1,0.0013053978
FBgn0267010,1,0.0013053978
FBgn0267011,1,0.0013053978
FBgn0267012,1,0.0013053978
FBgn0267013,1,0.0013053978
FBgn0267014,1,0.0013053978
FBgn0267017,1,0.0013053978
FBgn0267018,1,0.0013053978
FBgn0267019,1,0.0013053978
FBgn0267020,1,0.0013053978
FBgn0267021,1,0.0013053978
FBgn0267022,1,0.0013053978
FBgn0267023,1,0.0013053978
FBgn0267025,1,0.0013053978
FBgn0267026,1,0.0013053978
FBgn0267027,1,0.0013053978
FBgn0267028,1,0.0013053978
FBgn0267030,1,0.0013053978
FBgn0267031,1,0.0013053978
FBgn0267032,1,0.0013053978
FBgn0267034,1,0.0013053978
FBgn0267035,1,0.0013053978
FBgn0267036,1,0.0013053978
FBgn0267038,1,0.0013053978
FBgn0267039,1,0.0013053978
FBgn0267041,1,0.0013053978
FBgn0267042,1,0.0013053978
FBgn0267044,1,0.0013053978
FBgn0267048,1,0.0013053978
FBgn0267050,1,0.0013053978
FBgn0267051,1,0.0013053978
FBgn0267052,1,0.0013053978
FBgn0267054,1,0.0013053978
FBgn0267055,1,0.0013053978
FBgn0267056,1,0.0013053978
FBgn0267057,1,0.0013053978
FBgn0267058,1,0.0013053978
FBgn0267059,1,0.0013053978
FBgn0267060,1,0.0013053978
FBgn0267061,1,0.0013053978
FBgn0267062,1,0.0013053978
FBgn0267063,1,0.0013053978
FBgn0267064,1,0.0013053978
FBgn0267065,1,0.0013053978
FBgn0267066,1,0.0013053978
FBgn0267067,1,0.0013053978
FBgn0267068,1,0.0013053978
FBgn0267069,1,0.0013053978
FBgn0267070,1,0.0013053978
FBgn0267071,1,0.0013053978
FBgn0267073,1,0.0013053978
FBgn0267074,1,0.0013053978
FBgn0267075,1,0.0013053978
FBgn0267076,1,0.0013053978
FBgn0267077,1,0.0013053978
FBgn0267078,1,0.0013053978
FBgn0267081,1,0.0013053978
FBgn0267082,1,0.0013053978
FBgn0267083,1,0.0013053978
FBgn0267084,1,0.0013053978
FBgn0267085,1,0.0013053978
FBgn0267086,1,0.0013053978
FBgn0267089,1,0.0013053978
FBgn0267090,1,0.0013053978
FBgn0267096,1,0.0013053978
FBgn0267097,1,0.0013053978
FBgn0267098,1,0.0013053978
FBgn0267099,1,0.0013053978
FBgn0267100,1,0.0013053978
FBgn0267101,1,0.0013053978
FBgn0267102,1,0.0013053978
FBgn0267103,1,0.0013053978
FBgn0267107,1,0.0013053978
FBgn0267109,1,0.0013053978
FBgn0267110,1,0.0013053978
FBgn0267111,1,0.0013053978
FBgn0267114,1,0.0013053978
FBgn0267115,1,0.0013053978
FBgn0267116,1,0.0013053978
FBgn0267119,1,0.0013053978
FBgn0267120,1,0.0013053978
FBgn0267122,1,0.0013053978
FBgn0267125,1,0.0013053978
FBgn0267126,1,0.0013053978
FBgn0267127,1,0.0013053978
FBgn0267128,1,0.0013053978
FBgn0267129,1,0.0013053978
FBgn0267130,1,0.0013053978
FBgn0267131,1,0.0013053978
FBgn0267132,1,0.0013053978
FBgn0267133,1,0.0013053978
FBgn0267135,1,0.0013053978
FBgn0267137,1,0.0013053978
FBgn0267138,1,0.0013053978
FBgn0267139,1,0.0013053978
FBgn0267140,1,0.0013053978
FBgn0267142,1,0.0013053978
FBgn0267143,1,0.0013053978
FBgn0267144,1,0.0013053978
FBgn0267145,1,0.0013053978
FBgn0267146,1,0.0013053978
FBgn0267147,1,0.0013053978
FBgn0267148,1,0.0013053978
FBgn0267149,1,0.0013053978
FBgn0267150,1,0.0013053978
FBgn0267151,1,0.0013053978
FBgn0267154,1,0.0013053978
FBgn0267155,1,0.0013053978
FBgn0267156,1,0.0013053978
FBgn0267157,1,0.0013053978
FBgn0267158,1,0.0013053978
FBgn0267159,1,0.0013053978
FBgn0267160,1,0.0013053978
FBgn0267161,1,0.0013053978
FBgn0267162,1,0.0013053978
FBgn0267164,1,0.0013053978
FBgn0267165,1,0.0013053978
FBgn0267166,1,0.0013053978
FBgn0267167,1,0.0013053978
FBgn0267168,1,0.0013053978
FBgn0267169,1,0.0013053978
FBgn0267170,1,0.0013053978
FBgn0267171,1,0.0013053978
FBgn0267172,1,0.0013053978
FBgn0267173,1,0.0013053978
FBgn0267174,1,0.0013053978
FBgn0267175,1,0.0013053978
FBgn0267178,1,0.0013053978
FBgn0267179,1,0.0013053978
FBgn0267180,1,0.0013053978
FBgn0267182,1,0.0013053978
FBgn0267183,1,0.0013053978
FBgn0267184,1,0.0013053978
FBgn0267185,1,0.0013053978
FBgn0267186,1,0.0013053978
FBgn0267187,1,0.0013053978
FBgn0267188,1,0.0013053978
FBgn0267191,1,0.0013053978
FBgn0267192,1,0.0013053978
FBgn0267193,1,0.0013053978
FBgn0267194,1,0.0013053978
FBgn0267195,1,0.0013053978
FBgn0267196,1,0.0013053978
FBgn0267197,1,0.0013053978
FBgn0267198,1,0.0013053978
FBgn0267199,1,0.0013053978
FBgn0267200,1,0.0013053978
FBgn0267201,1,0.0013053978
FBgn0267202,1,0.0013053978
FBgn0267203,1,0.0013053978
FBgn0267204,1,0.0013053978
FBgn0267205,1,0.0013053978
FBgn0267206,1,0.0013053978
FBgn0267207,1,0.0013053978
FBgn0267208,1,0.0013053978
FBgn0267209,1,0.0013053978
FBgn0267211,1,0.0013053978
FBgn0267212,1,0.0013053978
FBgn0267214,1,0.0013053978
FBgn0267215,1,0.0013053978
FBgn0267216,1,0.0013053978
FBgn0267217,1,0.0013053978
FBgn0267219,1,0.0013053978
FBgn0267220,1,0.0013053978
FBgn0267222,1,0.0013053978
FBgn0267223,1,0.0013053978
FBgn0267224,1,0.0013053978
FBgn0267225,1,0.0013053978
FBgn0267226,1,0.0013053978
FBgn0267227,1,0.0013053978
FBgn0267228,1,0.0013053978
FBgn0267229,1,0.0013053978
FBgn0267230,1,0.0013053978
FBgn0267233,1,0.0013053978
FBgn0267234,1,0.0013053978
FBgn0267235,1,0.0013053978
FBgn0267237,1,0.0013053978
FBgn0267238,1,0.0013053978
FBgn0267239,1,0.0013053978
FBgn0267240,1,0.0013053978
FBgn0267241,1,0.0013053978
FBgn0267242,1,0.0013053978
FBgn0267243,1,0.0013053978
FBgn0267244,1,0.0013053978
FBgn0267245,1,0.0013053978
FBgn0267246,1,0.0013053978
FBgn0267247,1,0.0013053978
FBgn0267248,1,0.0013053978
FBgn0267249,1,0.0013053978
FBgn0267256,1,0.0013053978
FBgn0267257,1,0.0013053978
FBgn0267258,1,0.0013053978
FBgn0267259,1,0.0013053978
FBgn0267260,1,0.0013053978
FBgn0267261,1,0.0013053978
FBgn0267262,1,0.0013053978
FBgn0267264,1,0.0013053978
FBgn0267265,1,0.0013053978
FBgn0267266,1,0.0013053978
FBgn0267267,1,0.0013053978
FBgn0267268,1,0.0013053978
FBgn0267270,1,0.0013053978
FBgn0267271,1,0.0013053978
FBgn0267272,1,0.0013053978
FBgn0267273,1,0.0013053978
FBgn0267274,1,0.0013053978
FBgn0267275,1,0.0013053978
FBgn0267276,1,0.0013053978
FBgn0267277,1,0.0013053978
FBgn0267278,1,0.0013053978
FBgn0267280,1,0.0013053978
FBgn0267281,1,0.0013053978
FBgn0267282,1,0.0013053978
FBgn0267283,1,0.0013053978
FBgn0267285,1,0.0013053978
FBgn0267286,1,0.0013053978
FBgn0267287,1,0.0013053978
FBgn0267288,1,0.0013053978
FBgn0267289,1,0.0013053978
FBgn0267290,1,0.0013053978
FBgn0267292,1,0.0013053978
FBgn0267293,1,0.0013053978
FBgn0267294,1,0.0013053978
FBgn0267295,1,0.0013053978
FBgn0267296,1,0.0013053978
FBgn0267297,1,0.0013053978
FBgn0267298,1,0.0013053978
FBgn0267299,1,0.0013053978
FBgn0267300,1,0.0013053978
FBgn0267301,1,0.0013053978
FBgn0267302,1,0.0013053978
FBgn0267303,1,0.0013053978
FBgn0267304,1,0.0013053978
FBgn0267305,1,0.0013053978
FBgn0267306,1,0.0013053978
FBgn0267307,1,0.0013053978
FBgn0267308,1,0.0013053978
FBgn0267309,1,0.0013053978
FBgn0267310,1,0.0013053978
FBgn0267311,1,0.0013053978
FBgn0267312,1,0.0013053978
FBgn0267313,1,0.0013053978
FBgn0267314,1,0.0013053978
FBgn0267315,1,0.0013053978
FBgn0267316,1,0.0013053978
FBgn0267317,1,0.0013053978
FBgn0267318,1,0.0013053978
FBgn0267319,1,0.0013053978
FBgn0267320,1,0.0013053978
FBgn0267321,1,0.0013053978
FBgn0267322,1,0.0013053978
FBgn0267365,1,0.0013053978
FBgn0267378,1,0.0013053978
FBgn0267384,1,0.0013053978
FBgn0267399,1,0.0013053978
FBgn0267400,1,0.0013053978
FBgn0267408,1,0.0013053978
FBgn0267412,1,0.0013053978
FBgn0267413,1,0.0013053978
FBgn0267417,1,0.0013053978
FBgn0267418,1,0.0013053978
FBgn0267419,1,0.0013053978
FBgn0267420,1,0.0013053978
FBgn0267423,1,0.0013053978
FBgn0267424,1,0.0013053978
FBgn0267425,1,0.0013053978
FBgn0267427,1,0.0013053978
FBgn0267438,1,0.0013053978
FBgn0267439,1,0.0013053978
FBgn0267441,1,0.0013053978
FBgn0267442,1,0.0013053978
FBgn0267444,1,0.0013053978
FBgn0267445,1,0.0013053978
FBgn0267446,1,0.0013053978
FBgn0267447,1,0.0013053978
FBgn0267448,1,0.0013053978
FBgn0267450,1,0.0013053978
FBgn0267451,1,0.0013053978
FBgn0267453,1,0.0013053978
FBgn0267454,1,0.0013053978
FBgn0267455,1,0.0013053978
FBgn0267456,1,0.0013053978
FBgn0267457,1,0.0013053978
FBgn0267458,1,0.0013053978
FBgn0267459,1,0.0013053978
FBgn0267460,1,0.0013053978
FBgn0267461,1,0.0013053978
FBgn0267462,1,0.0013053978
FBgn0267463,1,0.0013053978
FBgn0267464,1,0.0013053978
FBgn0267468,1,0.0013053978
FBgn0267469,1,0.0013053978
FBgn0267470,1,0.0013053978
FBgn0267471,1,0.0013053978
FBgn0267472,1,0.0013053978
FBgn0267474,1,0.0013053978
FBgn0267475,1,0.0013053978
FBgn0267476,1,0.0013053978
FBgn0267477,1,0.0013053978
FBgn0267478,1,0.0013053978
FBgn0267479,1,0.0013053978
FBgn0267480,1,0.0013053978
FBgn0267481,1,0.0013053978
FBgn0267482,1,0.0013053978
FBgn0267483,1,0.0013053978
FBgn0267484,1,0.0013053978
FBgn0267485,1,0.0013053978
FBgn0267490,1,0.0013053978
FBgn0267492,1,0.0013053978
FBgn0267493,1,0.0013053978
FBgn0267494,1,0.0013053978
FBgn0267495,1,0.0013053978
FBgn0267497,1,0.0013053978
FBgn0267498,1,0.0013053978
FBgn0267499,1,0.0013053978
FBgn0267501,1,0.0013053978
FBgn0267508,1,0.0013053978
FBgn0267512,1,0.0013053978
FBgn0267513,1,0.0013053978
FBgn0267514,1,0.0013053978
FBgn0267515,1,0.0013053978
FBgn0267516,1,0.0013053978
FBgn0267517,1,0.0013053978
FBgn0267519,1,0.0013053978
FBgn0267520,1,0.0013053978
FBgn0267521,1,0.0013053978
FBgn0267523,1,0.0013053978
FBgn0267525,1,0.0013053978
FBgn0267526,1,0.0013053978
FBgn0267527,1,0.0013053978
FBgn0267528,1,0.0013053978
FBgn0267529,1,0.0013053978
FBgn0267530,1,0.0013053978
FBgn0267531,1,0.0013053978
FBgn0267532,1,0.0013053978
FBgn0267533,1,0.0013053978
FBgn0267534,1,0.0013053978
FBgn0267535,1,0.0013053978
FBgn0267536,1,0.0013053978
FBgn0267537,1,0.0013053978
FBgn0267538,1,0.0013053978
FBgn0267540,1,0.0013053978
FBgn0267542,1,0.0013053978
FBgn0267543,1,0.0013053978
FBgn0267544,1,0.0013053978
FBgn0267545,1,0.0013053978
FBgn0267546,1,0.0013053978
FBgn0267547,1,0.0013053978
FBgn0267548,1,0.0013053978
FBgn0267549,1,0.0013053978
FBgn0267550,1,0.0013053978
FBgn0267551,1,0.0013053978
FBgn0267552,1,0.0013053978
FBgn0267554,1,0.0013053978
FBgn0267556,1,0.0013053978
FBgn0267558,1,0.0013053978
FBgn0267559,1,0.0013053978
FBgn0267560,1,0.0013053978
FBgn0267561,1,0.0013053978
FBgn0267562,1,0.0013053978
FBgn0267563,1,0.0013053978
FBgn0267564,1,0.0013053978
FBgn0267565,1,0.0013053978
FBgn0267566,1,0.0013053978
FBgn0267567,1,0.0013053978
FBgn0267568,1,0.0013053978
FBgn0267569,1,0.0013053978
FBgn0267570,1,0.0013053978
FBgn0267573,1,0.0013053978
FBgn0267574,1,0.0013053978
FBgn0267575,1,0.0013053978
FBgn0267576,1,0.0013053978
FBgn0267577,1,0.0013053978
FBgn0267578,1,0.0013053978
FBgn0267579,1,0.0013053978
FBgn0267580,1,0.0013053978
FBgn0267581,1,0.0013053978
FBgn0267582,1,0.0013053978
FBgn0267586,1,0.0013053978
FBgn0267587,1,0.0013053978
FBgn0267589,1,0.0013053978
FBgn0267590,1,0.0013053978
FBgn0267591,1,0.0013053978
FBgn0267593,1,0.0013053978
FBgn0267594,1,0.0013053978
FBgn0267595,1,0.0013053978
FBgn0267596,1,0.0013053978
FBgn0267597,1,0.0013053978
FBgn0267599,1,0.0013053978
FBgn0267600,1,0.0013053978
FBgn0267601,1,0.0013053978
FBgn0267602,1,0.0013053978
FBgn0267603,1,0.0013053978
FBgn0267604,1,0.0013053978
FBgn0267605,1,0.0013053978
FBgn0267606,1,0.0013053978
FBgn0267607,1,0.0013053978
FBgn0267608,1,0.0013053978
FBgn0267609,1,0.0013053978
FBgn0267612,1,0.0013053978
FBgn0267613,1,0.0013053978
FBgn0267614,1,0.0013053978
FBgn0267615,1,0.0013053978
FBgn0267616,1,0.0013053978
FBgn0267617,1,0.0013053978
FBgn0267618,1,0.0013053978
FBgn0267619,1,0.0013053978
FBgn0267620,1,0.0013053978
FBgn0267623,1,0.0013053978
FBgn0267624,1,0.0013053978
FBgn0267625,1,0.0013053978
FBgn0267627,1,0.0013053978
FBgn0267628,1,0.0013053978
FBgn0267629,1,0.0013053978
FBgn0267630,1,0.0013053978
FBgn0267631,1,0.0013053978
FBgn0267632,1,0.0013053978
FBgn0267634,1,0.0013053978
FBgn0267636,1,0.0013053978
FBgn0267637,1,0.0013053978
FBgn0267638,1,0.0013053978
FBgn0267639,1,0.0013053978
FBgn0267640,1,0.0013053978
FBgn0267641,1,0.0013053978
FBgn0267642,1,0.0013053978
FBgn0267643,1,0.0013053978
FBgn0267644,1,0.0013053978
FBgn0267645,1,0.0013053978
FBgn0267646,1,0.0013053978
FBgn0267647,1,0.0013053978
FBgn0267653,1,0.0013053978
FBgn0267655,1,0.0013053978
FBgn0267656,1,0.0013053978
FBgn0267657,1,0.0013053978
FBgn0267659,1,0.0013053978
FBgn0267662,1,0.0013053978
FBgn0267663,1,0.0013053978
FBgn0267665,1,0.0013053978
FBgn0267666,1,0.0013053978
FBgn0267671,1,0.0013053978
FBgn0267672,1,0.0013053978
FBgn0267673,1,0.0013053978
FBgn0267674,1,0.0013053978
FBgn0267675,1,0.0013053978
FBgn0267676,1,0.0013053978
FBgn0267677,1,0.0013053978
FBgn0267678,1,0.0013053978
FBgn0267679,1,0.0013053978
FBgn0267680,1,0.0013053978
FBgn0267681,1,0.0013053978
FBgn0267682,1,0.0013053978
FBgn0267683,1,0.0013053978
FBgn0267684,1,0.0013053978
FBgn0267685,1,0.0013053978
FBgn0267686,1,0.0013053978
FBgn0267687,1,0.0013053978
FBgn0267688,1,0.0013053978
FBgn0267691,1,0.0013053978
FBgn0267694,1,0.0013053978
FBgn0267695,1,0.0013053978
FBgn0267696,1,0.0013053978
FBgn0267697,1,0.0013053978
FBgn0267701,1,0.0013053978
FBgn0267702,1,0.0013053978
FBgn0267705,1,0.0013053978
FBgn0267706,1,0.0013053978
FBgn0267707,1,0.0013053978
FBgn0267708,1,0.0013053978
FBgn0267710,1,0.0013053978
FBgn0267711,1,0.0013053978
FBgn0267712,1,0.0013053978
FBgn0267713,1,0.0013053978
FBgn0267714,1,0.0013053978
FBgn0267715,1,0.0013053978
FBgn0267716,1,0.0013053978
FBgn0267717,1,0.0013053978
FBgn0267719,1,0.0013053978
FBgn0267720,1,0.0013053978
FBgn0267721,1,0.0013053978
FBgn0267722,1,0.0013053978
FBgn0267724,1,0.0013053978
FBgn0267725,1,0.0013053978
FBgn0267728,1,0.0013053978
FBgn0267729,1,0.0013053978
FBgn0267731,1,0.0013053978
FBgn0267732,1,0.0013053978
FBgn0267733,1,0.0013053978
FBgn0267734,1,0.0013053978
FBgn0267735,1,0.0013053978
FBgn0267736,1,0.0013053978
FBgn0267737,1,0.0013053978
FBgn0267738,1,0.0013053978
FBgn0267739,1,0.0013053978
FBgn0267740,1,0.0013053978
FBgn0267742,1,0.0013053978
FBgn0267743,1,0.0013053978
FBgn0267744,1,0.0013053978
FBgn0267745,1,0.0013053978
FBgn0267746,1,0.0013053978
FBgn0267747,1,0.0013053978
FBgn0267749,1,0.0013053978
FBgn0267750,1,0.0013053978
FBgn0267751,1,0.0013053978
FBgn0267752,1,0.0013053978
FBgn0267754,1,0.0013053978
FBgn0267755,1,0.0013053978
FBgn0267756,1,0.0013053978
FBgn0267757,1,0.0013053978
FBgn0267758,1,0.0013053978
FBgn0267759,1,0.0013053978
FBgn0267761,1,0.0013053978
FBgn0267762,1,0.0013053978
FBgn0267763,1,0.0013053978
FBgn0267764,1,0.0013053978
FBgn0267765,1,0.0013053978
FBgn0267766,1,0.0013053978
FBgn0267767,1,0.0013053978
FBgn0267768,1,0.0013053978
FBgn0267769,1,0.0013053978
FBgn0267770,1,0.0013053978
FBgn0267771,1,0.0013053978
FBgn0267772,1,0.0013053978
FBgn0267773,1,0.0013053978
FBgn0267774,1,0.0013053978
FBgn0267775,1,0.0013053978
FBgn0267776,1,0.0013053978
FBgn0267777,1,0.0013053978
FBgn0267778,1,0.0013053978
FBgn0267779,1,0.0013053978
FBgn0267780,1,0.0013053978
FBgn0267781,1,0.0013053978
FBgn0267782,1,0.0013053978
FBgn0267783,1,0.0013053978
FBgn0267785,1,0.0013053978
FBgn0267786,1,0.0013053978
FBgn0267788,1,0.0013053978
FBgn0267789,1,0.0013053978
FBgn0267797,1,0.0013053978
FBgn0267798,1,0.0013053978
FBgn0267799,1,0.0013053978
FBgn0267800,1,0.0013053978
FBgn0267801,1,0.0013053978
FBgn0267802,1,0.0013053978
FBgn0267803,1,0.0013053978
FBgn0267804,1,0.0013053978
FBgn0267806,1,0.0013053978
FBgn0267808,1,0.0013053978
FBgn0267809,1,0.0013053978
FBgn0267810,1,0.0013053978
FBgn0267811,1,0.0013053978
FBgn0267812,1,0.0013053978
FBgn0267813,1,0.0013053978
FBgn0267814,1,0.0013053978
FBgn0267815,1,0.0013053978
FBgn0267816,1,0.0013053978
FBgn0267817,1,0.0013053978
FBgn0267819,1,0.0013053978
FBgn0267820,1,0.0013053978
FBgn0267821,1,0.0013053978
FBgn0267823,1,0.0013053978
FBgn0267826,1,0.0013053978
FBgn0267827,1,0.0013053978
FBgn0267862,1,0.0013053978
FBgn0267863,1,0.0013053978
FBgn0267864,1,0.0013053978
FBgn0267865,1,0.0013053978
FBgn0267866,1,0.0013053978
FBgn0267867,1,0.0013053978
FBgn0267868,1,0.0013053978
FBgn0267869,1,0.0013053978
FBgn0267872,1,0.0013053978
FBgn0267873,1,0.0013053978
FBgn0267874,1,0.0013053978
FBgn0267875,1,0.0013053978
FBgn0267876,1,0.0013053978
FBgn0267878,1,0.0013053978
FBgn0267879,1,0.0013053978
FBgn0267880,1,0.0013053978
FBgn0267881,1,0.0013053978
FBgn0267882,1,0.0013053978
FBgn0267883,1,0.0013053978
FBgn0267886,1,0.0013053978
FBgn0267887,1,0.0013053978
FBgn0267888,1,0.0013053978
FBgn0267889,1,0.0013053978
FBgn0267890,1,0.0013053978
FBgn0267891,1,0.0013053978
FBgn0267892,1,0.0013053978
FBgn0267895,1,0.0013053978
FBgn0267896,1,0.0013053978
FBgn0267897,1,0.0013053978
FBgn0267898,1,0.0013053978
FBgn0267900,1,0.0013053978
FBgn0267901,1,0.0013053978
FBgn0267902,1,0.0013053978
FBgn0267903,1,0.0013053978
FBgn0267904,1,0.0013053978
FBgn0267905,1,0.0013053978
FBgn0267910,1,0.0013053978
FBgn0267914,1,0.0013053978
FBgn0267915,1,0.0013053978
FBgn0267916,1,0.0013053978
FBgn0267918,1,0.0013053978
FBgn0267919,1,0.0013053978
FBgn0267921,1,0.0013053978
FBgn0267922,1,0.0013053978
FBgn0267923,1,0.0013053978
FBgn0267924,1,0.0013053978
FBgn0267925,1,0.0013053978
FBgn0267927,1,0.0013053978
FBgn0267928,1,0.0013053978
FBgn0267929,1,0.0013053978
FBgn0267930,1,0.0013053978
FBgn0267932,1,0.0013053978
FBgn0267933,1,0.0013053978
FBgn0267934,1,0.0013053978
FBgn0267935,1,0.0013053978
FBgn0267937,1,0.0013053978
FBgn0267938,1,0.0013053978
FBgn0267939,1,0.0013053978
FBgn0267940,1,0.0013053978
FBgn0267941,1,0.0013053978
FBgn0267944,1,0.0013053978
FBgn0267945,1,0.0013053978
FBgn0267946,1,0.0013053978
FBgn0267947,1,0.0013053978
FBgn0267948,1,0.0013053978
FBgn0267949,1,0.0013053978
FBgn0267950,1,0.0013053978
FBgn0267951,1,0.0013053978
FBgn0267953,1,0.0013053978
FBgn0267955,1,0.0013053978
FBgn0267956,1,0.0013053978
FBgn0267957,1,0.0013053978
FBgn0267958,1,0.0013053978
FBgn0267961,1,0.0013053978
FBgn0267962,1,0.0013053978
FBgn0267965,1,0.0013053978
FBgn0267966,1,0.0013053978
FBgn0267970,1,0.0013053978
FBgn0267972,1,0.0013053978
FBgn0267976,1,0.0013053978
FBgn0267984,1,0.0013053978
FBgn0267985,1,0.0013053978
FBgn0267987,1,0.0013053978
FBgn0267988,1,0.0013053978
FBgn0267989,1,0.0013053978
FBgn0267990,1,0.0013053978
FBgn0267991,1,0.0013053978
FBgn0267992,1,0.0013053978
FBgn0267993,1,0.0013053978
FBgn0267994,1,0.0013053978
FBgn0267995,1,0.0013053978
FBgn0267996,1,0.0013053978
FBgn0268063,1,0.0013053978
FBgn0275432,1,0.0013053978
FBgn0275433,1,0.0013053978
FBgn0275434,1,0.0013053978
FBgn0275436,1,0.0013053978
FBgn0278597,1,0.0013053978
FBgn0278599,1,0.0013053978
FBgn0278600,1,0.0013053978
FBgn0283426,1,0.0013053978
FBgn0283428,1,0.0013053978
FBgn0283429,1,0.0013053978
FBgn0283430,1,0.0013053978
FBgn0283431,1,0.0013053978
FBgn0283432,1,0.0013053978
FBgn0283433,1,0.0013053978
FBgn0283434,1,0.0013053978
FBgn0283435,1,0.0013053978
FBgn0283437,1,0.0013053978
FBgn0283468,1,0.0013053978
FBgn0283469,1,0.0013053978
FBgn0283478,1,0.0013053978
FBgn0283503,1,0.0013053978
FBgn0283536,1,0.0013053978
FBgn0283545,1,0.0013053978
FBgn0283555,1,0.0013053978
FBgn0283638,1,0.0013053978
FBgn0283649,1,0.0013053978
FBgn0283678,1,0.0013053978
FBgn0283681,1,0.0013053978
FBgn0284230,1,0.0013053978
FBgn0284238,1,0.0013053978
FBgn0284251,1,0.0013053978
FBgn0284256,1,0.0013053978
FBgn0284409,1,0.0013053978
FBgn0284410,1,0.0013053978
FBgn0284411,1,0.0013053978
FBgn0284412,1,0.0013053978
FBgn0284413,1,0.0013053978
FBgn0284414,1,0.0013053978
FBgn0284415,1,0.0013053978
FBgn0284416,1,0.0013053978
FBgn0284417,1,0.0013053978
FBgn0284418,1,0.0013053978
FBgn0284419,1,0.0013053978
FBgn0284420,1,0.0013053978
FBgn0285910,1,0.0013053978
FBgn0285912,1,0.0013053978
FBgn0285938,1,0.0013053978
FBgn0285940,1,0.0013053978
FBgn0285941,1,0.0013053978
FBgn0285950,1,0.0013053978
FBgn0285959,1,0.0013053978
FBgn0285966,1,0.0013053978
FBgn0285969,1,0.0013053978
FBgn0285992,1,0.0013053978
FBgn0285993,1,0.0013053978
FBgn0285994,1,0.0013053978
FBgn0286004,1,0.0013053978
FBgn0286006,1,0.0013053978
FBgn0286007,1,0.0013053978
FBgn0286027,1,0.0013053978
FBgn0286028,1,0.0013053978
FBgn0286029,1,0.0013053978
FBgn0286030,1,0.0013053978
FBgn0286032,1,0.0013053978
FBgn0286033,1,0.0013053978
FBgn0286035,1,0.0013053978
FBgn0286037,1,0.0013053978
FBgn0286038,1,0.0013053978
FBgn0286039,1,0.0013053978
FBgn0286040,1,0.0013053978
FBgn0286041,1,0.0013053978
FBgn0286042,1,0.0013053978
FBgn0286070,1,0.0013053978
FBgn0286507,1,0.0013053978
FBgn0286508,1,0.0013053978
FBgn0286723,1,0.0013053978
FBgn0286726,1,0.0013053978
FBgn0286727,1,0.0013053978
FBgn0286729,1,0.0013053978
FBgn0286730,1,0.0013053978
FBgn0286731,1,0.0013053978
FBgn0286732,1,0.0013053978
FBgn0286734,1,0.0013053978
FBgn0286735,1,0.0013053978
FBgn0286736,1,0.0013053978
FBgn0286739,1,0.0013053978
FBgn0286740,1,0.0013053978
FBgn0286786,1,0.0013053978
FBgn0286788,1,0.0013053978
FBgn0286833,1,0.0013053978
FBgn0286834,1,0.0013053978
FBgn0286852,1,0.0013053978
FBgn0286867,1,0.0013053978
FBgn0286868,1,0.0013053978
FBgn0286869,1,0.0013053978
FBgn0286870,1,0.0013053978
FBgn0286871,1,0.0013053978
FBgn0286875,1,0.0013053978
FBgn0286876,1,0.0013053978
FBgn0286878,1,0.0013053978
FBgn0286883,1,0.0013053978
FBgn0286885,1,0.0013053978
FBgn0286889,1,0.0013053978
FBgn0286890,1,0.0013053978
FBgn0286891,1,0.0013053978
FBgn0286892,1,0.0013053978
FBgn0286913,1,0.0013053978
FBgn0286914,1,0.0013053978
FBgn0286915,1,0.0013053978
FBgn0286916,1,0.0013053978
FBgn0286917,1,0.0013053978
FBgn0286918,1,0.0013053978
FBgn0286927,1,0.0013053978
FBgn0286938,1,0.0013053978
FBgn0286976,1,0.0013053978
FBgn0287204,1,0.0013053978
FBgn0287212,1,0.0013053978
FBgn0287216,1,0.0013053978
FBgn0287423,1,0.0013053978
FBgn0287460,1,0.0013053978
FBgn0287464,1,0.0013053978
FBgn0287466,1,0.0013053978
FBgn0287599,1,0.0013053978
FBgn0287602,1,0.0013053978
FBgn0287603,1,0.0013053978
FBgn0287607,1,0.0013053978
FBgn0287608,1,0.0013053978
FBgn0287610,1,0.0013053978
FBgn0287613,1,0.0013053978
FBgn0287618,1,0.0013053978
FBgn0287621,1,0.0013053978
FBgn0287630,1,0.0013053978
FBgn0287632,1,0.0013053978
FBgn0287633,1,0.0013053978
FBgn0287645,1,0.0013053978
FBgn0287667,1,0.0013053978
FBgn0287668,1,0.0013053978
FBgn0287669,1,0.0013053978
FBgn0287670,1,0.0013053978
FBgn0287774,1,0.0013053978
FBgn0288232,1,0.0013053978
FBgn0288705,1,0.0013053978
FBgn0288728,1,0.0013053978
FBgn0288729,1,0.0013053978
FBgn0288730,1,0.0013053978
FBgn0288731,1,0.0013053978
FBgn0288732,1,0.0013053978
FBgn0288733,1,0.0013053978
FBgn0288734,1,0.0013053978
FBgn0288735,1,0.0013053978
FBgn0288736,1,0.0013053978
FBgn0288737,1,0.0013053978
FBgn0288739,1,0.0013053978
FBgn0288740,1,0.0013053978
FBgn0288741,1,0.0013053978
FBgn0288742,1,0.0013053978
FBgn0288744,1,0.0013053978
FBgn0288745,1,0.0013053978
FBgn0288746,1,0.0013053978
FBgn0288747,1,0.0013053978
FBgn0288809,1,0.0013053978
FBgn0288810,1,0.0013053978
FBgn0288833,1,0.0013053978
FBgn0288834,1,0.0013053978
FBgn0288835,1,0.0013053978
FBgn0288875,1,0.0013053978
XLOC_000001,1,0.0013053978
XLOC_000005,1,0.0013053978
XLOC_000006,1,0.0013053978
XLOC_000008,1,0.0013053978
XLOC_000010,1,0.0013053978
XLOC_000013,1,0.0013053978
XLOC_000015,1,0.0013053978
XLOC_000017,1,0.0013053978
XLOC_000018,1,0.0013053978
XLOC_000019,1,0.0013053978
XLOC_000021,1,0.0013053978
XLOC_000022,1,0.0013053978
XLOC_000023,1,0.0013053978
XLOC_000027,1,0.0013053978
XLOC_000028,1,0.0013053978
XLOC_000032,1,0.0013053978
XLOC_000034,1,0.0013053978
XLOC_000035,1,0.0013053978
XLOC_000037,1,0.0013053978
XLOC_000038,1,0.0013053978
XLOC_000045,1,0.0013053978
XLOC_000082,1,0.0013053978
XLOC_000089,1,0.0013053978
XLOC_000103,1,0.0013053978
XLOC_000106,1,0.0013053978
XLOC_000131,1,0.0013053978
XLOC_000137,1,0.0013053978
XLOC_000177,1,0.0013053978
XLOC_000197,1,0.0013053978
XLOC_000207,1,0.0013053978
XLOC_000210,1,0.0013053978
XLOC_000217,1,0.0013053978
XLOC_000229,1,0.0013053978
XLOC_000232,1,0.0013053978
XLOC_000250,1,0.0013053978
XLOC_000260,1,0.0013053978
XLOC_000270,1,0.0013053978
XLOC_000282,1,0.0013053978
XLOC_000290,1,0.0013053978
XLOC_000303,1,0.0013053978
XLOC_000320,1,0.0013053978
XLOC_000356,1,0.0013053978
XLOC_000357,1,0.0013053978
XLOC_000358,1,0.0013053978
XLOC_000372,1,0.0013053978
XLOC_000397,1,0.0013053978
XLOC_000403,1,0.0013053978
XLOC_000405,1,0.0013053978
XLOC_000422,1,0.0013053978
XLOC_000423,1,0.0013053978
XLOC_000458,1,0.0013053978
XLOC_000461,1,0.0013053978
XLOC_000462,1,0.0013053978
XLOC_000468,1,0.0013053978
XLOC_000479,1,0.0013053978
XLOC_000546,1,0.0013053978
XLOC_000550,1,0.0013053978
XLOC_000559,1,0.0013053978
XLOC_000560,1,0.0013053978
XLOC_000564,1,0.0013053978
XLOC_000576,1,0.0013053978
XLOC_000580,1,0.0013053978
XLOC_000586,1,0.0013053978
XLOC_000605,1,0.0013053978
XLOC_000606,1,0.0013053978
XLOC_000607,1,0.0013053978
XLOC_000611,1,0.0013053978
XLOC_000618,1,0.0013053978
XLOC_000621,1,0.0013053978
XLOC_000624,1,0.0013053978
XLOC_000627,1,0.0013053978
XLOC_000644,1,0.0013053978
XLOC_000668,1,0.0013053978
XLOC_000670,1,0.0013053978
XLOC_000671,1,0.0013053978
XLOC_000682,1,0.0013053978
XLOC_000708,1,0.0013053978
XLOC_000740,1,0.0013053978
XLOC_000741,1,0.0013053978
XLOC_000744,1,0.0013053978
XLOC_000745,1,0.0013053978
XLOC_000750,1,0.0013053978
XLOC_000774,1,0.0013053978
XLOC_000805,1,0.0013053978
XLOC_000817,1,0.0013053978
XLOC_000818,1,0.0013053978
XLOC_000837,1,0.0013053978
XLOC_000847,1,0.0013053978
XLOC_000850,1,0.0013053978
XLOC_000851,1,0.0013053978
XLOC_000856,1,0.0013053978
XLOC_000871,1,0.0013053978
XLOC_000912,1,0.0013053978
XLOC_000918,1,0.0013053978
XLOC_000923,1,0.0013053978
XLOC_000924,1,0.0013053978
XLOC_000925,1,0.0013053978
XLOC_000934,1,0.0013053978
XLOC_000936,1,0.0013053978
XLOC_000938,1,0.0013053978
XLOC_000947,1,0.0013053978
XLOC_000970,1,0.0013053978
XLOC_000972,1,0.0013053978
XLOC_000973,1,0.0013053978
XLOC_000986,1,0.0013053978
XLOC_000987,1,0.0013053978
XLOC_000991,1,0.0013053978
XLOC_000996,1,0.0013053978
XLOC_001002,1,0.0013053978
XLOC_001007,1,0.0013053978
XLOC_001055,1,0.0013053978
XLOC_001060,1,0.0013053978
XLOC_001065,1,0.0013053978
XLOC_001085,1,0.0013053978
XLOC_001086,1,0.0013053978
XLOC_001092,1,0.0013053978
XLOC_001110,1,0.0013053978
XLOC_001123,1,0.0013053978
XLOC_001145,1,0.0013053978
XLOC_001149,1,0.0013053978
XLOC_001152,1,0.0013053978
XLOC_001160,1,0.0013053978
XLOC_001182,1,0.0013053978
XLOC_001198,1,0.0013053978
XLOC_001202,1,0.0013053978
XLOC_001204,1,0.0013053978
XLOC_001205,1,0.0013053978
XLOC_001208,1,0.0013053978
XLOC_001211,1,0.0013053978
XLOC_001212,1,0.0013053978
XLOC_001223,1,0.0013053978
XLOC_001225,1,0.0013053978
XLOC_001248,1,0.0013053978
XLOC_001261,1,0.0013053978
XLOC_001270,1,0.0013053978
XLOC_001272,1,0.0013053978
XLOC_001282,1,0.0013053978
XLOC_001294,1,0.0013053978
XLOC_001316,1,0.0013053978
XLOC_001321,1,0.0013053978
XLOC_001331,1,0.0013053978
XLOC_001334,1,0.0013053978
XLOC_001335,1,0.0013053978
XLOC_001339,1,0.0013053978
XLOC_001342,1,0.0013053978
XLOC_001363,1,0.0013053978
XLOC_001371,1,0.0013053978
XLOC_001374,1,0.0013053978
XLOC_001375,1,0.0013053978
XLOC_001387,1,0.0013053978
XLOC_001388,1,0.0013053978
XLOC_001399,1,0.0013053978
XLOC_001413,1,0.0013053978
XLOC_001417,1,0.0013053978
XLOC_001420,1,0.0013053978
XLOC_001421,1,0.0013053978
XLOC_001422,1,0.0013053978
XLOC_001429,1,0.0013053978
XLOC_001445,1,0.0013053978
XLOC_001451,1,0.0013053978
XLOC_001460,1,0.0013053978
XLOC_001472,1,0.0013053978
XLOC_001476,1,0.0013053978
XLOC_001484,1,0.0013053978
XLOC_001507,1,0.0013053978
XLOC_001530,1,0.0013053978
XLOC_001536,1,0.0013053978
XLOC_001554,1,0.0013053978
XLOC_001559,1,0.0013053978
XLOC_001561,1,0.0013053978
XLOC_001567,1,0.0013053978
XLOC_001568,1,0.0013053978
XLOC_001575,1,0.0013053978
XLOC_001615,1,0.0013053978
XLOC_001643,1,0.0013053978
XLOC_001653,1,0.0013053978
XLOC_001654,1,0.0013053978
XLOC_001665,1,0.0013053978
XLOC_001746,1,0.0013053978
XLOC_001750,1,0.0013053978
XLOC_001760,1,0.0013053978
XLOC_001762,1,0.0013053978
XLOC_001772,1,0.0013053978
XLOC_001775,1,0.0013053978
XLOC_001778,1,0.0013053978
XLOC_001780,1,0.0013053978
XLOC_001785,1,0.0013053978
XLOC_001787,1,0.0013053978
XLOC_001795,1,0.0013053978
XLOC_001797,1,0.0013053978
XLOC_001801,1,0.0013053978
XLOC_001806,1,0.0013053978
XLOC_001807,1,0.0013053978
XLOC_001809,1,0.0013053978
XLOC_001821,1,0.0013053978
XLOC_001834,1,0.0013053978
XLOC_001860,1,0.0013053978
XLOC_001861,1,0.0013053978
XLOC_001878,1,0.0013053978
XLOC_001882,1,0.0013053978
XLOC_001884,1,0.0013053978
XLOC_001896,1,0.0013053978
XLOC_001899,1,0.0013053978
XLOC_001900,1,0.0013053978
XLOC_001907,1,0.0013053978
XLOC_001914,1,0.0013053978
XLOC_001921,1,0.0013053978
XLOC_001922,1,0.0013053978
XLOC_001989,1,0.0013053978
XLOC_001991,1,0.0013053978
XLOC_001996,1,0.0013053978
XLOC_001999,1,0.0013053978
XLOC_002030,1,0.0013053978
XLOC_002034,1,0.0013053978
XLOC_002040,1,0.0013053978
XLOC_002058,1,0.0013053978
XLOC_002069,1,0.0013053978
XLOC_002084,1,0.0013053978
XLOC_002097,1,0.0013053978
XLOC_002106,1,0.0013053978
XLOC_002114,1,0.0013053978
XLOC_002125,1,0.0013053978
XLOC_002145,1,0.0013053978
XLOC_002152,1,0.0013053978
XLOC_002155,1,0.0013053978
XLOC_002156,1,0.0013053978
XLOC_002163,1,0.0013053978
XLOC_002169,1,0.0013053978
XLOC_002196,1,0.0013053978
XLOC_002199,1,0.0013053978
XLOC_002206,1,0.0013053978
XLOC_002211,1,0.0013053978
XLOC_002212,1,0.0013053978
XLOC_002223,1,0.0013053978
XLOC_002225,1,0.0013053978
XLOC_002230,1,0.0013053978
XLOC_002240,1,0.0013053978
XLOC_002254,1,0.0013053978
XLOC_002282,1,0.0013053978
XLOC_002316,1,0.0013053978
XLOC_002360,1,0.0013053978
XLOC_002422,1,0.0013053978
XLOC_002428,1,0.0013053978
XLOC_002468,1,0.0013053978
XLOC_002473,1,0.0013053978
XLOC_002487,1,0.0013053978
XLOC_002490,1,0.0013053978
XLOC_002505,1,0.0013053978
XLOC_002510,1,0.0013053978
XLOC_002514,1,0.0013053978
XLOC_002517,1,0.0013053978
XLOC_002522,1,0.0013053978
XLOC_002548,1,0.0013053978
XLOC_002603,1,0.0013053978
XLOC_002623,1,0.0013053978
XLOC_002686,1,0.0013053978
XLOC_002691,1,0.0013053978
XLOC_002705,1,0.0013053978
XLOC_002706,1,0.0013053978
XLOC_002712,1,0.0013053978
XLOC_002715,1,0.0013053978
XLOC_002716,1,0.0013053978
XLOC_002727,1,0.0013053978
XLOC_002747,1,0.0013053978
XLOC_002760,1,0.0013053978
XLOC_002766,1,0.0013053978
XLOC_002770,1,0.0013053978
XLOC_002779,1,0.0013053978
XLOC_002780,1,0.0013053978
XLOC_002782,1,0.0013053978
XLOC_002788,1,0.0013053978
XLOC_002796,1,0.0013053978
XLOC_002805,1,0.0013053978
XLOC_002837,1,0.0013053978
XLOC_002840,1,0.0013053978
XLOC_002842,1,0.0013053978
XLOC_002846,1,0.0013053978
XLOC_002849,1,0.0013053978
XLOC_002851,1,0.0013053978
XLOC_002855,1,0.0013053978
XLOC_002865,1,0.0013053978
XLOC_002868,1,0.0013053978
XLOC_002883,1,0.0013053978
XLOC_002889,1,0.0013053978
XLOC_002890,1,0.0013053978
XLOC_002891,1,0.0013053978
XLOC_002892,1,0.0013053978
XLOC_002901,1,0.0013053978
XLOC_002910,1,0.0013053978
XLOC_002926,1,0.0013053978
XLOC_002934,1,0.0013053978
XLOC_002940,1,0.0013053978
XLOC_002946,1,0.0013053978
XLOC_002951,1,0.0013053978
XLOC_002965,1,0.0013053978
XLOC_002973,1,0.0013053978
XLOC_002981,1,0.0013053978
XLOC_003003,1,0.0013053978
XLOC_003004,1,0.0013053978
XLOC_003007,1,0.0013053978
XLOC_003008,1,0.0013053978
XLOC_003010,1,0.0013053978
XLOC_003013,1,0.0013053978
XLOC_003020,1,0.0013053978
XLOC_003034,1,0.0013053978
XLOC_003036,1,0.0013053978
XLOC_003046,1,0.0013053978
XLOC_003057,1,0.0013053978
XLOC_003074,1,0.0013053978
XLOC_003076,1,0.0013053978
XLOC_003085,1,0.0013053978
XLOC_003106,1,0.0013053978
XLOC_003117,1,0.0013053978
XLOC_003118,1,0.0013053978
XLOC_003129,1,0.0013053978
XLOC_003131,1,0.0013053978
XLOC_003145,1,0.0013053978
XLOC_003151,1,0.0013053978
XLOC_003152,1,0.0013053978
XLOC_003158,1,0.0013053978
XLOC_003166,1,0.0013053978
XLOC_003179,1,0.0013053978
XLOC_003183,1,0.0013053978
XLOC_003206,1,0.0013053978
XLOC_003220,1,0.0013053978
XLOC_003234,1,0.0013053978
XLOC_003246,1,0.0013053978
XLOC_003247,1,0.0013053978
XLOC_003253,1,0.0013053978
XLOC_003286,1,0.0013053978
XLOC_003291,1,0.0013053978
XLOC_003293,1,0.0013053978
XLOC_003295,1,0.0013053978
XLOC_003296,1,0.0013053978
XLOC_003302,1,0.0013053978
XLOC_003305,1,0.0013053978
XLOC_003307,1,0.0013053978
XLOC_003308,1,0.0013053978
XLOC_003311,1,0.0013053978
XLOC_003322,1,0.0013053978
XLOC_003323,1,0.0013053978
XLOC_003324,1,0.0013053978
XLOC_003325,1,0.0013053978
XLOC_003335,1,0.0013053978
XLOC_003336,1,0.0013053978
XLOC_003381,1,0.0013053978
XLOC_003421,1,0.0013053978
XLOC_003428,1,0.0013053978
XLOC_003433,1,0.0013053978
XLOC_003434,1,0.0013053978
XLOC_003441,1,0.0013053978
XLOC_003457,1,0.0013053978
XLOC_003461,1,0.0013053978
XLOC_003464,1,0.0013053978
XLOC_003467,1,0.0013053978
XLOC_003468,1,0.0013053978
XLOC_003473,1,0.0013053978
XLOC_003478,1,0.0013053978
XLOC_003482,1,0.0013053978
XLOC_003484,1,0.0013053978
XLOC_003487,1,0.0013053978
XLOC_003488,1,0.0013053978
XLOC_003490,1,0.0013053978
XLOC_003491,1,0.0013053978
XLOC_003492,1,0.0013053978
XLOC_003498,1,0.0013053978
XLOC_003499,1,0.0013053978
XLOC_003501,1,0.0013053978
XLOC_003504,1,0.0013053978
XLOC_003505,1,0.0013053978
XLOC_003507,1,0.0013053978
XLOC_003510,1,0.0013053978
XLOC_003515,1,0.0013053978
XLOC_003516,1,0.0013053978
XLOC_003518,1,0.0013053978
XLOC_003519,1,0.0013053978
XLOC_003521,1,0.0013053978
XLOC_003522,1,0.0013053978
XLOC_003523,1,0.0013053978
XLOC_003525,1,0.0013053978
XLOC_003526,1,0.0013053978
XLOC_003528,1,0.0013053978
XLOC_003531,1,0.0013053978
XLOC_003532,1,0.0013053978
XLOC_003533,1,0.0013053978
XLOC_003536,1,0.0013053978
XLOC_003541,1,0.0013053978
XLOC_003543,1,0.0013053978
XLOC_003551,1,0.0013053978
XLOC_003553,1,0.0013053978
XLOC_003554,1,0.0013053978
XLOC_003566,1,0.0013053978
XLOC_003568,1,0.0013053978
XLOC_003569,1,0.0013053978
XLOC_003577,1,0.0013053978
XLOC_003593,1,0.0013053978
XLOC_003594,1,0.0013053978
XLOC_003600,1,0.0013053978
XLOC_003601,1,0.0013053978
XLOC_003609,1,0.0013053978
XLOC_003611,1,0.0013053978
XLOC_003612,1,0.0013053978
XLOC_003642,1,0.0013053978
XLOC_003664,1,0.0013053978
XLOC_003670,1,0.0013053978
XLOC_003690,1,0.0013053978
XLOC_003692,1,0.0013053978
XLOC_003707,1,0.0013053978
XLOC_003713,1,0.0013053978
XLOC_003724,1,0.0013053978
XLOC_003742,1,0.0013053978
XLOC_003785,1,0.0013053978
XLOC_003787,1,0.0013053978
XLOC_003811,1,0.0013053978
XLOC_003817,1,0.0013053978
XLOC_003819,1,0.0013053978
XLOC_003848,1,0.0013053978
XLOC_003852,1,0.0013053978
XLOC_003853,1,0.0013053978
XLOC_003856,1,0.0013053978
XLOC_003860,1,0.0013053978
XLOC_003864,1,0.0013053978
XLOC_003908,1,0.0013053978
XLOC_003909,1,0.0013053978
XLOC_003918,1,0.0013053978
XLOC_003934,1,0.0013053978
XLOC_003952,1,0.0013053978
XLOC_003963,1,0.0013053978
XLOC_003965,1,0.0013053978
XLOC_003972,1,0.0013053978
XLOC_003975,1,0.0013053978
XLOC_003984,1,0.0013053978
XLOC_003988,1,0.0013053978
XLOC_003996,1,0.0013053978
XLOC_004025,1,0.0013053978
XLOC_004037,1,0.0013053978
XLOC_004039,1,0.0013053978
XLOC_004063,1,0.0013053978
XLOC_004070,1,0.0013053978
XLOC_004078,1,0.0013053978
XLOC_004087,1,0.0013053978
XLOC_004132,1,0.0013053978
XLOC_004139,1,0.0013053978
XLOC_004153,1,0.0013053978
XLOC_004175,1,0.0013053978
XLOC_004206,1,0.0013053978
XLOC_004211,1,0.0013053978
XLOC_004226,1,0.0013053978
XLOC_004233,1,0.0013053978
XLOC_004256,1,0.0013053978
XLOC_004272,1,0.0013053978
XLOC_004318,1,0.0013053978
XLOC_004319,1,0.0013053978
XLOC_004329,1,0.0013053978
XLOC_004353,1,0.0013053978
XLOC_004373,1,0.0013053978
XLOC_004383,1,0.0013053978
XLOC_004405,1,0.0013053978
XLOC_004408,1,0.0013053978
XLOC_004423,1,0.0013053978
XLOC_004424,1,0.0013053978
XLOC_004429,1,0.0013053978
XLOC_004469,1,0.0013053978
XLOC_004482,1,0.0013053978
XLOC_004517,1,0.0013053978
XLOC_004519,1,0.0013053978
XLOC_004540,1,0.0013053978
XLOC_004545,1,0.0013053978
XLOC_004553,1,0.0013053978
XLOC_004557,1,0.0013053978
XLOC_004570,1,0.0013053978
XLOC_004650,1,0.0013053978
XLOC_004693,1,0.0013053978
XLOC_004707,1,0.0013053978
XLOC_004715,1,0.0013053978
XLOC_004721,1,0.0013053978
XLOC_004725,1,0.0013053978
XLOC_004726,1,0.0013053978
XLOC_004737,1,0.0013053978
XLOC_004747,1,0.0013053978
XLOC_004760,1,0.0013053978
XLOC_004762,1,0.0013053978
XLOC_004778,1,0.0013053978
XLOC_004786,1,0.0013053978
XLOC_004797,1,0.0013053978
XLOC_004814,1,0.0013053978
XLOC_004834,1,0.0013053978
XLOC_004835,1,0.0013053978
XLOC_004860,1,0.0013053978
XLOC_004865,1,0.0013053978
XLOC_004869,1,0.0013053978
XLOC_004882,1,0.0013053978
XLOC_004895,1,0.0013053978
XLOC_004914,1,0.0013053978
XLOC_004926,1,0.0013053978
XLOC_004943,1,0.0013053978
XLOC_004970,1,0.0013053978
XLOC_004992,1,0.0013053978
XLOC_004996,1,0.0013053978
XLOC_004997,1,0.0013053978
XLOC_005004,1,0.0013053978
XLOC_005020,1,0.0013053978
XLOC_005025,1,0.0013053978
XLOC_005027,1,0.0013053978
XLOC_005032,1,0.0013053978
XLOC_005035,1,0.0013053978
XLOC_005048,1,0.0013053978
XLOC_005052,1,0.0013053978
XLOC_005060,1,0.0013053978
XLOC_005108,1,0.0013053978
XLOC_005166,1,0.0013053978
XLOC_005176,1,0.0013053978
XLOC_005186,1,0.0013053978
XLOC_005188,1,0.0013053978
XLOC_005189,1,0.0013053978
XLOC_005191,1,0.0013053978
XLOC_005194,1,0.0013053978
XLOC_005197,1,0.0013053978
XLOC_005202,1,0.0013053978
XLOC_005204,1,0.0013053978
XLOC_005205,1,0.0013053978
XLOC_005210,1,0.0013053978
XLOC_005211,1,0.0013053978
XLOC_005215,1,0.0013053978
XLOC_005216,1,0.0013053978
XLOC_005220,1,0.0013053978
XLOC_005222,1,0.0013053978
XLOC_005223,1,0.0013053978
XLOC_005227,1,0.0013053978
XLOC_005228,1,0.0013053978
XLOC_005229,1,0.0013053978
XLOC_005231,1,0.0013053978
XLOC_005234,1,0.0013053978
XLOC_005244,1,0.0013053978
XLOC_005248,1,0.0013053978
XLOC_005255,1,0.0013053978
XLOC_005256,1,0.0013053978
XLOC_005259,1,0.0013053978
XLOC_005260,1,0.0013053978
XLOC_005266,1,0.0013053978
XLOC_005272,1,0.0013053978
XLOC_005284,1,0.0013053978
XLOC_005312,1,0.0013053978
XLOC_005331,1,0.0013053978
XLOC_005348,1,0.0013053978
XLOC_005352,1,0.0013053978
XLOC_005383,1,0.0013053978
XLOC_005388,1,0.0013053978
XLOC_005408,1,0.0013053978
XLOC_005411,1,0.0013053978
XLOC_005442,1,0.0013053978
XLOC_005456,1,0.0013053978
XLOC_005469,1,0.0013053978
XLOC_005480,1,0.0013053978
XLOC_005482,1,0.0013053978
XLOC_005487,1,0.0013053978
XLOC_005528,1,0.0013053978
XLOC_005580,1,0.0013053978
XLOC_005584,1,0.0013053978
XLOC_005589,1,0.0013053978
XLOC_005602,1,0.0013053978
XLOC_005610,1,0.0013053978
XLOC_005641,1,0.0013053978
XLOC_005642,1,0.0013053978
XLOC_005643,1,0.0013053978
XLOC_005665,1,0.0013053978
XLOC_005692,1,0.0013053978
XLOC_005698,1,0.0013053978
XLOC_005721,1,0.0013053978
XLOC_005723,1,0.0013053978
XLOC_005744,1,0.0013053978
XLOC_005745,1,0.0013053978
XLOC_005754,1,0.0013053978
XLOC_005820,1,0.0013053978
XLOC_005858,1,0.0013053978
XLOC_005876,1,0.0013053978
XLOC_005892,1,0.0013053978
XLOC_005899,1,0.0013053978
XLOC_005909,1,0.0013053978
XLOC_005911,1,0.0013053978
XLOC_005925,1,0.0013053978
XLOC_005940,1,0.0013053978
XLOC_005948,1,0.0013053978
XLOC_005996,1,0.0013053978
XLOC_006022,1,0.0013053978
XLOC_006044,1,0.0013053978
XLOC_006067,1,0.0013053978
XLOC_006075,1,0.0013053978
XLOC_006083,1,0.0013053978
XLOC_006085,1,0.0013053978
XLOC_006086,1,0.0013053978
XLOC_006091,1,0.0013053978
XLOC_006094,1,0.0013053978
XLOC_006099,1,0.0013053978
XLOC_006107,1,0.0013053978
XLOC_006108,1,0.0013053978
XLOC_006109,1,0.0013053978
XLOC_006112,1,0.0013053978
XLOC_006146,1,0.0013053978
XLOC_006147,1,0.0013053978
XLOC_006152,1,0.0013053978
XLOC_006154,1,0.0013053978
XLOC_006185,1,0.0013053978
XLOC_006207,1,0.0013053978
XLOC_006208,1,0.0013053978
XLOC_006221,1,0.0013053978
XLOC_006233,1,0.0013053978
XLOC_006244,1,0.0013053978
XLOC_006261,1,0.0013053978
XLOC_006282,1,0.0013053978
XLOC_006286,1,0.0013053978
XLOC_006289,1,0.0013053978
XLOC_006291,1,0.0013053978
XLOC_006294,1,0.0013053978
XLOC_006316,1,0.0013053978
XLOC_006318,1,0.0013053978
XLOC_006417,1,0.0013053978
XLOC_006418,1,0.0013053978
XLOC_006427,1,0.0013053978
XLOC_006430,1,0.0013053978
XLOC_006435,1,0.0013053978
XLOC_006436,1,0.0013053978
XLOC_006437,1,0.0013053978
XLOC_006440,1,0.0013053978
XLOC_006462,1,0.0013053978
XLOC_006469,1,0.0013053978
XLOC_006479,1,0.0013053978
XLOC_006490,1,0.0013053978
XLOC_006504,1,0.0013053978
XLOC_006505,1,0.0013053978
XLOC_006523,1,0.0013053978
XLOC_006549,1,0.0013053978
XLOC_006556,1,0.0013053978
XLOC_006580,1,0.0013053978
XLOC_006583,1,0.0013053978
XLOC_006598,1,0.0013053978
XLOC_006617,1,0.0013053978
XLOC_006646,1,0.0013053978
XLOC_006715,1,0.0013053978
XLOC_006726,1,0.0013053978
XLOC_006739,1,0.0013053978
XLOC_006742,1,0.0013053978
XLOC_006777,1,0.0013053978
XLOC_006801,1,0.0013053978
XLOC_006807,1,0.0013053978
XLOC_006855,1,0.0013053978
XLOC_006860,1,0.0013053978
XLOC_006877,1,0.0013053978
XLOC_006884,1,0.0013053978
XLOC_006887,1,0.0013053978
XLOC_006891,1,0.0013053978
XLOC_006894,1,0.0013053978
XLOC_006917,1,0.0013053978
XLOC_006919,1,0.0013053978
XLOC_006923,1,0.0013053978
XLOC_006933,1,0.0013053978
XLOC_006936,1,0.0013053978
XLOC_006938,1,0.0013053978
XLOC_006939,1,0.0013053978
XLOC_006961,1,0.0013053978
XLOC_006982,1,0.0013053978
XLOC_006990,1,0.0013053978
XLOC_007004,1,0.0013053978
XLOC_007029,1,0.0013053978
XLOC_007030,1,0.0013053978
XLOC_007032,1,0.0013053978
XLOC_007079,1,0.0013053978
XLOC_007087,1,0.0013053978
XLOC_007089,1,0.0013053978
XLOC_007114,1,0.0013053978
XLOC_007127,1,0.0013053978
XLOC_007129,1,0.0013053978
XLOC_007130,1,0.0013053978
XLOC_007131,1,0.0013053978
XLOC_007170,1,0.0013053978
XLOC_007175,1,0.0013053978
XLOC_007177,1,0.0013053978
XLOC_007212,1,0.0013053978
XLOC_007216,1,0.0013053978
XLOC_007230,1,0.0013053978
XLOC_007235,1,0.0013053978
XLOC_007258,1,0.0013053978
XLOC_007279,1,0.0013053978
XLOC_007289,1,0.0013053978
XLOC_007313,1,0.0013053978
XLOC_007314,1,0.0013053978
XLOC_007316,1,0.0013053978
XLOC_007321,1,0.0013053978
XLOC_007322,1,0.0013053978
XLOC_007332,1,0.0013053978
XLOC_007337,1,0.0013053978
XLOC_007346,1,0.0013053978
XLOC_007358,1,0.0013053978
XLOC_007375,1,0.0013053978
XLOC_007401,1,0.0013053978
XLOC_007403,1,0.0013053978
XLOC_007421,1,0.0013053978
XLOC_007449,1,0.0013053978
XLOC_007466,1,0.0013053978
XLOC_007470,1,0.0013053978
XLOC_007473,1,0.0013053978
XLOC_007474,1,0.0013053978
XLOC_007480,1,0.0013053978
XLOC_007491,1,0.0013053978
XLOC_007495,1,0.0013053978
XLOC_007515,1,0.0013053978
XLOC_007527,1,0.0013053978
XLOC_007570,1,0.0013053978
XLOC_007576,1,0.0013053978
XLOC_007585,1,0.0013053978
XLOC_007587,1,0.0013053978
XLOC_007596,1,0.0013053978
XLOC_007613,1,0.0013053978
XLOC_007615,1,0.0013053978
XLOC_007632,1,0.0013053978
XLOC_007665,1,0.0013053978
XLOC_007676,1,0.0013053978
XLOC_007684,1,0.0013053978
XLOC_007688,1,0.0013053978
XLOC_007692,1,0.0013053978
XLOC_007701,1,0.0013053978
XLOC_007714,1,0.0013053978
XLOC_007720,1,0.0013053978
XLOC_007730,1,0.0013053978
XLOC_007736,1,0.0013053978
XLOC_007758,1,0.0013053978
XLOC_007775,1,0.0013053978
XLOC_007789,1,0.0013053978
XLOC_007790,1,0.0013053978
XLOC_007793,1,0.0013053978
XLOC_007806,1,0.0013053978
XLOC_007825,1,0.0013053978
XLOC_007829,1,0.0013053978
XLOC_007833,1,0.0013053978
XLOC_007850,1,0.0013053978
XLOC_007852,1,0.0013053978
XLOC_007875,1,0.0013053978
XLOC_007876,1,0.0013053978
XLOC_007887,1,0.0013053978
XLOC_007891,1,0.0013053978
XLOC_007894,1,0.0013053978
XLOC_007902,1,0.0013053978
XLOC_007904,1,0.0013053978
XLOC_007919,1,0.0013053978
XLOC_007921,1,0.0013053978
XLOC_007922,1,0.0013053978
XLOC_007935,1,0.0013053978
XLOC_007949,1,0.0013053978
XLOC_007979,1,0.0013053978
XLOC_008004,1,0.0013053978
XLOC_008043,1,0.0013053978
XLOC_008071,1,0.0013053978
XLOC_008096,1,0.0013053978
XLOC_008104,1,0.0013053978
XLOC_008106,1,0.0013053978
XLOC_008117,1,0.0013053978
XLOC_008139,1,0.0013053978
XLOC_008141,1,0.0013053978
XLOC_008143,1,0.0013053978
XLOC_008151,1,0.0013053978
XLOC_008154,1,0.0013053978
XLOC_008164,1,0.0013053978
XLOC_008167,1,0.0013053978
XLOC_008169,1,0.0013053978
XLOC_008170,1,0.0013053978
XLOC_008205,1,0.0013053978
XLOC_008215,1,0.0013053978
XLOC_008216,1,0.0013053978
XLOC_008222,1,0.0013053978
XLOC_008223,1,0.0013053978
XLOC_008224,1,0.0013053978
XLOC_008225,1,0.0013053978
XLOC_008236,1,0.0013053978
XLOC_008239,1,0.0013053978
XLOC_008243,1,0.0013053978
XLOC_008263,1,0.0013053978
XLOC_008274,1,0.0013053978
XLOC_008292,1,0.0013053978
XLOC_008300,1,0.0013053978
XLOC_008307,1,0.0013053978
XLOC_008308,1,0.0013053978
XLOC_008339,1,0.0013053978
XLOC_008361,1,0.0013053978
XLOC_008368,1,0.0013053978
XLOC_008371,1,0.0013053978
XLOC_008381,1,0.0013053978
XLOC_008388,1,0.0013053978
XLOC_008391,1,0.0013053978
XLOC_008444,1,0.0013053978
XLOC_008479,1,0.0013053978
XLOC_008483,1,0.0013053978
XLOC_008490,1,0.0013053978
XLOC_008509,1,0.0013053978
XLOC_008511,1,0.0013053978
XLOC_008515,1,0.0013053978
XLOC_008527,1,0.0013053978
XLOC_008535,1,0.0013053978
XLOC_008542,1,0.0013053978
XLOC_008544,1,0.0013053978
XLOC_008548,1,0.0013053978
XLOC_008551,1,0.0013053978
XLOC_008553,1,0.0013053978
XLOC_008555,1,0.0013053978
XLOC_008559,1,0.0013053978
XLOC_008560,1,0.0013053978
XLOC_008561,1,0.0013053978
XLOC_008563,1,0.0013053978
XLOC_008565,1,0.0013053978
XLOC_008570,1,0.0013053978
XLOC_008571,1,0.0013053978
XLOC_008573,1,0.0013053978
XLOC_008579,1,0.0013053978
XLOC_008584,1,0.0013053978
XLOC_008586,1,0.0013053978
XLOC_008591,1,0.0013053978
XLOC_008594,1,0.0013053978
XLOC_008596,1,0.0013053978
XLOC_008597,1,0.0013053978
XLOC_008607,1,0.0013053978
XLOC_008608,1,0.0013053978
XLOC_008609,1,0.0013053978
XLOC_008615,1,0.0013053978
XLOC_008617,1,0.0013053978
XLOC_008646,1,0.0013053978
XLOC_008655,1,0.0013053978
XLOC_008665,1,0.0013053978
XLOC_008695,1,0.0013053978
XLOC_008700,1,0.0013053978
XLOC_008709,1,0.0013053978
XLOC_008715,1,0.0013053978
XLOC_008742,1,0.0013053978
XLOC_008785,1,0.0013053978
XLOC_008794,1,0.0013053978
XLOC_008799,1,0.0013053978
XLOC_008816,1,0.0013053978
XLOC_008843,1,0.0013053978
XLOC_008851,1,0.0013053978
XLOC_008854,1,0.0013053978
XLOC_008856,1,0.0013053978
XLOC_008878,1,0.0013053978
XLOC_008883,1,0.0013053978
XLOC_008897,1,0.0013053978
XLOC_008920,1,0.0013053978
XLOC_008943,1,0.0013053978
XLOC_008962,1,0.0013053978
XLOC_008971,1,0.0013053978
XLOC_008977,1,0.0013053978
XLOC_008979,1,0.0013053978
XLOC_008981,1,0.0013053978
XLOC_008986,1,0.0013053978
XLOC_008990,1,0.0013053978
XLOC_009000,1,0.0013053978
XLOC_009003,1,0.0013053978
XLOC_009034,1,0.0013053978
XLOC_009066,1,0.0013053978
XLOC_009067,1,0.0013053978
XLOC_009076,1,0.0013053978
XLOC_009077,1,0.0013053978
XLOC_009089,1,0.0013053978
XLOC_009090,1,0.0013053978
XLOC_009148,1,0.0013053978
XLOC_009154,1,0.0013053978
XLOC_009184,1,0.0013053978
XLOC_009210,1,0.0013053978
XLOC_009211,1,0.0013053978
XLOC_009258,1,0.0013053978
XLOC_009270,1,0.0013053978
XLOC_009278,1,0.0013053978
XLOC_009302,1,0.0013053978
XLOC_009304,1,0.0013053978
XLOC_009314,1,0.0013053978
XLOC_009315,1,0.0013053978
XLOC_009319,1,0.0013053978
XLOC_009333,1,0.0013053978
XLOC_009366,1,0.0013053978
XLOC_009369,1,0.0013053978
XLOC_009405,1,0.0013053978
XLOC_009406,1,0.0013053978
XLOC_009410,1,0.0013053978
XLOC_009412,1,0.0013053978
XLOC_009419,1,0.0013053978
XLOC_009422,1,0.0013053978
XLOC_009452,1,0.0013053978
XLOC_009466,1,0.0013053978
XLOC_009471,1,0.0013053978
XLOC_009475,1,0.0013053978
XLOC_009478,1,0.0013053978
XLOC_009502,1,0.0013053978
XLOC_009517,1,0.0013053978
XLOC_009534,1,0.0013053978
XLOC_009551,1,0.0013053978
XLOC_009569,1,0.0013053978
XLOC_009571,1,0.0013053978
XLOC_009602,1,0.0013053978
XLOC_009607,1,0.0013053978
XLOC_009616,1,0.0013053978
XLOC_009623,1,0.0013053978
XLOC_009625,1,0.0013053978
XLOC_009634,1,0.0013053978
XLOC_009635,1,0.0013053978
XLOC_009645,1,0.0013053978
XLOC_009648,1,0.0013053978
XLOC_009654,1,0.0013053978
XLOC_009656,1,0.0013053978
XLOC_009689,1,0.0013053978
XLOC_009692,1,0.0013053978
XLOC_009699,1,0.0013053978
XLOC_009720,1,0.0013053978
XLOC_009787,1,0.0013053978
XLOC_009808,1,0.0013053978
XLOC_009819,1,0.0013053978
XLOC_009837,1,0.0013053978
XLOC_009844,1,0.0013053978
XLOC_009845,1,0.0013053978
XLOC_009868,1,0.0013053978
XLOC_009872,1,0.0013053978
XLOC_009907,1,0.0013053978
XLOC_009913,1,0.0013053978
XLOC_009916,1,0.0013053978
XLOC_009920,1,0.0013053978
XLOC_009937,1,0.0013053978
XLOC_009961,1,0.0013053978
XLOC_009967,1,0.0013053978
XLOC_009989,1,0.0013053978
XLOC_010035,1,0.0013053978
XLOC_010042,1,0.0013053978
XLOC_010058,1,0.0013053978
XLOC_010070,1,0.0013053978
XLOC_010091,1,0.0013053978
XLOC_010092,1,0.0013053978
XLOC_010102,1,0.0013053978
XLOC_010104,1,0.0013053978
XLOC_010128,1,0.0013053978
XLOC_010154,1,0.0013053978
XLOC_010163,1,0.0013053978
XLOC_010181,1,0.0013053978
XLOC_010186,1,0.0013053978
XLOC_010192,1,0.0013053978
XLOC_010194,1,0.0013053978
XLOC_010195,1,0.0013053978
XLOC_010210,1,0.0013053978
XLOC_010219,1,0.0013053978
XLOC_010221,1,0.0013053978
XLOC_010223,1,0.0013053978
XLOC_010227,1,0.0013053978
XLOC_010253,1,0.0013053978
XLOC_010254,1,0.0013053978
XLOC_010256,1,0.0013053978
XLOC_010259,1,0.0013053978
XLOC_010266,1,0.0013053978
XLOC_010267,1,0.0013053978
XLOC_010269,1,0.0013053978
XLOC_010271,1,0.0013053978
XLOC_010278,1,0.0013053978
XLOC_010283,1,0.0013053978
XLOC_010285,1,0.0013053978
XLOC_010287,1,0.0013053978
XLOC_010289,1,0.0013053978
XLOC_010290,1,0.0013053978
XLOC_010291,1,0.0013053978
XLOC_010295,1,0.0013053978
XLOC_010296,1,0.0013053978
XLOC_010297,1,0.0013053978
XLOC_010298,1,0.0013053978
XLOC_010300,1,0.0013053978
XLOC_010304,1,0.0013053978
XLOC_010308,1,0.0013053978
XLOC_010310,1,0.0013053978
XLOC_010311,1,0.0013053978
XLOC_010314,1,0.0013053978
XLOC_010315,1,0.0013053978
XLOC_010316,1,0.0013053978
XLOC_010317,1,0.0013053978
XLOC_010318,1,0.0013053978
XLOC_010319,1,0.0013053978
XLOC_010324,1,0.0013053978
XLOC_010326,1,0.0013053978
XLOC_010330,1,0.0013053978
XLOC_010334,1,0.0013053978
XLOC_010335,1,0.0013053978
XLOC_010337,1,0.0013053978
XLOC_010338,1,0.0013053978
XLOC_010340,1,0.0013053978
XLOC_010341,1,0.0013053978
XLOC_010342,1,0.0013053978
XLOC_010344,1,0.0013053978
XLOC_010345,1,0.0013053978
XLOC_010347,1,0.0013053978
XLOC_010348,1,0.0013053978
XLOC_010351,1,0.0013053978
XLOC_010352,1,0.0013053978
XLOC_010353,1,0.0013053978
XLOC_010354,1,0.0013053978
XLOC_010355,1,0.0013053978
XLOC_010357,1,0.0013053978
XLOC_010358,1,0.0013053978
XLOC_010359,1,0.0013053978
XLOC_010361,1,0.0013053978
XLOC_010363,1,0.0013053978
XLOC_010364,1,0.0013053978
XLOC_010368,1,0.0013053978
XLOC_010369,1,0.0013053978
XLOC_010390,1,0.0013053978
XLOC_010407,1,0.0013053978
XLOC_010410,1,0.0013053978
XLOC_010422,1,0.0013053978
XLOC_010423,1,0.0013053978
XLOC_010428,1,0.0013053978
XLOC_010435,1,0.0013053978
XLOC_010437,1,0.0013053978
XLOC_010452,1,0.0013053978
XLOC_010454,1,0.0013053978
XLOC_010461,1,0.0013053978
XLOC_010466,1,0.0013053978
XLOC_010468,1,0.0013053978
XLOC_010516,1,0.0013053978
XLOC_010517,1,0.0013053978
XLOC_010558,1,0.0013053978
XLOC_010575,1,0.0013053978
XLOC_010580,1,0.0013053978
XLOC_010584,1,0.0013053978
XLOC_010589,1,0.0013053978
XLOC_010591,1,0.0013053978
XLOC_010603,1,0.0013053978
XLOC_010605,1,0.0013053978
XLOC_010606,1,0.0013053978
XLOC_010635,1,0.0013053978
XLOC_010638,1,0.0013053978
XLOC_010643,1,0.0013053978
XLOC_010650,1,0.0013053978
XLOC_010663,1,0.0013053978
XLOC_010670,1,0.0013053978
XLOC_010672,1,0.0013053978
XLOC_010691,1,0.0013053978
XLOC_010697,1,0.0013053978
XLOC_010700,1,0.0013053978
XLOC_010748,1,0.0013053978
XLOC_010764,1,0.0013053978
XLOC_010766,1,0.0013053978
XLOC_010767,1,0.0013053978
XLOC_010792,1,0.0013053978
XLOC_010810,1,0.0013053978
XLOC_010827,1,0.0013053978
XLOC_010848,1,0.0013053978
XLOC_010865,1,0.0013053978
XLOC_010866,1,0.0013053978
XLOC_010867,1,0.0013053978
XLOC_010870,1,0.0013053978
XLOC_010879,1,0.0013053978
XLOC_010892,1,0.0013053978
XLOC_010894,1,0.0013053978
XLOC_010899,1,0.0013053978
XLOC_010901,1,0.0013053978
XLOC_010904,1,0.0013053978
XLOC_010911,1,0.0013053978
XLOC_010941,1,0.0013053978
XLOC_010962,1,0.0013053978
XLOC_010973,1,0.0013053978
XLOC_010980,1,0.0013053978
XLOC_011028,1,0.0013053978
XLOC_011029,1,0.0013053978
XLOC_011030,1,0.0013053978
XLOC_011042,1,0.0013053978
XLOC_011044,1,0.0013053978
XLOC_011050,1,0.0013053978
XLOC_011053,1,0.0013053978
XLOC_011071,1,0.0013053978
XLOC_011076,1,0.0013053978
XLOC_011077,1,0.0013053978
XLOC_011085,1,0.0013053978
XLOC_011100,1,0.0013053978
XLOC_011123,1,0.0013053978
XLOC_011125,1,0.0013053978
XLOC_011126,1,0.0013053978
XLOC_011127,1,0.0013053978
XLOC_011129,1,0.0013053978
XLOC_011134,1,0.0013053978
XLOC_011135,1,0.0013053978
XLOC_011144,1,0.0013053978
XLOC_011156,1,0.0013053978
XLOC_011172,1,0.0013053978
XLOC_011176,1,0.0013053978
XLOC_011177,1,0.0013053978
XLOC_011182,1,0.0013053978
XLOC_011224,1,0.0013053978
XLOC_011229,1,0.0013053978
XLOC_011282,1,0.0013053978
XLOC_011294,1,0.0013053978
XLOC_011296,1,0.0013053978
XLOC_011304,1,0.0013053978
XLOC_011339,1,0.0013053978
XLOC_011357,1,0.0013053978
XLOC_011359,1,0.0013053978
XLOC_011360,1,0.0013053978
XLOC_011361,1,0.0013053978
XLOC_011364,1,0.0013053978
XLOC_011377,1,0.0013053978
XLOC_011378,1,0.0013053978
XLOC_011401,1,0.0013053978
XLOC_011415,1,0.0013053978
XLOC_011421,1,0.0013053978
XLOC_011440,1,0.0013053978
XLOC_011451,1,0.0013053978
XLOC_011452,1,0.0013053978
XLOC_011467,1,0.0013053978
XLOC_011468,1,0.0013053978
XLOC_011469,1,0.0013053978
XLOC_011497,1,0.0013053978
XLOC_011498,1,0.0013053978
XLOC_011500,1,0.0013053978
XLOC_011503,1,0.0013053978
XLOC_011507,1,0.0013053978
XLOC_011517,1,0.0013053978
XLOC_011521,1,0.0013053978
XLOC_011530,1,0.0013053978
XLOC_011561,1,0.0013053978
XLOC_011562,1,0.0013053978
XLOC_011579,1,0.0013053978
XLOC_011580,1,0.0013053978
XLOC_011582,1,0.0013053978
XLOC_011597,1,0.0013053978
XLOC_011606,1,0.0013053978
XLOC_011614,1,0.0013053978
XLOC_011632,1,0.0013053978
XLOC_011635,1,0.0013053978
XLOC_011640,1,0.0013053978
XLOC_011645,1,0.0013053978
XLOC_011647,1,0.0013053978
XLOC_011651,1,0.0013053978
XLOC_011662,1,0.0013053978
XLOC_011722,1,0.0013053978
XLOC_011771,1,0.0013053978
XLOC_011781,1,0.0013053978
XLOC_011782,1,0.0013053978
XLOC_011823,1,0.0013053978
XLOC_011835,1,0.0013053978
XLOC_011932,1,0.0013053978
XLOC_011942,1,0.0013053978
XLOC_011950,1,0.0013053978
XLOC_011960,1,0.0013053978
XLOC_011969,1,0.0013053978
XLOC_011970,1,0.0013053978
XLOC_011971,1,0.0013053978
XLOC_011980,1,0.0013053978
XLOC_011981,1,0.0013053978
XLOC_011982,1,0.0013053978
XLOC_011983,1,0.0013053978
XLOC_012018,1,0.0013053978
XLOC_012020,1,0.0013053978
XLOC_012021,1,0.0013053978
XLOC_012026,1,0.0013053978
XLOC_012043,1,0.0013053978
XLOC_012049,1,0.0013053978
XLOC_012050,1,0.0013053978
XLOC_012056,1,0.0013053978
XLOC_012063,1,0.0013053978
XLOC_012074,1,0.0013053978
XLOC_012078,1,0.0013053978
XLOC_012098,1,0.0013053978
XLOC_012111,1,0.0013053978
XLOC_012113,1,0.0013053978
XLOC_012116,1,0.0013053978
XLOC_012118,1,0.0013053978
XLOC_012121,1,0.0013053978
XLOC_012141,1,0.0013053978
XLOC_012159,1,0.0013053978
XLOC_012163,1,0.0013053978
XLOC_012164,1,0.0013053978
XLOC_012181,1,0.0013053978
XLOC_012187,1,0.0013053978
XLOC_012197,1,0.0013053978
XLOC_012200,1,0.0013053978
XLOC_012212,1,0.0013053978
XLOC_012221,1,0.0013053978
XLOC_012231,1,0.0013053978
XLOC_012247,1,0.0013053978
XLOC_012248,1,0.0013053978
XLOC_012271,1,0.0013053978
XLOC_012274,1,0.0013053978
XLOC_012295,1,0.0013053978
XLOC_012302,1,0.0013053978
XLOC_012308,1,0.0013053978
XLOC_012313,1,0.0013053978
XLOC_012324,1,0.0013053978
XLOC_012335,1,0.0013053978
XLOC_012343,1,0.0013053978
XLOC_012349,1,0.0013053978
XLOC_012366,1,0.0013053978
XLOC_012379,1,0.0013053978
XLOC_012387,1,0.0013053978
XLOC_012388,1,0.0013053978
XLOC_012392,1,0.0013053978
XLOC_012407,1,0.0013053978
XLOC_012409,1,0.0013053978
XLOC_012414,1,0.0013053978
XLOC_012417,1,0.0013053978
XLOC_012418,1,0.0013053978
XLOC_012420,1,0.0013053978
XLOC_012421,1,0.0013053978
XLOC_012423,1,0.0013053978
XLOC_012424,1,0.0013053978
XLOC_012425,1,0.0013053978
XLOC_012426,1,0.0013053978
XLOC_012428,1,0.0013053978
XLOC_012429,1,0.0013053978
XLOC_012431,1,0.0013053978
XLOC_012433,1,0.0013053978
XLOC_012434,1,0.0013053978
XLOC_012436,1,0.0013053978
XLOC_012437,1,0.0013053978
XLOC_012439,1,0.0013053978
XLOC_012441,1,0.0013053978
XLOC_012443,1,0.0013053978
XLOC_012444,1,0.0013053978
XLOC_012445,1,0.0013053978
XLOC_012446,1,0.0013053978
XLOC_012447,1,0.0013053978
XLOC_012448,1,0.0013053978
XLOC_012451,1,0.0013053978
XLOC_012453,1,0.0013053978
XLOC_012454,1,0.0013053978
XLOC_012455,1,0.0013053978
XLOC_012472,1,0.0013053978
XLOC_012477,1,0.0013053978
XLOC_012487,1,0.0013053978
XLOC_012493,1,0.0013053978
XLOC_012494,1,0.0013053978
XLOC_012514,1,0.0013053978
XLOC_012515,1,0.0013053978
XLOC_012521,1,0.0013053978
XLOC_012526,1,0.0013053978
XLOC_012543,1,0.0013053978
XLOC_012568,1,0.0013053978
XLOC_012601,1,0.0013053978
XLOC_012605,1,0.0013053978
XLOC_012626,1,0.0013053978
XLOC_012628,1,0.0013053978
XLOC_012632,1,0.0013053978
XLOC_012633,1,0.0013053978
XLOC_012641,1,0.0013053978
XLOC_012685,1,0.0013053978
XLOC_012708,1,0.0013053978
XLOC_012710,1,0.0013053978
XLOC_012711,1,0.0013053978
XLOC_012729,1,0.0013053978
XLOC_012741,1,0.0013053978
XLOC_012758,1,0.0013053978
XLOC_012770,1,0.0013053978
XLOC_012772,1,0.0013053978
XLOC_012832,1,0.0013053978
XLOC_012841,1,0.0013053978
XLOC_012856,1,0.0013053978
XLOC_012857,1,0.0013053978
XLOC_012905,1,0.0013053978
XLOC_012918,1,0.0013053978
XLOC_012928,1,0.0013053978
XLOC_012942,1,0.0013053978
XLOC_012971,1,0.0013053978
XLOC_012972,1,0.0013053978
XLOC_012973,1,0.0013053978
XLOC_012975,1,0.0013053978
XLOC_012987,1,0.0013053978
XLOC_013010,1,0.0013053978
XLOC_013053,1,0.0013053978
XLOC_013068,1,0.0013053978
XLOC_013075,1,0.0013053978
XLOC_013077,1,0.0013053978
XLOC_013119,1,0.0013053978
XLOC_013128,1,0.0013053978
XLOC_013144,1,0.0013053978
XLOC_013181,1,0.0013053978
XLOC_013185,1,0.0013053978
XLOC_013189,1,0.0013053978
XLOC_013190,1,0.0013053978
XLOC_013193,1,0.0013053978
XLOC_013200,1,0.0013053978
XLOC_013224,1,0.0013053978
XLOC_013231,1,0.0013053978
XLOC_013249,1,0.0013053978
XLOC_013261,1,0.0013053978
XLOC_013272,1,0.0013053978
XLOC_013276,1,0.0013053978
XLOC_013317,1,0.0013053978
XLOC_013318,1,0.0013053978
XLOC_013329,1,0.0013053978
XLOC_013333,1,0.0013053978
XLOC_013352,1,0.0013053978
XLOC_013355,1,0.0013053978
XLOC_013379,1,0.0013053978
XLOC_013381,1,0.0013053978
XLOC_013390,1,0.0013053978
XLOC_013391,1,0.0013053978
XLOC_013438,1,0.0013053978
XLOC_013442,1,0.0013053978
XLOC_013444,1,0.0013053978
XLOC_013447,1,0.0013053978
XLOC_013454,1,0.0013053978
XLOC_013462,1,0.0013053978
XLOC_013464,1,0.0013053978
XLOC_013465,1,0.0013053978
XLOC_013466,1,0.0013053978
XLOC_013501,1,0.0013053978
XLOC_013508,1,0.0013053978
XLOC_013513,1,0.0013053978
XLOC_013527,1,0.0013053978
XLOC_013529,1,0.0013053978
XLOC_013532,1,0.0013053978
XLOC_013538,1,0.0013053978
XLOC_013539,1,0.0013053978
XLOC_013551,1,0.0013053978
XLOC_013556,1,0.0013053978
XLOC_013557,1,0.0013053978
XLOC_013559,1,0.0013053978
XLOC_013560,1,0.0013053978
XLOC_013572,1,0.0013053978
XLOC_013573,1,0.0013053978
XLOC_013574,1,0.0013053978
XLOC_013577,1,0.0013053978
XLOC_013583,1,0.0013053978
XLOC_013598,1,0.0013053978
XLOC_013612,1,0.0013053978
XLOC_013635,1,0.0013053978
XLOC_013643,1,0.0013053978
XLOC_013648,1,0.0013053978
XLOC_013649,1,0.0013053978
XLOC_013657,1,0.0013053978
XLOC_013678,1,0.0013053978
XLOC_013679,1,0.0013053978
XLOC_013697,1,0.0013053978
XLOC_013728,1,0.0013053978
XLOC_013729,1,0.0013053978
XLOC_013730,1,0.0013053978
XLOC_013745,1,0.0013053978
XLOC_013750,1,0.0013053978
XLOC_013801,1,0.0013053978
XLOC_013847,1,0.0013053978
XLOC_013849,1,0.0013053978
XLOC_013856,1,0.0013053978
XLOC_013880,1,0.0013053978
XLOC_013883,1,0.0013053978
XLOC_013887,1,0.0013053978
XLOC_013944,1,0.0013053978
XLOC_013963,1,0.0013053978
XLOC_013976,1,0.0013053978
XLOC_014000,1,0.0013053978
XLOC_014009,1,0.0013053978
XLOC_014013,1,0.0013053978
XLOC_014017,1,0.0013053978
XLOC_014041,1,0.0013053978
XLOC_014059,1,0.0013053978
XLOC_014066,1,0.0013053978
XLOC_014070,1,0.0013053978
XLOC_014074,1,0.0013053978
XLOC_014076,1,0.0013053978
XLOC_014082,1,0.0013053978
XLOC_014093,1,0.0013053978
XLOC_014102,1,0.0013053978
XLOC_014136,1,0.0013053978
XLOC_014140,1,0.0013053978
XLOC_014157,1,0.0013053978
XLOC_014159,1,0.0013053978
XLOC_014161,1,0.0013053978
XLOC_014182,1,0.0013053978
XLOC_014191,1,0.0013053978
XLOC_014192,1,0.0013053978
XLOC_014193,1,0.0013053978
XLOC_014194,1,0.0013053978
XLOC_014205,1,0.0013053978
XLOC_014227,1,0.0013053978
XLOC_014236,1,0.0013053978
XLOC_014243,1,0.0013053978
XLOC_014247,1,0.0013053978
XLOC_014250,1,0.0013053978
XLOC_014255,1,0.0013053978
XLOC_014265,1,0.0013053978
XLOC_014297,1,0.0013053978
XLOC_014310,1,0.0013053978
XLOC_014311,1,0.0013053978
XLOC_014343,1,0.0013053978
XLOC_014362,1,0.0013053978
XLOC_014365,1,0.0013053978
XLOC_014408,1,0.0013053978
XLOC_014409,1,0.0013053978
XLOC_014411,1,0.0013053978
XLOC_014415,1,0.0013053978
XLOC_014442,1,0.0013053978
XLOC_014443,1,0.0013053978
XLOC_014444,1,0.0013053978
XLOC_014447,1,0.0013053978
XLOC_014455,1,0.0013053978
XLOC_014458,1,0.0013053978
XLOC_014474,1,0.0013053978
XLOC_014486,1,0.0013053978
XLOC_014488,1,0.0013053978
XLOC_014489,1,0.0013053978
XLOC_014490,1,0.0013053978
XLOC_014493,1,0.0013053978
XLOC_014505,1,0.0013053978
XLOC_014512,1,0.0013053978
XLOC_014538,1,0.0013053978
XLOC_014543,1,0.0013053978
XLOC_014547,1,0.0013053978
XLOC_014549,1,0.0013053978
XLOC_014560,1,0.0013053978
XLOC_014561,1,0.0013053978
XLOC_014563,1,0.0013053978
XLOC_014565,1,0.0013053978
XLOC_014566,1,0.0013053978
XLOC_014572,1,0.0013053978
XLOC_014578,1,0.0013053978
XLOC_014579,1,0.0013053978
XLOC_014580,1,0.0013053978
XLOC_014581,1,0.0013053978
XLOC_014583,1,0.0013053978
XLOC_014586,1,0.0013053978
XLOC_014587,1,0.0013053978
XLOC_014590,1,0.0013053978
XLOC_014591,1,0.0013053978
XLOC_014592,1,0.0013053978
XLOC_014593,1,0.0013053978
XLOC_014600,1,0.0013053978
XLOC_014603,1,0.0013053978
XLOC_014605,1,0.0013053978
XLOC_014613,1,0.0013053978
XLOC_014624,1,0.0013053978
XLOC_014646,1,0.0013053978
XLOC_014647,1,0.0013053978
XLOC_014657,1,0.0013053978
XLOC_014659,1,0.0013053978
XLOC_014660,1,0.0013053978
XLOC_014694,1,0.0013053978
XLOC_014695,1,0.0013053978
XLOC_014717,1,0.0013053978
XLOC_014735,1,0.0013053978
XLOC_014736,1,0.0013053978
XLOC_014737,1,0.0013053978
XLOC_014739,1,0.0013053978
XLOC_014754,1,0.0013053978
XLOC_014756,1,0.0013053978
XLOC_014768,1,0.0013053978
XLOC_014769,1,0.0013053978
XLOC_014775,1,0.0013053978
XLOC_014781,1,0.0013053978
XLOC_014799,1,0.0013053978
XLOC_014810,1,0.0013053978
XLOC_014815,1,0.0013053978
XLOC_014831,1,0.0013053978
XLOC_014836,1,0.0013053978
XLOC_014841,1,0.0013053978
XLOC_014844,1,0.0013053978
XLOC_014852,1,0.0013053978
XLOC_014876,1,0.0013053978
XLOC_014897,1,0.0013053978
XLOC_014944,1,0.0013053978
XLOC_014948,1,0.0013053978
XLOC_014956,1,0.0013053978
XLOC_014963,1,0.0013053978
XLOC_014967,1,0.0013053978
XLOC_014975,1,0.0013053978
XLOC_014982,1,0.0013053978
XLOC_014984,1,0.0013053978
XLOC_015024,1,0.0013053978
XLOC_015028,1,0.0013053978
XLOC_015045,1,0.0013053978
XLOC_015048,1,0.0013053978
XLOC_015050,1,0.0013053978
XLOC_015061,1,0.0013053978
XLOC_015068,1,0.0013053978
XLOC_015075,1,0.0013053978
XLOC_015086,1,0.0013053978
XLOC_015106,1,0.0013053978
XLOC_015108,1,0.0013053978
XLOC_015109,1,0.0013053978
XLOC_015118,1,0.0013053978
XLOC_015147,1,0.0013053978
XLOC_015151,1,0.0013053978
XLOC_015152,1,0.0013053978
XLOC_015173,1,0.0013053978
XLOC_015176,1,0.0013053978
XLOC_015196,1,0.0013053978
XLOC_015207,1,0.0013053978
XLOC_015210,1,0.0013053978
XLOC_015241,1,0.0013053978
XLOC_015249,1,0.0013053978
XLOC_015264,1,0.0013053978
XLOC_015267,1,0.0013053978
XLOC_015307,1,0.0013053978
XLOC_015313,1,0.0013053978
XLOC_015315,1,0.0013053978
XLOC_015355,1,0.0013053978
XLOC_015358,1,0.0013053978
XLOC_015359,1,0.0013053978
XLOC_015361,1,0.0013053978
XLOC_015367,1,0.0013053978
XLOC_015393,1,0.0013053978
XLOC_015398,1,0.0013053978
XLOC_015400,1,0.0013053978
XLOC_015401,1,0.0013053978
XLOC_015402,1,0.0013053978
XLOC_015405,1,0.0013053978
XLOC_015408,1,0.0013053978
XLOC_015416,1,0.0013053978
XLOC_015449,1,0.0013053978
XLOC_015450,1,0.0013053978
XLOC_015465,1,0.0013053978
XLOC_015466,1,0.0013053978
XLOC_015491,1,0.0013053978
XLOC_015526,1,0.0013053978
XLOC_015527,1,0.0013053978
XLOC_015528,1,0.0013053978
XLOC_015547,1,0.0013053978
XLOC_015560,1,0.0013053978
XLOC_015561,1,0.0013053978
XLOC_015564,1,0.0013053978
XLOC_015567,1,0.0013053978
XLOC_015578,1,0.0013053978
XLOC_015579,1,0.0013053978
XLOC_015582,1,0.0013053978
XLOC_015590,1,0.0013053978
XLOC_015594,1,0.0013053978
XLOC_015611,1,0.0013053978
XLOC_015626,1,0.0013053978
XLOC_015634,1,0.0013053978
XLOC_015640,1,0.0013053978
XLOC_015646,1,0.0013053978
XLOC_015685,1,0.0013053978
XLOC_015687,1,0.0013053978
XLOC_015688,1,0.0013053978
XLOC_015694,1,0.0013053978
XLOC_015708,1,0.0013053978
XLOC_015730,1,0.0013053978
XLOC_015747,1,0.0013053978
XLOC_015760,1,0.0013053978
XLOC_015766,1,0.0013053978
XLOC_015768,1,0.0013053978
XLOC_015773,1,0.0013053978
XLOC_015774,1,0.0013053978
XLOC_015775,1,0.0013053978
XLOC_015776,1,0.0013053978
XLOC_015790,1,0.0013053978
XLOC_015799,1,0.0013053978
XLOC_015800,1,0.0013053978
XLOC_015802,1,0.0013053978
XLOC_015806,1,0.0013053978
XLOC_015824,1,0.0013053978
XLOC_015831,1,0.0013053978
XLOC_015837,1,0.0013053978
XLOC_015843,1,0.0013053978
XLOC_015857,1,0.0013053978
XLOC_015858,1,0.0013053978
XLOC_015905,1,0.0013053978
XLOC_015907,1,0.0013053978
XLOC_015997,1,0.0013053978
XLOC_016008,1,0.0013053978
XLOC_016015,1,0.0013053978
XLOC_016018,1,0.0013053978
XLOC_016027,1,0.0013053978
XLOC_016031,1,0.0013053978
XLOC_016041,1,0.0013053978
XLOC_016045,1,0.0013053978
XLOC_016049,1,0.0013053978
XLOC_016054,1,0.0013053978
XLOC_016058,1,0.0013053978
XLOC_016081,1,0.0013053978
XLOC_016088,1,0.0013053978
XLOC_016095,1,0.0013053978
XLOC_016109,1,0.0013053978
XLOC_016113,1,0.0013053978
XLOC_016116,1,0.0013053978
XLOC_016120,1,0.0013053978
XLOC_016128,1,0.0013053978
XLOC_016129,1,0.0013053978
XLOC_016154,1,0.0013053978
XLOC_016176,1,0.0013053978
XLOC_016210,1,0.0013053978
XLOC_016229,1,0.0013053978
XLOC_016241,1,0.0013053978
XLOC_016251,1,0.0013053978
XLOC_016263,1,0.0013053978
XLOC_016294,1,0.0013053978
XLOC_016295,1,0.0013053978
XLOC_016347,1,0.0013053978
XLOC_016351,1,0.0013053978
XLOC_016360,1,0.0013053978
XLOC_016361,1,0.0013053978
XLOC_016397,1,0.0013053978
XLOC_016426,1,0.0013053978
XLOC_016443,1,0.0013053978
XLOC_016448,1,0.0013053978
XLOC_016465,1,0.0013053978
XLOC_016475,1,0.0013053978
XLOC_016477,1,0.0013053978
XLOC_016489,1,0.0013053978
XLOC_016506,1,0.0013053978
XLOC_016528,1,0.0013053978
XLOC_016539,1,0.0013053978
XLOC_016563,1,0.0013053978
XLOC_016584,1,0.0013053978
XLOC_016615,1,0.0013053978
XLOC_016633,1,0.0013053978
XLOC_016643,1,0.0013053978
XLOC_016647,1,0.0013053978
XLOC_016676,1,0.0013053978
XLOC_016695,1,0.0013053978
XLOC_016708,1,0.0013053978
XLOC_016743,1,0.0013053978
XLOC_016758,1,0.0013053978
XLOC_016769,1,0.0013053978
XLOC_016812,1,0.0013053978
XLOC_016813,1,0.0013053978
XLOC_016821,1,0.0013053978
XLOC_016877,1,0.0013053978
XLOC_016878,1,0.0013053978
XLOC_016892,1,0.0013053978
XLOC_016901,1,0.0013053978
XLOC_016916,1,0.0013053978
XLOC_016927,1,0.0013053978
XLOC_016953,1,0.0013053978
XLOC_016954,1,0.0013053978
XLOC_017032,1,0.0013053978
XLOC_017036,1,0.0013053978
XLOC_017073,1,0.0013053978
XLOC_017077,1,0.0013053978
XLOC_017086,1,0.0013053978
XLOC_017089,1,0.0013053978
XLOC_017108,1,0.0013053978
XLOC_017111,1,0.0013053978
XLOC_017121,1,0.0013053978
XLOC_017122,1,0.0013053978
XLOC_017147,1,0.0013053978
XLOC_017148,1,0.0013053978
XLOC_017149,1,0.0013053978
XLOC_017150,1,0.0013053978
XLOC_017151,1,0.0013053978
XLOC_017152,1,0.0013053978
XLOC_017153,1,0.0013053978
XLOC_017154,1,0.0013053978
XLOC_017166,1,0.0013053978
XLOC_017167,1,0.0013053978
XLOC_017186,1,0.0013053978
XLOC_017202,1,0.0013053978
XLOC_017204,1,0.0013053978
XLOC_017205,1,0.0013053978
XLOC_017206,1,0.0013053978
XLOC_017207,1,0.0013053978
XLOC_017208,1,0.0013053978
XLOC_017209,1,0.0013053978
XLOC_017214,1,0.0013053978
XLOC_017253,1,0.0013053978
XLOC_017256,1,0.0013053978
XLOC_017259,1,0.0013053978
XLOC_017277,1,0.0013053978
XLOC_017278,1,0.0013053978
XLOC_017279,1,0.0013053978
XLOC_017280,1,0.0013053978
XLOC_017281,1,0.0013053978
XLOC_017283,1,0.0013053978
XLOC_017297,1,0.0013053978
XLOC_017308,1,0.0013053978
XLOC_017309,1,0.0013053978
XLOC_017310,1,0.0013053978
XLOC_017312,1,0.0013053978
XLOC_017313,1,0.0013053978
XLOC_017314,1,0.0013053978
