dsim2_geneid,COUNT,PERCENT
FBgn0012827,1,0.0012852149
FBgn0012840,1,0.0012852149
FBgn0012845,1,0.0012852149
FBgn0012846,1,0.0012852149
FBgn0012902,1,0.0012852149
FBgn0012903,1,0.0012852149
FBgn0012904,1,0.0012852149
FBgn0013875,1,0.0012852149
FBgn0013883,1,0.0012852149
FBgn0016340,1,0.0012852149
FBgn0016346,1,0.0012852149
FBgn0020697,1,0.0012852149
FBgn0021128,1,0.0012852149
FBgn0022481,1,0.0012852149
FBgn0022482,1,0.0012852149
FBgn0022505,1,0.0012852149
FBgn0024778,1,0.0012852149
FBgn0025027,1,0.0012852149
FBgn0025038,1,0.0012852149
FBgn0025042,1,0.0012852149
FBgn0025411,1,0.0012852149
FBgn0027417,1,0.0012852149
FBgn0027801,1,0.0012852149
FBgn0028446,1,0.0012852149
FBgn0041268,1,0.0012852149
FBgn0041668,1,0.0012852149
FBgn0042853,1,0.0012852149
FBgn0042855,1,0.0012852149
FBgn0042864,1,0.0012852149
FBgn0043398,1,0.0012852149
FBgn0043399,1,0.0012852149
FBgn0043401,1,0.0012852149
FBgn0043621,1,0.0012852149
FBgn0044189,1,0.0012852149
FBgn0044193,1,0.0012852149
FBgn0044200,1,0.0012852149
FBgn0045530,1,0.0012852149
FBgn0045558,1,0.0012852149
FBgn0045567,1,0.0012852149
FBgn0045611,1,0.0012852149
FBgn0045660,1,0.0012852149
FBgn0046915,1,0.0012852149
FBgn0046916,1,0.0012852149
FBgn0062291,1,0.0012852149
FBgn0063991,1,0.0012852149
FBgn0063996,1,0.0012852149
FBgn0063997,1,0.0012852149
FBgn0064355,1,0.0012852149
FBgn0064364,1,0.0012852149
FBgn0066163,1,0.0012852149
FBgn0066164,1,0.0012852149
FBgn0066168,1,0.0012852149
FBgn0067157,1,0.0012852149
FBgn0067177,1,0.0012852149
FBgn0067487,1,0.0012852149
FBgn0067504,1,0.0012852149
FBgn0067508,1,0.0012852149
FBgn0067516,1,0.0012852149
FBgn0067523,1,0.0012852149
FBgn0067531,1,0.0012852149
FBgn0068661,1,0.0012852149
FBgn0068665,1,0.0012852149
FBgn0068673,1,0.0012852149
FBgn0069499,1,0.0012852149
FBgn0069515,1,0.0012852149
FBgn0069521,1,0.0012852149
FBgn0069522,1,0.0012852149
FBgn0082400,1,0.0012852149
FBgn0082402,1,0.0012852149
FBgn0082722,1,0.0012852149
FBgn0082754,1,0.0012852149
FBgn0082757,1,0.0012852149
FBgn0082758,1,0.0012852149
FBgn0083416,1,0.0012852149
FBgn0083428,1,0.0012852149
FBgn0083429,1,0.0012852149
FBgn0083436,1,0.0012852149
FBgn0083442,1,0.0012852149
FBgn0083456,1,0.0012852149
FBgn0083458,1,0.0012852149
FBgn0083468,1,0.0012852149
FBgn0083469,1,0.0012852149
FBgn0083472,1,0.0012852149
FBgn0083474,1,0.0012852149
FBgn0084073,1,0.0012852149
FBgn0084229,1,0.0012852149
FBgn0084332,1,0.0012852149
FBgn0084450,1,0.0012852149
FBgn0084466,1,0.0012852149
FBgn0084802,1,0.0012852149
FBgn0084862,1,0.0012852149
FBgn0084931,1,0.0012852149
FBgn0085859,1,0.0012852149
FBgn0085905,1,0.0012852149
FBgn0085958,1,0.0012852149
FBgn0181821,1,0.0012852149
FBgn0181832,1,0.0012852149
FBgn0181850,1,0.0012852149
FBgn0181853,1,0.0012852149
FBgn0181857,1,0.0012852149
FBgn0181863,1,0.0012852149
FBgn0181866,1,0.0012852149
FBgn0181876,1,0.0012852149
FBgn0181878,1,0.0012852149
FBgn0181879,1,0.0012852149
FBgn0181886,1,0.0012852149
FBgn0181898,1,0.0012852149
FBgn0181923,1,0.0012852149
FBgn0181924,1,0.0012852149
FBgn0181927,1,0.0012852149
FBgn0181930,1,0.0012852149
FBgn0181941,1,0.0012852149
FBgn0181942,1,0.0012852149
FBgn0181944,1,0.0012852149
FBgn0181973,1,0.0012852149
FBgn0181975,1,0.0012852149
FBgn0181985,1,0.0012852149
FBgn0181992,1,0.0012852149
FBgn0182005,1,0.0012852149
FBgn0182008,1,0.0012852149
FBgn0182013,1,0.0012852149
FBgn0182015,1,0.0012852149
FBgn0182025,1,0.0012852149
FBgn0182037,1,0.0012852149
FBgn0182043,1,0.0012852149
FBgn0182045,1,0.0012852149
FBgn0182047,1,0.0012852149
FBgn0182049,1,0.0012852149
FBgn0182050,1,0.0012852149
FBgn0182058,1,0.0012852149
FBgn0182070,1,0.0012852149
FBgn0182071,1,0.0012852149
FBgn0182076,1,0.0012852149
FBgn0182085,1,0.0012852149
FBgn0182096,1,0.0012852149
FBgn0182104,1,0.0012852149
FBgn0182105,1,0.0012852149
FBgn0182109,1,0.0012852149
FBgn0182135,1,0.0012852149
FBgn0182136,1,0.0012852149
FBgn0182156,1,0.0012852149
FBgn0182170,1,0.0012852149
FBgn0182182,1,0.0012852149
FBgn0182187,1,0.0012852149
FBgn0182191,1,0.0012852149
FBgn0182193,1,0.0012852149
FBgn0182196,1,0.0012852149
FBgn0182208,1,0.0012852149
FBgn0182213,1,0.0012852149
FBgn0182216,1,0.0012852149
FBgn0182217,1,0.0012852149
FBgn0182219,1,0.0012852149
FBgn0182226,1,0.0012852149
FBgn0182231,1,0.0012852149
FBgn0182250,1,0.0012852149
FBgn0182252,1,0.0012852149
FBgn0182272,1,0.0012852149
FBgn0182274,1,0.0012852149
FBgn0182279,1,0.0012852149
FBgn0182304,1,0.0012852149
FBgn0182315,1,0.0012852149
FBgn0182330,1,0.0012852149
FBgn0182334,1,0.0012852149
FBgn0182336,1,0.0012852149
FBgn0182340,1,0.0012852149
FBgn0182349,1,0.0012852149
FBgn0182363,1,0.0012852149
FBgn0182375,1,0.0012852149
FBgn0182386,1,0.0012852149
FBgn0182397,1,0.0012852149
FBgn0182400,1,0.0012852149
FBgn0182405,1,0.0012852149
FBgn0182408,1,0.0012852149
FBgn0182410,1,0.0012852149
FBgn0182413,1,0.0012852149
FBgn0182424,1,0.0012852149
FBgn0182435,1,0.0012852149
FBgn0182436,1,0.0012852149
FBgn0182439,1,0.0012852149
FBgn0182440,1,0.0012852149
FBgn0182451,1,0.0012852149
FBgn0182455,1,0.0012852149
FBgn0182456,1,0.0012852149
FBgn0182461,1,0.0012852149
FBgn0182469,1,0.0012852149
FBgn0182476,1,0.0012852149
FBgn0182499,1,0.0012852149
FBgn0182519,1,0.0012852149
FBgn0182523,1,0.0012852149
FBgn0182534,1,0.0012852149
FBgn0182540,1,0.0012852149
FBgn0182545,1,0.0012852149
FBgn0182548,1,0.0012852149
FBgn0182550,1,0.0012852149
FBgn0182567,1,0.0012852149
FBgn0182571,1,0.0012852149
FBgn0182576,1,0.0012852149
FBgn0182578,1,0.0012852149
FBgn0182579,1,0.0012852149
FBgn0182583,1,0.0012852149
FBgn0182596,1,0.0012852149
FBgn0182597,1,0.0012852149
FBgn0182598,1,0.0012852149
FBgn0182608,1,0.0012852149
FBgn0182611,1,0.0012852149
FBgn0182617,1,0.0012852149
FBgn0182624,1,0.0012852149
FBgn0182641,1,0.0012852149
FBgn0182642,1,0.0012852149
FBgn0182645,1,0.0012852149
FBgn0182646,1,0.0012852149
FBgn0182650,1,0.0012852149
FBgn0182654,1,0.0012852149
FBgn0182658,1,0.0012852149
FBgn0182663,1,0.0012852149
FBgn0182681,1,0.0012852149
FBgn0182682,1,0.0012852149
FBgn0182713,1,0.0012852149
FBgn0182714,1,0.0012852149
FBgn0182717,1,0.0012852149
FBgn0182726,1,0.0012852149
FBgn0182731,1,0.0012852149
FBgn0182745,1,0.0012852149
FBgn0182756,1,0.0012852149
FBgn0182781,1,0.0012852149
FBgn0182782,1,0.0012852149
FBgn0182784,1,0.0012852149
FBgn0182792,1,0.0012852149
FBgn0182795,1,0.0012852149
FBgn0182817,1,0.0012852149
FBgn0182819,1,0.0012852149
FBgn0182823,1,0.0012852149
FBgn0182824,1,0.0012852149
FBgn0182831,1,0.0012852149
FBgn0182832,1,0.0012852149
FBgn0182837,1,0.0012852149
FBgn0182846,1,0.0012852149
FBgn0182851,1,0.0012852149
FBgn0182860,1,0.0012852149
FBgn0182876,1,0.0012852149
FBgn0182879,1,0.0012852149
FBgn0182882,1,0.0012852149
FBgn0182886,1,0.0012852149
FBgn0182892,1,0.0012852149
FBgn0182902,1,0.0012852149
FBgn0182915,1,0.0012852149
FBgn0182921,1,0.0012852149
FBgn0182937,1,0.0012852149
FBgn0182945,1,0.0012852149
FBgn0182946,1,0.0012852149
FBgn0182949,1,0.0012852149
FBgn0182953,1,0.0012852149
FBgn0182965,1,0.0012852149
FBgn0182967,1,0.0012852149
FBgn0182972,1,0.0012852149
FBgn0182977,1,0.0012852149
FBgn0182978,1,0.0012852149
FBgn0182981,1,0.0012852149
FBgn0182984,1,0.0012852149
FBgn0182988,1,0.0012852149
FBgn0183002,1,0.0012852149
FBgn0183036,1,0.0012852149
FBgn0183037,1,0.0012852149
FBgn0183041,1,0.0012852149
FBgn0183042,1,0.0012852149
FBgn0183044,1,0.0012852149
FBgn0183051,1,0.0012852149
FBgn0183058,1,0.0012852149
FBgn0183059,1,0.0012852149
FBgn0183064,1,0.0012852149
FBgn0183065,1,0.0012852149
FBgn0183067,1,0.0012852149
FBgn0183075,1,0.0012852149
FBgn0183082,1,0.0012852149
FBgn0183087,1,0.0012852149
FBgn0183106,1,0.0012852149
FBgn0183107,1,0.0012852149
FBgn0183110,1,0.0012852149
FBgn0183114,1,0.0012852149
FBgn0183115,1,0.0012852149
FBgn0183116,1,0.0012852149
FBgn0183117,1,0.0012852149
FBgn0183132,1,0.0012852149
FBgn0183133,1,0.0012852149
FBgn0183134,1,0.0012852149
FBgn0183137,1,0.0012852149
FBgn0183141,1,0.0012852149
FBgn0183145,1,0.0012852149
FBgn0183147,1,0.0012852149
FBgn0183148,1,0.0012852149
FBgn0183164,1,0.0012852149
FBgn0183167,1,0.0012852149
FBgn0183186,1,0.0012852149
FBgn0183191,1,0.0012852149
FBgn0183201,1,0.0012852149
FBgn0183205,1,0.0012852149
FBgn0183211,1,0.0012852149
FBgn0183218,1,0.0012852149
FBgn0183227,1,0.0012852149
FBgn0183231,1,0.0012852149
FBgn0183235,1,0.0012852149
FBgn0183237,1,0.0012852149
FBgn0183257,1,0.0012852149
FBgn0183258,1,0.0012852149
FBgn0183261,1,0.0012852149
FBgn0183262,1,0.0012852149
FBgn0183263,1,0.0012852149
FBgn0183268,1,0.0012852149
FBgn0183271,1,0.0012852149
FBgn0183272,1,0.0012852149
FBgn0183276,1,0.0012852149
FBgn0183278,1,0.0012852149
FBgn0183291,1,0.0012852149
FBgn0183292,1,0.0012852149
FBgn0183294,1,0.0012852149
FBgn0183298,1,0.0012852149
FBgn0183299,1,0.0012852149
FBgn0183302,1,0.0012852149
FBgn0183306,1,0.0012852149
FBgn0183308,1,0.0012852149
FBgn0183310,1,0.0012852149
FBgn0183332,1,0.0012852149
FBgn0183336,1,0.0012852149
FBgn0183349,1,0.0012852149
FBgn0183353,1,0.0012852149
FBgn0183357,1,0.0012852149
FBgn0183360,1,0.0012852149
FBgn0183371,1,0.0012852149
FBgn0183379,1,0.0012852149
FBgn0183380,1,0.0012852149
FBgn0183383,1,0.0012852149
FBgn0183394,1,0.0012852149
FBgn0183402,1,0.0012852149
FBgn0183403,1,0.0012852149
FBgn0183405,1,0.0012852149
FBgn0183407,1,0.0012852149
FBgn0183411,1,0.0012852149
FBgn0183413,1,0.0012852149
FBgn0183414,1,0.0012852149
FBgn0183422,1,0.0012852149
FBgn0183425,1,0.0012852149
FBgn0183426,1,0.0012852149
FBgn0183431,1,0.0012852149
FBgn0183432,1,0.0012852149
FBgn0183433,1,0.0012852149
FBgn0183434,1,0.0012852149
FBgn0183435,1,0.0012852149
FBgn0183436,1,0.0012852149
FBgn0183444,1,0.0012852149
FBgn0183455,1,0.0012852149
FBgn0183457,1,0.0012852149
FBgn0183472,1,0.0012852149
FBgn0183477,1,0.0012852149
FBgn0183478,1,0.0012852149
FBgn0183490,1,0.0012852149
FBgn0183495,1,0.0012852149
FBgn0183497,1,0.0012852149
FBgn0183498,1,0.0012852149
FBgn0183509,1,0.0012852149
FBgn0183512,1,0.0012852149
FBgn0183526,1,0.0012852149
FBgn0183527,1,0.0012852149
FBgn0183534,1,0.0012852149
FBgn0183542,1,0.0012852149
FBgn0183545,1,0.0012852149
FBgn0183550,1,0.0012852149
FBgn0183554,1,0.0012852149
FBgn0183560,1,0.0012852149
FBgn0183562,1,0.0012852149
FBgn0183576,1,0.0012852149
FBgn0183586,1,0.0012852149
FBgn0183601,1,0.0012852149
FBgn0183625,1,0.0012852149
FBgn0183627,1,0.0012852149
FBgn0183628,1,0.0012852149
FBgn0183634,1,0.0012852149
FBgn0183644,1,0.0012852149
FBgn0183657,1,0.0012852149
FBgn0183661,1,0.0012852149
FBgn0183666,1,0.0012852149
FBgn0183667,1,0.0012852149
FBgn0183669,1,0.0012852149
FBgn0183691,1,0.0012852149
FBgn0183696,1,0.0012852149
FBgn0183714,1,0.0012852149
FBgn0183741,1,0.0012852149
FBgn0183745,1,0.0012852149
FBgn0183747,1,0.0012852149
FBgn0183763,1,0.0012852149
FBgn0183789,1,0.0012852149
FBgn0183802,1,0.0012852149
FBgn0183849,1,0.0012852149
FBgn0183852,1,0.0012852149
FBgn0183857,1,0.0012852149
FBgn0183861,1,0.0012852149
FBgn0183866,1,0.0012852149
FBgn0183868,1,0.0012852149
FBgn0183871,1,0.0012852149
FBgn0183872,1,0.0012852149
FBgn0183891,1,0.0012852149
FBgn0183893,1,0.0012852149
FBgn0183898,1,0.0012852149
FBgn0183899,1,0.0012852149
FBgn0183901,1,0.0012852149
FBgn0183906,1,0.0012852149
FBgn0183915,1,0.0012852149
FBgn0183922,1,0.0012852149
FBgn0183926,1,0.0012852149
FBgn0183930,1,0.0012852149
FBgn0183937,1,0.0012852149
FBgn0183950,1,0.0012852149
FBgn0183960,1,0.0012852149
FBgn0183965,1,0.0012852149
FBgn0183989,1,0.0012852149
FBgn0183990,1,0.0012852149
FBgn0183996,1,0.0012852149
FBgn0184004,1,0.0012852149
FBgn0184005,1,0.0012852149
FBgn0184027,1,0.0012852149
FBgn0184028,1,0.0012852149
FBgn0184030,1,0.0012852149
FBgn0184036,1,0.0012852149
FBgn0184037,1,0.0012852149
FBgn0184043,1,0.0012852149
FBgn0184046,1,0.0012852149
FBgn0184049,1,0.0012852149
FBgn0184051,1,0.0012852149
FBgn0184054,1,0.0012852149
FBgn0184060,1,0.0012852149
FBgn0184067,1,0.0012852149
FBgn0184068,1,0.0012852149
FBgn0184071,1,0.0012852149
FBgn0184075,1,0.0012852149
FBgn0184081,1,0.0012852149
FBgn0184084,1,0.0012852149
FBgn0184089,1,0.0012852149
FBgn0184097,1,0.0012852149
FBgn0184101,1,0.0012852149
FBgn0184104,1,0.0012852149
FBgn0184107,1,0.0012852149
FBgn0184114,1,0.0012852149
FBgn0184122,1,0.0012852149
FBgn0184125,1,0.0012852149
FBgn0184130,1,0.0012852149
FBgn0184138,1,0.0012852149
FBgn0184139,1,0.0012852149
FBgn0184141,1,0.0012852149
FBgn0184148,1,0.0012852149
FBgn0184150,1,0.0012852149
FBgn0184162,1,0.0012852149
FBgn0184170,1,0.0012852149
FBgn0184174,1,0.0012852149
FBgn0184177,1,0.0012852149
FBgn0184185,1,0.0012852149
FBgn0184186,1,0.0012852149
FBgn0184188,1,0.0012852149
FBgn0184196,1,0.0012852149
FBgn0184197,1,0.0012852149
FBgn0184198,1,0.0012852149
FBgn0184211,1,0.0012852149
FBgn0184220,1,0.0012852149
FBgn0184226,1,0.0012852149
FBgn0184230,1,0.0012852149
FBgn0184233,1,0.0012852149
FBgn0184241,1,0.0012852149
FBgn0184244,1,0.0012852149
FBgn0184245,1,0.0012852149
FBgn0184252,1,0.0012852149
FBgn0184256,1,0.0012852149
FBgn0184266,1,0.0012852149
FBgn0184267,1,0.0012852149
FBgn0184272,1,0.0012852149
FBgn0184273,1,0.0012852149
FBgn0184275,1,0.0012852149
FBgn0184280,1,0.0012852149
FBgn0184281,1,0.0012852149
FBgn0184289,1,0.0012852149
FBgn0184293,1,0.0012852149
FBgn0184296,1,0.0012852149
FBgn0184297,1,0.0012852149
FBgn0184298,1,0.0012852149
FBgn0184317,1,0.0012852149
FBgn0184324,1,0.0012852149
FBgn0184327,1,0.0012852149
FBgn0184341,1,0.0012852149
FBgn0184345,1,0.0012852149
FBgn0184352,1,0.0012852149
FBgn0184362,1,0.0012852149
FBgn0184380,1,0.0012852149
FBgn0184381,1,0.0012852149
FBgn0184389,1,0.0012852149
FBgn0184394,1,0.0012852149
FBgn0184402,1,0.0012852149
FBgn0184403,1,0.0012852149
FBgn0184406,1,0.0012852149
FBgn0184408,1,0.0012852149
FBgn0184429,1,0.0012852149
FBgn0184431,1,0.0012852149
FBgn0184433,1,0.0012852149
FBgn0184434,1,0.0012852149
FBgn0184436,1,0.0012852149
FBgn0184437,1,0.0012852149
FBgn0184442,1,0.0012852149
FBgn0184457,1,0.0012852149
FBgn0184472,1,0.0012852149
FBgn0184487,1,0.0012852149
FBgn0184488,1,0.0012852149
FBgn0184502,1,0.0012852149
FBgn0184507,1,0.0012852149
FBgn0184508,1,0.0012852149
FBgn0184526,1,0.0012852149
FBgn0184536,1,0.0012852149
FBgn0184545,1,0.0012852149
FBgn0184548,1,0.0012852149
FBgn0184551,1,0.0012852149
FBgn0184552,1,0.0012852149
FBgn0184556,1,0.0012852149
FBgn0184557,1,0.0012852149
FBgn0184559,1,0.0012852149
FBgn0184560,1,0.0012852149
FBgn0184601,1,0.0012852149
FBgn0184605,1,0.0012852149
FBgn0184613,1,0.0012852149
FBgn0184615,1,0.0012852149
FBgn0184616,1,0.0012852149
FBgn0184625,1,0.0012852149
FBgn0184626,1,0.0012852149
FBgn0184631,1,0.0012852149
FBgn0184635,1,0.0012852149
FBgn0184636,1,0.0012852149
FBgn0184643,1,0.0012852149
FBgn0184644,1,0.0012852149
FBgn0184665,1,0.0012852149
FBgn0184667,1,0.0012852149
FBgn0184683,1,0.0012852149
FBgn0184684,1,0.0012852149
FBgn0184685,1,0.0012852149
FBgn0184686,1,0.0012852149
FBgn0184690,1,0.0012852149
FBgn0184693,1,0.0012852149
FBgn0184695,1,0.0012852149
FBgn0184701,1,0.0012852149
FBgn0184705,1,0.0012852149
FBgn0184717,1,0.0012852149
FBgn0184733,1,0.0012852149
FBgn0184736,1,0.0012852149
FBgn0184745,1,0.0012852149
FBgn0184752,1,0.0012852149
FBgn0184764,1,0.0012852149
FBgn0184776,1,0.0012852149
FBgn0184801,1,0.0012852149
FBgn0184802,1,0.0012852149
FBgn0184803,1,0.0012852149
FBgn0184805,1,0.0012852149
FBgn0184812,1,0.0012852149
FBgn0184819,1,0.0012852149
FBgn0184823,1,0.0012852149
FBgn0184824,1,0.0012852149
FBgn0184825,1,0.0012852149
FBgn0184826,1,0.0012852149
FBgn0184840,1,0.0012852149
FBgn0184842,1,0.0012852149
FBgn0184846,1,0.0012852149
FBgn0184852,1,0.0012852149
FBgn0184857,1,0.0012852149
FBgn0184858,1,0.0012852149
FBgn0184860,1,0.0012852149
FBgn0184861,1,0.0012852149
FBgn0184862,1,0.0012852149
FBgn0184864,1,0.0012852149
FBgn0184865,1,0.0012852149
FBgn0184869,1,0.0012852149
FBgn0184880,1,0.0012852149
FBgn0184882,1,0.0012852149
FBgn0184883,1,0.0012852149
FBgn0184897,1,0.0012852149
FBgn0184898,1,0.0012852149
FBgn0184904,1,0.0012852149
FBgn0184905,1,0.0012852149
FBgn0184906,1,0.0012852149
FBgn0184912,1,0.0012852149
FBgn0184917,1,0.0012852149
FBgn0184922,1,0.0012852149
FBgn0184929,1,0.0012852149
FBgn0184934,1,0.0012852149
FBgn0184937,1,0.0012852149
FBgn0184954,1,0.0012852149
FBgn0184974,1,0.0012852149
FBgn0184992,1,0.0012852149
FBgn0184998,1,0.0012852149
FBgn0184999,1,0.0012852149
FBgn0185010,1,0.0012852149
FBgn0185016,1,0.0012852149
FBgn0185027,1,0.0012852149
FBgn0185028,1,0.0012852149
FBgn0185029,1,0.0012852149
FBgn0185039,1,0.0012852149
FBgn0185044,1,0.0012852149
FBgn0185056,1,0.0012852149
FBgn0185069,1,0.0012852149
FBgn0185078,1,0.0012852149
FBgn0185079,1,0.0012852149
FBgn0185087,1,0.0012852149
FBgn0185095,1,0.0012852149
FBgn0185103,1,0.0012852149
FBgn0185104,1,0.0012852149
FBgn0185107,1,0.0012852149
FBgn0185110,1,0.0012852149
FBgn0185114,1,0.0012852149
FBgn0185137,1,0.0012852149
FBgn0185146,1,0.0012852149
FBgn0185156,1,0.0012852149
FBgn0185163,1,0.0012852149
FBgn0185168,1,0.0012852149
FBgn0185175,1,0.0012852149
FBgn0185202,1,0.0012852149
FBgn0185203,1,0.0012852149
FBgn0185221,1,0.0012852149
FBgn0185229,1,0.0012852149
FBgn0185235,1,0.0012852149
FBgn0185236,1,0.0012852149
FBgn0185241,1,0.0012852149
FBgn0185263,1,0.0012852149
FBgn0185281,1,0.0012852149
FBgn0185282,1,0.0012852149
FBgn0185283,1,0.0012852149
FBgn0185287,1,0.0012852149
FBgn0185289,1,0.0012852149
FBgn0185298,1,0.0012852149
FBgn0185301,1,0.0012852149
FBgn0185314,1,0.0012852149
FBgn0185315,1,0.0012852149
FBgn0185334,1,0.0012852149
FBgn0185344,1,0.0012852149
FBgn0185370,1,0.0012852149
FBgn0185378,1,0.0012852149
FBgn0185385,1,0.0012852149
FBgn0185390,1,0.0012852149
FBgn0185392,1,0.0012852149
FBgn0185402,1,0.0012852149
FBgn0185403,1,0.0012852149
FBgn0185408,1,0.0012852149
FBgn0185416,1,0.0012852149
FBgn0185422,1,0.0012852149
FBgn0185428,1,0.0012852149
FBgn0185442,1,0.0012852149
FBgn0185443,1,0.0012852149
FBgn0185446,1,0.0012852149
FBgn0185461,1,0.0012852149
FBgn0185463,1,0.0012852149
FBgn0185487,1,0.0012852149
FBgn0185494,1,0.0012852149
FBgn0185510,1,0.0012852149
FBgn0185514,1,0.0012852149
FBgn0185521,1,0.0012852149
FBgn0185524,1,0.0012852149
FBgn0185525,1,0.0012852149
FBgn0185533,1,0.0012852149
FBgn0185537,1,0.0012852149
FBgn0185539,1,0.0012852149
FBgn0185553,1,0.0012852149
FBgn0185560,1,0.0012852149
FBgn0185565,1,0.0012852149
FBgn0185573,1,0.0012852149
FBgn0185580,1,0.0012852149
FBgn0185581,1,0.0012852149
FBgn0185585,1,0.0012852149
FBgn0185594,1,0.0012852149
FBgn0185605,1,0.0012852149
FBgn0185606,1,0.0012852149
FBgn0185609,1,0.0012852149
FBgn0185614,1,0.0012852149
FBgn0185619,1,0.0012852149
FBgn0185625,1,0.0012852149
FBgn0185629,1,0.0012852149
FBgn0185634,1,0.0012852149
FBgn0185637,1,0.0012852149
FBgn0185640,1,0.0012852149
FBgn0185643,1,0.0012852149
FBgn0185661,1,0.0012852149
FBgn0185670,1,0.0012852149
FBgn0185677,1,0.0012852149
FBgn0185678,1,0.0012852149
FBgn0185679,1,0.0012852149
FBgn0185688,1,0.0012852149
FBgn0185696,1,0.0012852149
FBgn0185697,1,0.0012852149
FBgn0185699,1,0.0012852149
FBgn0185705,1,0.0012852149
FBgn0185719,1,0.0012852149
FBgn0185725,1,0.0012852149
FBgn0185737,1,0.0012852149
FBgn0185738,1,0.0012852149
FBgn0185748,1,0.0012852149
FBgn0185751,1,0.0012852149
FBgn0185772,1,0.0012852149
FBgn0185792,1,0.0012852149
FBgn0185800,1,0.0012852149
FBgn0185804,1,0.0012852149
FBgn0185805,1,0.0012852149
FBgn0185811,1,0.0012852149
FBgn0185813,1,0.0012852149
FBgn0185814,1,0.0012852149
FBgn0185818,1,0.0012852149
FBgn0185819,1,0.0012852149
FBgn0185824,1,0.0012852149
FBgn0185831,1,0.0012852149
FBgn0185832,1,0.0012852149
FBgn0185834,1,0.0012852149
FBgn0185841,1,0.0012852149
FBgn0185843,1,0.0012852149
FBgn0185868,1,0.0012852149
FBgn0185871,1,0.0012852149
FBgn0185875,1,0.0012852149
FBgn0185893,1,0.0012852149
FBgn0185897,1,0.0012852149
FBgn0185898,1,0.0012852149
FBgn0185900,1,0.0012852149
FBgn0185904,1,0.0012852149
FBgn0185910,1,0.0012852149
FBgn0185920,1,0.0012852149
FBgn0185936,1,0.0012852149
FBgn0185938,1,0.0012852149
FBgn0185939,1,0.0012852149
FBgn0185940,1,0.0012852149
FBgn0185954,1,0.0012852149
FBgn0185964,1,0.0012852149
FBgn0185967,1,0.0012852149
FBgn0185970,1,0.0012852149
FBgn0185971,1,0.0012852149
FBgn0185976,1,0.0012852149
FBgn0185980,1,0.0012852149
FBgn0185981,1,0.0012852149
FBgn0185984,1,0.0012852149
FBgn0186005,1,0.0012852149
FBgn0186009,1,0.0012852149
FBgn0186010,1,0.0012852149
FBgn0186014,1,0.0012852149
FBgn0186037,1,0.0012852149
FBgn0186040,1,0.0012852149
FBgn0186044,1,0.0012852149
FBgn0186045,1,0.0012852149
FBgn0186085,1,0.0012852149
FBgn0186097,1,0.0012852149
FBgn0186104,1,0.0012852149
FBgn0186105,1,0.0012852149
FBgn0186107,1,0.0012852149
FBgn0186112,1,0.0012852149
FBgn0186116,1,0.0012852149
FBgn0186117,1,0.0012852149
FBgn0186123,1,0.0012852149
FBgn0186147,1,0.0012852149
FBgn0186151,1,0.0012852149
FBgn0186164,1,0.0012852149
FBgn0186166,1,0.0012852149
FBgn0186185,1,0.0012852149
FBgn0186196,1,0.0012852149
FBgn0186200,1,0.0012852149
FBgn0186201,1,0.0012852149
FBgn0186206,1,0.0012852149
FBgn0186212,1,0.0012852149
FBgn0186223,1,0.0012852149
FBgn0186224,1,0.0012852149
FBgn0186225,1,0.0012852149
FBgn0186236,1,0.0012852149
FBgn0186237,1,0.0012852149
FBgn0186245,1,0.0012852149
FBgn0186246,1,0.0012852149
FBgn0186248,1,0.0012852149
FBgn0186249,1,0.0012852149
FBgn0186252,1,0.0012852149
FBgn0186256,1,0.0012852149
FBgn0186259,1,0.0012852149
FBgn0186263,1,0.0012852149
FBgn0186265,1,0.0012852149
FBgn0186266,1,0.0012852149
FBgn0186267,1,0.0012852149
FBgn0186268,1,0.0012852149
FBgn0186270,1,0.0012852149
FBgn0186273,1,0.0012852149
FBgn0186274,1,0.0012852149
FBgn0186276,1,0.0012852149
FBgn0186277,1,0.0012852149
FBgn0186282,1,0.0012852149
FBgn0186285,1,0.0012852149
FBgn0186286,1,0.0012852149
FBgn0186294,1,0.0012852149
FBgn0186298,1,0.0012852149
FBgn0186299,1,0.0012852149
FBgn0186300,1,0.0012852149
FBgn0186301,1,0.0012852149
FBgn0186308,1,0.0012852149
FBgn0186310,1,0.0012852149
FBgn0186315,1,0.0012852149
FBgn0186327,1,0.0012852149
FBgn0186329,1,0.0012852149
FBgn0186332,1,0.0012852149
FBgn0186363,1,0.0012852149
FBgn0186368,1,0.0012852149
FBgn0186374,1,0.0012852149
FBgn0186383,1,0.0012852149
FBgn0186405,1,0.0012852149
FBgn0186410,1,0.0012852149
FBgn0186419,1,0.0012852149
FBgn0186423,1,0.0012852149
FBgn0186429,1,0.0012852149
FBgn0186434,1,0.0012852149
FBgn0186437,1,0.0012852149
FBgn0186438,1,0.0012852149
FBgn0186441,1,0.0012852149
FBgn0186442,1,0.0012852149
FBgn0186450,1,0.0012852149
FBgn0186451,1,0.0012852149
FBgn0186452,1,0.0012852149
FBgn0186454,1,0.0012852149
FBgn0186456,1,0.0012852149
FBgn0186459,1,0.0012852149
FBgn0186462,1,0.0012852149
FBgn0186466,1,0.0012852149
FBgn0186468,1,0.0012852149
FBgn0186470,1,0.0012852149
FBgn0186476,1,0.0012852149
FBgn0186479,1,0.0012852149
FBgn0186485,1,0.0012852149
FBgn0186487,1,0.0012852149
FBgn0186502,1,0.0012852149
FBgn0186504,1,0.0012852149
FBgn0186510,1,0.0012852149
FBgn0186511,1,0.0012852149
FBgn0186512,1,0.0012852149
FBgn0186521,1,0.0012852149
FBgn0186526,1,0.0012852149
FBgn0186535,1,0.0012852149
FBgn0186545,1,0.0012852149
FBgn0186550,1,0.0012852149
FBgn0186560,1,0.0012852149
FBgn0186561,1,0.0012852149
FBgn0186562,1,0.0012852149
FBgn0186571,1,0.0012852149
FBgn0186574,1,0.0012852149
FBgn0186577,1,0.0012852149
FBgn0186579,1,0.0012852149
FBgn0186598,1,0.0012852149
FBgn0186601,1,0.0012852149
FBgn0186618,1,0.0012852149
FBgn0186637,1,0.0012852149
FBgn0186642,1,0.0012852149
FBgn0186643,1,0.0012852149
FBgn0186645,1,0.0012852149
FBgn0186653,1,0.0012852149
FBgn0186654,1,0.0012852149
FBgn0186670,1,0.0012852149
FBgn0186674,1,0.0012852149
FBgn0186695,1,0.0012852149
FBgn0186700,1,0.0012852149
FBgn0186709,1,0.0012852149
FBgn0186746,1,0.0012852149
FBgn0186747,1,0.0012852149
FBgn0186755,1,0.0012852149
FBgn0186756,1,0.0012852149
FBgn0186761,1,0.0012852149
FBgn0186764,1,0.0012852149
FBgn0186768,1,0.0012852149
FBgn0186769,1,0.0012852149
FBgn0186771,1,0.0012852149
FBgn0186798,1,0.0012852149
FBgn0186809,1,0.0012852149
FBgn0186816,1,0.0012852149
FBgn0186838,1,0.0012852149
FBgn0186843,1,0.0012852149
FBgn0186852,1,0.0012852149
FBgn0186870,1,0.0012852149
FBgn0186885,1,0.0012852149
FBgn0186891,1,0.0012852149
FBgn0186901,1,0.0012852149
FBgn0186909,1,0.0012852149
FBgn0186924,1,0.0012852149
FBgn0186930,1,0.0012852149
FBgn0186948,1,0.0012852149
FBgn0186954,1,0.0012852149
FBgn0186956,1,0.0012852149
FBgn0186973,1,0.0012852149
FBgn0186986,1,0.0012852149
FBgn0187003,1,0.0012852149
FBgn0187008,1,0.0012852149
FBgn0187023,1,0.0012852149
FBgn0187028,1,0.0012852149
FBgn0187037,1,0.0012852149
FBgn0187042,1,0.0012852149
FBgn0187061,1,0.0012852149
FBgn0187068,1,0.0012852149
FBgn0187078,1,0.0012852149
FBgn0187100,1,0.0012852149
FBgn0187119,1,0.0012852149
FBgn0187121,1,0.0012852149
FBgn0187122,1,0.0012852149
FBgn0187136,1,0.0012852149
FBgn0187141,1,0.0012852149
FBgn0187155,1,0.0012852149
FBgn0187156,1,0.0012852149
FBgn0187165,1,0.0012852149
FBgn0187166,1,0.0012852149
FBgn0187171,1,0.0012852149
FBgn0187182,1,0.0012852149
FBgn0187183,1,0.0012852149
FBgn0187190,1,0.0012852149
FBgn0187203,1,0.0012852149
FBgn0187204,1,0.0012852149
FBgn0187205,1,0.0012852149
FBgn0187212,1,0.0012852149
FBgn0187234,1,0.0012852149
FBgn0187276,1,0.0012852149
FBgn0187280,1,0.0012852149
FBgn0187305,1,0.0012852149
FBgn0187319,1,0.0012852149
FBgn0187322,1,0.0012852149
FBgn0187324,1,0.0012852149
FBgn0187343,1,0.0012852149
FBgn0187355,1,0.0012852149
FBgn0187357,1,0.0012852149
FBgn0187377,1,0.0012852149
FBgn0187384,1,0.0012852149
FBgn0187388,1,0.0012852149
FBgn0187392,1,0.0012852149
FBgn0187395,1,0.0012852149
FBgn0187399,1,0.0012852149
FBgn0187401,1,0.0012852149
FBgn0187402,1,0.0012852149
FBgn0187405,1,0.0012852149
FBgn0187409,1,0.0012852149
FBgn0187410,1,0.0012852149
FBgn0187425,1,0.0012852149
FBgn0187439,1,0.0012852149
FBgn0187474,1,0.0012852149
FBgn0187492,1,0.0012852149
FBgn0187498,1,0.0012852149
FBgn0187503,1,0.0012852149
FBgn0187508,1,0.0012852149
FBgn0187513,1,0.0012852149
FBgn0187514,1,0.0012852149
FBgn0187524,1,0.0012852149
FBgn0187526,1,0.0012852149
FBgn0187553,1,0.0012852149
FBgn0187557,1,0.0012852149
FBgn0187558,1,0.0012852149
FBgn0187561,1,0.0012852149
FBgn0187572,1,0.0012852149
FBgn0187580,1,0.0012852149
FBgn0187581,1,0.0012852149
FBgn0187583,1,0.0012852149
FBgn0187596,1,0.0012852149
FBgn0187608,1,0.0012852149
FBgn0187609,1,0.0012852149
FBgn0187619,1,0.0012852149
FBgn0187627,1,0.0012852149
FBgn0187629,1,0.0012852149
FBgn0187632,1,0.0012852149
FBgn0187633,1,0.0012852149
FBgn0187637,1,0.0012852149
FBgn0187643,1,0.0012852149
FBgn0187644,1,0.0012852149
FBgn0187647,1,0.0012852149
FBgn0187648,1,0.0012852149
FBgn0187660,1,0.0012852149
FBgn0187664,1,0.0012852149
FBgn0187679,1,0.0012852149
FBgn0187686,1,0.0012852149
FBgn0187687,1,0.0012852149
FBgn0187714,1,0.0012852149
FBgn0187718,1,0.0012852149
FBgn0187719,1,0.0012852149
FBgn0187724,1,0.0012852149
FBgn0187732,1,0.0012852149
FBgn0187745,1,0.0012852149
FBgn0187754,1,0.0012852149
FBgn0187758,1,0.0012852149
FBgn0187759,1,0.0012852149
FBgn0187773,1,0.0012852149
FBgn0187775,1,0.0012852149
FBgn0187786,1,0.0012852149
FBgn0187788,1,0.0012852149
FBgn0187800,1,0.0012852149
FBgn0187824,1,0.0012852149
FBgn0187827,1,0.0012852149
FBgn0187835,1,0.0012852149
FBgn0187837,1,0.0012852149
FBgn0187847,1,0.0012852149
FBgn0187852,1,0.0012852149
FBgn0187856,1,0.0012852149
FBgn0187863,1,0.0012852149
FBgn0187870,1,0.0012852149
FBgn0187890,1,0.0012852149
FBgn0187897,1,0.0012852149
FBgn0187899,1,0.0012852149
FBgn0187909,1,0.0012852149
FBgn0187921,1,0.0012852149
FBgn0187925,1,0.0012852149
FBgn0187927,1,0.0012852149
FBgn0187936,1,0.0012852149
FBgn0187971,1,0.0012852149
FBgn0187978,1,0.0012852149
FBgn0187990,1,0.0012852149
FBgn0188007,1,0.0012852149
FBgn0188010,1,0.0012852149
FBgn0188011,1,0.0012852149
FBgn0188027,1,0.0012852149
FBgn0188038,1,0.0012852149
FBgn0188040,1,0.0012852149
FBgn0188041,1,0.0012852149
FBgn0188079,1,0.0012852149
FBgn0188104,1,0.0012852149
FBgn0188122,1,0.0012852149
FBgn0188138,1,0.0012852149
FBgn0188151,1,0.0012852149
FBgn0188178,1,0.0012852149
FBgn0188183,1,0.0012852149
FBgn0188189,1,0.0012852149
FBgn0188193,1,0.0012852149
FBgn0188208,1,0.0012852149
FBgn0188213,1,0.0012852149
FBgn0188220,1,0.0012852149
FBgn0188225,1,0.0012852149
FBgn0188262,1,0.0012852149
FBgn0188267,1,0.0012852149
FBgn0188273,1,0.0012852149
FBgn0188277,1,0.0012852149
FBgn0188282,1,0.0012852149
FBgn0188285,1,0.0012852149
FBgn0188289,1,0.0012852149
FBgn0188301,1,0.0012852149
FBgn0188307,1,0.0012852149
FBgn0188324,1,0.0012852149
FBgn0188353,1,0.0012852149
FBgn0188372,1,0.0012852149
FBgn0188388,1,0.0012852149
FBgn0188403,1,0.0012852149
FBgn0188411,1,0.0012852149
FBgn0188420,1,0.0012852149
FBgn0188425,1,0.0012852149
FBgn0188427,1,0.0012852149
FBgn0188428,1,0.0012852149
FBgn0188430,1,0.0012852149
FBgn0188438,1,0.0012852149
FBgn0188439,1,0.0012852149
FBgn0188449,1,0.0012852149
FBgn0188452,1,0.0012852149
FBgn0188454,1,0.0012852149
FBgn0188458,1,0.0012852149
FBgn0188470,1,0.0012852149
FBgn0188473,1,0.0012852149
FBgn0188480,1,0.0012852149
FBgn0188485,1,0.0012852149
FBgn0188490,1,0.0012852149
FBgn0188492,1,0.0012852149
FBgn0188493,1,0.0012852149
FBgn0188494,1,0.0012852149
FBgn0188495,1,0.0012852149
FBgn0188512,1,0.0012852149
FBgn0188517,1,0.0012852149
FBgn0188521,1,0.0012852149
FBgn0188536,1,0.0012852149
FBgn0188538,1,0.0012852149
FBgn0188539,1,0.0012852149
FBgn0188544,1,0.0012852149
FBgn0188548,1,0.0012852149
FBgn0188550,1,0.0012852149
FBgn0188556,1,0.0012852149
FBgn0188571,1,0.0012852149
FBgn0188573,1,0.0012852149
FBgn0188582,1,0.0012852149
FBgn0188603,1,0.0012852149
FBgn0188605,1,0.0012852149
FBgn0188613,1,0.0012852149
FBgn0188619,1,0.0012852149
FBgn0188625,1,0.0012852149
FBgn0188632,1,0.0012852149
FBgn0188646,1,0.0012852149
FBgn0188648,1,0.0012852149
FBgn0188650,1,0.0012852149
FBgn0188653,1,0.0012852149
FBgn0188676,1,0.0012852149
FBgn0188691,1,0.0012852149
FBgn0188693,1,0.0012852149
FBgn0188695,1,0.0012852149
FBgn0188696,1,0.0012852149
FBgn0188731,1,0.0012852149
FBgn0188744,1,0.0012852149
FBgn0188774,1,0.0012852149
FBgn0188781,1,0.0012852149
FBgn0188782,1,0.0012852149
FBgn0188783,1,0.0012852149
FBgn0188786,1,0.0012852149
FBgn0188797,1,0.0012852149
FBgn0188798,1,0.0012852149
FBgn0188806,1,0.0012852149
FBgn0188819,1,0.0012852149
FBgn0188830,1,0.0012852149
FBgn0188838,1,0.0012852149
FBgn0188853,1,0.0012852149
FBgn0188859,1,0.0012852149
FBgn0188862,1,0.0012852149
FBgn0188863,1,0.0012852149
FBgn0188867,1,0.0012852149
FBgn0188885,1,0.0012852149
FBgn0188886,1,0.0012852149
FBgn0188897,1,0.0012852149
FBgn0188898,1,0.0012852149
FBgn0188903,1,0.0012852149
FBgn0188907,1,0.0012852149
FBgn0188908,1,0.0012852149
FBgn0188912,1,0.0012852149
FBgn0188914,1,0.0012852149
FBgn0188924,1,0.0012852149
FBgn0188927,1,0.0012852149
FBgn0188930,1,0.0012852149
FBgn0188931,1,0.0012852149
FBgn0188932,1,0.0012852149
FBgn0188934,1,0.0012852149
FBgn0188942,1,0.0012852149
FBgn0188966,1,0.0012852149
FBgn0188998,1,0.0012852149
FBgn0189010,1,0.0012852149
FBgn0189031,1,0.0012852149
FBgn0189038,1,0.0012852149
FBgn0189039,1,0.0012852149
FBgn0189048,1,0.0012852149
FBgn0189074,1,0.0012852149
FBgn0189081,1,0.0012852149
FBgn0189082,1,0.0012852149
FBgn0189085,1,0.0012852149
FBgn0189087,1,0.0012852149
FBgn0189088,1,0.0012852149
FBgn0189100,1,0.0012852149
FBgn0189104,1,0.0012852149
FBgn0189109,1,0.0012852149
FBgn0189110,1,0.0012852149
FBgn0189127,1,0.0012852149
FBgn0189141,1,0.0012852149
FBgn0189144,1,0.0012852149
FBgn0189145,1,0.0012852149
FBgn0189148,1,0.0012852149
FBgn0189152,1,0.0012852149
FBgn0189157,1,0.0012852149
FBgn0189175,1,0.0012852149
FBgn0189176,1,0.0012852149
FBgn0189183,1,0.0012852149
FBgn0189184,1,0.0012852149
FBgn0189215,1,0.0012852149
FBgn0189229,1,0.0012852149
FBgn0189232,1,0.0012852149
FBgn0189241,1,0.0012852149
FBgn0189246,1,0.0012852149
FBgn0189253,1,0.0012852149
FBgn0189273,1,0.0012852149
FBgn0189280,1,0.0012852149
FBgn0189288,1,0.0012852149
FBgn0189290,1,0.0012852149
FBgn0189295,1,0.0012852149
FBgn0189323,1,0.0012852149
FBgn0189382,1,0.0012852149
FBgn0189399,1,0.0012852149
FBgn0189414,1,0.0012852149
FBgn0189417,1,0.0012852149
FBgn0189442,1,0.0012852149
FBgn0189452,1,0.0012852149
FBgn0189463,1,0.0012852149
FBgn0189492,1,0.0012852149
FBgn0189496,1,0.0012852149
FBgn0189528,1,0.0012852149
FBgn0189539,1,0.0012852149
FBgn0189540,1,0.0012852149
FBgn0189545,1,0.0012852149
FBgn0189549,1,0.0012852149
FBgn0189561,1,0.0012852149
FBgn0189562,1,0.0012852149
FBgn0189567,1,0.0012852149
FBgn0189578,1,0.0012852149
FBgn0189593,1,0.0012852149
FBgn0189607,1,0.0012852149
FBgn0189620,1,0.0012852149
FBgn0189629,1,0.0012852149
FBgn0189640,1,0.0012852149
FBgn0189646,1,0.0012852149
FBgn0189647,1,0.0012852149
FBgn0189655,1,0.0012852149
FBgn0189658,1,0.0012852149
FBgn0189663,1,0.0012852149
FBgn0189685,1,0.0012852149
FBgn0189697,1,0.0012852149
FBgn0189698,1,0.0012852149
FBgn0189699,1,0.0012852149
FBgn0189703,1,0.0012852149
FBgn0189717,1,0.0012852149
FBgn0189737,1,0.0012852149
FBgn0189742,1,0.0012852149
FBgn0189743,1,0.0012852149
FBgn0189747,1,0.0012852149
FBgn0189748,1,0.0012852149
FBgn0189750,1,0.0012852149
FBgn0189751,1,0.0012852149
FBgn0189752,1,0.0012852149
FBgn0189755,1,0.0012852149
FBgn0189756,1,0.0012852149
FBgn0189757,1,0.0012852149
FBgn0189760,1,0.0012852149
FBgn0189771,1,0.0012852149
FBgn0189774,1,0.0012852149
FBgn0189780,1,0.0012852149
FBgn0189804,1,0.0012852149
FBgn0189805,1,0.0012852149
FBgn0189809,1,0.0012852149
FBgn0189815,1,0.0012852149
FBgn0189816,1,0.0012852149
FBgn0189826,1,0.0012852149
FBgn0189830,1,0.0012852149
FBgn0189832,1,0.0012852149
FBgn0189834,1,0.0012852149
FBgn0189835,1,0.0012852149
FBgn0189847,1,0.0012852149
FBgn0189855,1,0.0012852149
FBgn0189857,1,0.0012852149
FBgn0189867,1,0.0012852149
FBgn0189870,1,0.0012852149
FBgn0189881,1,0.0012852149
FBgn0189884,1,0.0012852149
FBgn0189892,1,0.0012852149
FBgn0189898,1,0.0012852149
FBgn0189911,1,0.0012852149
FBgn0189925,1,0.0012852149
FBgn0189926,1,0.0012852149
FBgn0189931,1,0.0012852149
FBgn0189937,1,0.0012852149
FBgn0189938,1,0.0012852149
FBgn0189945,1,0.0012852149
FBgn0189951,1,0.0012852149
FBgn0189952,1,0.0012852149
FBgn0189969,1,0.0012852149
FBgn0189970,1,0.0012852149
FBgn0189971,1,0.0012852149
FBgn0189981,1,0.0012852149
FBgn0189982,1,0.0012852149
FBgn0189983,1,0.0012852149
FBgn0190003,1,0.0012852149
FBgn0190006,1,0.0012852149
FBgn0190009,1,0.0012852149
FBgn0190015,1,0.0012852149
FBgn0190020,1,0.0012852149
FBgn0190022,1,0.0012852149
FBgn0190028,1,0.0012852149
FBgn0190034,1,0.0012852149
FBgn0190039,1,0.0012852149
FBgn0190051,1,0.0012852149
FBgn0190052,1,0.0012852149
FBgn0190054,1,0.0012852149
FBgn0190059,1,0.0012852149
FBgn0190068,1,0.0012852149
FBgn0190083,1,0.0012852149
FBgn0190088,1,0.0012852149
FBgn0190090,1,0.0012852149
FBgn0190092,1,0.0012852149
FBgn0190095,1,0.0012852149
FBgn0190100,1,0.0012852149
FBgn0190106,1,0.0012852149
FBgn0190107,1,0.0012852149
FBgn0190120,1,0.0012852149
FBgn0190124,1,0.0012852149
FBgn0190134,1,0.0012852149
FBgn0190136,1,0.0012852149
FBgn0190139,1,0.0012852149
FBgn0190146,1,0.0012852149
FBgn0190157,1,0.0012852149
FBgn0190158,1,0.0012852149
FBgn0190159,1,0.0012852149
FBgn0190164,1,0.0012852149
FBgn0190166,1,0.0012852149
FBgn0190170,1,0.0012852149
FBgn0190171,1,0.0012852149
FBgn0190175,1,0.0012852149
FBgn0190181,1,0.0012852149
FBgn0190183,1,0.0012852149
FBgn0190186,1,0.0012852149
FBgn0190187,1,0.0012852149
FBgn0190197,1,0.0012852149
FBgn0190201,1,0.0012852149
FBgn0190211,1,0.0012852149
FBgn0190214,1,0.0012852149
FBgn0190215,1,0.0012852149
FBgn0190220,1,0.0012852149
FBgn0190230,1,0.0012852149
FBgn0190239,1,0.0012852149
FBgn0190242,1,0.0012852149
FBgn0190243,1,0.0012852149
FBgn0190244,1,0.0012852149
FBgn0190247,1,0.0012852149
FBgn0190252,1,0.0012852149
FBgn0190254,1,0.0012852149
FBgn0190256,1,0.0012852149
FBgn0190259,1,0.0012852149
FBgn0190264,1,0.0012852149
FBgn0190265,1,0.0012852149
FBgn0190266,1,0.0012852149
FBgn0190270,1,0.0012852149
FBgn0190272,1,0.0012852149
FBgn0190275,1,0.0012852149
FBgn0190276,1,0.0012852149
FBgn0190284,1,0.0012852149
FBgn0190287,1,0.0012852149
FBgn0190289,1,0.0012852149
FBgn0190295,1,0.0012852149
FBgn0190301,1,0.0012852149
FBgn0190302,1,0.0012852149
FBgn0190304,1,0.0012852149
FBgn0190306,1,0.0012852149
FBgn0190318,1,0.0012852149
FBgn0190320,1,0.0012852149
FBgn0190321,1,0.0012852149
FBgn0190330,1,0.0012852149
FBgn0190347,1,0.0012852149
FBgn0190348,1,0.0012852149
FBgn0190350,1,0.0012852149
FBgn0190353,1,0.0012852149
FBgn0190356,1,0.0012852149
FBgn0190360,1,0.0012852149
FBgn0190361,1,0.0012852149
FBgn0190362,1,0.0012852149
FBgn0190367,1,0.0012852149
FBgn0190368,1,0.0012852149
FBgn0190371,1,0.0012852149
FBgn0190372,1,0.0012852149
FBgn0190381,1,0.0012852149
FBgn0190389,1,0.0012852149
FBgn0190391,1,0.0012852149
FBgn0190396,1,0.0012852149
FBgn0190405,1,0.0012852149
FBgn0190414,1,0.0012852149
FBgn0190415,1,0.0012852149
FBgn0190432,1,0.0012852149
FBgn0190434,1,0.0012852149
FBgn0190448,1,0.0012852149
FBgn0190457,1,0.0012852149
FBgn0190458,1,0.0012852149
FBgn0190459,1,0.0012852149
FBgn0190461,1,0.0012852149
FBgn0190471,1,0.0012852149
FBgn0190479,1,0.0012852149
FBgn0190481,1,0.0012852149
FBgn0190493,1,0.0012852149
FBgn0190501,1,0.0012852149
FBgn0190503,1,0.0012852149
FBgn0190509,1,0.0012852149
FBgn0190510,1,0.0012852149
FBgn0190520,1,0.0012852149
FBgn0190521,1,0.0012852149
FBgn0190523,1,0.0012852149
FBgn0190527,1,0.0012852149
FBgn0190528,1,0.0012852149
FBgn0190534,1,0.0012852149
FBgn0190539,1,0.0012852149
FBgn0190540,1,0.0012852149
FBgn0190541,1,0.0012852149
FBgn0190544,1,0.0012852149
FBgn0190546,1,0.0012852149
FBgn0190552,1,0.0012852149
FBgn0190558,1,0.0012852149
FBgn0190561,1,0.0012852149
FBgn0190565,1,0.0012852149
FBgn0190577,1,0.0012852149
FBgn0190578,1,0.0012852149
FBgn0190591,1,0.0012852149
FBgn0190594,1,0.0012852149
FBgn0190600,1,0.0012852149
FBgn0190613,1,0.0012852149
FBgn0190631,1,0.0012852149
FBgn0190645,1,0.0012852149
FBgn0190647,1,0.0012852149
FBgn0190648,1,0.0012852149
FBgn0190650,1,0.0012852149
FBgn0190662,1,0.0012852149
FBgn0190675,1,0.0012852149
FBgn0190677,1,0.0012852149
FBgn0190681,1,0.0012852149
FBgn0190682,1,0.0012852149
FBgn0190690,1,0.0012852149
FBgn0190699,1,0.0012852149
FBgn0190700,1,0.0012852149
FBgn0190702,1,0.0012852149
FBgn0190709,1,0.0012852149
FBgn0190712,1,0.0012852149
FBgn0190715,1,0.0012852149
FBgn0190720,1,0.0012852149
FBgn0190721,1,0.0012852149
FBgn0190722,1,0.0012852149
FBgn0190723,1,0.0012852149
FBgn0190725,1,0.0012852149
FBgn0190729,1,0.0012852149
FBgn0190732,1,0.0012852149
FBgn0190734,1,0.0012852149
FBgn0190742,1,0.0012852149
FBgn0190746,1,0.0012852149
FBgn0190748,1,0.0012852149
FBgn0190757,1,0.0012852149
FBgn0190773,1,0.0012852149
FBgn0190777,1,0.0012852149
FBgn0190778,1,0.0012852149
FBgn0190802,1,0.0012852149
FBgn0190807,1,0.0012852149
FBgn0190834,1,0.0012852149
FBgn0190835,1,0.0012852149
FBgn0190836,1,0.0012852149
FBgn0190839,1,0.0012852149
FBgn0190841,1,0.0012852149
FBgn0190842,1,0.0012852149
FBgn0190846,1,0.0012852149
FBgn0190852,1,0.0012852149
FBgn0190856,1,0.0012852149
FBgn0190857,1,0.0012852149
FBgn0190860,1,0.0012852149
FBgn0190862,1,0.0012852149
FBgn0190864,1,0.0012852149
FBgn0190870,1,0.0012852149
FBgn0190871,1,0.0012852149
FBgn0190877,1,0.0012852149
FBgn0190882,1,0.0012852149
FBgn0190884,1,0.0012852149
FBgn0190885,1,0.0012852149
FBgn0190886,1,0.0012852149
FBgn0190895,1,0.0012852149
FBgn0190897,1,0.0012852149
FBgn0190903,1,0.0012852149
FBgn0190908,1,0.0012852149
FBgn0190913,1,0.0012852149
FBgn0190924,1,0.0012852149
FBgn0190929,1,0.0012852149
FBgn0190957,1,0.0012852149
FBgn0190958,1,0.0012852149
FBgn0190959,1,0.0012852149
FBgn0190962,1,0.0012852149
FBgn0190975,1,0.0012852149
FBgn0190979,1,0.0012852149
FBgn0190982,1,0.0012852149
FBgn0190987,1,0.0012852149
FBgn0190992,1,0.0012852149
FBgn0191017,1,0.0012852149
FBgn0191021,1,0.0012852149
FBgn0191030,1,0.0012852149
FBgn0191034,1,0.0012852149
FBgn0191055,1,0.0012852149
FBgn0191064,1,0.0012852149
FBgn0191069,1,0.0012852149
FBgn0191071,1,0.0012852149
FBgn0191073,1,0.0012852149
FBgn0191078,1,0.0012852149
FBgn0191085,1,0.0012852149
FBgn0191090,1,0.0012852149
FBgn0191098,1,0.0012852149
FBgn0191106,1,0.0012852149
FBgn0191116,1,0.0012852149
FBgn0191117,1,0.0012852149
FBgn0191125,1,0.0012852149
FBgn0191136,1,0.0012852149
FBgn0191188,1,0.0012852149
FBgn0191203,1,0.0012852149
FBgn0191217,1,0.0012852149
FBgn0191226,1,0.0012852149
FBgn0191233,1,0.0012852149
FBgn0191241,1,0.0012852149
FBgn0191277,1,0.0012852149
FBgn0191296,1,0.0012852149
FBgn0191305,1,0.0012852149
FBgn0191307,1,0.0012852149
FBgn0191330,1,0.0012852149
FBgn0191338,1,0.0012852149
FBgn0191339,1,0.0012852149
FBgn0191346,1,0.0012852149
FBgn0191347,1,0.0012852149
FBgn0191348,1,0.0012852149
FBgn0191350,1,0.0012852149
FBgn0191352,1,0.0012852149
FBgn0191353,1,0.0012852149
FBgn0191354,1,0.0012852149
FBgn0191381,1,0.0012852149
FBgn0191392,1,0.0012852149
FBgn0191400,1,0.0012852149
FBgn0191403,1,0.0012852149
FBgn0191406,1,0.0012852149
FBgn0191408,1,0.0012852149
FBgn0191416,1,0.0012852149
FBgn0191417,1,0.0012852149
FBgn0191418,1,0.0012852149
FBgn0191429,1,0.0012852149
FBgn0191430,1,0.0012852149
FBgn0191456,1,0.0012852149
FBgn0191457,1,0.0012852149
FBgn0191459,1,0.0012852149
FBgn0191477,1,0.0012852149
FBgn0191478,1,0.0012852149
FBgn0191481,1,0.0012852149
FBgn0191489,1,0.0012852149
FBgn0191490,1,0.0012852149
FBgn0191491,1,0.0012852149
FBgn0191493,1,0.0012852149
FBgn0191494,1,0.0012852149
FBgn0191500,1,0.0012852149
FBgn0191503,1,0.0012852149
FBgn0191507,1,0.0012852149
FBgn0191533,1,0.0012852149
FBgn0191534,1,0.0012852149
FBgn0191536,1,0.0012852149
FBgn0191544,1,0.0012852149
FBgn0191555,1,0.0012852149
FBgn0191567,1,0.0012852149
FBgn0191568,1,0.0012852149
FBgn0191569,1,0.0012852149
FBgn0191571,1,0.0012852149
FBgn0191575,1,0.0012852149
FBgn0191576,1,0.0012852149
FBgn0191582,1,0.0012852149
FBgn0191583,1,0.0012852149
FBgn0191587,1,0.0012852149
FBgn0191591,1,0.0012852149
FBgn0191601,1,0.0012852149
FBgn0191608,1,0.0012852149
FBgn0191612,1,0.0012852149
FBgn0191614,1,0.0012852149
FBgn0191618,1,0.0012852149
FBgn0191625,1,0.0012852149
FBgn0191632,1,0.0012852149
FBgn0191634,1,0.0012852149
FBgn0191636,1,0.0012852149
FBgn0191641,1,0.0012852149
FBgn0191647,1,0.0012852149
FBgn0191649,1,0.0012852149
FBgn0191663,1,0.0012852149
FBgn0191670,1,0.0012852149
FBgn0191684,1,0.0012852149
FBgn0191685,1,0.0012852149
FBgn0191686,1,0.0012852149
FBgn0191687,1,0.0012852149
FBgn0191689,1,0.0012852149
FBgn0191690,1,0.0012852149
FBgn0191705,1,0.0012852149
FBgn0191725,1,0.0012852149
FBgn0191733,1,0.0012852149
FBgn0191735,1,0.0012852149
FBgn0191737,1,0.0012852149
FBgn0191741,1,0.0012852149
FBgn0191755,1,0.0012852149
FBgn0191756,1,0.0012852149
FBgn0191759,1,0.0012852149
FBgn0191762,1,0.0012852149
FBgn0191763,1,0.0012852149
FBgn0191765,1,0.0012852149
FBgn0191768,1,0.0012852149
FBgn0191779,1,0.0012852149
FBgn0191782,1,0.0012852149
FBgn0191788,1,0.0012852149
FBgn0191799,1,0.0012852149
FBgn0191807,1,0.0012852149
FBgn0191811,1,0.0012852149
FBgn0191817,1,0.0012852149
FBgn0191819,1,0.0012852149
FBgn0191830,1,0.0012852149
FBgn0191835,1,0.0012852149
FBgn0191837,1,0.0012852149
FBgn0191850,1,0.0012852149
FBgn0191866,1,0.0012852149
FBgn0191867,1,0.0012852149
FBgn0191868,1,0.0012852149
FBgn0191869,1,0.0012852149
FBgn0191879,1,0.0012852149
FBgn0191884,1,0.0012852149
FBgn0191909,1,0.0012852149
FBgn0191914,1,0.0012852149
FBgn0191915,1,0.0012852149
FBgn0191923,1,0.0012852149
FBgn0191925,1,0.0012852149
FBgn0191929,1,0.0012852149
FBgn0191938,1,0.0012852149
FBgn0191947,1,0.0012852149
FBgn0191949,1,0.0012852149
FBgn0191964,1,0.0012852149
FBgn0191970,1,0.0012852149
FBgn0191974,1,0.0012852149
FBgn0191975,1,0.0012852149
FBgn0191977,1,0.0012852149
FBgn0191981,1,0.0012852149
FBgn0191982,1,0.0012852149
FBgn0191985,1,0.0012852149
FBgn0191992,1,0.0012852149
FBgn0192013,1,0.0012852149
FBgn0192033,1,0.0012852149
FBgn0192034,1,0.0012852149
FBgn0192044,1,0.0012852149
FBgn0192048,1,0.0012852149
FBgn0192049,1,0.0012852149
FBgn0192059,1,0.0012852149
FBgn0192061,1,0.0012852149
FBgn0192062,1,0.0012852149
FBgn0192064,1,0.0012852149
FBgn0192072,1,0.0012852149
FBgn0192077,1,0.0012852149
FBgn0192081,1,0.0012852149
FBgn0192090,1,0.0012852149
FBgn0192093,1,0.0012852149
FBgn0192107,1,0.0012852149
FBgn0192108,1,0.0012852149
FBgn0192109,1,0.0012852149
FBgn0192125,1,0.0012852149
FBgn0192126,1,0.0012852149
FBgn0192127,1,0.0012852149
FBgn0192128,1,0.0012852149
FBgn0192137,1,0.0012852149
FBgn0192145,1,0.0012852149
FBgn0192150,1,0.0012852149
FBgn0192152,1,0.0012852149
FBgn0192160,1,0.0012852149
FBgn0192163,1,0.0012852149
FBgn0192168,1,0.0012852149
FBgn0192169,1,0.0012852149
FBgn0192171,1,0.0012852149
FBgn0192172,1,0.0012852149
FBgn0192178,1,0.0012852149
FBgn0192188,1,0.0012852149
FBgn0192196,1,0.0012852149
FBgn0192207,1,0.0012852149
FBgn0192212,1,0.0012852149
FBgn0192213,1,0.0012852149
FBgn0192217,1,0.0012852149
FBgn0192219,1,0.0012852149
FBgn0192227,1,0.0012852149
FBgn0192228,1,0.0012852149
FBgn0192232,1,0.0012852149
FBgn0192236,1,0.0012852149
FBgn0192237,1,0.0012852149
FBgn0192240,1,0.0012852149
FBgn0192241,1,0.0012852149
FBgn0192250,1,0.0012852149
FBgn0192259,1,0.0012852149
FBgn0192260,1,0.0012852149
FBgn0192261,1,0.0012852149
FBgn0192263,1,0.0012852149
FBgn0192272,1,0.0012852149
FBgn0192284,1,0.0012852149
FBgn0192293,1,0.0012852149
FBgn0192299,1,0.0012852149
FBgn0192313,1,0.0012852149
FBgn0192321,1,0.0012852149
FBgn0192354,1,0.0012852149
FBgn0192356,1,0.0012852149
FBgn0192358,1,0.0012852149
FBgn0192359,1,0.0012852149
FBgn0192368,1,0.0012852149
FBgn0192373,1,0.0012852149
FBgn0192377,1,0.0012852149
FBgn0192389,1,0.0012852149
FBgn0192390,1,0.0012852149
FBgn0192391,1,0.0012852149
FBgn0192403,1,0.0012852149
FBgn0192406,1,0.0012852149
FBgn0192414,1,0.0012852149
FBgn0192419,1,0.0012852149
FBgn0192420,1,0.0012852149
FBgn0192436,1,0.0012852149
FBgn0192442,1,0.0012852149
FBgn0192451,1,0.0012852149
FBgn0192454,1,0.0012852149
FBgn0192456,1,0.0012852149
FBgn0192466,1,0.0012852149
FBgn0192467,1,0.0012852149
FBgn0192468,1,0.0012852149
FBgn0192471,1,0.0012852149
FBgn0192472,1,0.0012852149
FBgn0192475,1,0.0012852149
FBgn0192477,1,0.0012852149
FBgn0192485,1,0.0012852149
FBgn0192486,1,0.0012852149
FBgn0192487,1,0.0012852149
FBgn0192490,1,0.0012852149
FBgn0192498,1,0.0012852149
FBgn0192499,1,0.0012852149
FBgn0192500,1,0.0012852149
FBgn0192501,1,0.0012852149
FBgn0192502,1,0.0012852149
FBgn0192508,1,0.0012852149
FBgn0192512,1,0.0012852149
FBgn0192517,1,0.0012852149
FBgn0192521,1,0.0012852149
FBgn0192523,1,0.0012852149
FBgn0192526,1,0.0012852149
FBgn0192545,1,0.0012852149
FBgn0192550,1,0.0012852149
FBgn0192551,1,0.0012852149
FBgn0192556,1,0.0012852149
FBgn0192560,1,0.0012852149
FBgn0192568,1,0.0012852149
FBgn0192573,1,0.0012852149
FBgn0192577,1,0.0012852149
FBgn0192583,1,0.0012852149
FBgn0192589,1,0.0012852149
FBgn0192601,1,0.0012852149
FBgn0192605,1,0.0012852149
FBgn0192609,1,0.0012852149
FBgn0192610,1,0.0012852149
FBgn0192611,1,0.0012852149
FBgn0192619,1,0.0012852149
FBgn0192621,1,0.0012852149
FBgn0192635,1,0.0012852149
FBgn0192639,1,0.0012852149
FBgn0192640,1,0.0012852149
FBgn0192641,1,0.0012852149
FBgn0192642,1,0.0012852149
FBgn0192643,1,0.0012852149
FBgn0192646,1,0.0012852149
FBgn0192647,1,0.0012852149
FBgn0192658,1,0.0012852149
FBgn0192660,1,0.0012852149
FBgn0192662,1,0.0012852149
FBgn0192666,1,0.0012852149
FBgn0192668,1,0.0012852149
FBgn0192670,1,0.0012852149
FBgn0192681,1,0.0012852149
FBgn0192686,1,0.0012852149
FBgn0192688,1,0.0012852149
FBgn0192695,1,0.0012852149
FBgn0192703,1,0.0012852149
FBgn0192707,1,0.0012852149
FBgn0192708,1,0.0012852149
FBgn0192709,1,0.0012852149
FBgn0192735,1,0.0012852149
FBgn0192748,1,0.0012852149
FBgn0192753,1,0.0012852149
FBgn0192766,1,0.0012852149
FBgn0192772,1,0.0012852149
FBgn0192774,1,0.0012852149
FBgn0192776,1,0.0012852149
FBgn0192778,1,0.0012852149
FBgn0192783,1,0.0012852149
FBgn0192793,1,0.0012852149
FBgn0192796,1,0.0012852149
FBgn0192798,1,0.0012852149
FBgn0192812,1,0.0012852149
FBgn0192836,1,0.0012852149
FBgn0192839,1,0.0012852149
FBgn0192844,1,0.0012852149
FBgn0192845,1,0.0012852149
FBgn0192846,1,0.0012852149
FBgn0192850,1,0.0012852149
FBgn0192875,1,0.0012852149
FBgn0192878,1,0.0012852149
FBgn0192883,1,0.0012852149
FBgn0192888,1,0.0012852149
FBgn0192892,1,0.0012852149
FBgn0192894,1,0.0012852149
FBgn0192900,1,0.0012852149
FBgn0192902,1,0.0012852149
FBgn0192918,1,0.0012852149
FBgn0192925,1,0.0012852149
FBgn0192927,1,0.0012852149
FBgn0192931,1,0.0012852149
FBgn0192934,1,0.0012852149
FBgn0192953,1,0.0012852149
FBgn0192967,1,0.0012852149
FBgn0192973,1,0.0012852149
FBgn0192976,1,0.0012852149
FBgn0192977,1,0.0012852149
FBgn0192991,1,0.0012852149
FBgn0192995,1,0.0012852149
FBgn0193022,1,0.0012852149
FBgn0193025,1,0.0012852149
FBgn0193026,1,0.0012852149
FBgn0193055,1,0.0012852149
FBgn0193072,1,0.0012852149
FBgn0193078,1,0.0012852149
FBgn0193081,1,0.0012852149
FBgn0193083,1,0.0012852149
FBgn0193088,1,0.0012852149
FBgn0193089,1,0.0012852149
FBgn0193090,1,0.0012852149
FBgn0193095,1,0.0012852149
FBgn0193100,1,0.0012852149
FBgn0193125,1,0.0012852149
FBgn0193126,1,0.0012852149
FBgn0193129,1,0.0012852149
FBgn0193137,1,0.0012852149
FBgn0193147,1,0.0012852149
FBgn0193148,1,0.0012852149
FBgn0193166,1,0.0012852149
FBgn0193168,1,0.0012852149
FBgn0193170,1,0.0012852149
FBgn0193197,1,0.0012852149
FBgn0193202,1,0.0012852149
FBgn0193205,1,0.0012852149
FBgn0193208,1,0.0012852149
FBgn0193211,1,0.0012852149
FBgn0193213,1,0.0012852149
FBgn0193216,1,0.0012852149
FBgn0193218,1,0.0012852149
FBgn0193241,1,0.0012852149
FBgn0193242,1,0.0012852149
FBgn0193246,1,0.0012852149
FBgn0193252,1,0.0012852149
FBgn0193266,1,0.0012852149
FBgn0193277,1,0.0012852149
FBgn0193280,1,0.0012852149
FBgn0193283,1,0.0012852149
FBgn0193287,1,0.0012852149
FBgn0193297,1,0.0012852149
FBgn0193305,1,0.0012852149
FBgn0193306,1,0.0012852149
FBgn0193307,1,0.0012852149
FBgn0193311,1,0.0012852149
FBgn0193313,1,0.0012852149
FBgn0193314,1,0.0012852149
FBgn0193316,1,0.0012852149
FBgn0193317,1,0.0012852149
FBgn0193321,1,0.0012852149
FBgn0193325,1,0.0012852149
FBgn0193336,1,0.0012852149
FBgn0193338,1,0.0012852149
FBgn0193348,1,0.0012852149
FBgn0193349,1,0.0012852149
FBgn0193358,1,0.0012852149
FBgn0193363,1,0.0012852149
FBgn0193365,1,0.0012852149
FBgn0193371,1,0.0012852149
FBgn0193379,1,0.0012852149
FBgn0193391,1,0.0012852149
FBgn0193392,1,0.0012852149
FBgn0193396,1,0.0012852149
FBgn0193400,1,0.0012852149
FBgn0193411,1,0.0012852149
FBgn0193419,1,0.0012852149
FBgn0193423,1,0.0012852149
FBgn0193425,1,0.0012852149
FBgn0193431,1,0.0012852149
FBgn0193438,1,0.0012852149
FBgn0193439,1,0.0012852149
FBgn0193441,1,0.0012852149
FBgn0193442,1,0.0012852149
FBgn0193450,1,0.0012852149
FBgn0193453,1,0.0012852149
FBgn0193467,1,0.0012852149
FBgn0193470,1,0.0012852149
FBgn0193471,1,0.0012852149
FBgn0193478,1,0.0012852149
FBgn0193480,1,0.0012852149
FBgn0193482,1,0.0012852149
FBgn0193487,1,0.0012852149
FBgn0193506,1,0.0012852149
FBgn0193507,1,0.0012852149
FBgn0193515,1,0.0012852149
FBgn0193528,1,0.0012852149
FBgn0193539,1,0.0012852149
FBgn0193555,1,0.0012852149
FBgn0193563,1,0.0012852149
FBgn0193579,1,0.0012852149
FBgn0193580,1,0.0012852149
FBgn0193587,1,0.0012852149
FBgn0193590,1,0.0012852149
FBgn0193600,1,0.0012852149
FBgn0193601,1,0.0012852149
FBgn0193621,1,0.0012852149
FBgn0193626,1,0.0012852149
FBgn0193641,1,0.0012852149
FBgn0193643,1,0.0012852149
FBgn0193660,1,0.0012852149
FBgn0193664,1,0.0012852149
FBgn0193665,1,0.0012852149
FBgn0193668,1,0.0012852149
FBgn0193672,1,0.0012852149
FBgn0193673,1,0.0012852149
FBgn0193675,1,0.0012852149
FBgn0193684,1,0.0012852149
FBgn0193696,1,0.0012852149
FBgn0193727,1,0.0012852149
FBgn0193732,1,0.0012852149
FBgn0193738,1,0.0012852149
FBgn0193745,1,0.0012852149
FBgn0193746,1,0.0012852149
FBgn0193747,1,0.0012852149
FBgn0193749,1,0.0012852149
FBgn0193754,1,0.0012852149
FBgn0193755,1,0.0012852149
FBgn0193769,1,0.0012852149
FBgn0193775,1,0.0012852149
FBgn0193782,1,0.0012852149
FBgn0193802,1,0.0012852149
FBgn0193806,1,0.0012852149
FBgn0193811,1,0.0012852149
FBgn0193826,1,0.0012852149
FBgn0193827,1,0.0012852149
FBgn0193834,1,0.0012852149
FBgn0193840,1,0.0012852149
FBgn0193847,1,0.0012852149
FBgn0193850,1,0.0012852149
FBgn0193852,1,0.0012852149
FBgn0193874,1,0.0012852149
FBgn0193875,1,0.0012852149
FBgn0193880,1,0.0012852149
FBgn0193882,1,0.0012852149
FBgn0193883,1,0.0012852149
FBgn0193895,1,0.0012852149
FBgn0193897,1,0.0012852149
FBgn0193898,1,0.0012852149
FBgn0193903,1,0.0012852149
FBgn0193908,1,0.0012852149
FBgn0193916,1,0.0012852149
FBgn0193928,1,0.0012852149
FBgn0193929,1,0.0012852149
FBgn0193933,1,0.0012852149
FBgn0193936,1,0.0012852149
FBgn0193937,1,0.0012852149
FBgn0193942,1,0.0012852149
FBgn0193947,1,0.0012852149
FBgn0193957,1,0.0012852149
FBgn0193967,1,0.0012852149
FBgn0193970,1,0.0012852149
FBgn0193971,1,0.0012852149
FBgn0193988,1,0.0012852149
FBgn0194000,1,0.0012852149
FBgn0194003,1,0.0012852149
FBgn0194008,1,0.0012852149
FBgn0194011,1,0.0012852149
FBgn0194038,1,0.0012852149
FBgn0194041,1,0.0012852149
FBgn0194044,1,0.0012852149
FBgn0194047,1,0.0012852149
FBgn0194050,1,0.0012852149
FBgn0194059,1,0.0012852149
FBgn0194060,1,0.0012852149
FBgn0194068,1,0.0012852149
FBgn0194069,1,0.0012852149
FBgn0194071,1,0.0012852149
FBgn0194072,1,0.0012852149
FBgn0194077,1,0.0012852149
FBgn0194082,1,0.0012852149
FBgn0194086,1,0.0012852149
FBgn0194091,1,0.0012852149
FBgn0194095,1,0.0012852149
FBgn0194101,1,0.0012852149
FBgn0194102,1,0.0012852149
FBgn0194105,1,0.0012852149
FBgn0194127,1,0.0012852149
FBgn0194128,1,0.0012852149
FBgn0194129,1,0.0012852149
FBgn0194131,1,0.0012852149
FBgn0194134,1,0.0012852149
FBgn0194135,1,0.0012852149
FBgn0194139,1,0.0012852149
FBgn0194143,1,0.0012852149
FBgn0194154,1,0.0012852149
FBgn0194165,1,0.0012852149
FBgn0194169,1,0.0012852149
FBgn0194176,1,0.0012852149
FBgn0194186,1,0.0012852149
FBgn0194190,1,0.0012852149
FBgn0194195,1,0.0012852149
FBgn0194215,1,0.0012852149
FBgn0194218,1,0.0012852149
FBgn0194222,1,0.0012852149
FBgn0194223,1,0.0012852149
FBgn0194225,1,0.0012852149
FBgn0194248,1,0.0012852149
FBgn0194250,1,0.0012852149
FBgn0194255,1,0.0012852149
FBgn0194266,1,0.0012852149
FBgn0194272,1,0.0012852149
FBgn0194287,1,0.0012852149
FBgn0194288,1,0.0012852149
FBgn0194295,1,0.0012852149
FBgn0194308,1,0.0012852149
FBgn0194310,1,0.0012852149
FBgn0194333,1,0.0012852149
FBgn0194334,1,0.0012852149
FBgn0194354,1,0.0012852149
FBgn0194360,1,0.0012852149
FBgn0194364,1,0.0012852149
FBgn0194372,1,0.0012852149
FBgn0194373,1,0.0012852149
FBgn0194383,1,0.0012852149
FBgn0194387,1,0.0012852149
FBgn0194403,1,0.0012852149
FBgn0194412,1,0.0012852149
FBgn0194414,1,0.0012852149
FBgn0194415,1,0.0012852149
FBgn0194418,1,0.0012852149
FBgn0194423,1,0.0012852149
FBgn0194427,1,0.0012852149
FBgn0194437,1,0.0012852149
FBgn0194438,1,0.0012852149
FBgn0194448,1,0.0012852149
FBgn0194451,1,0.0012852149
FBgn0194454,1,0.0012852149
FBgn0194456,1,0.0012852149
FBgn0194460,1,0.0012852149
FBgn0194467,1,0.0012852149
FBgn0194478,1,0.0012852149
FBgn0194484,1,0.0012852149
FBgn0194493,1,0.0012852149
FBgn0194495,1,0.0012852149
FBgn0194506,1,0.0012852149
FBgn0194510,1,0.0012852149
FBgn0194511,1,0.0012852149
FBgn0194513,1,0.0012852149
FBgn0194522,1,0.0012852149
FBgn0194523,1,0.0012852149
FBgn0194526,1,0.0012852149
FBgn0194539,1,0.0012852149
FBgn0194541,1,0.0012852149
FBgn0194542,1,0.0012852149
FBgn0194543,1,0.0012852149
FBgn0194545,1,0.0012852149
FBgn0194551,1,0.0012852149
FBgn0194553,1,0.0012852149
FBgn0194555,1,0.0012852149
FBgn0194557,1,0.0012852149
FBgn0194569,1,0.0012852149
FBgn0194570,1,0.0012852149
FBgn0194575,1,0.0012852149
FBgn0194582,1,0.0012852149
FBgn0194588,1,0.0012852149
FBgn0194589,1,0.0012852149
FBgn0194600,1,0.0012852149
FBgn0194603,1,0.0012852149
FBgn0194606,1,0.0012852149
FBgn0194621,1,0.0012852149
FBgn0194622,1,0.0012852149
FBgn0194624,1,0.0012852149
FBgn0194625,1,0.0012852149
FBgn0194626,1,0.0012852149
FBgn0194635,1,0.0012852149
FBgn0194637,1,0.0012852149
FBgn0194668,1,0.0012852149
FBgn0194671,1,0.0012852149
FBgn0194674,1,0.0012852149
FBgn0194675,1,0.0012852149
FBgn0194676,1,0.0012852149
FBgn0194692,1,0.0012852149
FBgn0194693,1,0.0012852149
FBgn0194700,1,0.0012852149
FBgn0194701,1,0.0012852149
FBgn0194705,1,0.0012852149
FBgn0194744,1,0.0012852149
FBgn0194745,1,0.0012852149
FBgn0194763,1,0.0012852149
FBgn0194767,1,0.0012852149
FBgn0194769,1,0.0012852149
FBgn0194781,1,0.0012852149
FBgn0194794,1,0.0012852149
FBgn0194807,1,0.0012852149
FBgn0194809,1,0.0012852149
FBgn0194810,1,0.0012852149
FBgn0194813,1,0.0012852149
FBgn0194822,1,0.0012852149
FBgn0194823,1,0.0012852149
FBgn0194827,1,0.0012852149
FBgn0194829,1,0.0012852149
FBgn0194846,1,0.0012852149
FBgn0194849,1,0.0012852149
FBgn0194857,1,0.0012852149
FBgn0194863,1,0.0012852149
FBgn0194866,1,0.0012852149
FBgn0194867,1,0.0012852149
FBgn0194871,1,0.0012852149
FBgn0194875,1,0.0012852149
FBgn0194879,1,0.0012852149
FBgn0194881,1,0.0012852149
FBgn0194892,1,0.0012852149
FBgn0194894,1,0.0012852149
FBgn0194895,1,0.0012852149
FBgn0194896,1,0.0012852149
FBgn0194900,1,0.0012852149
FBgn0194907,1,0.0012852149
FBgn0194912,1,0.0012852149
FBgn0194918,1,0.0012852149
FBgn0194931,1,0.0012852149
FBgn0194937,1,0.0012852149
FBgn0194938,1,0.0012852149
FBgn0194950,1,0.0012852149
FBgn0194954,1,0.0012852149
FBgn0194955,1,0.0012852149
FBgn0194957,1,0.0012852149
FBgn0194960,1,0.0012852149
FBgn0194973,1,0.0012852149
FBgn0194978,1,0.0012852149
FBgn0194982,1,0.0012852149
FBgn0194991,1,0.0012852149
FBgn0194999,1,0.0012852149
FBgn0195000,1,0.0012852149
FBgn0195004,1,0.0012852149
FBgn0195005,1,0.0012852149
FBgn0195008,1,0.0012852149
FBgn0195009,1,0.0012852149
FBgn0195010,1,0.0012852149
FBgn0195016,1,0.0012852149
FBgn0195024,1,0.0012852149
FBgn0195039,1,0.0012852149
FBgn0195048,1,0.0012852149
FBgn0195052,1,0.0012852149
FBgn0195056,1,0.0012852149
FBgn0195058,1,0.0012852149
FBgn0195060,1,0.0012852149
FBgn0195066,1,0.0012852149
FBgn0195067,1,0.0012852149
FBgn0195080,1,0.0012852149
FBgn0195081,1,0.0012852149
FBgn0195088,1,0.0012852149
FBgn0195090,1,0.0012852149
FBgn0195096,1,0.0012852149
FBgn0195100,1,0.0012852149
FBgn0195102,1,0.0012852149
FBgn0195113,1,0.0012852149
FBgn0195116,1,0.0012852149
FBgn0195120,1,0.0012852149
FBgn0195122,1,0.0012852149
FBgn0195125,1,0.0012852149
FBgn0195133,1,0.0012852149
FBgn0195142,1,0.0012852149
FBgn0195156,1,0.0012852149
FBgn0195163,1,0.0012852149
FBgn0195165,1,0.0012852149
FBgn0195167,1,0.0012852149
FBgn0195173,1,0.0012852149
FBgn0195175,1,0.0012852149
FBgn0195176,1,0.0012852149
FBgn0195177,1,0.0012852149
FBgn0195181,1,0.0012852149
FBgn0195187,1,0.0012852149
FBgn0195197,1,0.0012852149
FBgn0195210,1,0.0012852149
FBgn0195218,1,0.0012852149
FBgn0195220,1,0.0012852149
FBgn0195228,1,0.0012852149
FBgn0195229,1,0.0012852149
FBgn0195231,1,0.0012852149
FBgn0195233,1,0.0012852149
FBgn0195234,1,0.0012852149
FBgn0195243,1,0.0012852149
FBgn0195261,1,0.0012852149
FBgn0195262,1,0.0012852149
FBgn0195265,1,0.0012852149
FBgn0195275,1,0.0012852149
FBgn0195276,1,0.0012852149
FBgn0195291,1,0.0012852149
FBgn0195292,1,0.0012852149
FBgn0195294,1,0.0012852149
FBgn0195295,1,0.0012852149
FBgn0195298,1,0.0012852149
FBgn0195300,1,0.0012852149
FBgn0195304,1,0.0012852149
FBgn0195309,1,0.0012852149
FBgn0195324,1,0.0012852149
FBgn0195328,1,0.0012852149
FBgn0195354,1,0.0012852149
FBgn0195357,1,0.0012852149
FBgn0195371,1,0.0012852149
FBgn0195375,1,0.0012852149
FBgn0195382,1,0.0012852149
FBgn0195386,1,0.0012852149
FBgn0195388,1,0.0012852149
FBgn0195410,1,0.0012852149
FBgn0195412,1,0.0012852149
FBgn0195431,1,0.0012852149
FBgn0195440,1,0.0012852149
FBgn0195455,1,0.0012852149
FBgn0195457,1,0.0012852149
FBgn0195458,1,0.0012852149
FBgn0195459,1,0.0012852149
FBgn0195461,1,0.0012852149
FBgn0195464,1,0.0012852149
FBgn0195465,1,0.0012852149
FBgn0195498,1,0.0012852149
FBgn0195500,1,0.0012852149
FBgn0195507,1,0.0012852149
FBgn0195508,1,0.0012852149
FBgn0195512,1,0.0012852149
FBgn0195516,1,0.0012852149
FBgn0195522,1,0.0012852149
FBgn0195531,1,0.0012852149
FBgn0195533,1,0.0012852149
FBgn0195534,1,0.0012852149
FBgn0195552,1,0.0012852149
FBgn0195555,1,0.0012852149
FBgn0195561,1,0.0012852149
FBgn0195562,1,0.0012852149
FBgn0195571,1,0.0012852149
FBgn0195576,1,0.0012852149
FBgn0195577,1,0.0012852149
FBgn0195578,1,0.0012852149
FBgn0195582,1,0.0012852149
FBgn0195592,1,0.0012852149
FBgn0195593,1,0.0012852149
FBgn0195597,1,0.0012852149
FBgn0195599,1,0.0012852149
FBgn0195603,1,0.0012852149
FBgn0195607,1,0.0012852149
FBgn0195609,1,0.0012852149
FBgn0195620,1,0.0012852149
FBgn0195626,1,0.0012852149
FBgn0195635,1,0.0012852149
FBgn0195646,1,0.0012852149
FBgn0195653,1,0.0012852149
FBgn0195656,1,0.0012852149
FBgn0195670,1,0.0012852149
FBgn0195674,1,0.0012852149
FBgn0195681,1,0.0012852149
FBgn0195764,1,0.0012852149
FBgn0195779,1,0.0012852149
FBgn0195783,1,0.0012852149
FBgn0195789,1,0.0012852149
FBgn0195800,1,0.0012852149
FBgn0195802,1,0.0012852149
FBgn0195803,1,0.0012852149
FBgn0195805,1,0.0012852149
FBgn0195808,1,0.0012852149
FBgn0195830,1,0.0012852149
FBgn0195834,1,0.0012852149
FBgn0195836,1,0.0012852149
FBgn0195837,1,0.0012852149
FBgn0195838,1,0.0012852149
FBgn0195844,1,0.0012852149
FBgn0195853,1,0.0012852149
FBgn0195855,1,0.0012852149
FBgn0195858,1,0.0012852149
FBgn0195870,1,0.0012852149
FBgn0195888,1,0.0012852149
FBgn0195889,1,0.0012852149
FBgn0195897,1,0.0012852149
FBgn0195916,1,0.0012852149
FBgn0195926,1,0.0012852149
FBgn0195933,1,0.0012852149
FBgn0195936,1,0.0012852149
FBgn0195937,1,0.0012852149
FBgn0195947,1,0.0012852149
FBgn0195948,1,0.0012852149
FBgn0195955,1,0.0012852149
FBgn0195961,1,0.0012852149
FBgn0195963,1,0.0012852149
FBgn0195966,1,0.0012852149
FBgn0195971,1,0.0012852149
FBgn0195987,1,0.0012852149
FBgn0195993,1,0.0012852149
FBgn0196012,1,0.0012852149
FBgn0196040,1,0.0012852149
FBgn0196049,1,0.0012852149
FBgn0196054,1,0.0012852149
FBgn0196061,1,0.0012852149
FBgn0196080,1,0.0012852149
FBgn0196095,1,0.0012852149
FBgn0196097,1,0.0012852149
FBgn0196103,1,0.0012852149
FBgn0196104,1,0.0012852149
FBgn0196124,1,0.0012852149
FBgn0196129,1,0.0012852149
FBgn0196134,1,0.0012852149
FBgn0196145,1,0.0012852149
FBgn0196146,1,0.0012852149
FBgn0196174,1,0.0012852149
FBgn0196175,1,0.0012852149
FBgn0196179,1,0.0012852149
FBgn0196196,1,0.0012852149
FBgn0196197,1,0.0012852149
FBgn0196211,1,0.0012852149
FBgn0196217,1,0.0012852149
FBgn0196230,1,0.0012852149
FBgn0196242,1,0.0012852149
FBgn0196245,1,0.0012852149
FBgn0196253,1,0.0012852149
FBgn0196254,1,0.0012852149
FBgn0196264,1,0.0012852149
FBgn0196267,1,0.0012852149
FBgn0196268,1,0.0012852149
FBgn0196282,1,0.0012852149
FBgn0196287,1,0.0012852149
FBgn0196290,1,0.0012852149
FBgn0196293,1,0.0012852149
FBgn0196300,1,0.0012852149
FBgn0196301,1,0.0012852149
FBgn0196303,1,0.0012852149
FBgn0196305,1,0.0012852149
FBgn0196310,1,0.0012852149
FBgn0196314,1,0.0012852149
FBgn0196316,1,0.0012852149
FBgn0196320,1,0.0012852149
FBgn0196325,1,0.0012852149
FBgn0196339,1,0.0012852149
FBgn0196345,1,0.0012852149
FBgn0196349,1,0.0012852149
FBgn0196351,1,0.0012852149
FBgn0196353,1,0.0012852149
FBgn0196356,1,0.0012852149
FBgn0196369,1,0.0012852149
FBgn0196371,1,0.0012852149
FBgn0196378,1,0.0012852149
FBgn0196388,1,0.0012852149
FBgn0196390,1,0.0012852149
FBgn0196392,1,0.0012852149
FBgn0196393,1,0.0012852149
FBgn0196396,1,0.0012852149
FBgn0196397,1,0.0012852149
FBgn0196398,1,0.0012852149
FBgn0196410,1,0.0012852149
FBgn0196412,1,0.0012852149
FBgn0196416,1,0.0012852149
FBgn0196426,1,0.0012852149
FBgn0196428,1,0.0012852149
FBgn0196430,1,0.0012852149
FBgn0196431,1,0.0012852149
FBgn0196444,1,0.0012852149
FBgn0196446,1,0.0012852149
FBgn0196460,1,0.0012852149
FBgn0196468,1,0.0012852149
FBgn0196473,1,0.0012852149
FBgn0196474,1,0.0012852149
FBgn0196475,1,0.0012852149
FBgn0196487,1,0.0012852149
FBgn0196492,1,0.0012852149
FBgn0196512,1,0.0012852149
FBgn0196523,1,0.0012852149
FBgn0196524,1,0.0012852149
FBgn0196531,1,0.0012852149
FBgn0196534,1,0.0012852149
FBgn0196537,1,0.0012852149
FBgn0196540,1,0.0012852149
FBgn0196543,1,0.0012852149
FBgn0196547,1,0.0012852149
FBgn0196555,1,0.0012852149
FBgn0196560,1,0.0012852149
FBgn0196567,1,0.0012852149
FBgn0196579,1,0.0012852149
FBgn0196581,1,0.0012852149
FBgn0196595,1,0.0012852149
FBgn0196601,1,0.0012852149
FBgn0196602,1,0.0012852149
FBgn0196607,1,0.0012852149
FBgn0196614,1,0.0012852149
FBgn0196622,1,0.0012852149
FBgn0196634,1,0.0012852149
FBgn0196637,1,0.0012852149
FBgn0196638,1,0.0012852149
FBgn0196645,1,0.0012852149
FBgn0196646,1,0.0012852149
FBgn0196647,1,0.0012852149
FBgn0196648,1,0.0012852149
FBgn0196649,1,0.0012852149
FBgn0196664,1,0.0012852149
FBgn0196668,1,0.0012852149
FBgn0196678,1,0.0012852149
FBgn0196688,1,0.0012852149
FBgn0196691,1,0.0012852149
FBgn0196704,1,0.0012852149
FBgn0196716,1,0.0012852149
FBgn0196717,1,0.0012852149
FBgn0196718,1,0.0012852149
FBgn0196719,1,0.0012852149
FBgn0196720,1,0.0012852149
FBgn0196725,1,0.0012852149
FBgn0196730,1,0.0012852149
FBgn0196735,1,0.0012852149
FBgn0196736,1,0.0012852149
FBgn0196740,1,0.0012852149
FBgn0196742,1,0.0012852149
FBgn0196748,1,0.0012852149
FBgn0196757,1,0.0012852149
FBgn0196758,1,0.0012852149
FBgn0196759,1,0.0012852149
FBgn0196763,1,0.0012852149
FBgn0196769,1,0.0012852149
FBgn0196772,1,0.0012852149
FBgn0196774,1,0.0012852149
FBgn0196775,1,0.0012852149
FBgn0196776,1,0.0012852149
FBgn0196791,1,0.0012852149
FBgn0196795,1,0.0012852149
FBgn0196803,1,0.0012852149
FBgn0196815,1,0.0012852149
FBgn0196820,1,0.0012852149
FBgn0196821,1,0.0012852149
FBgn0196823,1,0.0012852149
FBgn0196827,1,0.0012852149
FBgn0196839,1,0.0012852149
FBgn0196842,1,0.0012852149
FBgn0196846,1,0.0012852149
FBgn0196853,1,0.0012852149
FBgn0196855,1,0.0012852149
FBgn0196861,1,0.0012852149
FBgn0196862,1,0.0012852149
FBgn0196864,1,0.0012852149
FBgn0196865,1,0.0012852149
FBgn0196878,1,0.0012852149
FBgn0196895,1,0.0012852149
FBgn0196899,1,0.0012852149
FBgn0196908,1,0.0012852149
FBgn0196919,1,0.0012852149
FBgn0196921,1,0.0012852149
FBgn0196924,1,0.0012852149
FBgn0196931,1,0.0012852149
FBgn0196935,1,0.0012852149
FBgn0196937,1,0.0012852149
FBgn0196938,1,0.0012852149
FBgn0196939,1,0.0012852149
FBgn0196940,1,0.0012852149
FBgn0196945,1,0.0012852149
FBgn0196949,1,0.0012852149
FBgn0196964,1,0.0012852149
FBgn0196969,1,0.0012852149
FBgn0196970,1,0.0012852149
FBgn0196972,1,0.0012852149
FBgn0196977,1,0.0012852149
FBgn0196984,1,0.0012852149
FBgn0196985,1,0.0012852149
FBgn0196987,1,0.0012852149
FBgn0196994,1,0.0012852149
FBgn0197001,1,0.0012852149
FBgn0197012,1,0.0012852149
FBgn0197018,1,0.0012852149
FBgn0197019,1,0.0012852149
FBgn0197028,1,0.0012852149
FBgn0197031,1,0.0012852149
FBgn0197038,1,0.0012852149
FBgn0197046,1,0.0012852149
FBgn0197050,1,0.0012852149
FBgn0197053,1,0.0012852149
FBgn0197056,1,0.0012852149
FBgn0197057,1,0.0012852149
FBgn0197060,1,0.0012852149
FBgn0197072,1,0.0012852149
FBgn0197073,1,0.0012852149
FBgn0197091,1,0.0012852149
FBgn0197093,1,0.0012852149
FBgn0197097,1,0.0012852149
FBgn0197099,1,0.0012852149
FBgn0197104,1,0.0012852149
FBgn0197110,1,0.0012852149
FBgn0197111,1,0.0012852149
FBgn0197112,1,0.0012852149
FBgn0197117,1,0.0012852149
FBgn0197147,1,0.0012852149
FBgn0197150,1,0.0012852149
FBgn0197173,1,0.0012852149
FBgn0197183,1,0.0012852149
FBgn0197194,1,0.0012852149
FBgn0197198,1,0.0012852149
FBgn0197200,1,0.0012852149
FBgn0197203,1,0.0012852149
FBgn0197204,1,0.0012852149
FBgn0197209,1,0.0012852149
FBgn0197219,1,0.0012852149
FBgn0197227,1,0.0012852149
FBgn0197234,1,0.0012852149
FBgn0197262,1,0.0012852149
FBgn0197273,1,0.0012852149
FBgn0197275,1,0.0012852149
FBgn0197283,1,0.0012852149
FBgn0197284,1,0.0012852149
FBgn0197285,1,0.0012852149
FBgn0197286,1,0.0012852149
FBgn0250855,1,0.0012852149
FBgn0255948,1,0.0012852149
FBgn0255958,1,0.0012852149
FBgn0255965,1,0.0012852149
FBgn0255969,1,0.0012852149
FBgn0255973,1,0.0012852149
FBgn0255974,1,0.0012852149
FBgn0255977,1,0.0012852149
FBgn0255983,1,0.0012852149
FBgn0255989,1,0.0012852149
FBgn0255992,1,0.0012852149
FBgn0262090,1,0.0012852149
FBgn0263783,1,0.0012852149
FBgn0263786,1,0.0012852149
FBgn0264007,1,0.0012852149
FBgn0264008,1,0.0012852149
FBgn0264009,1,0.0012852149
FBgn0264014,1,0.0012852149
FBgn0264019,1,0.0012852149
FBgn0264021,1,0.0012852149
FBgn0264022,1,0.0012852149
FBgn0264023,1,0.0012852149
FBgn0264025,1,0.0012852149
FBgn0264030,1,0.0012852149
FBgn0264031,1,0.0012852149
FBgn0264036,1,0.0012852149
FBgn0264040,1,0.0012852149
FBgn0264041,1,0.0012852149
FBgn0264042,1,0.0012852149
FBgn0264045,1,0.0012852149
FBgn0264046,1,0.0012852149
FBgn0264047,1,0.0012852149
FBgn0264051,1,0.0012852149
FBgn0264052,1,0.0012852149
FBgn0264054,1,0.0012852149
FBgn0264056,1,0.0012852149
FBgn0264060,1,0.0012852149
FBgn0264062,1,0.0012852149
FBgn0264069,1,0.0012852149
FBgn0265132,1,0.0012852149
FBgn0268064,1,0.0012852149
FBgn0268066,1,0.0012852149
FBgn0268073,1,0.0012852149
FBgn0268077,1,0.0012852149
FBgn0268078,1,0.0012852149
FBgn0268079,1,0.0012852149
FBgn0268080,1,0.0012852149
FBgn0268083,1,0.0012852149
FBgn0268084,1,0.0012852149
FBgn0268090,1,0.0012852149
FBgn0268094,1,0.0012852149
FBgn0268097,1,0.0012852149
FBgn0268102,1,0.0012852149
FBgn0268104,1,0.0012852149
FBgn0268107,1,0.0012852149
FBgn0268108,1,0.0012852149
FBgn0268112,1,0.0012852149
FBgn0268119,1,0.0012852149
FBgn0268121,1,0.0012852149
FBgn0268122,1,0.0012852149
FBgn0268128,1,0.0012852149
FBgn0268130,1,0.0012852149
FBgn0268131,1,0.0012852149
FBgn0268135,1,0.0012852149
FBgn0268136,1,0.0012852149
FBgn0268139,1,0.0012852149
FBgn0268143,1,0.0012852149
FBgn0268152,1,0.0012852149
FBgn0268153,1,0.0012852149
FBgn0268159,1,0.0012852149
FBgn0268160,1,0.0012852149
FBgn0268162,1,0.0012852149
FBgn0268163,1,0.0012852149
FBgn0268165,1,0.0012852149
FBgn0268169,1,0.0012852149
FBgn0268178,1,0.0012852149
FBgn0268186,1,0.0012852149
FBgn0268189,1,0.0012852149
FBgn0268192,1,0.0012852149
FBgn0268194,1,0.0012852149
FBgn0268196,1,0.0012852149
FBgn0268198,1,0.0012852149
FBgn0268200,1,0.0012852149
FBgn0268205,1,0.0012852149
FBgn0268207,1,0.0012852149
FBgn0268210,1,0.0012852149
FBgn0268212,1,0.0012852149
FBgn0268213,1,0.0012852149
FBgn0268214,1,0.0012852149
FBgn0268215,1,0.0012852149
FBgn0268218,1,0.0012852149
FBgn0268220,1,0.0012852149
FBgn0268226,1,0.0012852149
FBgn0268230,1,0.0012852149
FBgn0268236,1,0.0012852149
FBgn0268240,1,0.0012852149
FBgn0268241,1,0.0012852149
FBgn0268244,1,0.0012852149
FBgn0268245,1,0.0012852149
FBgn0268249,1,0.0012852149
FBgn0268252,1,0.0012852149
FBgn0268255,1,0.0012852149
FBgn0268256,1,0.0012852149
FBgn0268257,1,0.0012852149
FBgn0268260,1,0.0012852149
FBgn0268262,1,0.0012852149
FBgn0268264,1,0.0012852149
FBgn0268267,1,0.0012852149
FBgn0268270,1,0.0012852149
FBgn0268272,1,0.0012852149
FBgn0268274,1,0.0012852149
FBgn0268279,1,0.0012852149
FBgn0268285,1,0.0012852149
FBgn0268287,1,0.0012852149
FBgn0268290,1,0.0012852149
FBgn0268291,1,0.0012852149
FBgn0268292,1,0.0012852149
FBgn0268297,1,0.0012852149
FBgn0268299,1,0.0012852149
FBgn0268300,1,0.0012852149
FBgn0268301,1,0.0012852149
FBgn0268309,1,0.0012852149
FBgn0268310,1,0.0012852149
FBgn0268313,1,0.0012852149
FBgn0268314,1,0.0012852149
FBgn0268317,1,0.0012852149
FBgn0268319,1,0.0012852149
FBgn0268322,1,0.0012852149
FBgn0268323,1,0.0012852149
FBgn0268325,1,0.0012852149
FBgn0268328,1,0.0012852149
FBgn0268329,1,0.0012852149
FBgn0268334,1,0.0012852149
FBgn0268348,1,0.0012852149
FBgn0268349,1,0.0012852149
FBgn0268355,1,0.0012852149
FBgn0268357,1,0.0012852149
FBgn0268360,1,0.0012852149
FBgn0268361,1,0.0012852149
FBgn0268362,1,0.0012852149
FBgn0268363,1,0.0012852149
FBgn0268364,1,0.0012852149
FBgn0268366,1,0.0012852149
FBgn0268367,1,0.0012852149
FBgn0268370,1,0.0012852149
FBgn0268371,1,0.0012852149
FBgn0268378,1,0.0012852149
FBgn0268380,1,0.0012852149
FBgn0268381,1,0.0012852149
FBgn0268383,1,0.0012852149
FBgn0268384,1,0.0012852149
FBgn0268385,1,0.0012852149
FBgn0268387,1,0.0012852149
FBgn0268389,1,0.0012852149
FBgn0268393,1,0.0012852149
FBgn0268397,1,0.0012852149
FBgn0268405,1,0.0012852149
FBgn0268406,1,0.0012852149
FBgn0268410,1,0.0012852149
FBgn0268411,1,0.0012852149
FBgn0268412,1,0.0012852149
FBgn0268413,1,0.0012852149
FBgn0268414,1,0.0012852149
FBgn0268420,1,0.0012852149
FBgn0268423,1,0.0012852149
FBgn0268425,1,0.0012852149
FBgn0268434,1,0.0012852149
FBgn0268435,1,0.0012852149
FBgn0268437,1,0.0012852149
FBgn0268438,1,0.0012852149
FBgn0268442,1,0.0012852149
FBgn0268444,1,0.0012852149
FBgn0268445,1,0.0012852149
FBgn0268448,1,0.0012852149
FBgn0268452,1,0.0012852149
FBgn0268453,1,0.0012852149
FBgn0268462,1,0.0012852149
FBgn0268465,1,0.0012852149
FBgn0268467,1,0.0012852149
FBgn0268470,1,0.0012852149
FBgn0268471,1,0.0012852149
FBgn0268476,1,0.0012852149
FBgn0268478,1,0.0012852149
FBgn0268482,1,0.0012852149
FBgn0268483,1,0.0012852149
FBgn0268489,1,0.0012852149
FBgn0268492,1,0.0012852149
FBgn0268494,1,0.0012852149
FBgn0268505,1,0.0012852149
FBgn0268508,1,0.0012852149
FBgn0268510,1,0.0012852149
FBgn0268514,1,0.0012852149
FBgn0268515,1,0.0012852149
FBgn0268517,1,0.0012852149
FBgn0268520,1,0.0012852149
FBgn0268522,1,0.0012852149
FBgn0268524,1,0.0012852149
FBgn0268526,1,0.0012852149
FBgn0268528,1,0.0012852149
FBgn0268535,1,0.0012852149
FBgn0268536,1,0.0012852149
FBgn0268537,1,0.0012852149
FBgn0268544,1,0.0012852149
FBgn0268546,1,0.0012852149
FBgn0268548,1,0.0012852149
FBgn0268551,1,0.0012852149
FBgn0268552,1,0.0012852149
FBgn0268555,1,0.0012852149
FBgn0268557,1,0.0012852149
FBgn0268562,1,0.0012852149
FBgn0268564,1,0.0012852149
FBgn0268567,1,0.0012852149
FBgn0268575,1,0.0012852149
FBgn0268577,1,0.0012852149
FBgn0268578,1,0.0012852149
FBgn0268581,1,0.0012852149
FBgn0268582,1,0.0012852149
FBgn0268584,1,0.0012852149
FBgn0268586,1,0.0012852149
FBgn0268590,1,0.0012852149
FBgn0268592,1,0.0012852149
FBgn0268595,1,0.0012852149
FBgn0268596,1,0.0012852149
FBgn0268601,1,0.0012852149
FBgn0268608,1,0.0012852149
FBgn0268612,1,0.0012852149
FBgn0268617,1,0.0012852149
FBgn0268621,1,0.0012852149
FBgn0268623,1,0.0012852149
FBgn0268624,1,0.0012852149
FBgn0268625,1,0.0012852149
FBgn0268628,1,0.0012852149
FBgn0268631,1,0.0012852149
FBgn0268633,1,0.0012852149
FBgn0268635,1,0.0012852149
FBgn0268636,1,0.0012852149
FBgn0268637,1,0.0012852149
FBgn0268638,1,0.0012852149
FBgn0268642,1,0.0012852149
FBgn0268644,1,0.0012852149
FBgn0268645,1,0.0012852149
FBgn0268646,1,0.0012852149
FBgn0268650,1,0.0012852149
FBgn0268651,1,0.0012852149
FBgn0268653,1,0.0012852149
FBgn0268655,1,0.0012852149
FBgn0268656,1,0.0012852149
FBgn0268657,1,0.0012852149
FBgn0268660,1,0.0012852149
FBgn0268662,1,0.0012852149
FBgn0268664,1,0.0012852149
FBgn0268665,1,0.0012852149
FBgn0268672,1,0.0012852149
FBgn0268675,1,0.0012852149
FBgn0268676,1,0.0012852149
FBgn0268679,1,0.0012852149
FBgn0268683,1,0.0012852149
FBgn0268687,1,0.0012852149
FBgn0268689,1,0.0012852149
FBgn0268692,1,0.0012852149
FBgn0268693,1,0.0012852149
FBgn0268697,1,0.0012852149
FBgn0268698,1,0.0012852149
FBgn0268699,1,0.0012852149
FBgn0268701,1,0.0012852149
FBgn0268703,1,0.0012852149
FBgn0268706,1,0.0012852149
FBgn0268708,1,0.0012852149
FBgn0268710,1,0.0012852149
FBgn0268712,1,0.0012852149
FBgn0268716,1,0.0012852149
FBgn0268720,1,0.0012852149
FBgn0268721,1,0.0012852149
FBgn0268722,1,0.0012852149
FBgn0268723,1,0.0012852149
FBgn0268729,1,0.0012852149
FBgn0268732,1,0.0012852149
FBgn0268735,1,0.0012852149
FBgn0268742,1,0.0012852149
FBgn0268744,1,0.0012852149
FBgn0268747,1,0.0012852149
FBgn0268750,1,0.0012852149
FBgn0268752,1,0.0012852149
FBgn0268753,1,0.0012852149
FBgn0268754,1,0.0012852149
FBgn0268755,1,0.0012852149
FBgn0268758,1,0.0012852149
FBgn0268760,1,0.0012852149
FBgn0268764,1,0.0012852149
FBgn0268765,1,0.0012852149
FBgn0268769,1,0.0012852149
FBgn0268771,1,0.0012852149
FBgn0268777,1,0.0012852149
FBgn0268784,1,0.0012852149
FBgn0268787,1,0.0012852149
FBgn0268794,1,0.0012852149
FBgn0268799,1,0.0012852149
FBgn0268800,1,0.0012852149
FBgn0268802,1,0.0012852149
FBgn0268805,1,0.0012852149
FBgn0268806,1,0.0012852149
FBgn0268808,1,0.0012852149
FBgn0268809,1,0.0012852149
FBgn0268812,1,0.0012852149
FBgn0268817,1,0.0012852149
FBgn0268818,1,0.0012852149
FBgn0268824,1,0.0012852149
FBgn0268825,1,0.0012852149
FBgn0268827,1,0.0012852149
FBgn0268828,1,0.0012852149
FBgn0268833,1,0.0012852149
FBgn0268834,1,0.0012852149
FBgn0268835,1,0.0012852149
FBgn0268839,1,0.0012852149
FBgn0268842,1,0.0012852149
FBgn0268843,1,0.0012852149
FBgn0268846,1,0.0012852149
FBgn0268849,1,0.0012852149
FBgn0268851,1,0.0012852149
FBgn0268852,1,0.0012852149
FBgn0268858,1,0.0012852149
FBgn0268861,1,0.0012852149
FBgn0268863,1,0.0012852149
FBgn0268865,1,0.0012852149
FBgn0268866,1,0.0012852149
FBgn0268867,1,0.0012852149
FBgn0268869,1,0.0012852149
FBgn0268872,1,0.0012852149
FBgn0268873,1,0.0012852149
FBgn0268880,1,0.0012852149
FBgn0268881,1,0.0012852149
FBgn0268882,1,0.0012852149
FBgn0268884,1,0.0012852149
FBgn0268885,1,0.0012852149
FBgn0268886,1,0.0012852149
FBgn0268890,1,0.0012852149
FBgn0268892,1,0.0012852149
FBgn0268894,1,0.0012852149
FBgn0268899,1,0.0012852149
FBgn0268906,1,0.0012852149
FBgn0268909,1,0.0012852149
FBgn0268910,1,0.0012852149
FBgn0268913,1,0.0012852149
FBgn0268917,1,0.0012852149
FBgn0268918,1,0.0012852149
FBgn0268921,1,0.0012852149
FBgn0268926,1,0.0012852149
FBgn0268927,1,0.0012852149
FBgn0268928,1,0.0012852149
FBgn0268929,1,0.0012852149
FBgn0268930,1,0.0012852149
FBgn0268933,1,0.0012852149
FBgn0268940,1,0.0012852149
FBgn0268941,1,0.0012852149
FBgn0268942,1,0.0012852149
FBgn0268943,1,0.0012852149
FBgn0268952,1,0.0012852149
FBgn0268957,1,0.0012852149
FBgn0268959,1,0.0012852149
FBgn0268966,1,0.0012852149
FBgn0268968,1,0.0012852149
FBgn0268970,1,0.0012852149
FBgn0268971,1,0.0012852149
FBgn0268974,1,0.0012852149
FBgn0268978,1,0.0012852149
FBgn0268982,1,0.0012852149
FBgn0268984,1,0.0012852149
FBgn0268985,1,0.0012852149
FBgn0268987,1,0.0012852149
FBgn0268988,1,0.0012852149
FBgn0268990,1,0.0012852149
FBgn0268991,1,0.0012852149
FBgn0268993,1,0.0012852149
FBgn0268996,1,0.0012852149
FBgn0269004,1,0.0012852149
FBgn0269009,1,0.0012852149
FBgn0269010,1,0.0012852149
FBgn0269011,1,0.0012852149
FBgn0269012,1,0.0012852149
FBgn0269017,1,0.0012852149
FBgn0269018,1,0.0012852149
FBgn0269022,1,0.0012852149
FBgn0269028,1,0.0012852149
FBgn0269030,1,0.0012852149
FBgn0269031,1,0.0012852149
FBgn0269033,1,0.0012852149
FBgn0269034,1,0.0012852149
FBgn0269035,1,0.0012852149
FBgn0269037,1,0.0012852149
FBgn0269039,1,0.0012852149
FBgn0269040,1,0.0012852149
FBgn0269044,1,0.0012852149
FBgn0269045,1,0.0012852149
FBgn0269046,1,0.0012852149
FBgn0269047,1,0.0012852149
FBgn0269050,1,0.0012852149
FBgn0269053,1,0.0012852149
FBgn0269055,1,0.0012852149
FBgn0269059,1,0.0012852149
FBgn0269061,1,0.0012852149
FBgn0269062,1,0.0012852149
FBgn0269065,1,0.0012852149
FBgn0269071,1,0.0012852149
FBgn0269080,1,0.0012852149
FBgn0269086,1,0.0012852149
FBgn0269087,1,0.0012852149
FBgn0269095,1,0.0012852149
FBgn0269100,1,0.0012852149
FBgn0269102,1,0.0012852149
FBgn0269106,1,0.0012852149
FBgn0269107,1,0.0012852149
FBgn0269108,1,0.0012852149
FBgn0269114,1,0.0012852149
FBgn0269119,1,0.0012852149
FBgn0269124,1,0.0012852149
FBgn0269130,1,0.0012852149
FBgn0269132,1,0.0012852149
FBgn0269135,1,0.0012852149
FBgn0269136,1,0.0012852149
FBgn0269138,1,0.0012852149
FBgn0269139,1,0.0012852149
FBgn0269141,1,0.0012852149
FBgn0269145,1,0.0012852149
FBgn0269147,1,0.0012852149
FBgn0269149,1,0.0012852149
FBgn0269150,1,0.0012852149
FBgn0269161,1,0.0012852149
FBgn0269167,1,0.0012852149
FBgn0269168,1,0.0012852149
FBgn0269169,1,0.0012852149
FBgn0269173,1,0.0012852149
FBgn0269175,1,0.0012852149
FBgn0269176,1,0.0012852149
FBgn0269183,1,0.0012852149
FBgn0269188,1,0.0012852149
FBgn0269191,1,0.0012852149
FBgn0269192,1,0.0012852149
FBgn0269201,1,0.0012852149
FBgn0269203,1,0.0012852149
FBgn0269211,1,0.0012852149
FBgn0269216,1,0.0012852149
FBgn0269217,1,0.0012852149
FBgn0269221,1,0.0012852149
FBgn0269222,1,0.0012852149
FBgn0269227,1,0.0012852149
FBgn0269228,1,0.0012852149
FBgn0269234,1,0.0012852149
FBgn0269235,1,0.0012852149
FBgn0269237,1,0.0012852149
FBgn0269238,1,0.0012852149
FBgn0269239,1,0.0012852149
FBgn0269244,1,0.0012852149
FBgn0269245,1,0.0012852149
FBgn0269248,1,0.0012852149
FBgn0269250,1,0.0012852149
FBgn0269251,1,0.0012852149
FBgn0269252,1,0.0012852149
FBgn0269254,1,0.0012852149
FBgn0269255,1,0.0012852149
FBgn0269257,1,0.0012852149
FBgn0269262,1,0.0012852149
FBgn0269263,1,0.0012852149
FBgn0269266,1,0.0012852149
FBgn0269269,1,0.0012852149
FBgn0269272,1,0.0012852149
FBgn0269279,1,0.0012852149
FBgn0269281,1,0.0012852149
FBgn0269282,1,0.0012852149
FBgn0269283,1,0.0012852149
FBgn0269285,1,0.0012852149
FBgn0269289,1,0.0012852149
FBgn0269294,1,0.0012852149
FBgn0269305,1,0.0012852149
FBgn0269306,1,0.0012852149
FBgn0269307,1,0.0012852149
FBgn0269311,1,0.0012852149
FBgn0269312,1,0.0012852149
FBgn0269314,1,0.0012852149
FBgn0269315,1,0.0012852149
FBgn0269320,1,0.0012852149
FBgn0269321,1,0.0012852149
FBgn0269326,1,0.0012852149
FBgn0269327,1,0.0012852149
FBgn0269328,1,0.0012852149
FBgn0269330,1,0.0012852149
FBgn0269336,1,0.0012852149
FBgn0269337,1,0.0012852149
FBgn0269339,1,0.0012852149
FBgn0269343,1,0.0012852149
FBgn0269344,1,0.0012852149
FBgn0269345,1,0.0012852149
FBgn0269347,1,0.0012852149
FBgn0269349,1,0.0012852149
FBgn0269352,1,0.0012852149
FBgn0269355,1,0.0012852149
FBgn0269357,1,0.0012852149
FBgn0269358,1,0.0012852149
FBgn0269359,1,0.0012852149
FBgn0269363,1,0.0012852149
FBgn0269371,1,0.0012852149
FBgn0269376,1,0.0012852149
FBgn0269378,1,0.0012852149
FBgn0269380,1,0.0012852149
FBgn0269381,1,0.0012852149
FBgn0269382,1,0.0012852149
FBgn0269386,1,0.0012852149
FBgn0269389,1,0.0012852149
FBgn0269390,1,0.0012852149
FBgn0269393,1,0.0012852149
FBgn0269401,1,0.0012852149
FBgn0269402,1,0.0012852149
FBgn0269407,1,0.0012852149
FBgn0269408,1,0.0012852149
FBgn0269411,1,0.0012852149
FBgn0269412,1,0.0012852149
FBgn0269416,1,0.0012852149
FBgn0269417,1,0.0012852149
FBgn0269419,1,0.0012852149
FBgn0269423,1,0.0012852149
FBgn0269424,1,0.0012852149
FBgn0269428,1,0.0012852149
FBgn0269429,1,0.0012852149
FBgn0269431,1,0.0012852149
FBgn0269432,1,0.0012852149
FBgn0269435,1,0.0012852149
FBgn0269436,1,0.0012852149
FBgn0269437,1,0.0012852149
FBgn0269438,1,0.0012852149
FBgn0269439,1,0.0012852149
FBgn0269441,1,0.0012852149
FBgn0269442,1,0.0012852149
FBgn0269445,1,0.0012852149
FBgn0269449,1,0.0012852149
FBgn0269455,1,0.0012852149
FBgn0269456,1,0.0012852149
FBgn0269461,1,0.0012852149
FBgn0269463,1,0.0012852149
FBgn0269465,1,0.0012852149
FBgn0269467,1,0.0012852149
FBgn0269469,1,0.0012852149
FBgn0269471,1,0.0012852149
FBgn0269475,1,0.0012852149
FBgn0269478,1,0.0012852149
FBgn0269479,1,0.0012852149
FBgn0269480,1,0.0012852149
FBgn0269483,1,0.0012852149
FBgn0269490,1,0.0012852149
FBgn0269495,1,0.0012852149
FBgn0269499,1,0.0012852149
FBgn0269500,1,0.0012852149
FBgn0269506,1,0.0012852149
FBgn0269509,1,0.0012852149
FBgn0269510,1,0.0012852149
FBgn0269513,1,0.0012852149
FBgn0269517,1,0.0012852149
FBgn0269527,1,0.0012852149
FBgn0269531,1,0.0012852149
FBgn0269536,1,0.0012852149
FBgn0269539,1,0.0012852149
FBgn0269540,1,0.0012852149
FBgn0269543,1,0.0012852149
FBgn0269546,1,0.0012852149
FBgn0269549,1,0.0012852149
FBgn0269551,1,0.0012852149
FBgn0269553,1,0.0012852149
FBgn0269554,1,0.0012852149
FBgn0269557,1,0.0012852149
FBgn0269558,1,0.0012852149
FBgn0269561,1,0.0012852149
FBgn0269564,1,0.0012852149
FBgn0269565,1,0.0012852149
FBgn0269566,1,0.0012852149
FBgn0269567,1,0.0012852149
FBgn0269576,1,0.0012852149
FBgn0269579,1,0.0012852149
FBgn0269580,1,0.0012852149
FBgn0269583,1,0.0012852149
FBgn0269584,1,0.0012852149
FBgn0269585,1,0.0012852149
FBgn0269586,1,0.0012852149
FBgn0269587,1,0.0012852149
FBgn0269589,1,0.0012852149
FBgn0269593,1,0.0012852149
FBgn0269594,1,0.0012852149
FBgn0269595,1,0.0012852149
FBgn0269597,1,0.0012852149
FBgn0269602,1,0.0012852149
FBgn0269603,1,0.0012852149
FBgn0269613,1,0.0012852149
FBgn0269618,1,0.0012852149
FBgn0269619,1,0.0012852149
FBgn0269622,1,0.0012852149
FBgn0269623,1,0.0012852149
FBgn0269626,1,0.0012852149
FBgn0269628,1,0.0012852149
FBgn0269632,1,0.0012852149
FBgn0269641,1,0.0012852149
FBgn0269645,1,0.0012852149
FBgn0269646,1,0.0012852149
FBgn0269650,1,0.0012852149
FBgn0269651,1,0.0012852149
FBgn0269656,1,0.0012852149
FBgn0269661,1,0.0012852149
FBgn0269666,1,0.0012852149
FBgn0269667,1,0.0012852149
FBgn0269669,1,0.0012852149
FBgn0269671,1,0.0012852149
FBgn0269677,1,0.0012852149
FBgn0269679,1,0.0012852149
FBgn0269682,1,0.0012852149
FBgn0269684,1,0.0012852149
FBgn0269686,1,0.0012852149
FBgn0269687,1,0.0012852149
FBgn0269689,1,0.0012852149
FBgn0269692,1,0.0012852149
FBgn0269698,1,0.0012852149
FBgn0269700,1,0.0012852149
FBgn0269701,1,0.0012852149
FBgn0269703,1,0.0012852149
FBgn0269704,1,0.0012852149
FBgn0269706,1,0.0012852149
FBgn0269711,1,0.0012852149
FBgn0269712,1,0.0012852149
FBgn0269713,1,0.0012852149
FBgn0269714,1,0.0012852149
FBgn0269725,1,0.0012852149
FBgn0269727,1,0.0012852149
FBgn0269731,1,0.0012852149
FBgn0269732,1,0.0012852149
FBgn0269733,1,0.0012852149
FBgn0269735,1,0.0012852149
FBgn0269737,1,0.0012852149
FBgn0269742,1,0.0012852149
FBgn0269744,1,0.0012852149
FBgn0269745,1,0.0012852149
FBgn0269746,1,0.0012852149
FBgn0269748,1,0.0012852149
FBgn0269750,1,0.0012852149
FBgn0269753,1,0.0012852149
FBgn0269763,1,0.0012852149
FBgn0269764,1,0.0012852149
FBgn0269767,1,0.0012852149
FBgn0269768,1,0.0012852149
FBgn0269771,1,0.0012852149
FBgn0269772,1,0.0012852149
FBgn0269773,1,0.0012852149
FBgn0269774,1,0.0012852149
FBgn0269776,1,0.0012852149
FBgn0269779,1,0.0012852149
FBgn0269780,1,0.0012852149
FBgn0269785,1,0.0012852149
FBgn0269791,1,0.0012852149
FBgn0269796,1,0.0012852149
FBgn0269797,1,0.0012852149
FBgn0269799,1,0.0012852149
FBgn0269801,1,0.0012852149
FBgn0269803,1,0.0012852149
FBgn0269804,1,0.0012852149
FBgn0269805,1,0.0012852149
FBgn0269806,1,0.0012852149
FBgn0269808,1,0.0012852149
FBgn0269809,1,0.0012852149
FBgn0269812,1,0.0012852149
FBgn0269813,1,0.0012852149
FBgn0269814,1,0.0012852149
FBgn0269815,1,0.0012852149
FBgn0269816,1,0.0012852149
FBgn0269817,1,0.0012852149
FBgn0269825,1,0.0012852149
FBgn0269826,1,0.0012852149
FBgn0269831,1,0.0012852149
FBgn0269832,1,0.0012852149
FBgn0269833,1,0.0012852149
FBgn0269835,1,0.0012852149
FBgn0269839,1,0.0012852149
FBgn0269840,1,0.0012852149
FBgn0269849,1,0.0012852149
FBgn0269850,1,0.0012852149
FBgn0269852,1,0.0012852149
FBgn0269853,1,0.0012852149
FBgn0269854,1,0.0012852149
FBgn0269858,1,0.0012852149
FBgn0269862,1,0.0012852149
FBgn0269863,1,0.0012852149
FBgn0269864,1,0.0012852149
FBgn0269867,1,0.0012852149
FBgn0269868,1,0.0012852149
FBgn0269870,1,0.0012852149
FBgn0269871,1,0.0012852149
FBgn0269874,1,0.0012852149
FBgn0269875,1,0.0012852149
FBgn0269877,1,0.0012852149
FBgn0269881,1,0.0012852149
FBgn0269884,1,0.0012852149
FBgn0269886,1,0.0012852149
FBgn0269887,1,0.0012852149
FBgn0269888,1,0.0012852149
FBgn0269890,1,0.0012852149
FBgn0269891,1,0.0012852149
FBgn0269895,1,0.0012852149
FBgn0269898,1,0.0012852149
FBgn0269901,1,0.0012852149
FBgn0269903,1,0.0012852149
FBgn0269910,1,0.0012852149
FBgn0269911,1,0.0012852149
FBgn0269915,1,0.0012852149
FBgn0269920,1,0.0012852149
FBgn0269923,1,0.0012852149
FBgn0269924,1,0.0012852149
FBgn0269926,1,0.0012852149
FBgn0269928,1,0.0012852149
FBgn0269929,1,0.0012852149
FBgn0269938,1,0.0012852149
FBgn0269942,1,0.0012852149
FBgn0269943,1,0.0012852149
FBgn0269944,1,0.0012852149
FBgn0269947,1,0.0012852149
FBgn0269949,1,0.0012852149
FBgn0269953,1,0.0012852149
FBgn0269955,1,0.0012852149
FBgn0269959,1,0.0012852149
FBgn0269966,1,0.0012852149
FBgn0269967,1,0.0012852149
FBgn0269971,1,0.0012852149
FBgn0269972,1,0.0012852149
FBgn0269977,1,0.0012852149
FBgn0269980,1,0.0012852149
FBgn0269985,1,0.0012852149
FBgn0269988,1,0.0012852149
FBgn0269990,1,0.0012852149
FBgn0269992,1,0.0012852149
FBgn0269996,1,0.0012852149
FBgn0269997,1,0.0012852149
FBgn0269998,1,0.0012852149
FBgn0270003,1,0.0012852149
FBgn0270006,1,0.0012852149
FBgn0270008,1,0.0012852149
FBgn0270011,1,0.0012852149
FBgn0270012,1,0.0012852149
FBgn0270013,1,0.0012852149
FBgn0270015,1,0.0012852149
FBgn0270021,1,0.0012852149
FBgn0270024,1,0.0012852149
FBgn0270028,1,0.0012852149
FBgn0270029,1,0.0012852149
FBgn0270030,1,0.0012852149
FBgn0270031,1,0.0012852149
FBgn0270035,1,0.0012852149
FBgn0270039,1,0.0012852149
FBgn0270042,1,0.0012852149
FBgn0270043,1,0.0012852149
FBgn0270045,1,0.0012852149
FBgn0270047,1,0.0012852149
FBgn0270051,1,0.0012852149
FBgn0270053,1,0.0012852149
FBgn0270056,1,0.0012852149
FBgn0270057,1,0.0012852149
FBgn0270061,1,0.0012852149
FBgn0270067,1,0.0012852149
FBgn0270070,1,0.0012852149
FBgn0270071,1,0.0012852149
FBgn0270072,1,0.0012852149
FBgn0270074,1,0.0012852149
FBgn0270077,1,0.0012852149
FBgn0270078,1,0.0012852149
FBgn0270079,1,0.0012852149
FBgn0270080,1,0.0012852149
FBgn0270081,1,0.0012852149
FBgn0270083,1,0.0012852149
FBgn0270084,1,0.0012852149
FBgn0270086,1,0.0012852149
FBgn0270093,1,0.0012852149
FBgn0270096,1,0.0012852149
FBgn0270097,1,0.0012852149
FBgn0270109,1,0.0012852149
FBgn0270112,1,0.0012852149
FBgn0270115,1,0.0012852149
FBgn0270119,1,0.0012852149
FBgn0270124,1,0.0012852149
FBgn0270125,1,0.0012852149
FBgn0270127,1,0.0012852149
FBgn0270129,1,0.0012852149
FBgn0270132,1,0.0012852149
FBgn0270133,1,0.0012852149
FBgn0270137,1,0.0012852149
FBgn0270138,1,0.0012852149
FBgn0270143,1,0.0012852149
FBgn0270144,1,0.0012852149
FBgn0270147,1,0.0012852149
FBgn0270149,1,0.0012852149
FBgn0270154,1,0.0012852149
FBgn0270157,1,0.0012852149
FBgn0270160,1,0.0012852149
FBgn0270162,1,0.0012852149
FBgn0270167,1,0.0012852149
FBgn0270169,1,0.0012852149
FBgn0270171,1,0.0012852149
FBgn0270173,1,0.0012852149
FBgn0270175,1,0.0012852149
FBgn0270177,1,0.0012852149
FBgn0270180,1,0.0012852149
FBgn0270181,1,0.0012852149
FBgn0270183,1,0.0012852149
FBgn0270186,1,0.0012852149
FBgn0270198,1,0.0012852149
FBgn0270203,1,0.0012852149
FBgn0270205,1,0.0012852149
FBgn0270210,1,0.0012852149
FBgn0270212,1,0.0012852149
FBgn0270216,1,0.0012852149
FBgn0270219,1,0.0012852149
FBgn0270222,1,0.0012852149
FBgn0270226,1,0.0012852149
FBgn0270231,1,0.0012852149
FBgn0270232,1,0.0012852149
FBgn0270233,1,0.0012852149
FBgn0270235,1,0.0012852149
FBgn0270236,1,0.0012852149
FBgn0270237,1,0.0012852149
FBgn0270238,1,0.0012852149
FBgn0270240,1,0.0012852149
FBgn0270243,1,0.0012852149
FBgn0270247,1,0.0012852149
FBgn0270248,1,0.0012852149
FBgn0270250,1,0.0012852149
FBgn0270252,1,0.0012852149
FBgn0270255,1,0.0012852149
FBgn0270257,1,0.0012852149
FBgn0270268,1,0.0012852149
FBgn0270279,1,0.0012852149
FBgn0270280,1,0.0012852149
FBgn0270284,1,0.0012852149
FBgn0270290,1,0.0012852149
FBgn0270292,1,0.0012852149
FBgn0270294,1,0.0012852149
FBgn0270296,1,0.0012852149
FBgn0270297,1,0.0012852149
FBgn0270298,1,0.0012852149
FBgn0270299,1,0.0012852149
FBgn0270301,1,0.0012852149
FBgn0270304,1,0.0012852149
FBgn0270305,1,0.0012852149
FBgn0270318,1,0.0012852149
FBgn0270320,1,0.0012852149
FBgn0270323,1,0.0012852149
FBgn0270324,1,0.0012852149
FBgn0270326,1,0.0012852149
FBgn0270329,1,0.0012852149
FBgn0270330,1,0.0012852149
FBgn0270331,1,0.0012852149
FBgn0270336,1,0.0012852149
FBgn0270337,1,0.0012852149
FBgn0270339,1,0.0012852149
FBgn0270340,1,0.0012852149
FBgn0270345,1,0.0012852149
FBgn0270346,1,0.0012852149
FBgn0270352,1,0.0012852149
FBgn0270353,1,0.0012852149
FBgn0270354,1,0.0012852149
FBgn0270358,1,0.0012852149
FBgn0270359,1,0.0012852149
FBgn0270360,1,0.0012852149
FBgn0270363,1,0.0012852149
FBgn0270364,1,0.0012852149
FBgn0270366,1,0.0012852149
FBgn0270371,1,0.0012852149
FBgn0270372,1,0.0012852149
FBgn0270373,1,0.0012852149
FBgn0270379,1,0.0012852149
FBgn0270381,1,0.0012852149
FBgn0270383,1,0.0012852149
FBgn0270384,1,0.0012852149
FBgn0270388,1,0.0012852149
FBgn0270398,1,0.0012852149
FBgn0270404,1,0.0012852149
FBgn0270405,1,0.0012852149
FBgn0270408,1,0.0012852149
FBgn0270409,1,0.0012852149
FBgn0270410,1,0.0012852149
FBgn0270411,1,0.0012852149
FBgn0270413,1,0.0012852149
FBgn0270415,1,0.0012852149
FBgn0270419,1,0.0012852149
FBgn0270421,1,0.0012852149
FBgn0270423,1,0.0012852149
FBgn0270427,1,0.0012852149
FBgn0270429,1,0.0012852149
FBgn0270432,1,0.0012852149
FBgn0270435,1,0.0012852149
FBgn0270438,1,0.0012852149
FBgn0270446,1,0.0012852149
FBgn0270450,1,0.0012852149
FBgn0270453,1,0.0012852149
FBgn0270456,1,0.0012852149
FBgn0270459,1,0.0012852149
FBgn0270465,1,0.0012852149
FBgn0270470,1,0.0012852149
FBgn0270475,1,0.0012852149
FBgn0270477,1,0.0012852149
FBgn0270479,1,0.0012852149
FBgn0270480,1,0.0012852149
FBgn0270482,1,0.0012852149
FBgn0270483,1,0.0012852149
FBgn0270488,1,0.0012852149
FBgn0270489,1,0.0012852149
FBgn0270492,1,0.0012852149
FBgn0270494,1,0.0012852149
FBgn0270495,1,0.0012852149
FBgn0270497,1,0.0012852149
FBgn0270498,1,0.0012852149
FBgn0270499,1,0.0012852149
FBgn0270500,1,0.0012852149
FBgn0270505,1,0.0012852149
FBgn0270509,1,0.0012852149
FBgn0270511,1,0.0012852149
FBgn0270512,1,0.0012852149
FBgn0270513,1,0.0012852149
FBgn0270514,1,0.0012852149
FBgn0270515,1,0.0012852149
FBgn0270516,1,0.0012852149
FBgn0270518,1,0.0012852149
FBgn0270519,1,0.0012852149
FBgn0270522,1,0.0012852149
FBgn0270524,1,0.0012852149
FBgn0270526,1,0.0012852149
FBgn0270530,1,0.0012852149
FBgn0270532,1,0.0012852149
FBgn0270539,1,0.0012852149
FBgn0270541,1,0.0012852149
FBgn0270542,1,0.0012852149
FBgn0270543,1,0.0012852149
FBgn0270546,1,0.0012852149
FBgn0270552,1,0.0012852149
FBgn0270554,1,0.0012852149
FBgn0270558,1,0.0012852149
FBgn0270559,1,0.0012852149
FBgn0270560,1,0.0012852149
FBgn0270563,1,0.0012852149
FBgn0270565,1,0.0012852149
FBgn0270571,1,0.0012852149
FBgn0270572,1,0.0012852149
FBgn0270573,1,0.0012852149
FBgn0270576,1,0.0012852149
FBgn0270578,1,0.0012852149
FBgn0270580,1,0.0012852149
FBgn0270582,1,0.0012852149
FBgn0270587,1,0.0012852149
FBgn0270588,1,0.0012852149
FBgn0270591,1,0.0012852149
FBgn0270594,1,0.0012852149
FBgn0270595,1,0.0012852149
FBgn0270597,1,0.0012852149
FBgn0270599,1,0.0012852149
FBgn0270601,1,0.0012852149
FBgn0270603,1,0.0012852149
FBgn0270606,1,0.0012852149
FBgn0270608,1,0.0012852149
FBgn0270609,1,0.0012852149
FBgn0270610,1,0.0012852149
FBgn0270612,1,0.0012852149
FBgn0270615,1,0.0012852149
FBgn0270616,1,0.0012852149
FBgn0270617,1,0.0012852149
FBgn0270618,1,0.0012852149
FBgn0270621,1,0.0012852149
FBgn0270629,1,0.0012852149
FBgn0270631,1,0.0012852149
FBgn0270634,1,0.0012852149
FBgn0270635,1,0.0012852149
FBgn0270636,1,0.0012852149
FBgn0270638,1,0.0012852149
FBgn0270639,1,0.0012852149
FBgn0270646,1,0.0012852149
FBgn0270650,1,0.0012852149
FBgn0270651,1,0.0012852149
FBgn0270653,1,0.0012852149
FBgn0270656,1,0.0012852149
FBgn0270660,1,0.0012852149
FBgn0270661,1,0.0012852149
FBgn0270664,1,0.0012852149
FBgn0270665,1,0.0012852149
FBgn0270671,1,0.0012852149
FBgn0270673,1,0.0012852149
FBgn0270674,1,0.0012852149
FBgn0270679,1,0.0012852149
FBgn0270682,1,0.0012852149
FBgn0270687,1,0.0012852149
FBgn0270688,1,0.0012852149
FBgn0270689,1,0.0012852149
FBgn0270695,1,0.0012852149
FBgn0270706,1,0.0012852149
FBgn0270714,1,0.0012852149
FBgn0270715,1,0.0012852149
FBgn0270716,1,0.0012852149
FBgn0270727,1,0.0012852149
FBgn0270734,1,0.0012852149
FBgn0270735,1,0.0012852149
FBgn0270740,1,0.0012852149
FBgn0270741,1,0.0012852149
FBgn0270746,1,0.0012852149
FBgn0270747,1,0.0012852149
FBgn0270748,1,0.0012852149
FBgn0270750,1,0.0012852149
FBgn0270755,1,0.0012852149
FBgn0270757,1,0.0012852149
FBgn0270759,1,0.0012852149
FBgn0270760,1,0.0012852149
FBgn0270764,1,0.0012852149
FBgn0270767,1,0.0012852149
FBgn0270779,1,0.0012852149
FBgn0270780,1,0.0012852149
FBgn0270783,1,0.0012852149
FBgn0270787,1,0.0012852149
FBgn0270788,1,0.0012852149
FBgn0270789,1,0.0012852149
FBgn0270790,1,0.0012852149
FBgn0270794,1,0.0012852149
FBgn0270795,1,0.0012852149
FBgn0270798,1,0.0012852149
FBgn0270801,1,0.0012852149
FBgn0270802,1,0.0012852149
FBgn0270803,1,0.0012852149
FBgn0270804,1,0.0012852149
FBgn0270805,1,0.0012852149
FBgn0270807,1,0.0012852149
FBgn0270810,1,0.0012852149
FBgn0270815,1,0.0012852149
FBgn0270819,1,0.0012852149
FBgn0270822,1,0.0012852149
FBgn0270825,1,0.0012852149
FBgn0270828,1,0.0012852149
FBgn0270832,1,0.0012852149
FBgn0270839,1,0.0012852149
FBgn0270843,1,0.0012852149
FBgn0270846,1,0.0012852149
FBgn0270847,1,0.0012852149
FBgn0270850,1,0.0012852149
FBgn0270851,1,0.0012852149
FBgn0270852,1,0.0012852149
FBgn0270855,1,0.0012852149
FBgn0270856,1,0.0012852149
FBgn0270858,1,0.0012852149
FBgn0270863,1,0.0012852149
FBgn0270864,1,0.0012852149
FBgn0270865,1,0.0012852149
FBgn0270866,1,0.0012852149
FBgn0270868,1,0.0012852149
FBgn0270869,1,0.0012852149
FBgn0270870,1,0.0012852149
FBgn0270871,1,0.0012852149
FBgn0270873,1,0.0012852149
FBgn0270877,1,0.0012852149
FBgn0270878,1,0.0012852149
FBgn0270880,1,0.0012852149
FBgn0270886,1,0.0012852149
FBgn0270887,1,0.0012852149
FBgn0270889,1,0.0012852149
FBgn0270890,1,0.0012852149
FBgn0270894,1,0.0012852149
FBgn0270895,1,0.0012852149
FBgn0270896,1,0.0012852149
FBgn0270897,1,0.0012852149
FBgn0270898,1,0.0012852149
FBgn0270899,1,0.0012852149
FBgn0270900,1,0.0012852149
FBgn0270903,1,0.0012852149
FBgn0270907,1,0.0012852149
FBgn0270912,1,0.0012852149
FBgn0270913,1,0.0012852149
FBgn0270915,1,0.0012852149
FBgn0270916,1,0.0012852149
XLOC_000001,1,0.0012852149
XLOC_000002,1,0.0012852149
XLOC_000003,1,0.0012852149
XLOC_000004,1,0.0012852149
XLOC_000011,1,0.0012852149
XLOC_000013,1,0.0012852149
XLOC_000014,1,0.0012852149
XLOC_000019,1,0.0012852149
XLOC_000020,1,0.0012852149
XLOC_000021,1,0.0012852149
XLOC_000023,1,0.0012852149
XLOC_000024,1,0.0012852149
XLOC_000028,1,0.0012852149
XLOC_000029,1,0.0012852149
XLOC_000034,1,0.0012852149
XLOC_000035,1,0.0012852149
XLOC_000037,1,0.0012852149
XLOC_000043,1,0.0012852149
XLOC_000045,1,0.0012852149
XLOC_000057,1,0.0012852149
XLOC_000059,1,0.0012852149
XLOC_000060,1,0.0012852149
XLOC_000064,1,0.0012852149
XLOC_000066,1,0.0012852149
XLOC_000068,1,0.0012852149
XLOC_000073,1,0.0012852149
XLOC_000081,1,0.0012852149
XLOC_000087,1,0.0012852149
XLOC_000098,1,0.0012852149
XLOC_000122,1,0.0012852149
XLOC_000125,1,0.0012852149
XLOC_000131,1,0.0012852149
XLOC_000147,1,0.0012852149
XLOC_000149,1,0.0012852149
XLOC_000154,1,0.0012852149
XLOC_000155,1,0.0012852149
XLOC_000159,1,0.0012852149
XLOC_000160,1,0.0012852149
XLOC_000166,1,0.0012852149
XLOC_000168,1,0.0012852149
XLOC_000171,1,0.0012852149
XLOC_000186,1,0.0012852149
XLOC_000188,1,0.0012852149
XLOC_000194,1,0.0012852149
XLOC_000196,1,0.0012852149
XLOC_000197,1,0.0012852149
XLOC_000205,1,0.0012852149
XLOC_000214,1,0.0012852149
XLOC_000242,1,0.0012852149
XLOC_000251,1,0.0012852149
XLOC_000253,1,0.0012852149
XLOC_000254,1,0.0012852149
XLOC_000257,1,0.0012852149
XLOC_000266,1,0.0012852149
XLOC_000278,1,0.0012852149
XLOC_000279,1,0.0012852149
XLOC_000281,1,0.0012852149
XLOC_000282,1,0.0012852149
XLOC_000283,1,0.0012852149
XLOC_000284,1,0.0012852149
XLOC_000291,1,0.0012852149
XLOC_000297,1,0.0012852149
XLOC_000301,1,0.0012852149
XLOC_000312,1,0.0012852149
XLOC_000315,1,0.0012852149
XLOC_000319,1,0.0012852149
XLOC_000323,1,0.0012852149
XLOC_000331,1,0.0012852149
XLOC_000336,1,0.0012852149
XLOC_000340,1,0.0012852149
XLOC_000345,1,0.0012852149
XLOC_000346,1,0.0012852149
XLOC_000347,1,0.0012852149
XLOC_000348,1,0.0012852149
XLOC_000386,1,0.0012852149
XLOC_000387,1,0.0012852149
XLOC_000405,1,0.0012852149
XLOC_000410,1,0.0012852149
XLOC_000411,1,0.0012852149
XLOC_000414,1,0.0012852149
XLOC_000418,1,0.0012852149
XLOC_000420,1,0.0012852149
XLOC_000422,1,0.0012852149
XLOC_000426,1,0.0012852149
XLOC_000429,1,0.0012852149
XLOC_000430,1,0.0012852149
XLOC_000432,1,0.0012852149
XLOC_000444,1,0.0012852149
XLOC_000455,1,0.0012852149
XLOC_000457,1,0.0012852149
XLOC_000462,1,0.0012852149
XLOC_000466,1,0.0012852149
XLOC_000467,1,0.0012852149
XLOC_000473,1,0.0012852149
XLOC_000478,1,0.0012852149
XLOC_000479,1,0.0012852149
XLOC_000487,1,0.0012852149
XLOC_000498,1,0.0012852149
XLOC_000499,1,0.0012852149
XLOC_000511,1,0.0012852149
XLOC_000523,1,0.0012852149
XLOC_000524,1,0.0012852149
XLOC_000532,1,0.0012852149
XLOC_000537,1,0.0012852149
XLOC_000549,1,0.0012852149
XLOC_000552,1,0.0012852149
XLOC_000567,1,0.0012852149
XLOC_000568,1,0.0012852149
XLOC_000579,1,0.0012852149
XLOC_000580,1,0.0012852149
XLOC_000581,1,0.0012852149
XLOC_000582,1,0.0012852149
XLOC_000585,1,0.0012852149
XLOC_000590,1,0.0012852149
XLOC_000595,1,0.0012852149
XLOC_000604,1,0.0012852149
XLOC_000605,1,0.0012852149
XLOC_000607,1,0.0012852149
XLOC_000608,1,0.0012852149
XLOC_000611,1,0.0012852149
XLOC_000612,1,0.0012852149
XLOC_000617,1,0.0012852149
XLOC_000619,1,0.0012852149
XLOC_000625,1,0.0012852149
XLOC_000644,1,0.0012852149
XLOC_000652,1,0.0012852149
XLOC_000655,1,0.0012852149
XLOC_000659,1,0.0012852149
XLOC_000680,1,0.0012852149
XLOC_000691,1,0.0012852149
XLOC_000700,1,0.0012852149
XLOC_000702,1,0.0012852149
XLOC_000711,1,0.0012852149
XLOC_000712,1,0.0012852149
XLOC_000725,1,0.0012852149
XLOC_000729,1,0.0012852149
XLOC_000731,1,0.0012852149
XLOC_000732,1,0.0012852149
XLOC_000738,1,0.0012852149
XLOC_000739,1,0.0012852149
XLOC_000746,1,0.0012852149
XLOC_000754,1,0.0012852149
XLOC_000755,1,0.0012852149
XLOC_000767,1,0.0012852149
XLOC_000778,1,0.0012852149
XLOC_000779,1,0.0012852149
XLOC_000781,1,0.0012852149
XLOC_000790,1,0.0012852149
XLOC_000792,1,0.0012852149
XLOC_000795,1,0.0012852149
XLOC_000805,1,0.0012852149
XLOC_000809,1,0.0012852149
XLOC_000813,1,0.0012852149
XLOC_000819,1,0.0012852149
XLOC_000823,1,0.0012852149
XLOC_000833,1,0.0012852149
XLOC_000865,1,0.0012852149
XLOC_000874,1,0.0012852149
XLOC_000877,1,0.0012852149
XLOC_000879,1,0.0012852149
XLOC_000885,1,0.0012852149
XLOC_000886,1,0.0012852149
XLOC_000887,1,0.0012852149
XLOC_000888,1,0.0012852149
XLOC_000890,1,0.0012852149
XLOC_000895,1,0.0012852149
XLOC_000899,1,0.0012852149
XLOC_000906,1,0.0012852149
XLOC_000908,1,0.0012852149
XLOC_000931,1,0.0012852149
XLOC_000941,1,0.0012852149
XLOC_000942,1,0.0012852149
XLOC_000943,1,0.0012852149
XLOC_000947,1,0.0012852149
XLOC_000948,1,0.0012852149
XLOC_000954,1,0.0012852149
XLOC_000962,1,0.0012852149
XLOC_000966,1,0.0012852149
XLOC_000973,1,0.0012852149
XLOC_000975,1,0.0012852149
XLOC_000994,1,0.0012852149
XLOC_000995,1,0.0012852149
XLOC_001000,1,0.0012852149
XLOC_001001,1,0.0012852149
XLOC_001002,1,0.0012852149
XLOC_001016,1,0.0012852149
XLOC_001026,1,0.0012852149
XLOC_001039,1,0.0012852149
XLOC_001047,1,0.0012852149
XLOC_001049,1,0.0012852149
XLOC_001050,1,0.0012852149
XLOC_001051,1,0.0012852149
XLOC_001053,1,0.0012852149
XLOC_001056,1,0.0012852149
XLOC_001060,1,0.0012852149
XLOC_001071,1,0.0012852149
XLOC_001079,1,0.0012852149
XLOC_001106,1,0.0012852149
XLOC_001110,1,0.0012852149
XLOC_001113,1,0.0012852149
XLOC_001115,1,0.0012852149
XLOC_001139,1,0.0012852149
XLOC_001143,1,0.0012852149
XLOC_001146,1,0.0012852149
XLOC_001147,1,0.0012852149
XLOC_001154,1,0.0012852149
XLOC_001158,1,0.0012852149
XLOC_001159,1,0.0012852149
XLOC_001160,1,0.0012852149
XLOC_001161,1,0.0012852149
XLOC_001162,1,0.0012852149
XLOC_001164,1,0.0012852149
XLOC_001165,1,0.0012852149
XLOC_001166,1,0.0012852149
XLOC_001167,1,0.0012852149
XLOC_001168,1,0.0012852149
XLOC_001169,1,0.0012852149
XLOC_001171,1,0.0012852149
XLOC_001178,1,0.0012852149
XLOC_001182,1,0.0012852149
XLOC_001187,1,0.0012852149
XLOC_001188,1,0.0012852149
XLOC_001196,1,0.0012852149
XLOC_001200,1,0.0012852149
XLOC_001202,1,0.0012852149
XLOC_001203,1,0.0012852149
XLOC_001205,1,0.0012852149
XLOC_001207,1,0.0012852149
XLOC_001211,1,0.0012852149
XLOC_001212,1,0.0012852149
XLOC_001218,1,0.0012852149
XLOC_001221,1,0.0012852149
XLOC_001223,1,0.0012852149
XLOC_001226,1,0.0012852149
XLOC_001228,1,0.0012852149
XLOC_001230,1,0.0012852149
XLOC_001234,1,0.0012852149
XLOC_001240,1,0.0012852149
XLOC_001241,1,0.0012852149
XLOC_001245,1,0.0012852149
XLOC_001247,1,0.0012852149
XLOC_001248,1,0.0012852149
XLOC_001251,1,0.0012852149
XLOC_001252,1,0.0012852149
XLOC_001259,1,0.0012852149
XLOC_001263,1,0.0012852149
XLOC_001269,1,0.0012852149
XLOC_001275,1,0.0012852149
XLOC_001289,1,0.0012852149
XLOC_001290,1,0.0012852149
XLOC_001295,1,0.0012852149
XLOC_001299,1,0.0012852149
XLOC_001300,1,0.0012852149
XLOC_001301,1,0.0012852149
XLOC_001315,1,0.0012852149
XLOC_001319,1,0.0012852149
XLOC_001321,1,0.0012852149
XLOC_001322,1,0.0012852149
XLOC_001323,1,0.0012852149
XLOC_001325,1,0.0012852149
XLOC_001326,1,0.0012852149
XLOC_001330,1,0.0012852149
XLOC_001333,1,0.0012852149
XLOC_001338,1,0.0012852149
XLOC_001339,1,0.0012852149
XLOC_001340,1,0.0012852149
XLOC_001341,1,0.0012852149
XLOC_001344,1,0.0012852149
XLOC_001348,1,0.0012852149
XLOC_001350,1,0.0012852149
XLOC_001351,1,0.0012852149
XLOC_001358,1,0.0012852149
XLOC_001359,1,0.0012852149
XLOC_001362,1,0.0012852149
XLOC_001363,1,0.0012852149
XLOC_001364,1,0.0012852149
XLOC_001368,1,0.0012852149
XLOC_001370,1,0.0012852149
XLOC_001371,1,0.0012852149
XLOC_001372,1,0.0012852149
XLOC_001374,1,0.0012852149
XLOC_001378,1,0.0012852149
XLOC_001379,1,0.0012852149
XLOC_001380,1,0.0012852149
XLOC_001389,1,0.0012852149
XLOC_001397,1,0.0012852149
XLOC_001399,1,0.0012852149
XLOC_001400,1,0.0012852149
XLOC_001402,1,0.0012852149
XLOC_001405,1,0.0012852149
XLOC_001423,1,0.0012852149
XLOC_001424,1,0.0012852149
XLOC_001425,1,0.0012852149
XLOC_001427,1,0.0012852149
XLOC_001434,1,0.0012852149
XLOC_001435,1,0.0012852149
XLOC_001436,1,0.0012852149
XLOC_001447,1,0.0012852149
XLOC_001460,1,0.0012852149
XLOC_001467,1,0.0012852149
XLOC_001468,1,0.0012852149
XLOC_001469,1,0.0012852149
XLOC_001471,1,0.0012852149
XLOC_001472,1,0.0012852149
XLOC_001473,1,0.0012852149
XLOC_001487,1,0.0012852149
XLOC_001488,1,0.0012852149
XLOC_001498,1,0.0012852149
XLOC_001503,1,0.0012852149
XLOC_001506,1,0.0012852149
XLOC_001511,1,0.0012852149
XLOC_001515,1,0.0012852149
XLOC_001518,1,0.0012852149
XLOC_001519,1,0.0012852149
XLOC_001520,1,0.0012852149
XLOC_001526,1,0.0012852149
XLOC_001540,1,0.0012852149
XLOC_001542,1,0.0012852149
XLOC_001543,1,0.0012852149
XLOC_001544,1,0.0012852149
XLOC_001548,1,0.0012852149
XLOC_001549,1,0.0012852149
XLOC_001550,1,0.0012852149
XLOC_001551,1,0.0012852149
XLOC_001552,1,0.0012852149
XLOC_001553,1,0.0012852149
XLOC_001554,1,0.0012852149
XLOC_001557,1,0.0012852149
XLOC_001559,1,0.0012852149
XLOC_001560,1,0.0012852149
XLOC_001562,1,0.0012852149
XLOC_001563,1,0.0012852149
XLOC_001570,1,0.0012852149
XLOC_001571,1,0.0012852149
XLOC_001578,1,0.0012852149
XLOC_001588,1,0.0012852149
XLOC_001591,1,0.0012852149
XLOC_001599,1,0.0012852149
XLOC_001600,1,0.0012852149
XLOC_001615,1,0.0012852149
XLOC_001619,1,0.0012852149
XLOC_001632,1,0.0012852149
XLOC_001635,1,0.0012852149
XLOC_001638,1,0.0012852149
XLOC_001643,1,0.0012852149
XLOC_001647,1,0.0012852149
XLOC_001648,1,0.0012852149
XLOC_001654,1,0.0012852149
XLOC_001656,1,0.0012852149
XLOC_001657,1,0.0012852149
XLOC_001661,1,0.0012852149
XLOC_001662,1,0.0012852149
XLOC_001664,1,0.0012852149
XLOC_001670,1,0.0012852149
XLOC_001673,1,0.0012852149
XLOC_001675,1,0.0012852149
XLOC_001679,1,0.0012852149
XLOC_001680,1,0.0012852149
XLOC_001683,1,0.0012852149
XLOC_001687,1,0.0012852149
XLOC_001693,1,0.0012852149
XLOC_001701,1,0.0012852149
XLOC_001702,1,0.0012852149
XLOC_001709,1,0.0012852149
XLOC_001710,1,0.0012852149
XLOC_001712,1,0.0012852149
XLOC_001718,1,0.0012852149
XLOC_001720,1,0.0012852149
XLOC_001730,1,0.0012852149
XLOC_001755,1,0.0012852149
XLOC_001763,1,0.0012852149
XLOC_001765,1,0.0012852149
XLOC_001767,1,0.0012852149
XLOC_001769,1,0.0012852149
XLOC_001770,1,0.0012852149
XLOC_001780,1,0.0012852149
XLOC_001783,1,0.0012852149
XLOC_001784,1,0.0012852149
XLOC_001785,1,0.0012852149
XLOC_001789,1,0.0012852149
XLOC_001791,1,0.0012852149
XLOC_001797,1,0.0012852149
XLOC_001803,1,0.0012852149
XLOC_001804,1,0.0012852149
XLOC_001805,1,0.0012852149
XLOC_001809,1,0.0012852149
XLOC_001810,1,0.0012852149
XLOC_001813,1,0.0012852149
XLOC_001826,1,0.0012852149
XLOC_001827,1,0.0012852149
XLOC_001828,1,0.0012852149
XLOC_001829,1,0.0012852149
XLOC_001844,1,0.0012852149
XLOC_001845,1,0.0012852149
XLOC_001854,1,0.0012852149
XLOC_001857,1,0.0012852149
XLOC_001863,1,0.0012852149
XLOC_001864,1,0.0012852149
XLOC_001873,1,0.0012852149
XLOC_001881,1,0.0012852149
XLOC_001882,1,0.0012852149
XLOC_001895,1,0.0012852149
XLOC_001896,1,0.0012852149
XLOC_001903,1,0.0012852149
XLOC_001904,1,0.0012852149
XLOC_001905,1,0.0012852149
XLOC_001908,1,0.0012852149
XLOC_001910,1,0.0012852149
XLOC_001917,1,0.0012852149
XLOC_001919,1,0.0012852149
XLOC_001933,1,0.0012852149
XLOC_001938,1,0.0012852149
XLOC_001953,1,0.0012852149
XLOC_001960,1,0.0012852149
XLOC_001963,1,0.0012852149
XLOC_001964,1,0.0012852149
XLOC_001965,1,0.0012852149
XLOC_001966,1,0.0012852149
XLOC_001973,1,0.0012852149
XLOC_001976,1,0.0012852149
XLOC_001978,1,0.0012852149
XLOC_001988,1,0.0012852149
XLOC_001990,1,0.0012852149
XLOC_001993,1,0.0012852149
XLOC_001995,1,0.0012852149
XLOC_002015,1,0.0012852149
XLOC_002016,1,0.0012852149
XLOC_002017,1,0.0012852149
XLOC_002022,1,0.0012852149
XLOC_002024,1,0.0012852149
XLOC_002029,1,0.0012852149
XLOC_002030,1,0.0012852149
XLOC_002031,1,0.0012852149
XLOC_002032,1,0.0012852149
XLOC_002033,1,0.0012852149
XLOC_002054,1,0.0012852149
XLOC_002055,1,0.0012852149
XLOC_002056,1,0.0012852149
XLOC_002061,1,0.0012852149
XLOC_002064,1,0.0012852149
XLOC_002065,1,0.0012852149
XLOC_002067,1,0.0012852149
XLOC_002073,1,0.0012852149
XLOC_002080,1,0.0012852149
XLOC_002096,1,0.0012852149
XLOC_002097,1,0.0012852149
XLOC_002098,1,0.0012852149
XLOC_002106,1,0.0012852149
XLOC_002107,1,0.0012852149
XLOC_002108,1,0.0012852149
XLOC_002114,1,0.0012852149
XLOC_002116,1,0.0012852149
XLOC_002117,1,0.0012852149
XLOC_002118,1,0.0012852149
XLOC_002120,1,0.0012852149
XLOC_002123,1,0.0012852149
XLOC_002129,1,0.0012852149
XLOC_002131,1,0.0012852149
XLOC_002135,1,0.0012852149
XLOC_002138,1,0.0012852149
XLOC_002139,1,0.0012852149
XLOC_002154,1,0.0012852149
XLOC_002159,1,0.0012852149
XLOC_002161,1,0.0012852149
XLOC_002168,1,0.0012852149
XLOC_002187,1,0.0012852149
XLOC_002188,1,0.0012852149
XLOC_002191,1,0.0012852149
XLOC_002209,1,0.0012852149
XLOC_002213,1,0.0012852149
XLOC_002245,1,0.0012852149
XLOC_002251,1,0.0012852149
XLOC_002270,1,0.0012852149
XLOC_002273,1,0.0012852149
XLOC_002282,1,0.0012852149
XLOC_002283,1,0.0012852149
XLOC_002295,1,0.0012852149
XLOC_002298,1,0.0012852149
XLOC_002310,1,0.0012852149
XLOC_002316,1,0.0012852149
XLOC_002330,1,0.0012852149
XLOC_002341,1,0.0012852149
XLOC_002342,1,0.0012852149
XLOC_002357,1,0.0012852149
XLOC_002360,1,0.0012852149
XLOC_002371,1,0.0012852149
XLOC_002373,1,0.0012852149
XLOC_002392,1,0.0012852149
XLOC_002393,1,0.0012852149
XLOC_002394,1,0.0012852149
XLOC_002395,1,0.0012852149
XLOC_002396,1,0.0012852149
XLOC_002397,1,0.0012852149
XLOC_002406,1,0.0012852149
XLOC_002408,1,0.0012852149
XLOC_002414,1,0.0012852149
XLOC_002425,1,0.0012852149
XLOC_002427,1,0.0012852149
XLOC_002431,1,0.0012852149
XLOC_002433,1,0.0012852149
XLOC_002434,1,0.0012852149
XLOC_002447,1,0.0012852149
XLOC_002448,1,0.0012852149
XLOC_002452,1,0.0012852149
XLOC_002464,1,0.0012852149
XLOC_002466,1,0.0012852149
XLOC_002505,1,0.0012852149
XLOC_002507,1,0.0012852149
XLOC_002523,1,0.0012852149
XLOC_002543,1,0.0012852149
XLOC_002553,1,0.0012852149
XLOC_002555,1,0.0012852149
XLOC_002559,1,0.0012852149
XLOC_002560,1,0.0012852149
XLOC_002567,1,0.0012852149
XLOC_002569,1,0.0012852149
XLOC_002570,1,0.0012852149
XLOC_002585,1,0.0012852149
XLOC_002587,1,0.0012852149
XLOC_002589,1,0.0012852149
XLOC_002590,1,0.0012852149
XLOC_002591,1,0.0012852149
XLOC_002592,1,0.0012852149
XLOC_002595,1,0.0012852149
XLOC_002605,1,0.0012852149
XLOC_002611,1,0.0012852149
XLOC_002614,1,0.0012852149
XLOC_002615,1,0.0012852149
XLOC_002617,1,0.0012852149
XLOC_002618,1,0.0012852149
XLOC_002620,1,0.0012852149
XLOC_002621,1,0.0012852149
XLOC_002623,1,0.0012852149
XLOC_002625,1,0.0012852149
XLOC_002627,1,0.0012852149
XLOC_002628,1,0.0012852149
XLOC_002631,1,0.0012852149
XLOC_002632,1,0.0012852149
XLOC_002638,1,0.0012852149
XLOC_002645,1,0.0012852149
XLOC_002647,1,0.0012852149
XLOC_002652,1,0.0012852149
XLOC_002654,1,0.0012852149
XLOC_002656,1,0.0012852149
XLOC_002657,1,0.0012852149
XLOC_002663,1,0.0012852149
XLOC_002664,1,0.0012852149
XLOC_002666,1,0.0012852149
XLOC_002672,1,0.0012852149
XLOC_002673,1,0.0012852149
XLOC_002686,1,0.0012852149
XLOC_002689,1,0.0012852149
XLOC_002690,1,0.0012852149
XLOC_002691,1,0.0012852149
XLOC_002694,1,0.0012852149
XLOC_002702,1,0.0012852149
XLOC_002717,1,0.0012852149
XLOC_002722,1,0.0012852149
XLOC_002731,1,0.0012852149
XLOC_002739,1,0.0012852149
XLOC_002742,1,0.0012852149
XLOC_002746,1,0.0012852149
XLOC_002748,1,0.0012852149
XLOC_002750,1,0.0012852149
XLOC_002752,1,0.0012852149
XLOC_002755,1,0.0012852149
XLOC_002760,1,0.0012852149
XLOC_002761,1,0.0012852149
XLOC_002771,1,0.0012852149
XLOC_002772,1,0.0012852149
XLOC_002774,1,0.0012852149
XLOC_002784,1,0.0012852149
XLOC_002785,1,0.0012852149
XLOC_002787,1,0.0012852149
XLOC_002788,1,0.0012852149
XLOC_002794,1,0.0012852149
XLOC_002797,1,0.0012852149
XLOC_002799,1,0.0012852149
XLOC_002806,1,0.0012852149
XLOC_002809,1,0.0012852149
XLOC_002810,1,0.0012852149
XLOC_002813,1,0.0012852149
XLOC_002815,1,0.0012852149
XLOC_002818,1,0.0012852149
XLOC_002819,1,0.0012852149
XLOC_002825,1,0.0012852149
XLOC_002828,1,0.0012852149
XLOC_002842,1,0.0012852149
XLOC_002848,1,0.0012852149
XLOC_002849,1,0.0012852149
XLOC_002859,1,0.0012852149
XLOC_002862,1,0.0012852149
XLOC_002863,1,0.0012852149
XLOC_002864,1,0.0012852149
XLOC_002865,1,0.0012852149
XLOC_002870,1,0.0012852149
XLOC_002872,1,0.0012852149
XLOC_002873,1,0.0012852149
XLOC_002874,1,0.0012852149
XLOC_002881,1,0.0012852149
XLOC_002892,1,0.0012852149
XLOC_002895,1,0.0012852149
XLOC_002902,1,0.0012852149
XLOC_002903,1,0.0012852149
XLOC_002906,1,0.0012852149
XLOC_002907,1,0.0012852149
XLOC_002908,1,0.0012852149
XLOC_002909,1,0.0012852149
XLOC_002910,1,0.0012852149
XLOC_002912,1,0.0012852149
XLOC_002913,1,0.0012852149
XLOC_002914,1,0.0012852149
XLOC_002915,1,0.0012852149
XLOC_002916,1,0.0012852149
XLOC_002919,1,0.0012852149
XLOC_002931,1,0.0012852149
XLOC_002933,1,0.0012852149
XLOC_002934,1,0.0012852149
XLOC_002935,1,0.0012852149
XLOC_002938,1,0.0012852149
XLOC_002939,1,0.0012852149
XLOC_002941,1,0.0012852149
XLOC_002942,1,0.0012852149
XLOC_002945,1,0.0012852149
XLOC_002946,1,0.0012852149
XLOC_002956,1,0.0012852149
XLOC_002975,1,0.0012852149
XLOC_002980,1,0.0012852149
XLOC_003006,1,0.0012852149
XLOC_003007,1,0.0012852149
XLOC_003010,1,0.0012852149
XLOC_003011,1,0.0012852149
XLOC_003015,1,0.0012852149
XLOC_003019,1,0.0012852149
XLOC_003022,1,0.0012852149
XLOC_003026,1,0.0012852149
XLOC_003028,1,0.0012852149
XLOC_003033,1,0.0012852149
XLOC_003036,1,0.0012852149
XLOC_003037,1,0.0012852149
XLOC_003041,1,0.0012852149
XLOC_003044,1,0.0012852149
XLOC_003047,1,0.0012852149
XLOC_003048,1,0.0012852149
XLOC_003055,1,0.0012852149
XLOC_003074,1,0.0012852149
XLOC_003077,1,0.0012852149
XLOC_003078,1,0.0012852149
XLOC_003079,1,0.0012852149
XLOC_003084,1,0.0012852149
XLOC_003085,1,0.0012852149
XLOC_003097,1,0.0012852149
XLOC_003098,1,0.0012852149
XLOC_003101,1,0.0012852149
XLOC_003114,1,0.0012852149
XLOC_003115,1,0.0012852149
XLOC_003130,1,0.0012852149
XLOC_003131,1,0.0012852149
XLOC_003140,1,0.0012852149
XLOC_003141,1,0.0012852149
XLOC_003148,1,0.0012852149
XLOC_003149,1,0.0012852149
XLOC_003152,1,0.0012852149
XLOC_003161,1,0.0012852149
XLOC_003165,1,0.0012852149
XLOC_003169,1,0.0012852149
XLOC_003172,1,0.0012852149
XLOC_003176,1,0.0012852149
XLOC_003185,1,0.0012852149
XLOC_003188,1,0.0012852149
XLOC_003190,1,0.0012852149
XLOC_003191,1,0.0012852149
XLOC_003192,1,0.0012852149
XLOC_003193,1,0.0012852149
XLOC_003197,1,0.0012852149
XLOC_003198,1,0.0012852149
XLOC_003200,1,0.0012852149
XLOC_003203,1,0.0012852149
XLOC_003206,1,0.0012852149
XLOC_003210,1,0.0012852149
XLOC_003212,1,0.0012852149
XLOC_003214,1,0.0012852149
XLOC_003215,1,0.0012852149
XLOC_003229,1,0.0012852149
XLOC_003230,1,0.0012852149
XLOC_003238,1,0.0012852149
XLOC_003246,1,0.0012852149
XLOC_003253,1,0.0012852149
XLOC_003260,1,0.0012852149
XLOC_003270,1,0.0012852149
XLOC_003275,1,0.0012852149
XLOC_003279,1,0.0012852149
XLOC_003280,1,0.0012852149
XLOC_003281,1,0.0012852149
XLOC_003284,1,0.0012852149
XLOC_003287,1,0.0012852149
XLOC_003288,1,0.0012852149
XLOC_003292,1,0.0012852149
XLOC_003293,1,0.0012852149
XLOC_003294,1,0.0012852149
XLOC_003298,1,0.0012852149
XLOC_003305,1,0.0012852149
XLOC_003313,1,0.0012852149
XLOC_003314,1,0.0012852149
XLOC_003315,1,0.0012852149
XLOC_003316,1,0.0012852149
XLOC_003321,1,0.0012852149
XLOC_003324,1,0.0012852149
XLOC_003328,1,0.0012852149
XLOC_003330,1,0.0012852149
XLOC_003333,1,0.0012852149
XLOC_003335,1,0.0012852149
XLOC_003339,1,0.0012852149
XLOC_003340,1,0.0012852149
XLOC_003344,1,0.0012852149
XLOC_003345,1,0.0012852149
XLOC_003346,1,0.0012852149
XLOC_003347,1,0.0012852149
XLOC_003350,1,0.0012852149
XLOC_003353,1,0.0012852149
XLOC_003355,1,0.0012852149
XLOC_003361,1,0.0012852149
XLOC_003366,1,0.0012852149
XLOC_003368,1,0.0012852149
XLOC_003369,1,0.0012852149
XLOC_003371,1,0.0012852149
XLOC_003372,1,0.0012852149
XLOC_003375,1,0.0012852149
XLOC_003378,1,0.0012852149
XLOC_003379,1,0.0012852149
XLOC_003380,1,0.0012852149
XLOC_003381,1,0.0012852149
XLOC_003383,1,0.0012852149
XLOC_003386,1,0.0012852149
XLOC_003393,1,0.0012852149
XLOC_003396,1,0.0012852149
XLOC_003402,1,0.0012852149
XLOC_003404,1,0.0012852149
XLOC_003407,1,0.0012852149
XLOC_003408,1,0.0012852149
XLOC_003410,1,0.0012852149
XLOC_003411,1,0.0012852149
XLOC_003416,1,0.0012852149
XLOC_003422,1,0.0012852149
XLOC_003424,1,0.0012852149
XLOC_003432,1,0.0012852149
XLOC_003442,1,0.0012852149
XLOC_003444,1,0.0012852149
XLOC_003448,1,0.0012852149
XLOC_003451,1,0.0012852149
XLOC_003454,1,0.0012852149
XLOC_003457,1,0.0012852149
XLOC_003470,1,0.0012852149
XLOC_003472,1,0.0012852149
XLOC_003481,1,0.0012852149
XLOC_003492,1,0.0012852149
XLOC_003501,1,0.0012852149
XLOC_003519,1,0.0012852149
XLOC_003521,1,0.0012852149
XLOC_003523,1,0.0012852149
XLOC_003525,1,0.0012852149
XLOC_003529,1,0.0012852149
XLOC_003534,1,0.0012852149
XLOC_003536,1,0.0012852149
XLOC_003543,1,0.0012852149
XLOC_003545,1,0.0012852149
XLOC_003547,1,0.0012852149
XLOC_003551,1,0.0012852149
XLOC_003563,1,0.0012852149
XLOC_003567,1,0.0012852149
XLOC_003569,1,0.0012852149
XLOC_003589,1,0.0012852149
XLOC_003590,1,0.0012852149
XLOC_003603,1,0.0012852149
XLOC_003607,1,0.0012852149
XLOC_003609,1,0.0012852149
XLOC_003613,1,0.0012852149
XLOC_003614,1,0.0012852149
XLOC_003615,1,0.0012852149
XLOC_003616,1,0.0012852149
XLOC_003617,1,0.0012852149
XLOC_003641,1,0.0012852149
XLOC_003645,1,0.0012852149
XLOC_003652,1,0.0012852149
XLOC_003666,1,0.0012852149
XLOC_003668,1,0.0012852149
XLOC_003672,1,0.0012852149
XLOC_003674,1,0.0012852149
XLOC_003678,1,0.0012852149
XLOC_003679,1,0.0012852149
XLOC_003680,1,0.0012852149
XLOC_003681,1,0.0012852149
XLOC_003693,1,0.0012852149
XLOC_003695,1,0.0012852149
XLOC_003698,1,0.0012852149
XLOC_003699,1,0.0012852149
XLOC_003702,1,0.0012852149
XLOC_003703,1,0.0012852149
XLOC_003706,1,0.0012852149
XLOC_003710,1,0.0012852149
XLOC_003718,1,0.0012852149
XLOC_003722,1,0.0012852149
XLOC_003730,1,0.0012852149
XLOC_003731,1,0.0012852149
XLOC_003738,1,0.0012852149
XLOC_003740,1,0.0012852149
XLOC_003749,1,0.0012852149
XLOC_003752,1,0.0012852149
XLOC_003755,1,0.0012852149
XLOC_003762,1,0.0012852149
XLOC_003763,1,0.0012852149
XLOC_003768,1,0.0012852149
XLOC_003772,1,0.0012852149
XLOC_003774,1,0.0012852149
XLOC_003788,1,0.0012852149
XLOC_003807,1,0.0012852149
XLOC_003816,1,0.0012852149
XLOC_003818,1,0.0012852149
XLOC_003819,1,0.0012852149
XLOC_003826,1,0.0012852149
XLOC_003827,1,0.0012852149
XLOC_003836,1,0.0012852149
XLOC_003837,1,0.0012852149
XLOC_003839,1,0.0012852149
XLOC_003841,1,0.0012852149
XLOC_003877,1,0.0012852149
XLOC_003878,1,0.0012852149
XLOC_003890,1,0.0012852149
XLOC_003901,1,0.0012852149
XLOC_003906,1,0.0012852149
XLOC_003907,1,0.0012852149
XLOC_003924,1,0.0012852149
XLOC_003929,1,0.0012852149
XLOC_003984,1,0.0012852149
XLOC_003992,1,0.0012852149
XLOC_004001,1,0.0012852149
XLOC_004007,1,0.0012852149
XLOC_004010,1,0.0012852149
XLOC_004012,1,0.0012852149
XLOC_004013,1,0.0012852149
XLOC_004014,1,0.0012852149
XLOC_004019,1,0.0012852149
XLOC_004028,1,0.0012852149
XLOC_004056,1,0.0012852149
XLOC_004057,1,0.0012852149
XLOC_004063,1,0.0012852149
XLOC_004065,1,0.0012852149
XLOC_004077,1,0.0012852149
XLOC_004080,1,0.0012852149
XLOC_004110,1,0.0012852149
XLOC_004115,1,0.0012852149
XLOC_004119,1,0.0012852149
XLOC_004129,1,0.0012852149
XLOC_004130,1,0.0012852149
XLOC_004131,1,0.0012852149
XLOC_004157,1,0.0012852149
XLOC_004170,1,0.0012852149
XLOC_004171,1,0.0012852149
XLOC_004179,1,0.0012852149
XLOC_004181,1,0.0012852149
XLOC_004190,1,0.0012852149
XLOC_004197,1,0.0012852149
XLOC_004203,1,0.0012852149
XLOC_004209,1,0.0012852149
XLOC_004210,1,0.0012852149
XLOC_004233,1,0.0012852149
XLOC_004238,1,0.0012852149
XLOC_004254,1,0.0012852149
XLOC_004255,1,0.0012852149
XLOC_004259,1,0.0012852149
XLOC_004278,1,0.0012852149
XLOC_004279,1,0.0012852149
XLOC_004283,1,0.0012852149
XLOC_004292,1,0.0012852149
XLOC_004295,1,0.0012852149
XLOC_004299,1,0.0012852149
XLOC_004308,1,0.0012852149
XLOC_004323,1,0.0012852149
XLOC_004324,1,0.0012852149
XLOC_004327,1,0.0012852149
XLOC_004331,1,0.0012852149
XLOC_004333,1,0.0012852149
XLOC_004334,1,0.0012852149
XLOC_004335,1,0.0012852149
XLOC_004340,1,0.0012852149
XLOC_004365,1,0.0012852149
XLOC_004369,1,0.0012852149
XLOC_004370,1,0.0012852149
XLOC_004371,1,0.0012852149
XLOC_004376,1,0.0012852149
XLOC_004378,1,0.0012852149
XLOC_004379,1,0.0012852149
XLOC_004380,1,0.0012852149
XLOC_004390,1,0.0012852149
XLOC_004391,1,0.0012852149
XLOC_004400,1,0.0012852149
XLOC_004403,1,0.0012852149
XLOC_004404,1,0.0012852149
XLOC_004405,1,0.0012852149
XLOC_004408,1,0.0012852149
XLOC_004409,1,0.0012852149
XLOC_004417,1,0.0012852149
XLOC_004418,1,0.0012852149
XLOC_004419,1,0.0012852149
XLOC_004429,1,0.0012852149
XLOC_004430,1,0.0012852149
XLOC_004431,1,0.0012852149
XLOC_004433,1,0.0012852149
XLOC_004463,1,0.0012852149
XLOC_004476,1,0.0012852149
XLOC_004480,1,0.0012852149
XLOC_004481,1,0.0012852149
XLOC_004495,1,0.0012852149
XLOC_004498,1,0.0012852149
XLOC_004500,1,0.0012852149
XLOC_004506,1,0.0012852149
XLOC_004526,1,0.0012852149
XLOC_004527,1,0.0012852149
XLOC_004528,1,0.0012852149
XLOC_004531,1,0.0012852149
XLOC_004536,1,0.0012852149
XLOC_004541,1,0.0012852149
XLOC_004547,1,0.0012852149
XLOC_004557,1,0.0012852149
XLOC_004560,1,0.0012852149
XLOC_004562,1,0.0012852149
XLOC_004564,1,0.0012852149
XLOC_004565,1,0.0012852149
XLOC_004571,1,0.0012852149
XLOC_004572,1,0.0012852149
XLOC_004574,1,0.0012852149
XLOC_004575,1,0.0012852149
XLOC_004576,1,0.0012852149
XLOC_004577,1,0.0012852149
XLOC_004578,1,0.0012852149
XLOC_004579,1,0.0012852149
XLOC_004583,1,0.0012852149
XLOC_004584,1,0.0012852149
XLOC_004586,1,0.0012852149
XLOC_004600,1,0.0012852149
XLOC_004601,1,0.0012852149
XLOC_004609,1,0.0012852149
XLOC_004611,1,0.0012852149
XLOC_004613,1,0.0012852149
XLOC_004614,1,0.0012852149
XLOC_004615,1,0.0012852149
XLOC_004616,1,0.0012852149
XLOC_004617,1,0.0012852149
XLOC_004618,1,0.0012852149
XLOC_004620,1,0.0012852149
XLOC_004625,1,0.0012852149
XLOC_004635,1,0.0012852149
XLOC_004640,1,0.0012852149
XLOC_004643,1,0.0012852149
XLOC_004646,1,0.0012852149
XLOC_004647,1,0.0012852149
XLOC_004663,1,0.0012852149
XLOC_004667,1,0.0012852149
XLOC_004668,1,0.0012852149
XLOC_004683,1,0.0012852149
XLOC_004684,1,0.0012852149
XLOC_004696,1,0.0012852149
XLOC_004697,1,0.0012852149
XLOC_004700,1,0.0012852149
XLOC_004702,1,0.0012852149
XLOC_004703,1,0.0012852149
XLOC_004712,1,0.0012852149
XLOC_004718,1,0.0012852149
XLOC_004730,1,0.0012852149
XLOC_004762,1,0.0012852149
XLOC_004763,1,0.0012852149
XLOC_004767,1,0.0012852149
XLOC_004769,1,0.0012852149
XLOC_004783,1,0.0012852149
XLOC_004794,1,0.0012852149
XLOC_004795,1,0.0012852149
XLOC_004796,1,0.0012852149
XLOC_004797,1,0.0012852149
XLOC_004801,1,0.0012852149
XLOC_004807,1,0.0012852149
XLOC_004808,1,0.0012852149
XLOC_004809,1,0.0012852149
XLOC_004813,1,0.0012852149
XLOC_004838,1,0.0012852149
XLOC_004845,1,0.0012852149
XLOC_004863,1,0.0012852149
XLOC_004866,1,0.0012852149
XLOC_004868,1,0.0012852149
XLOC_004873,1,0.0012852149
XLOC_004892,1,0.0012852149
XLOC_004894,1,0.0012852149
XLOC_004895,1,0.0012852149
XLOC_004899,1,0.0012852149
XLOC_004903,1,0.0012852149
XLOC_004906,1,0.0012852149
XLOC_004948,1,0.0012852149
XLOC_004953,1,0.0012852149
XLOC_004955,1,0.0012852149
XLOC_004957,1,0.0012852149
XLOC_004966,1,0.0012852149
XLOC_004975,1,0.0012852149
XLOC_005002,1,0.0012852149
XLOC_005011,1,0.0012852149
XLOC_005019,1,0.0012852149
XLOC_005023,1,0.0012852149
XLOC_005031,1,0.0012852149
XLOC_005038,1,0.0012852149
XLOC_005041,1,0.0012852149
XLOC_005044,1,0.0012852149
XLOC_005046,1,0.0012852149
XLOC_005047,1,0.0012852149
XLOC_005050,1,0.0012852149
XLOC_005052,1,0.0012852149
XLOC_005053,1,0.0012852149
XLOC_005054,1,0.0012852149
XLOC_005056,1,0.0012852149
XLOC_005057,1,0.0012852149
XLOC_005062,1,0.0012852149
XLOC_005063,1,0.0012852149
XLOC_005071,1,0.0012852149
XLOC_005072,1,0.0012852149
XLOC_005073,1,0.0012852149
XLOC_005074,1,0.0012852149
XLOC_005080,1,0.0012852149
XLOC_005081,1,0.0012852149
XLOC_005083,1,0.0012852149
XLOC_005089,1,0.0012852149
XLOC_005095,1,0.0012852149
XLOC_005097,1,0.0012852149
XLOC_005100,1,0.0012852149
XLOC_005111,1,0.0012852149
XLOC_005114,1,0.0012852149
XLOC_005126,1,0.0012852149
XLOC_005146,1,0.0012852149
XLOC_005147,1,0.0012852149
XLOC_005148,1,0.0012852149
XLOC_005159,1,0.0012852149
XLOC_005160,1,0.0012852149
XLOC_005163,1,0.0012852149
XLOC_005175,1,0.0012852149
XLOC_005179,1,0.0012852149
XLOC_005183,1,0.0012852149
XLOC_005186,1,0.0012852149
XLOC_005196,1,0.0012852149
XLOC_005208,1,0.0012852149
XLOC_005210,1,0.0012852149
XLOC_005211,1,0.0012852149
XLOC_005227,1,0.0012852149
XLOC_005232,1,0.0012852149
XLOC_005235,1,0.0012852149
XLOC_005236,1,0.0012852149
XLOC_005237,1,0.0012852149
XLOC_005238,1,0.0012852149
XLOC_005256,1,0.0012852149
XLOC_005268,1,0.0012852149
XLOC_005272,1,0.0012852149
XLOC_005293,1,0.0012852149
XLOC_005294,1,0.0012852149
XLOC_005295,1,0.0012852149
XLOC_005303,1,0.0012852149
XLOC_005304,1,0.0012852149
XLOC_005315,1,0.0012852149
XLOC_005324,1,0.0012852149
XLOC_005325,1,0.0012852149
XLOC_005327,1,0.0012852149
XLOC_005335,1,0.0012852149
XLOC_005336,1,0.0012852149
XLOC_005338,1,0.0012852149
XLOC_005358,1,0.0012852149
XLOC_005368,1,0.0012852149
XLOC_005391,1,0.0012852149
XLOC_005397,1,0.0012852149
XLOC_005401,1,0.0012852149
XLOC_005403,1,0.0012852149
XLOC_005422,1,0.0012852149
XLOC_005423,1,0.0012852149
XLOC_005424,1,0.0012852149
XLOC_005425,1,0.0012852149
XLOC_005428,1,0.0012852149
XLOC_005429,1,0.0012852149
XLOC_005434,1,0.0012852149
XLOC_005435,1,0.0012852149
XLOC_005440,1,0.0012852149
XLOC_005441,1,0.0012852149
XLOC_005446,1,0.0012852149
XLOC_005451,1,0.0012852149
XLOC_005452,1,0.0012852149
XLOC_005459,1,0.0012852149
XLOC_005474,1,0.0012852149
XLOC_005475,1,0.0012852149
XLOC_005476,1,0.0012852149
XLOC_005477,1,0.0012852149
XLOC_005478,1,0.0012852149
XLOC_005480,1,0.0012852149
XLOC_005481,1,0.0012852149
XLOC_005483,1,0.0012852149
XLOC_005485,1,0.0012852149
XLOC_005489,1,0.0012852149
XLOC_005490,1,0.0012852149
XLOC_005534,1,0.0012852149
XLOC_005536,1,0.0012852149
XLOC_005539,1,0.0012852149
XLOC_005547,1,0.0012852149
XLOC_005550,1,0.0012852149
XLOC_005551,1,0.0012852149
XLOC_005559,1,0.0012852149
XLOC_005563,1,0.0012852149
XLOC_005565,1,0.0012852149
XLOC_005571,1,0.0012852149
XLOC_005576,1,0.0012852149
XLOC_005585,1,0.0012852149
XLOC_005590,1,0.0012852149
XLOC_005601,1,0.0012852149
XLOC_005602,1,0.0012852149
XLOC_005605,1,0.0012852149
XLOC_005607,1,0.0012852149
XLOC_005608,1,0.0012852149
XLOC_005628,1,0.0012852149
XLOC_005644,1,0.0012852149
XLOC_005646,1,0.0012852149
XLOC_005654,1,0.0012852149
XLOC_005661,1,0.0012852149
XLOC_005668,1,0.0012852149
XLOC_005674,1,0.0012852149
XLOC_005678,1,0.0012852149
XLOC_005686,1,0.0012852149
XLOC_005691,1,0.0012852149
XLOC_005697,1,0.0012852149
XLOC_005701,1,0.0012852149
XLOC_005702,1,0.0012852149
XLOC_005703,1,0.0012852149
XLOC_005712,1,0.0012852149
XLOC_005715,1,0.0012852149
XLOC_005731,1,0.0012852149
XLOC_005748,1,0.0012852149
XLOC_005758,1,0.0012852149
XLOC_005763,1,0.0012852149
XLOC_005767,1,0.0012852149
XLOC_005778,1,0.0012852149
XLOC_005786,1,0.0012852149
XLOC_005788,1,0.0012852149
XLOC_005802,1,0.0012852149
XLOC_005809,1,0.0012852149
XLOC_005823,1,0.0012852149
XLOC_005829,1,0.0012852149
XLOC_005832,1,0.0012852149
XLOC_005848,1,0.0012852149
XLOC_005858,1,0.0012852149
XLOC_005884,1,0.0012852149
XLOC_005900,1,0.0012852149
XLOC_005902,1,0.0012852149
XLOC_005905,1,0.0012852149
XLOC_005914,1,0.0012852149
XLOC_005916,1,0.0012852149
XLOC_005924,1,0.0012852149
XLOC_005928,1,0.0012852149
XLOC_005929,1,0.0012852149
XLOC_005932,1,0.0012852149
XLOC_005965,1,0.0012852149
XLOC_005966,1,0.0012852149
XLOC_005974,1,0.0012852149
XLOC_005981,1,0.0012852149
XLOC_005983,1,0.0012852149
XLOC_005987,1,0.0012852149
XLOC_005988,1,0.0012852149
XLOC_006020,1,0.0012852149
XLOC_006034,1,0.0012852149
XLOC_006042,1,0.0012852149
XLOC_006043,1,0.0012852149
XLOC_006066,1,0.0012852149
XLOC_006067,1,0.0012852149
XLOC_006068,1,0.0012852149
XLOC_006079,1,0.0012852149
XLOC_006097,1,0.0012852149
XLOC_006116,1,0.0012852149
XLOC_006120,1,0.0012852149
XLOC_006124,1,0.0012852149
XLOC_006129,1,0.0012852149
XLOC_006134,1,0.0012852149
XLOC_006141,1,0.0012852149
XLOC_006154,1,0.0012852149
XLOC_006157,1,0.0012852149
XLOC_006158,1,0.0012852149
XLOC_006166,1,0.0012852149
XLOC_006168,1,0.0012852149
XLOC_006170,1,0.0012852149
XLOC_006171,1,0.0012852149
XLOC_006175,1,0.0012852149
XLOC_006176,1,0.0012852149
XLOC_006177,1,0.0012852149
XLOC_006178,1,0.0012852149
XLOC_006180,1,0.0012852149
XLOC_006182,1,0.0012852149
XLOC_006183,1,0.0012852149
XLOC_006185,1,0.0012852149
XLOC_006187,1,0.0012852149
XLOC_006188,1,0.0012852149
XLOC_006189,1,0.0012852149
XLOC_006190,1,0.0012852149
XLOC_006193,1,0.0012852149
XLOC_006201,1,0.0012852149
XLOC_006211,1,0.0012852149
XLOC_006212,1,0.0012852149
XLOC_006215,1,0.0012852149
XLOC_006218,1,0.0012852149
XLOC_006231,1,0.0012852149
XLOC_006242,1,0.0012852149
XLOC_006246,1,0.0012852149
XLOC_006257,1,0.0012852149
XLOC_006266,1,0.0012852149
XLOC_006275,1,0.0012852149
XLOC_006301,1,0.0012852149
XLOC_006306,1,0.0012852149
XLOC_006311,1,0.0012852149
XLOC_006315,1,0.0012852149
XLOC_006317,1,0.0012852149
XLOC_006327,1,0.0012852149
XLOC_006328,1,0.0012852149
XLOC_006329,1,0.0012852149
XLOC_006332,1,0.0012852149
XLOC_006354,1,0.0012852149
XLOC_006361,1,0.0012852149
XLOC_006364,1,0.0012852149
XLOC_006370,1,0.0012852149
XLOC_006372,1,0.0012852149
XLOC_006376,1,0.0012852149
XLOC_006381,1,0.0012852149
XLOC_006388,1,0.0012852149
XLOC_006399,1,0.0012852149
XLOC_006400,1,0.0012852149
XLOC_006401,1,0.0012852149
XLOC_006412,1,0.0012852149
XLOC_006420,1,0.0012852149
XLOC_006427,1,0.0012852149
XLOC_006429,1,0.0012852149
XLOC_006439,1,0.0012852149
XLOC_006441,1,0.0012852149
XLOC_006451,1,0.0012852149
XLOC_006459,1,0.0012852149
XLOC_006469,1,0.0012852149
XLOC_006473,1,0.0012852149
XLOC_006488,1,0.0012852149
XLOC_006495,1,0.0012852149
XLOC_006496,1,0.0012852149
XLOC_006497,1,0.0012852149
XLOC_006506,1,0.0012852149
XLOC_006521,1,0.0012852149
XLOC_006537,1,0.0012852149
XLOC_006545,1,0.0012852149
XLOC_006555,1,0.0012852149
XLOC_006558,1,0.0012852149
XLOC_006563,1,0.0012852149
XLOC_006564,1,0.0012852149
XLOC_006590,1,0.0012852149
XLOC_006600,1,0.0012852149
XLOC_006610,1,0.0012852149
XLOC_006613,1,0.0012852149
XLOC_006624,1,0.0012852149
XLOC_006634,1,0.0012852149
XLOC_006642,1,0.0012852149
XLOC_006647,1,0.0012852149
XLOC_006649,1,0.0012852149
XLOC_006652,1,0.0012852149
XLOC_006672,1,0.0012852149
XLOC_006674,1,0.0012852149
XLOC_006676,1,0.0012852149
XLOC_006680,1,0.0012852149
XLOC_006683,1,0.0012852149
XLOC_006687,1,0.0012852149
XLOC_006689,1,0.0012852149
XLOC_006694,1,0.0012852149
XLOC_006702,1,0.0012852149
XLOC_006703,1,0.0012852149
XLOC_006704,1,0.0012852149
XLOC_006707,1,0.0012852149
XLOC_006708,1,0.0012852149
XLOC_006709,1,0.0012852149
XLOC_006711,1,0.0012852149
XLOC_006716,1,0.0012852149
XLOC_006719,1,0.0012852149
XLOC_006738,1,0.0012852149
XLOC_006743,1,0.0012852149
XLOC_006744,1,0.0012852149
XLOC_006745,1,0.0012852149
XLOC_006751,1,0.0012852149
XLOC_006752,1,0.0012852149
XLOC_006759,1,0.0012852149
XLOC_006767,1,0.0012852149
XLOC_006770,1,0.0012852149
XLOC_006773,1,0.0012852149
XLOC_006782,1,0.0012852149
XLOC_006784,1,0.0012852149
XLOC_006785,1,0.0012852149
XLOC_006816,1,0.0012852149
XLOC_006828,1,0.0012852149
XLOC_006834,1,0.0012852149
XLOC_006844,1,0.0012852149
XLOC_006845,1,0.0012852149
XLOC_006862,1,0.0012852149
XLOC_006869,1,0.0012852149
XLOC_006883,1,0.0012852149
XLOC_006884,1,0.0012852149
XLOC_006886,1,0.0012852149
XLOC_006895,1,0.0012852149
XLOC_006908,1,0.0012852149
XLOC_006909,1,0.0012852149
XLOC_006932,1,0.0012852149
XLOC_006967,1,0.0012852149
XLOC_006971,1,0.0012852149
XLOC_006972,1,0.0012852149
XLOC_006977,1,0.0012852149
XLOC_006978,1,0.0012852149
XLOC_006979,1,0.0012852149
XLOC_006981,1,0.0012852149
XLOC_006985,1,0.0012852149
XLOC_006989,1,0.0012852149
XLOC_007003,1,0.0012852149
XLOC_007004,1,0.0012852149
XLOC_007008,1,0.0012852149
XLOC_007011,1,0.0012852149
XLOC_007022,1,0.0012852149
XLOC_007025,1,0.0012852149
XLOC_007032,1,0.0012852149
XLOC_007037,1,0.0012852149
XLOC_007043,1,0.0012852149
XLOC_007064,1,0.0012852149
XLOC_007065,1,0.0012852149
XLOC_007069,1,0.0012852149
XLOC_007070,1,0.0012852149
XLOC_007078,1,0.0012852149
XLOC_007083,1,0.0012852149
XLOC_007085,1,0.0012852149
XLOC_007088,1,0.0012852149
XLOC_007090,1,0.0012852149
XLOC_007094,1,0.0012852149
XLOC_007099,1,0.0012852149
XLOC_007100,1,0.0012852149
XLOC_007112,1,0.0012852149
XLOC_007124,1,0.0012852149
XLOC_007125,1,0.0012852149
XLOC_007128,1,0.0012852149
XLOC_007133,1,0.0012852149
XLOC_007158,1,0.0012852149
XLOC_007167,1,0.0012852149
XLOC_007168,1,0.0012852149
XLOC_007176,1,0.0012852149
XLOC_007178,1,0.0012852149
XLOC_007179,1,0.0012852149
XLOC_007187,1,0.0012852149
XLOC_007212,1,0.0012852149
XLOC_007216,1,0.0012852149
XLOC_007217,1,0.0012852149
XLOC_007221,1,0.0012852149
XLOC_007227,1,0.0012852149
XLOC_007228,1,0.0012852149
XLOC_007235,1,0.0012852149
XLOC_007249,1,0.0012852149
XLOC_007250,1,0.0012852149
XLOC_007267,1,0.0012852149
XLOC_007269,1,0.0012852149
XLOC_007282,1,0.0012852149
XLOC_007288,1,0.0012852149
XLOC_007292,1,0.0012852149
XLOC_007294,1,0.0012852149
XLOC_007309,1,0.0012852149
XLOC_007310,1,0.0012852149
XLOC_007319,1,0.0012852149
XLOC_007325,1,0.0012852149
XLOC_007327,1,0.0012852149
XLOC_007331,1,0.0012852149
XLOC_007335,1,0.0012852149
XLOC_007336,1,0.0012852149
XLOC_007337,1,0.0012852149
XLOC_007340,1,0.0012852149
XLOC_007342,1,0.0012852149
XLOC_007344,1,0.0012852149
XLOC_007345,1,0.0012852149
XLOC_007346,1,0.0012852149
XLOC_007347,1,0.0012852149
XLOC_007352,1,0.0012852149
XLOC_007358,1,0.0012852149
XLOC_007371,1,0.0012852149
XLOC_007372,1,0.0012852149
XLOC_007373,1,0.0012852149
XLOC_007374,1,0.0012852149
XLOC_007375,1,0.0012852149
XLOC_007377,1,0.0012852149
XLOC_007378,1,0.0012852149
XLOC_007383,1,0.0012852149
XLOC_007387,1,0.0012852149
XLOC_007388,1,0.0012852149
XLOC_007390,1,0.0012852149
XLOC_007409,1,0.0012852149
XLOC_007410,1,0.0012852149
XLOC_007411,1,0.0012852149
XLOC_007415,1,0.0012852149
XLOC_007419,1,0.0012852149
XLOC_007421,1,0.0012852149
XLOC_007424,1,0.0012852149
XLOC_007426,1,0.0012852149
XLOC_007429,1,0.0012852149
XLOC_007438,1,0.0012852149
XLOC_007441,1,0.0012852149
XLOC_007446,1,0.0012852149
XLOC_007447,1,0.0012852149
XLOC_007450,1,0.0012852149
XLOC_007463,1,0.0012852149
XLOC_007470,1,0.0012852149
XLOC_007471,1,0.0012852149
XLOC_007473,1,0.0012852149
XLOC_007484,1,0.0012852149
XLOC_007507,1,0.0012852149
XLOC_007511,1,0.0012852149
XLOC_007514,1,0.0012852149
XLOC_007516,1,0.0012852149
XLOC_007519,1,0.0012852149
XLOC_007520,1,0.0012852149
XLOC_007529,1,0.0012852149
XLOC_007532,1,0.0012852149
XLOC_007533,1,0.0012852149
XLOC_007534,1,0.0012852149
XLOC_007543,1,0.0012852149
XLOC_007544,1,0.0012852149
XLOC_007571,1,0.0012852149
XLOC_007578,1,0.0012852149
XLOC_007579,1,0.0012852149
XLOC_007581,1,0.0012852149
XLOC_007582,1,0.0012852149
XLOC_007585,1,0.0012852149
XLOC_007586,1,0.0012852149
XLOC_007605,1,0.0012852149
XLOC_007607,1,0.0012852149
XLOC_007611,1,0.0012852149
XLOC_007629,1,0.0012852149
XLOC_007640,1,0.0012852149
XLOC_007645,1,0.0012852149
XLOC_007658,1,0.0012852149
XLOC_007662,1,0.0012852149
XLOC_007664,1,0.0012852149
XLOC_007675,1,0.0012852149
XLOC_007683,1,0.0012852149
XLOC_007684,1,0.0012852149
XLOC_007689,1,0.0012852149
XLOC_007690,1,0.0012852149
XLOC_007695,1,0.0012852149
XLOC_007697,1,0.0012852149
XLOC_007701,1,0.0012852149
XLOC_007702,1,0.0012852149
XLOC_007703,1,0.0012852149
XLOC_007720,1,0.0012852149
XLOC_007731,1,0.0012852149
XLOC_007732,1,0.0012852149
XLOC_007733,1,0.0012852149
XLOC_007749,1,0.0012852149
XLOC_007757,1,0.0012852149
XLOC_007758,1,0.0012852149
XLOC_007759,1,0.0012852149
XLOC_007771,1,0.0012852149
XLOC_007775,1,0.0012852149
XLOC_007790,1,0.0012852149
XLOC_007793,1,0.0012852149
XLOC_007796,1,0.0012852149
XLOC_007799,1,0.0012852149
XLOC_007808,1,0.0012852149
XLOC_007826,1,0.0012852149
XLOC_007828,1,0.0012852149
XLOC_007847,1,0.0012852149
XLOC_007851,1,0.0012852149
XLOC_007859,1,0.0012852149
XLOC_007860,1,0.0012852149
XLOC_007861,1,0.0012852149
XLOC_007863,1,0.0012852149
XLOC_007867,1,0.0012852149
XLOC_007870,1,0.0012852149
XLOC_007872,1,0.0012852149
XLOC_007875,1,0.0012852149
XLOC_007886,1,0.0012852149
XLOC_007887,1,0.0012852149
XLOC_007892,1,0.0012852149
XLOC_007894,1,0.0012852149
XLOC_007896,1,0.0012852149
XLOC_007898,1,0.0012852149
XLOC_007899,1,0.0012852149
XLOC_007906,1,0.0012852149
XLOC_007910,1,0.0012852149
XLOC_007919,1,0.0012852149
XLOC_007922,1,0.0012852149
XLOC_007923,1,0.0012852149
XLOC_007924,1,0.0012852149
XLOC_007925,1,0.0012852149
XLOC_007926,1,0.0012852149
XLOC_007932,1,0.0012852149
XLOC_007934,1,0.0012852149
XLOC_007955,1,0.0012852149
XLOC_007961,1,0.0012852149
XLOC_007969,1,0.0012852149
XLOC_007972,1,0.0012852149
XLOC_007973,1,0.0012852149
XLOC_007975,1,0.0012852149
XLOC_007979,1,0.0012852149
XLOC_007981,1,0.0012852149
XLOC_007982,1,0.0012852149
XLOC_007986,1,0.0012852149
XLOC_007987,1,0.0012852149
XLOC_007992,1,0.0012852149
XLOC_007993,1,0.0012852149
XLOC_007995,1,0.0012852149
XLOC_007996,1,0.0012852149
XLOC_007998,1,0.0012852149
XLOC_007999,1,0.0012852149
XLOC_008018,1,0.0012852149
XLOC_008028,1,0.0012852149
XLOC_008037,1,0.0012852149
XLOC_008038,1,0.0012852149
XLOC_008047,1,0.0012852149
XLOC_008051,1,0.0012852149
XLOC_008056,1,0.0012852149
XLOC_008063,1,0.0012852149
XLOC_008064,1,0.0012852149
XLOC_008065,1,0.0012852149
XLOC_008070,1,0.0012852149
XLOC_008081,1,0.0012852149
XLOC_008082,1,0.0012852149
XLOC_008093,1,0.0012852149
XLOC_008097,1,0.0012852149
XLOC_008098,1,0.0012852149
XLOC_008099,1,0.0012852149
XLOC_008100,1,0.0012852149
XLOC_008102,1,0.0012852149
XLOC_008117,1,0.0012852149
XLOC_008119,1,0.0012852149
XLOC_008120,1,0.0012852149
XLOC_008122,1,0.0012852149
XLOC_008125,1,0.0012852149
XLOC_008127,1,0.0012852149
XLOC_008131,1,0.0012852149
XLOC_008135,1,0.0012852149
XLOC_008136,1,0.0012852149
XLOC_008143,1,0.0012852149
XLOC_008144,1,0.0012852149
XLOC_008149,1,0.0012852149
XLOC_008155,1,0.0012852149
XLOC_008156,1,0.0012852149
XLOC_008166,1,0.0012852149
XLOC_008176,1,0.0012852149
XLOC_008184,1,0.0012852149
XLOC_008186,1,0.0012852149
XLOC_008192,1,0.0012852149
XLOC_008195,1,0.0012852149
XLOC_008207,1,0.0012852149
XLOC_008215,1,0.0012852149
XLOC_008217,1,0.0012852149
XLOC_008220,1,0.0012852149
XLOC_008229,1,0.0012852149
XLOC_008231,1,0.0012852149
XLOC_008233,1,0.0012852149
XLOC_008239,1,0.0012852149
XLOC_008241,1,0.0012852149
XLOC_008254,1,0.0012852149
XLOC_008257,1,0.0012852149
XLOC_008259,1,0.0012852149
XLOC_008261,1,0.0012852149
XLOC_008268,1,0.0012852149
XLOC_008270,1,0.0012852149
XLOC_008276,1,0.0012852149
XLOC_008279,1,0.0012852149
XLOC_008285,1,0.0012852149
XLOC_008288,1,0.0012852149
XLOC_008298,1,0.0012852149
XLOC_008300,1,0.0012852149
XLOC_008302,1,0.0012852149
XLOC_008303,1,0.0012852149
XLOC_008306,1,0.0012852149
XLOC_008307,1,0.0012852149
XLOC_008311,1,0.0012852149
XLOC_008314,1,0.0012852149
XLOC_008316,1,0.0012852149
XLOC_008317,1,0.0012852149
XLOC_008321,1,0.0012852149
XLOC_008322,1,0.0012852149
XLOC_008323,1,0.0012852149
XLOC_008324,1,0.0012852149
XLOC_008341,1,0.0012852149
XLOC_008342,1,0.0012852149
XLOC_008363,1,0.0012852149
XLOC_008364,1,0.0012852149
XLOC_008377,1,0.0012852149
XLOC_008378,1,0.0012852149
XLOC_008383,1,0.0012852149
XLOC_008384,1,0.0012852149
XLOC_008385,1,0.0012852149
XLOC_008400,1,0.0012852149
XLOC_008409,1,0.0012852149
XLOC_008412,1,0.0012852149
XLOC_008415,1,0.0012852149
XLOC_008418,1,0.0012852149
XLOC_008423,1,0.0012852149
XLOC_008436,1,0.0012852149
XLOC_008437,1,0.0012852149
XLOC_008442,1,0.0012852149
XLOC_008447,1,0.0012852149
XLOC_008449,1,0.0012852149
XLOC_008460,1,0.0012852149
XLOC_008462,1,0.0012852149
XLOC_008465,1,0.0012852149
XLOC_008469,1,0.0012852149
XLOC_008483,1,0.0012852149
XLOC_008486,1,0.0012852149
XLOC_008499,1,0.0012852149
XLOC_008500,1,0.0012852149
XLOC_008507,1,0.0012852149
XLOC_008512,1,0.0012852149
XLOC_008546,1,0.0012852149
XLOC_008548,1,0.0012852149
XLOC_008554,1,0.0012852149
XLOC_008556,1,0.0012852149
XLOC_008557,1,0.0012852149
XLOC_008559,1,0.0012852149
XLOC_008569,1,0.0012852149
XLOC_008582,1,0.0012852149
XLOC_008590,1,0.0012852149
XLOC_008597,1,0.0012852149
XLOC_008598,1,0.0012852149
XLOC_008605,1,0.0012852149
XLOC_008607,1,0.0012852149
XLOC_008620,1,0.0012852149
XLOC_008622,1,0.0012852149
XLOC_008623,1,0.0012852149
XLOC_008638,1,0.0012852149
XLOC_008649,1,0.0012852149
XLOC_008661,1,0.0012852149
XLOC_008663,1,0.0012852149
XLOC_008668,1,0.0012852149
XLOC_008672,1,0.0012852149
XLOC_008673,1,0.0012852149
XLOC_008678,1,0.0012852149
XLOC_008679,1,0.0012852149
XLOC_008682,1,0.0012852149
XLOC_008683,1,0.0012852149
XLOC_008685,1,0.0012852149
XLOC_008691,1,0.0012852149
XLOC_008701,1,0.0012852149
XLOC_008704,1,0.0012852149
XLOC_008706,1,0.0012852149
XLOC_008707,1,0.0012852149
XLOC_008708,1,0.0012852149
XLOC_008709,1,0.0012852149
XLOC_008710,1,0.0012852149
XLOC_008728,1,0.0012852149
XLOC_008729,1,0.0012852149
XLOC_008737,1,0.0012852149
XLOC_008745,1,0.0012852149
XLOC_008748,1,0.0012852149
XLOC_008761,1,0.0012852149
XLOC_008762,1,0.0012852149
XLOC_008765,1,0.0012852149
XLOC_008766,1,0.0012852149
XLOC_008768,1,0.0012852149
XLOC_008772,1,0.0012852149
XLOC_008776,1,0.0012852149
XLOC_008777,1,0.0012852149
XLOC_008778,1,0.0012852149
XLOC_008783,1,0.0012852149
XLOC_008790,1,0.0012852149
XLOC_008791,1,0.0012852149
XLOC_008793,1,0.0012852149
XLOC_008797,1,0.0012852149
XLOC_008804,1,0.0012852149
XLOC_008807,1,0.0012852149
XLOC_008833,1,0.0012852149
XLOC_008846,1,0.0012852149
XLOC_008853,1,0.0012852149
XLOC_008854,1,0.0012852149
XLOC_008858,1,0.0012852149
XLOC_008873,1,0.0012852149
XLOC_008874,1,0.0012852149
XLOC_008875,1,0.0012852149
XLOC_008876,1,0.0012852149
XLOC_008877,1,0.0012852149
XLOC_008878,1,0.0012852149
XLOC_008883,1,0.0012852149
XLOC_008902,1,0.0012852149
XLOC_008910,1,0.0012852149
XLOC_008938,1,0.0012852149
XLOC_008946,1,0.0012852149
XLOC_008977,1,0.0012852149
XLOC_008979,1,0.0012852149
XLOC_008983,1,0.0012852149
XLOC_009001,1,0.0012852149
XLOC_009002,1,0.0012852149
XLOC_009004,1,0.0012852149
XLOC_009014,1,0.0012852149
XLOC_009015,1,0.0012852149
XLOC_009019,1,0.0012852149
XLOC_009027,1,0.0012852149
XLOC_009029,1,0.0012852149
XLOC_009033,1,0.0012852149
XLOC_009034,1,0.0012852149
XLOC_009045,1,0.0012852149
XLOC_009050,1,0.0012852149
XLOC_009051,1,0.0012852149
XLOC_009057,1,0.0012852149
XLOC_009065,1,0.0012852149
XLOC_009075,1,0.0012852149
XLOC_009077,1,0.0012852149
XLOC_009096,1,0.0012852149
XLOC_009101,1,0.0012852149
XLOC_009104,1,0.0012852149
XLOC_009105,1,0.0012852149
XLOC_009106,1,0.0012852149
XLOC_009107,1,0.0012852149
XLOC_009111,1,0.0012852149
XLOC_009112,1,0.0012852149
XLOC_009114,1,0.0012852149
XLOC_009117,1,0.0012852149
XLOC_009119,1,0.0012852149
XLOC_009121,1,0.0012852149
XLOC_009124,1,0.0012852149
XLOC_009129,1,0.0012852149
XLOC_009135,1,0.0012852149
XLOC_009144,1,0.0012852149
XLOC_009145,1,0.0012852149
XLOC_009146,1,0.0012852149
XLOC_009153,1,0.0012852149
XLOC_009166,1,0.0012852149
XLOC_009169,1,0.0012852149
XLOC_009184,1,0.0012852149
XLOC_009185,1,0.0012852149
XLOC_009192,1,0.0012852149
XLOC_009195,1,0.0012852149
XLOC_009198,1,0.0012852149
XLOC_009231,1,0.0012852149
XLOC_009238,1,0.0012852149
XLOC_009248,1,0.0012852149
XLOC_009251,1,0.0012852149
XLOC_009252,1,0.0012852149
XLOC_009254,1,0.0012852149
XLOC_009257,1,0.0012852149
XLOC_009260,1,0.0012852149
XLOC_009262,1,0.0012852149
XLOC_009263,1,0.0012852149
XLOC_009264,1,0.0012852149
XLOC_009267,1,0.0012852149
XLOC_009268,1,0.0012852149
XLOC_009271,1,0.0012852149
XLOC_009274,1,0.0012852149
XLOC_009275,1,0.0012852149
XLOC_009276,1,0.0012852149
XLOC_009277,1,0.0012852149
XLOC_009296,1,0.0012852149
XLOC_009297,1,0.0012852149
XLOC_009307,1,0.0012852149
XLOC_009312,1,0.0012852149
XLOC_009316,1,0.0012852149
XLOC_009320,1,0.0012852149
XLOC_009326,1,0.0012852149
XLOC_009327,1,0.0012852149
XLOC_009332,1,0.0012852149
XLOC_009334,1,0.0012852149
XLOC_009342,1,0.0012852149
XLOC_009344,1,0.0012852149
XLOC_009346,1,0.0012852149
XLOC_009348,1,0.0012852149
XLOC_009372,1,0.0012852149
XLOC_009378,1,0.0012852149
XLOC_009380,1,0.0012852149
XLOC_009383,1,0.0012852149
XLOC_009390,1,0.0012852149
XLOC_009391,1,0.0012852149
XLOC_009411,1,0.0012852149
XLOC_009419,1,0.0012852149
XLOC_009420,1,0.0012852149
XLOC_009429,1,0.0012852149
XLOC_009443,1,0.0012852149
XLOC_009490,1,0.0012852149
XLOC_009494,1,0.0012852149
XLOC_009502,1,0.0012852149
XLOC_009519,1,0.0012852149
XLOC_009525,1,0.0012852149
XLOC_009527,1,0.0012852149
XLOC_009530,1,0.0012852149
XLOC_009534,1,0.0012852149
XLOC_009535,1,0.0012852149
XLOC_009553,1,0.0012852149
XLOC_009555,1,0.0012852149
XLOC_009562,1,0.0012852149
XLOC_009566,1,0.0012852149
XLOC_009584,1,0.0012852149
XLOC_009586,1,0.0012852149
XLOC_009596,1,0.0012852149
XLOC_009597,1,0.0012852149
XLOC_009602,1,0.0012852149
XLOC_009608,1,0.0012852149
XLOC_009610,1,0.0012852149
XLOC_009611,1,0.0012852149
XLOC_009613,1,0.0012852149
XLOC_009614,1,0.0012852149
XLOC_009625,1,0.0012852149
XLOC_009633,1,0.0012852149
XLOC_009637,1,0.0012852149
XLOC_009645,1,0.0012852149
XLOC_009652,1,0.0012852149
XLOC_009658,1,0.0012852149
XLOC_009659,1,0.0012852149
XLOC_009669,1,0.0012852149
XLOC_009677,1,0.0012852149
XLOC_009680,1,0.0012852149
XLOC_009681,1,0.0012852149
XLOC_009682,1,0.0012852149
XLOC_009689,1,0.0012852149
XLOC_009694,1,0.0012852149
XLOC_009704,1,0.0012852149
XLOC_009721,1,0.0012852149
XLOC_009725,1,0.0012852149
XLOC_009732,1,0.0012852149
XLOC_009737,1,0.0012852149
XLOC_009747,1,0.0012852149
XLOC_009755,1,0.0012852149
XLOC_009760,1,0.0012852149
XLOC_009768,1,0.0012852149
XLOC_009770,1,0.0012852149
XLOC_009783,1,0.0012852149
XLOC_009788,1,0.0012852149
XLOC_009793,1,0.0012852149
XLOC_009794,1,0.0012852149
XLOC_009796,1,0.0012852149
XLOC_009803,1,0.0012852149
XLOC_009804,1,0.0012852149
XLOC_009809,1,0.0012852149
XLOC_009812,1,0.0012852149
XLOC_009814,1,0.0012852149
XLOC_009815,1,0.0012852149
XLOC_009817,1,0.0012852149
XLOC_009818,1,0.0012852149
XLOC_009826,1,0.0012852149
XLOC_009845,1,0.0012852149
XLOC_009848,1,0.0012852149
XLOC_009849,1,0.0012852149
XLOC_009854,1,0.0012852149
XLOC_009872,1,0.0012852149
XLOC_009876,1,0.0012852149
XLOC_009877,1,0.0012852149
XLOC_009878,1,0.0012852149
XLOC_009883,1,0.0012852149
XLOC_009885,1,0.0012852149
XLOC_009895,1,0.0012852149
XLOC_009903,1,0.0012852149
XLOC_009904,1,0.0012852149
XLOC_009907,1,0.0012852149
XLOC_009912,1,0.0012852149
XLOC_009920,1,0.0012852149
XLOC_009921,1,0.0012852149
XLOC_009924,1,0.0012852149
XLOC_009925,1,0.0012852149
XLOC_009926,1,0.0012852149
XLOC_009929,1,0.0012852149
XLOC_009931,1,0.0012852149
XLOC_009934,1,0.0012852149
XLOC_009940,1,0.0012852149
XLOC_009946,1,0.0012852149
XLOC_009949,1,0.0012852149
XLOC_009952,1,0.0012852149
XLOC_009954,1,0.0012852149
XLOC_009955,1,0.0012852149
XLOC_009956,1,0.0012852149
XLOC_009971,1,0.0012852149
XLOC_009972,1,0.0012852149
XLOC_009978,1,0.0012852149
XLOC_009981,1,0.0012852149
XLOC_009986,1,0.0012852149
XLOC_009996,1,0.0012852149
XLOC_010011,1,0.0012852149
XLOC_010027,1,0.0012852149
XLOC_010030,1,0.0012852149
XLOC_010038,1,0.0012852149
XLOC_010044,1,0.0012852149
XLOC_010047,1,0.0012852149
XLOC_010053,1,0.0012852149
XLOC_010057,1,0.0012852149
XLOC_010059,1,0.0012852149
XLOC_010060,1,0.0012852149
XLOC_010074,1,0.0012852149
XLOC_010076,1,0.0012852149
XLOC_010082,1,0.0012852149
XLOC_010087,1,0.0012852149
XLOC_010089,1,0.0012852149
XLOC_010091,1,0.0012852149
XLOC_010106,1,0.0012852149
XLOC_010110,1,0.0012852149
XLOC_010129,1,0.0012852149
XLOC_010130,1,0.0012852149
XLOC_010131,1,0.0012852149
XLOC_010133,1,0.0012852149
XLOC_010134,1,0.0012852149
XLOC_010135,1,0.0012852149
XLOC_010137,1,0.0012852149
XLOC_010138,1,0.0012852149
XLOC_010179,1,0.0012852149
XLOC_010187,1,0.0012852149
XLOC_010195,1,0.0012852149
XLOC_010197,1,0.0012852149
XLOC_010199,1,0.0012852149
XLOC_010204,1,0.0012852149
XLOC_010205,1,0.0012852149
XLOC_010206,1,0.0012852149
XLOC_010207,1,0.0012852149
XLOC_010208,1,0.0012852149
XLOC_010209,1,0.0012852149
XLOC_010211,1,0.0012852149
XLOC_010212,1,0.0012852149
XLOC_010213,1,0.0012852149
XLOC_010214,1,0.0012852149
XLOC_010222,1,0.0012852149
XLOC_010226,1,0.0012852149
XLOC_010227,1,0.0012852149
XLOC_010244,1,0.0012852149
XLOC_010251,1,0.0012852149
XLOC_010253,1,0.0012852149
XLOC_010257,1,0.0012852149
XLOC_010258,1,0.0012852149
XLOC_010264,1,0.0012852149
XLOC_010267,1,0.0012852149
XLOC_010270,1,0.0012852149
XLOC_010271,1,0.0012852149
XLOC_010273,1,0.0012852149
XLOC_010277,1,0.0012852149
XLOC_010282,1,0.0012852149
XLOC_010288,1,0.0012852149
XLOC_010289,1,0.0012852149
XLOC_010291,1,0.0012852149
XLOC_010298,1,0.0012852149
XLOC_010304,1,0.0012852149
XLOC_010308,1,0.0012852149
XLOC_010310,1,0.0012852149
XLOC_010313,1,0.0012852149
XLOC_010315,1,0.0012852149
XLOC_010335,1,0.0012852149
XLOC_010350,1,0.0012852149
XLOC_010353,1,0.0012852149
XLOC_010354,1,0.0012852149
XLOC_010356,1,0.0012852149
XLOC_010363,1,0.0012852149
XLOC_010370,1,0.0012852149
XLOC_010377,1,0.0012852149
XLOC_010392,1,0.0012852149
XLOC_010394,1,0.0012852149
XLOC_010401,1,0.0012852149
XLOC_010416,1,0.0012852149
XLOC_010423,1,0.0012852149
XLOC_010430,1,0.0012852149
XLOC_010433,1,0.0012852149
XLOC_010434,1,0.0012852149
XLOC_010435,1,0.0012852149
XLOC_010447,1,0.0012852149
XLOC_010450,1,0.0012852149
XLOC_010454,1,0.0012852149
XLOC_010455,1,0.0012852149
XLOC_010468,1,0.0012852149
XLOC_010474,1,0.0012852149
XLOC_010477,1,0.0012852149
XLOC_010479,1,0.0012852149
XLOC_010484,1,0.0012852149
XLOC_010492,1,0.0012852149
XLOC_010493,1,0.0012852149
XLOC_010494,1,0.0012852149
XLOC_010498,1,0.0012852149
XLOC_010499,1,0.0012852149
XLOC_010537,1,0.0012852149
XLOC_010540,1,0.0012852149
XLOC_010541,1,0.0012852149
XLOC_010542,1,0.0012852149
XLOC_010543,1,0.0012852149
XLOC_010552,1,0.0012852149
XLOC_010562,1,0.0012852149
XLOC_010564,1,0.0012852149
XLOC_010568,1,0.0012852149
XLOC_010576,1,0.0012852149
XLOC_010581,1,0.0012852149
XLOC_010582,1,0.0012852149
XLOC_010583,1,0.0012852149
XLOC_010587,1,0.0012852149
XLOC_010597,1,0.0012852149
XLOC_010623,1,0.0012852149
XLOC_010628,1,0.0012852149
XLOC_010647,1,0.0012852149
XLOC_010648,1,0.0012852149
XLOC_010651,1,0.0012852149
XLOC_010652,1,0.0012852149
XLOC_010653,1,0.0012852149
XLOC_010657,1,0.0012852149
XLOC_010675,1,0.0012852149
XLOC_010684,1,0.0012852149
XLOC_010687,1,0.0012852149
XLOC_010688,1,0.0012852149
XLOC_010695,1,0.0012852149
XLOC_010696,1,0.0012852149
XLOC_010710,1,0.0012852149
XLOC_010716,1,0.0012852149
XLOC_010726,1,0.0012852149
XLOC_010729,1,0.0012852149
XLOC_010730,1,0.0012852149
XLOC_010733,1,0.0012852149
XLOC_010734,1,0.0012852149
XLOC_010743,1,0.0012852149
XLOC_010744,1,0.0012852149
XLOC_010755,1,0.0012852149
XLOC_010765,1,0.0012852149
XLOC_010769,1,0.0012852149
XLOC_010770,1,0.0012852149
XLOC_010781,1,0.0012852149
XLOC_010800,1,0.0012852149
XLOC_010806,1,0.0012852149
XLOC_010809,1,0.0012852149
XLOC_010815,1,0.0012852149
XLOC_010816,1,0.0012852149
XLOC_010824,1,0.0012852149
XLOC_010826,1,0.0012852149
XLOC_010836,1,0.0012852149
XLOC_010837,1,0.0012852149
XLOC_010846,1,0.0012852149
XLOC_010847,1,0.0012852149
XLOC_010849,1,0.0012852149
XLOC_010862,1,0.0012852149
XLOC_010876,1,0.0012852149
XLOC_010877,1,0.0012852149
XLOC_010885,1,0.0012852149
XLOC_010886,1,0.0012852149
XLOC_010888,1,0.0012852149
XLOC_010890,1,0.0012852149
XLOC_010891,1,0.0012852149
XLOC_010896,1,0.0012852149
XLOC_010897,1,0.0012852149
XLOC_010908,1,0.0012852149
XLOC_010909,1,0.0012852149
XLOC_010910,1,0.0012852149
XLOC_010912,1,0.0012852149
XLOC_010913,1,0.0012852149
XLOC_010916,1,0.0012852149
XLOC_010926,1,0.0012852149
XLOC_010928,1,0.0012852149
XLOC_010936,1,0.0012852149
XLOC_010950,1,0.0012852149
XLOC_010958,1,0.0012852149
XLOC_010991,1,0.0012852149
XLOC_010994,1,0.0012852149
XLOC_011000,1,0.0012852149
XLOC_011002,1,0.0012852149
XLOC_011003,1,0.0012852149
XLOC_011005,1,0.0012852149
XLOC_011025,1,0.0012852149
XLOC_011026,1,0.0012852149
XLOC_011027,1,0.0012852149
XLOC_011028,1,0.0012852149
XLOC_011029,1,0.0012852149
XLOC_011030,1,0.0012852149
XLOC_011031,1,0.0012852149
XLOC_011032,1,0.0012852149
XLOC_011034,1,0.0012852149
XLOC_011061,1,0.0012852149
XLOC_011063,1,0.0012852149
XLOC_011064,1,0.0012852149
XLOC_011068,1,0.0012852149
XLOC_011073,1,0.0012852149
XLOC_011087,1,0.0012852149
XLOC_011096,1,0.0012852149
XLOC_011097,1,0.0012852149
XLOC_011099,1,0.0012852149
XLOC_011108,1,0.0012852149
XLOC_011112,1,0.0012852149
XLOC_011131,1,0.0012852149
XLOC_011150,1,0.0012852149
XLOC_011170,1,0.0012852149
XLOC_011191,1,0.0012852149
XLOC_011197,1,0.0012852149
XLOC_011207,1,0.0012852149
XLOC_011214,1,0.0012852149
XLOC_011216,1,0.0012852149
XLOC_011228,1,0.0012852149
XLOC_011234,1,0.0012852149
XLOC_011235,1,0.0012852149
XLOC_011241,1,0.0012852149
XLOC_011249,1,0.0012852149
XLOC_011250,1,0.0012852149
XLOC_011252,1,0.0012852149
XLOC_011268,1,0.0012852149
XLOC_011278,1,0.0012852149
XLOC_011282,1,0.0012852149
XLOC_011292,1,0.0012852149
XLOC_011293,1,0.0012852149
XLOC_011305,1,0.0012852149
XLOC_011306,1,0.0012852149
XLOC_011316,1,0.0012852149
XLOC_011317,1,0.0012852149
XLOC_011324,1,0.0012852149
XLOC_011332,1,0.0012852149
XLOC_011348,1,0.0012852149
XLOC_011356,1,0.0012852149
XLOC_011357,1,0.0012852149
XLOC_011360,1,0.0012852149
XLOC_011373,1,0.0012852149
XLOC_011387,1,0.0012852149
XLOC_011394,1,0.0012852149
XLOC_011409,1,0.0012852149
XLOC_011420,1,0.0012852149
XLOC_011424,1,0.0012852149
XLOC_011425,1,0.0012852149
XLOC_011442,1,0.0012852149
XLOC_011449,1,0.0012852149
XLOC_011450,1,0.0012852149
XLOC_011451,1,0.0012852149
XLOC_011452,1,0.0012852149
XLOC_011455,1,0.0012852149
XLOC_011468,1,0.0012852149
XLOC_011471,1,0.0012852149
XLOC_011504,1,0.0012852149
XLOC_011514,1,0.0012852149
XLOC_011519,1,0.0012852149
XLOC_011524,1,0.0012852149
XLOC_011532,1,0.0012852149
XLOC_011542,1,0.0012852149
XLOC_011546,1,0.0012852149
XLOC_011554,1,0.0012852149
XLOC_011556,1,0.0012852149
XLOC_011558,1,0.0012852149
XLOC_011563,1,0.0012852149
XLOC_011564,1,0.0012852149
XLOC_011565,1,0.0012852149
XLOC_011568,1,0.0012852149
XLOC_011569,1,0.0012852149
XLOC_011570,1,0.0012852149
XLOC_011580,1,0.0012852149
XLOC_011589,1,0.0012852149
XLOC_011590,1,0.0012852149
XLOC_011592,1,0.0012852149
XLOC_011603,1,0.0012852149
XLOC_011609,1,0.0012852149
XLOC_011612,1,0.0012852149
XLOC_011617,1,0.0012852149
XLOC_011630,1,0.0012852149
XLOC_011631,1,0.0012852149
XLOC_011632,1,0.0012852149
XLOC_011633,1,0.0012852149
XLOC_011638,1,0.0012852149
XLOC_011645,1,0.0012852149
XLOC_011648,1,0.0012852149
XLOC_011649,1,0.0012852149
XLOC_011656,1,0.0012852149
XLOC_011660,1,0.0012852149
XLOC_011671,1,0.0012852149
XLOC_011680,1,0.0012852149
XLOC_011684,1,0.0012852149
XLOC_011686,1,0.0012852149
XLOC_011692,1,0.0012852149
XLOC_011696,1,0.0012852149
XLOC_011699,1,0.0012852149
XLOC_011700,1,0.0012852149
XLOC_011704,1,0.0012852149
XLOC_011729,1,0.0012852149
XLOC_011736,1,0.0012852149
XLOC_011738,1,0.0012852149
XLOC_011739,1,0.0012852149
XLOC_011740,1,0.0012852149
XLOC_011741,1,0.0012852149
XLOC_011745,1,0.0012852149
XLOC_011746,1,0.0012852149
XLOC_011747,1,0.0012852149
XLOC_011751,1,0.0012852149
XLOC_011752,1,0.0012852149
XLOC_011754,1,0.0012852149
XLOC_011756,1,0.0012852149
XLOC_011758,1,0.0012852149
XLOC_011759,1,0.0012852149
XLOC_011760,1,0.0012852149
XLOC_011762,1,0.0012852149
XLOC_011769,1,0.0012852149
XLOC_011770,1,0.0012852149
XLOC_011779,1,0.0012852149
XLOC_011784,1,0.0012852149
XLOC_011787,1,0.0012852149
XLOC_011794,1,0.0012852149
XLOC_011805,1,0.0012852149
XLOC_011815,1,0.0012852149
XLOC_011820,1,0.0012852149
XLOC_011851,1,0.0012852149
XLOC_011866,1,0.0012852149
XLOC_011875,1,0.0012852149
XLOC_011876,1,0.0012852149
XLOC_011878,1,0.0012852149
XLOC_011883,1,0.0012852149
XLOC_011885,1,0.0012852149
XLOC_011892,1,0.0012852149
XLOC_011896,1,0.0012852149
XLOC_011909,1,0.0012852149
XLOC_011910,1,0.0012852149
XLOC_011912,1,0.0012852149
XLOC_011915,1,0.0012852149
XLOC_011917,1,0.0012852149
XLOC_011928,1,0.0012852149
XLOC_011930,1,0.0012852149
XLOC_011931,1,0.0012852149
XLOC_011956,1,0.0012852149
XLOC_011957,1,0.0012852149
XLOC_011961,1,0.0012852149
XLOC_011967,1,0.0012852149
XLOC_011968,1,0.0012852149
XLOC_011974,1,0.0012852149
XLOC_011989,1,0.0012852149
XLOC_011992,1,0.0012852149
XLOC_012002,1,0.0012852149
XLOC_012007,1,0.0012852149
XLOC_012009,1,0.0012852149
XLOC_012015,1,0.0012852149
XLOC_012019,1,0.0012852149
XLOC_012023,1,0.0012852149
XLOC_012033,1,0.0012852149
XLOC_012035,1,0.0012852149
XLOC_012036,1,0.0012852149
XLOC_012038,1,0.0012852149
XLOC_012042,1,0.0012852149
XLOC_012055,1,0.0012852149
XLOC_012056,1,0.0012852149
XLOC_012061,1,0.0012852149
XLOC_012065,1,0.0012852149
XLOC_012083,1,0.0012852149
XLOC_012084,1,0.0012852149
XLOC_012105,1,0.0012852149
XLOC_012112,1,0.0012852149
XLOC_012113,1,0.0012852149
XLOC_012114,1,0.0012852149
XLOC_012115,1,0.0012852149
XLOC_012116,1,0.0012852149
XLOC_012117,1,0.0012852149
XLOC_012118,1,0.0012852149
XLOC_012119,1,0.0012852149
XLOC_012122,1,0.0012852149
XLOC_012123,1,0.0012852149
XLOC_012130,1,0.0012852149
XLOC_012140,1,0.0012852149
XLOC_012144,1,0.0012852149
XLOC_012151,1,0.0012852149
XLOC_012155,1,0.0012852149
XLOC_012165,1,0.0012852149
XLOC_012167,1,0.0012852149
XLOC_012178,1,0.0012852149
XLOC_012180,1,0.0012852149
XLOC_012200,1,0.0012852149
XLOC_012203,1,0.0012852149
XLOC_012204,1,0.0012852149
XLOC_012205,1,0.0012852149
XLOC_012207,1,0.0012852149
XLOC_012208,1,0.0012852149
XLOC_012210,1,0.0012852149
XLOC_012213,1,0.0012852149
XLOC_012224,1,0.0012852149
XLOC_012233,1,0.0012852149
XLOC_012234,1,0.0012852149
XLOC_012235,1,0.0012852149
XLOC_012237,1,0.0012852149
XLOC_012243,1,0.0012852149
XLOC_012245,1,0.0012852149
XLOC_012247,1,0.0012852149
XLOC_012250,1,0.0012852149
XLOC_012258,1,0.0012852149
XLOC_012261,1,0.0012852149
XLOC_012264,1,0.0012852149
XLOC_012267,1,0.0012852149
XLOC_012276,1,0.0012852149
XLOC_012277,1,0.0012852149
XLOC_012288,1,0.0012852149
XLOC_012296,1,0.0012852149
XLOC_012297,1,0.0012852149
XLOC_012299,1,0.0012852149
XLOC_012300,1,0.0012852149
XLOC_012301,1,0.0012852149
XLOC_012302,1,0.0012852149
XLOC_012306,1,0.0012852149
XLOC_012307,1,0.0012852149
XLOC_012314,1,0.0012852149
XLOC_012318,1,0.0012852149
XLOC_012321,1,0.0012852149
XLOC_012326,1,0.0012852149
XLOC_012332,1,0.0012852149
XLOC_012349,1,0.0012852149
XLOC_012361,1,0.0012852149
XLOC_012362,1,0.0012852149
XLOC_012367,1,0.0012852149
XLOC_012368,1,0.0012852149
XLOC_012369,1,0.0012852149
XLOC_012370,1,0.0012852149
XLOC_012377,1,0.0012852149
XLOC_012380,1,0.0012852149
XLOC_012385,1,0.0012852149
XLOC_012387,1,0.0012852149
XLOC_012389,1,0.0012852149
XLOC_012393,1,0.0012852149
XLOC_012410,1,0.0012852149
XLOC_012413,1,0.0012852149
XLOC_012429,1,0.0012852149
XLOC_012439,1,0.0012852149
XLOC_012443,1,0.0012852149
XLOC_012446,1,0.0012852149
XLOC_012447,1,0.0012852149
XLOC_012449,1,0.0012852149
XLOC_012454,1,0.0012852149
XLOC_012458,1,0.0012852149
XLOC_012462,1,0.0012852149
XLOC_012478,1,0.0012852149
XLOC_012479,1,0.0012852149
XLOC_012482,1,0.0012852149
XLOC_012494,1,0.0012852149
XLOC_012502,1,0.0012852149
XLOC_012506,1,0.0012852149
XLOC_012507,1,0.0012852149
XLOC_012526,1,0.0012852149
XLOC_012528,1,0.0012852149
XLOC_012554,1,0.0012852149
XLOC_012572,1,0.0012852149
XLOC_012573,1,0.0012852149
XLOC_012586,1,0.0012852149
XLOC_012588,1,0.0012852149
XLOC_012589,1,0.0012852149
XLOC_012590,1,0.0012852149
XLOC_012619,1,0.0012852149
XLOC_012622,1,0.0012852149
XLOC_012623,1,0.0012852149
XLOC_012625,1,0.0012852149
XLOC_012626,1,0.0012852149
XLOC_012649,1,0.0012852149
XLOC_012650,1,0.0012852149
XLOC_012652,1,0.0012852149
XLOC_012664,1,0.0012852149
XLOC_012666,1,0.0012852149
XLOC_012667,1,0.0012852149
XLOC_012668,1,0.0012852149
XLOC_012669,1,0.0012852149
XLOC_012670,1,0.0012852149
XLOC_012708,1,0.0012852149
XLOC_012709,1,0.0012852149
XLOC_012713,1,0.0012852149
XLOC_012717,1,0.0012852149
XLOC_012722,1,0.0012852149
XLOC_012724,1,0.0012852149
XLOC_012738,1,0.0012852149
XLOC_012753,1,0.0012852149
XLOC_012757,1,0.0012852149
XLOC_012764,1,0.0012852149
XLOC_012770,1,0.0012852149
XLOC_012779,1,0.0012852149
XLOC_012783,1,0.0012852149
XLOC_012784,1,0.0012852149
XLOC_012788,1,0.0012852149
XLOC_012798,1,0.0012852149
XLOC_012799,1,0.0012852149
XLOC_012811,1,0.0012852149
XLOC_012812,1,0.0012852149
XLOC_012817,1,0.0012852149
XLOC_012819,1,0.0012852149
XLOC_012820,1,0.0012852149
XLOC_012824,1,0.0012852149
XLOC_012825,1,0.0012852149
XLOC_012844,1,0.0012852149
XLOC_012845,1,0.0012852149
XLOC_012847,1,0.0012852149
XLOC_012848,1,0.0012852149
XLOC_012860,1,0.0012852149
XLOC_012867,1,0.0012852149
XLOC_012868,1,0.0012852149
XLOC_012873,1,0.0012852149
XLOC_012875,1,0.0012852149
XLOC_012894,1,0.0012852149
XLOC_012896,1,0.0012852149
XLOC_012900,1,0.0012852149
XLOC_012901,1,0.0012852149
XLOC_012917,1,0.0012852149
XLOC_012936,1,0.0012852149
XLOC_012939,1,0.0012852149
XLOC_012940,1,0.0012852149
XLOC_012941,1,0.0012852149
XLOC_012945,1,0.0012852149
XLOC_012948,1,0.0012852149
XLOC_012949,1,0.0012852149
XLOC_012952,1,0.0012852149
XLOC_012953,1,0.0012852149
XLOC_012955,1,0.0012852149
XLOC_012957,1,0.0012852149
XLOC_012962,1,0.0012852149
XLOC_012969,1,0.0012852149
XLOC_012980,1,0.0012852149
XLOC_012982,1,0.0012852149
XLOC_012989,1,0.0012852149
XLOC_012996,1,0.0012852149
XLOC_013001,1,0.0012852149
XLOC_013006,1,0.0012852149
XLOC_013016,1,0.0012852149
XLOC_013019,1,0.0012852149
XLOC_013020,1,0.0012852149
XLOC_013026,1,0.0012852149
XLOC_013027,1,0.0012852149
XLOC_013028,1,0.0012852149
XLOC_013040,1,0.0012852149
XLOC_013041,1,0.0012852149
XLOC_013042,1,0.0012852149
XLOC_013047,1,0.0012852149
XLOC_013064,1,0.0012852149
XLOC_013070,1,0.0012852149
XLOC_013072,1,0.0012852149
XLOC_013074,1,0.0012852149
XLOC_013075,1,0.0012852149
XLOC_013076,1,0.0012852149
XLOC_013077,1,0.0012852149
XLOC_013080,1,0.0012852149
XLOC_013097,1,0.0012852149
XLOC_013116,1,0.0012852149
XLOC_013123,1,0.0012852149
XLOC_013133,1,0.0012852149
XLOC_013150,1,0.0012852149
XLOC_013160,1,0.0012852149
XLOC_013166,1,0.0012852149
XLOC_013174,1,0.0012852149
XLOC_013175,1,0.0012852149
XLOC_013178,1,0.0012852149
XLOC_013216,1,0.0012852149
XLOC_013222,1,0.0012852149
XLOC_013244,1,0.0012852149
XLOC_013246,1,0.0012852149
XLOC_013250,1,0.0012852149
XLOC_013258,1,0.0012852149
XLOC_013268,1,0.0012852149
XLOC_013273,1,0.0012852149
XLOC_013274,1,0.0012852149
XLOC_013277,1,0.0012852149
XLOC_013280,1,0.0012852149
XLOC_013282,1,0.0012852149
XLOC_013293,1,0.0012852149
XLOC_013301,1,0.0012852149
XLOC_013303,1,0.0012852149
XLOC_013304,1,0.0012852149
XLOC_013350,1,0.0012852149
XLOC_013355,1,0.0012852149
XLOC_013378,1,0.0012852149
XLOC_013384,1,0.0012852149
XLOC_013398,1,0.0012852149
XLOC_013400,1,0.0012852149
XLOC_013402,1,0.0012852149
XLOC_013407,1,0.0012852149
XLOC_013410,1,0.0012852149
XLOC_013421,1,0.0012852149
XLOC_013433,1,0.0012852149
XLOC_013437,1,0.0012852149
XLOC_013461,1,0.0012852149
XLOC_013465,1,0.0012852149
XLOC_013479,1,0.0012852149
XLOC_013480,1,0.0012852149
XLOC_013482,1,0.0012852149
XLOC_013496,1,0.0012852149
XLOC_013512,1,0.0012852149
XLOC_013528,1,0.0012852149
XLOC_013536,1,0.0012852149
XLOC_013539,1,0.0012852149
XLOC_013555,1,0.0012852149
XLOC_013559,1,0.0012852149
XLOC_013564,1,0.0012852149
XLOC_013567,1,0.0012852149
XLOC_013568,1,0.0012852149
XLOC_013569,1,0.0012852149
XLOC_013581,1,0.0012852149
XLOC_013582,1,0.0012852149
XLOC_013583,1,0.0012852149
XLOC_013584,1,0.0012852149
XLOC_013585,1,0.0012852149
XLOC_013586,1,0.0012852149
XLOC_013590,1,0.0012852149
XLOC_013599,1,0.0012852149
XLOC_013601,1,0.0012852149
XLOC_013602,1,0.0012852149
XLOC_013610,1,0.0012852149
XLOC_013612,1,0.0012852149
XLOC_013614,1,0.0012852149
XLOC_013616,1,0.0012852149
XLOC_013617,1,0.0012852149
XLOC_013621,1,0.0012852149
XLOC_013631,1,0.0012852149
XLOC_013633,1,0.0012852149
XLOC_013638,1,0.0012852149
XLOC_013646,1,0.0012852149
XLOC_013654,1,0.0012852149
XLOC_013690,1,0.0012852149
XLOC_013691,1,0.0012852149
XLOC_013692,1,0.0012852149
XLOC_013694,1,0.0012852149
XLOC_013696,1,0.0012852149
XLOC_013697,1,0.0012852149
XLOC_013705,1,0.0012852149
XLOC_013720,1,0.0012852149
XLOC_013730,1,0.0012852149
XLOC_013731,1,0.0012852149
XLOC_013733,1,0.0012852149
XLOC_013735,1,0.0012852149
XLOC_013736,1,0.0012852149
XLOC_013738,1,0.0012852149
XLOC_013739,1,0.0012852149
XLOC_013740,1,0.0012852149
XLOC_013742,1,0.0012852149
XLOC_013745,1,0.0012852149
XLOC_013746,1,0.0012852149
XLOC_013756,1,0.0012852149
XLOC_013760,1,0.0012852149
XLOC_013770,1,0.0012852149
XLOC_013771,1,0.0012852149
XLOC_013777,1,0.0012852149
XLOC_013795,1,0.0012852149
XLOC_013796,1,0.0012852149
XLOC_013799,1,0.0012852149
XLOC_013801,1,0.0012852149
XLOC_013802,1,0.0012852149
XLOC_013803,1,0.0012852149
XLOC_013808,1,0.0012852149
XLOC_013818,1,0.0012852149
XLOC_013819,1,0.0012852149
XLOC_013825,1,0.0012852149
XLOC_013828,1,0.0012852149
XLOC_013845,1,0.0012852149
XLOC_013851,1,0.0012852149
XLOC_013858,1,0.0012852149
XLOC_013876,1,0.0012852149
XLOC_013881,1,0.0012852149
XLOC_013884,1,0.0012852149
XLOC_013886,1,0.0012852149
XLOC_013890,1,0.0012852149
XLOC_013891,1,0.0012852149
XLOC_013892,1,0.0012852149
XLOC_013895,1,0.0012852149
XLOC_013896,1,0.0012852149
XLOC_013921,1,0.0012852149
XLOC_013927,1,0.0012852149
XLOC_013934,1,0.0012852149
XLOC_013941,1,0.0012852149
XLOC_013944,1,0.0012852149
XLOC_013958,1,0.0012852149
XLOC_013965,1,0.0012852149
XLOC_013972,1,0.0012852149
XLOC_013974,1,0.0012852149
XLOC_013979,1,0.0012852149
XLOC_013981,1,0.0012852149
XLOC_013982,1,0.0012852149
XLOC_013988,1,0.0012852149
XLOC_013994,1,0.0012852149
XLOC_013995,1,0.0012852149
XLOC_013996,1,0.0012852149
XLOC_013997,1,0.0012852149
XLOC_014000,1,0.0012852149
XLOC_014002,1,0.0012852149
XLOC_014003,1,0.0012852149
XLOC_014007,1,0.0012852149
XLOC_014008,1,0.0012852149
XLOC_014010,1,0.0012852149
XLOC_014011,1,0.0012852149
XLOC_014017,1,0.0012852149
XLOC_014022,1,0.0012852149
XLOC_014028,1,0.0012852149
XLOC_014035,1,0.0012852149
XLOC_014040,1,0.0012852149
XLOC_014041,1,0.0012852149
XLOC_014042,1,0.0012852149
XLOC_014043,1,0.0012852149
XLOC_014049,1,0.0012852149
XLOC_014055,1,0.0012852149
XLOC_014068,1,0.0012852149
XLOC_014070,1,0.0012852149
XLOC_014089,1,0.0012852149
XLOC_014094,1,0.0012852149
XLOC_014100,1,0.0012852149
XLOC_014106,1,0.0012852149
XLOC_014108,1,0.0012852149
XLOC_014111,1,0.0012852149
XLOC_014115,1,0.0012852149
XLOC_014124,1,0.0012852149
XLOC_014130,1,0.0012852149
XLOC_014132,1,0.0012852149
XLOC_014141,1,0.0012852149
XLOC_014142,1,0.0012852149
XLOC_014143,1,0.0012852149
XLOC_014144,1,0.0012852149
XLOC_014145,1,0.0012852149
XLOC_014146,1,0.0012852149
XLOC_014148,1,0.0012852149
XLOC_014151,1,0.0012852149
XLOC_014153,1,0.0012852149
XLOC_014154,1,0.0012852149
XLOC_014155,1,0.0012852149
XLOC_014158,1,0.0012852149
XLOC_014161,1,0.0012852149
XLOC_014163,1,0.0012852149
XLOC_014164,1,0.0012852149
XLOC_014165,1,0.0012852149
XLOC_014169,1,0.0012852149
XLOC_014171,1,0.0012852149
XLOC_014173,1,0.0012852149
XLOC_014175,1,0.0012852149
XLOC_014178,1,0.0012852149
XLOC_014184,1,0.0012852149
XLOC_014188,1,0.0012852149
XLOC_014189,1,0.0012852149
XLOC_014193,1,0.0012852149
XLOC_014194,1,0.0012852149
XLOC_014195,1,0.0012852149
XLOC_014197,1,0.0012852149
XLOC_014200,1,0.0012852149
XLOC_014202,1,0.0012852149
XLOC_014203,1,0.0012852149
XLOC_014206,1,0.0012852149
XLOC_014210,1,0.0012852149
XLOC_014211,1,0.0012852149
XLOC_014213,1,0.0012852149
XLOC_014214,1,0.0012852149
XLOC_014216,1,0.0012852149
XLOC_014218,1,0.0012852149
XLOC_014224,1,0.0012852149
XLOC_014228,1,0.0012852149
XLOC_014231,1,0.0012852149
XLOC_014233,1,0.0012852149
XLOC_014235,1,0.0012852149
XLOC_014237,1,0.0012852149
XLOC_014238,1,0.0012852149
XLOC_014241,1,0.0012852149
XLOC_014249,1,0.0012852149
XLOC_014250,1,0.0012852149
XLOC_014258,1,0.0012852149
XLOC_014260,1,0.0012852149
XLOC_014264,1,0.0012852149
XLOC_014265,1,0.0012852149
XLOC_014271,1,0.0012852149
XLOC_014274,1,0.0012852149
XLOC_014279,1,0.0012852149
XLOC_014282,1,0.0012852149
XLOC_014283,1,0.0012852149
XLOC_014287,1,0.0012852149
XLOC_014291,1,0.0012852149
XLOC_014292,1,0.0012852149
XLOC_014293,1,0.0012852149
XLOC_014304,1,0.0012852149
XLOC_014307,1,0.0012852149
XLOC_014310,1,0.0012852149
XLOC_014316,1,0.0012852149
XLOC_014324,1,0.0012852149
XLOC_014326,1,0.0012852149
XLOC_014330,1,0.0012852149
XLOC_014331,1,0.0012852149
XLOC_014333,1,0.0012852149
XLOC_014334,1,0.0012852149
XLOC_014337,1,0.0012852149
XLOC_014341,1,0.0012852149
XLOC_014342,1,0.0012852149
XLOC_014344,1,0.0012852149
XLOC_014345,1,0.0012852149
XLOC_014349,1,0.0012852149
XLOC_014350,1,0.0012852149
XLOC_014354,1,0.0012852149
XLOC_014356,1,0.0012852149
XLOC_014359,1,0.0012852149
XLOC_014373,1,0.0012852149
XLOC_014375,1,0.0012852149
XLOC_014376,1,0.0012852149
XLOC_014377,1,0.0012852149
XLOC_014378,1,0.0012852149
XLOC_014380,1,0.0012852149
XLOC_014384,1,0.0012852149
XLOC_014387,1,0.0012852149
XLOC_014390,1,0.0012852149
XLOC_014393,1,0.0012852149
XLOC_014400,1,0.0012852149
XLOC_014401,1,0.0012852149
XLOC_014405,1,0.0012852149
XLOC_014406,1,0.0012852149
XLOC_014410,1,0.0012852149
XLOC_014411,1,0.0012852149
XLOC_014413,1,0.0012852149
XLOC_014419,1,0.0012852149
XLOC_014420,1,0.0012852149
XLOC_014422,1,0.0012852149
XLOC_014424,1,0.0012852149
XLOC_014425,1,0.0012852149
XLOC_014426,1,0.0012852149
XLOC_014431,1,0.0012852149
XLOC_014433,1,0.0012852149
XLOC_014438,1,0.0012852149
XLOC_014443,1,0.0012852149
XLOC_014444,1,0.0012852149
XLOC_014447,1,0.0012852149
XLOC_014448,1,0.0012852149
XLOC_014452,1,0.0012852149
XLOC_014458,1,0.0012852149
XLOC_014460,1,0.0012852149
XLOC_014461,1,0.0012852149
XLOC_014462,1,0.0012852149
XLOC_014464,1,0.0012852149
XLOC_014465,1,0.0012852149
XLOC_014466,1,0.0012852149
XLOC_014468,1,0.0012852149
XLOC_014469,1,0.0012852149
XLOC_014470,1,0.0012852149
XLOC_014471,1,0.0012852149
XLOC_014472,1,0.0012852149
XLOC_014473,1,0.0012852149
XLOC_014477,1,0.0012852149
XLOC_014479,1,0.0012852149
XLOC_014480,1,0.0012852149
XLOC_014481,1,0.0012852149
XLOC_014483,1,0.0012852149
XLOC_014484,1,0.0012852149
XLOC_014485,1,0.0012852149
XLOC_014489,1,0.0012852149
XLOC_014492,1,0.0012852149
XLOC_014500,1,0.0012852149
XLOC_014503,1,0.0012852149
XLOC_014510,1,0.0012852149
XLOC_014511,1,0.0012852149
XLOC_014512,1,0.0012852149
XLOC_014514,1,0.0012852149
XLOC_014517,1,0.0012852149
XLOC_014519,1,0.0012852149
XLOC_014520,1,0.0012852149
XLOC_014523,1,0.0012852149
XLOC_014524,1,0.0012852149
XLOC_014525,1,0.0012852149
XLOC_014526,1,0.0012852149
XLOC_014528,1,0.0012852149
XLOC_014538,1,0.0012852149
XLOC_014542,1,0.0012852149
XLOC_014544,1,0.0012852149
XLOC_014546,1,0.0012852149
XLOC_014547,1,0.0012852149
XLOC_014550,1,0.0012852149
XLOC_014551,1,0.0012852149
XLOC_014557,1,0.0012852149
XLOC_014558,1,0.0012852149
XLOC_014559,1,0.0012852149
XLOC_014560,1,0.0012852149
XLOC_014564,1,0.0012852149
XLOC_014568,1,0.0012852149
XLOC_014569,1,0.0012852149
XLOC_014571,1,0.0012852149
XLOC_014572,1,0.0012852149
XLOC_014574,1,0.0012852149
XLOC_014575,1,0.0012852149
XLOC_014576,1,0.0012852149
XLOC_014579,1,0.0012852149
XLOC_014581,1,0.0012852149
XLOC_014583,1,0.0012852149
XLOC_014585,1,0.0012852149
XLOC_014586,1,0.0012852149
XLOC_014589,1,0.0012852149
XLOC_014591,1,0.0012852149
XLOC_014592,1,0.0012852149
XLOC_014594,1,0.0012852149
XLOC_014595,1,0.0012852149
XLOC_014596,1,0.0012852149
XLOC_014600,1,0.0012852149
XLOC_014601,1,0.0012852149
XLOC_014602,1,0.0012852149
XLOC_014606,1,0.0012852149
XLOC_014607,1,0.0012852149
XLOC_014609,1,0.0012852149
XLOC_014612,1,0.0012852149
XLOC_014619,1,0.0012852149
XLOC_014621,1,0.0012852149
XLOC_014623,1,0.0012852149
XLOC_014624,1,0.0012852149
XLOC_014632,1,0.0012852149
XLOC_014638,1,0.0012852149
XLOC_014639,1,0.0012852149
XLOC_014641,1,0.0012852149
XLOC_014653,1,0.0012852149
XLOC_014663,1,0.0012852149
XLOC_014673,1,0.0012852149
XLOC_014674,1,0.0012852149
XLOC_014685,1,0.0012852149
XLOC_014686,1,0.0012852149
XLOC_014687,1,0.0012852149
XLOC_014698,1,0.0012852149
XLOC_014721,1,0.0012852149
XLOC_014729,1,0.0012852149
XLOC_014736,1,0.0012852149
XLOC_014737,1,0.0012852149
XLOC_014740,1,0.0012852149
XLOC_014745,1,0.0012852149
XLOC_014746,1,0.0012852149
XLOC_014751,1,0.0012852149
XLOC_014760,1,0.0012852149
XLOC_014765,1,0.0012852149
XLOC_014767,1,0.0012852149
XLOC_014769,1,0.0012852149
XLOC_014785,1,0.0012852149
XLOC_014797,1,0.0012852149
XLOC_014804,1,0.0012852149
XLOC_014806,1,0.0012852149
XLOC_014810,1,0.0012852149
XLOC_014816,1,0.0012852149
XLOC_014818,1,0.0012852149
XLOC_014826,1,0.0012852149
XLOC_014836,1,0.0012852149
XLOC_014841,1,0.0012852149
XLOC_014846,1,0.0012852149
XLOC_014858,1,0.0012852149
XLOC_014868,1,0.0012852149
XLOC_014871,1,0.0012852149
XLOC_014881,1,0.0012852149
XLOC_014896,1,0.0012852149
XLOC_014897,1,0.0012852149
XLOC_014900,1,0.0012852149
XLOC_014904,1,0.0012852149
XLOC_014905,1,0.0012852149
XLOC_014910,1,0.0012852149
XLOC_014921,1,0.0012852149
XLOC_014927,1,0.0012852149
XLOC_014929,1,0.0012852149
XLOC_014935,1,0.0012852149
XLOC_014936,1,0.0012852149
XLOC_014941,1,0.0012852149
XLOC_014949,1,0.0012852149
XLOC_014975,1,0.0012852149
XLOC_014979,1,0.0012852149
XLOC_014989,1,0.0012852149
XLOC_014991,1,0.0012852149
XLOC_014998,1,0.0012852149
XLOC_015000,1,0.0012852149
XLOC_015002,1,0.0012852149
XLOC_015011,1,0.0012852149
XLOC_015013,1,0.0012852149
XLOC_015019,1,0.0012852149
XLOC_015021,1,0.0012852149
XLOC_015026,1,0.0012852149
XLOC_015037,1,0.0012852149
XLOC_015048,1,0.0012852149
XLOC_015051,1,0.0012852149
XLOC_015055,1,0.0012852149
XLOC_015066,1,0.0012852149
XLOC_015078,1,0.0012852149
XLOC_015084,1,0.0012852149
XLOC_015088,1,0.0012852149
XLOC_015095,1,0.0012852149
XLOC_015096,1,0.0012852149
XLOC_015101,1,0.0012852149
XLOC_015104,1,0.0012852149
XLOC_015106,1,0.0012852149
XLOC_015120,1,0.0012852149
XLOC_015128,1,0.0012852149
XLOC_015130,1,0.0012852149
XLOC_015134,1,0.0012852149
XLOC_015135,1,0.0012852149
XLOC_015139,1,0.0012852149
XLOC_015141,1,0.0012852149
XLOC_015144,1,0.0012852149
XLOC_015160,1,0.0012852149
XLOC_015163,1,0.0012852149
XLOC_015165,1,0.0012852149
XLOC_015169,1,0.0012852149
XLOC_015173,1,0.0012852149
XLOC_015176,1,0.0012852149
XLOC_015177,1,0.0012852149
XLOC_015189,1,0.0012852149
XLOC_015195,1,0.0012852149
XLOC_015202,1,0.0012852149
XLOC_015204,1,0.0012852149
XLOC_015206,1,0.0012852149
XLOC_015212,1,0.0012852149
XLOC_015217,1,0.0012852149
XLOC_015221,1,0.0012852149
XLOC_015232,1,0.0012852149
XLOC_015235,1,0.0012852149
XLOC_015264,1,0.0012852149
XLOC_015285,1,0.0012852149
XLOC_015289,1,0.0012852149
XLOC_015301,1,0.0012852149
XLOC_015305,1,0.0012852149
XLOC_015308,1,0.0012852149
XLOC_015315,1,0.0012852149
XLOC_015316,1,0.0012852149
XLOC_015322,1,0.0012852149
XLOC_015324,1,0.0012852149
XLOC_015325,1,0.0012852149
XLOC_015328,1,0.0012852149
XLOC_015337,1,0.0012852149
XLOC_015344,1,0.0012852149
XLOC_015349,1,0.0012852149
XLOC_015360,1,0.0012852149
XLOC_015373,1,0.0012852149
XLOC_015376,1,0.0012852149
XLOC_015377,1,0.0012852149
XLOC_015380,1,0.0012852149
XLOC_015381,1,0.0012852149
XLOC_015383,1,0.0012852149
XLOC_015384,1,0.0012852149
XLOC_015386,1,0.0012852149
XLOC_015390,1,0.0012852149
XLOC_015414,1,0.0012852149
XLOC_015418,1,0.0012852149
XLOC_015421,1,0.0012852149
XLOC_015425,1,0.0012852149
XLOC_015426,1,0.0012852149
XLOC_015433,1,0.0012852149
XLOC_015434,1,0.0012852149
XLOC_015441,1,0.0012852149
XLOC_015442,1,0.0012852149
XLOC_015443,1,0.0012852149
XLOC_015457,1,0.0012852149
XLOC_015458,1,0.0012852149
XLOC_015460,1,0.0012852149
XLOC_015466,1,0.0012852149
XLOC_015467,1,0.0012852149
XLOC_015468,1,0.0012852149
XLOC_015473,1,0.0012852149
XLOC_015474,1,0.0012852149
XLOC_015482,1,0.0012852149
XLOC_015504,1,0.0012852149
XLOC_015508,1,0.0012852149
XLOC_015525,1,0.0012852149
XLOC_015541,1,0.0012852149
XLOC_015542,1,0.0012852149
XLOC_015545,1,0.0012852149
XLOC_015547,1,0.0012852149
XLOC_015548,1,0.0012852149
XLOC_015574,1,0.0012852149
XLOC_015575,1,0.0012852149
XLOC_015578,1,0.0012852149
XLOC_015581,1,0.0012852149
XLOC_015593,1,0.0012852149
XLOC_015594,1,0.0012852149
XLOC_015597,1,0.0012852149
XLOC_015601,1,0.0012852149
XLOC_015602,1,0.0012852149
XLOC_015605,1,0.0012852149
XLOC_015625,1,0.0012852149
XLOC_015634,1,0.0012852149
XLOC_015635,1,0.0012852149
XLOC_015636,1,0.0012852149
XLOC_015637,1,0.0012852149
XLOC_015654,1,0.0012852149
XLOC_015656,1,0.0012852149
XLOC_015657,1,0.0012852149
XLOC_015660,1,0.0012852149
XLOC_015674,1,0.0012852149
XLOC_015679,1,0.0012852149
XLOC_015680,1,0.0012852149
XLOC_015691,1,0.0012852149
XLOC_015697,1,0.0012852149
XLOC_015707,1,0.0012852149
XLOC_015715,1,0.0012852149
XLOC_015723,1,0.0012852149
XLOC_015726,1,0.0012852149
XLOC_015737,1,0.0012852149
XLOC_015755,1,0.0012852149
XLOC_015758,1,0.0012852149
XLOC_015760,1,0.0012852149
XLOC_015768,1,0.0012852149
XLOC_015769,1,0.0012852149
XLOC_015770,1,0.0012852149
XLOC_015772,1,0.0012852149
XLOC_015784,1,0.0012852149
XLOC_015798,1,0.0012852149
XLOC_015799,1,0.0012852149
XLOC_015803,1,0.0012852149
XLOC_015805,1,0.0012852149
XLOC_015814,1,0.0012852149
XLOC_015815,1,0.0012852149
XLOC_015817,1,0.0012852149
XLOC_015821,1,0.0012852149
XLOC_015831,1,0.0012852149
XLOC_015835,1,0.0012852149
XLOC_015837,1,0.0012852149
XLOC_015838,1,0.0012852149
XLOC_015853,1,0.0012852149
XLOC_015863,1,0.0012852149
XLOC_015896,1,0.0012852149
XLOC_015913,1,0.0012852149
XLOC_015924,1,0.0012852149
XLOC_015938,1,0.0012852149
XLOC_015939,1,0.0012852149
XLOC_015956,1,0.0012852149
XLOC_015966,1,0.0012852149
XLOC_015967,1,0.0012852149
XLOC_015986,1,0.0012852149
XLOC_015989,1,0.0012852149
XLOC_015990,1,0.0012852149
XLOC_015999,1,0.0012852149
XLOC_016006,1,0.0012852149
XLOC_016008,1,0.0012852149
XLOC_016009,1,0.0012852149
XLOC_016015,1,0.0012852149
XLOC_016020,1,0.0012852149
XLOC_016021,1,0.0012852149
XLOC_016023,1,0.0012852149
XLOC_016033,1,0.0012852149
XLOC_016046,1,0.0012852149
XLOC_016047,1,0.0012852149
XLOC_016054,1,0.0012852149
XLOC_016065,1,0.0012852149
XLOC_016068,1,0.0012852149
XLOC_016069,1,0.0012852149
XLOC_016072,1,0.0012852149
XLOC_016073,1,0.0012852149
XLOC_016079,1,0.0012852149
XLOC_016087,1,0.0012852149
XLOC_016089,1,0.0012852149
XLOC_016094,1,0.0012852149
XLOC_016095,1,0.0012852149
XLOC_016102,1,0.0012852149
XLOC_016109,1,0.0012852149
XLOC_016114,1,0.0012852149
XLOC_016116,1,0.0012852149
XLOC_016121,1,0.0012852149
XLOC_016124,1,0.0012852149
XLOC_016129,1,0.0012852149
XLOC_016131,1,0.0012852149
XLOC_016162,1,0.0012852149
XLOC_016168,1,0.0012852149
XLOC_016169,1,0.0012852149
XLOC_016180,1,0.0012852149
XLOC_016181,1,0.0012852149
XLOC_016182,1,0.0012852149
XLOC_016187,1,0.0012852149
XLOC_016194,1,0.0012852149
XLOC_016198,1,0.0012852149
XLOC_016199,1,0.0012852149
XLOC_016220,1,0.0012852149
XLOC_016221,1,0.0012852149
XLOC_016225,1,0.0012852149
XLOC_016241,1,0.0012852149
XLOC_016249,1,0.0012852149
XLOC_016250,1,0.0012852149
XLOC_016289,1,0.0012852149
XLOC_016299,1,0.0012852149
XLOC_016307,1,0.0012852149
XLOC_016309,1,0.0012852149
XLOC_016317,1,0.0012852149
XLOC_016336,1,0.0012852149
XLOC_016347,1,0.0012852149
XLOC_016348,1,0.0012852149
XLOC_016354,1,0.0012852149
XLOC_016355,1,0.0012852149
XLOC_016362,1,0.0012852149
XLOC_016366,1,0.0012852149
XLOC_016368,1,0.0012852149
XLOC_016379,1,0.0012852149
XLOC_016395,1,0.0012852149
XLOC_016417,1,0.0012852149
XLOC_016418,1,0.0012852149
XLOC_016439,1,0.0012852149
XLOC_016440,1,0.0012852149
XLOC_016443,1,0.0012852149
XLOC_016453,1,0.0012852149
XLOC_016457,1,0.0012852149
XLOC_016463,1,0.0012852149
XLOC_016478,1,0.0012852149
XLOC_016495,1,0.0012852149
XLOC_016504,1,0.0012852149
XLOC_016516,1,0.0012852149
XLOC_016536,1,0.0012852149
XLOC_016537,1,0.0012852149
XLOC_016544,1,0.0012852149
XLOC_016561,1,0.0012852149
XLOC_016563,1,0.0012852149
XLOC_016565,1,0.0012852149
XLOC_016566,1,0.0012852149
XLOC_016567,1,0.0012852149
XLOC_016568,1,0.0012852149
XLOC_016581,1,0.0012852149
XLOC_016608,1,0.0012852149
XLOC_016609,1,0.0012852149
XLOC_016624,1,0.0012852149
XLOC_016625,1,0.0012852149
XLOC_016626,1,0.0012852149
XLOC_016639,1,0.0012852149
XLOC_016640,1,0.0012852149
XLOC_016642,1,0.0012852149
XLOC_016650,1,0.0012852149
XLOC_016677,1,0.0012852149
XLOC_016679,1,0.0012852149
XLOC_016705,1,0.0012852149
XLOC_016710,1,0.0012852149
XLOC_016730,1,0.0012852149
XLOC_016747,1,0.0012852149
XLOC_016749,1,0.0012852149
XLOC_016772,1,0.0012852149
XLOC_016776,1,0.0012852149
XLOC_016777,1,0.0012852149
XLOC_016778,1,0.0012852149
XLOC_016779,1,0.0012852149
XLOC_016780,1,0.0012852149
XLOC_016814,1,0.0012852149
XLOC_016815,1,0.0012852149
XLOC_016818,1,0.0012852149
XLOC_016829,1,0.0012852149
XLOC_016832,1,0.0012852149
XLOC_016837,1,0.0012852149
XLOC_016840,1,0.0012852149
XLOC_016843,1,0.0012852149
XLOC_016844,1,0.0012852149
XLOC_016847,1,0.0012852149
XLOC_016854,1,0.0012852149
XLOC_016867,1,0.0012852149
XLOC_016870,1,0.0012852149
XLOC_016875,1,0.0012852149
XLOC_016904,1,0.0012852149
XLOC_016920,1,0.0012852149
XLOC_016929,1,0.0012852149
XLOC_016931,1,0.0012852149
XLOC_016941,1,0.0012852149
XLOC_016950,1,0.0012852149
XLOC_016965,1,0.0012852149
XLOC_016969,1,0.0012852149
XLOC_016970,1,0.0012852149
XLOC_016972,1,0.0012852149
XLOC_016975,1,0.0012852149
XLOC_016978,1,0.0012852149
XLOC_016980,1,0.0012852149
XLOC_016991,1,0.0012852149
XLOC_016993,1,0.0012852149
XLOC_016998,1,0.0012852149
XLOC_017011,1,0.0012852149
XLOC_017012,1,0.0012852149
XLOC_017014,1,0.0012852149
XLOC_017016,1,0.0012852149
XLOC_017018,1,0.0012852149
XLOC_017021,1,0.0012852149
XLOC_017022,1,0.0012852149
XLOC_017023,1,0.0012852149
XLOC_017024,1,0.0012852149
XLOC_017025,1,0.0012852149
XLOC_017026,1,0.0012852149
XLOC_017032,1,0.0012852149
XLOC_017035,1,0.0012852149
XLOC_017036,1,0.0012852149
XLOC_017037,1,0.0012852149
XLOC_017038,1,0.0012852149
XLOC_017042,1,0.0012852149
XLOC_017043,1,0.0012852149
XLOC_017049,1,0.0012852149
XLOC_017053,1,0.0012852149
XLOC_017060,1,0.0012852149
XLOC_017061,1,0.0012852149
XLOC_017063,1,0.0012852149
XLOC_017064,1,0.0012852149
